{
"filename": "Number_of_graduations_set38_1_DB.csv",
"questions": [{"name": "template 1",
 "sql": "SELECT Value FROM DBdata WHERE (Degree IN ('PhD')) AND ((Language = 'French' AND Year = '2016/2017'))",
 "sqlResult": "{184}",
 "nlq": "What is the number of graduations with a PhD in French in 2016/2017?"},
{"name": "template 2",
 "sql": "SELECT Value FROM DBdata WHERE (Degree IN ('BSc')) AND ((Language = 'English' AND Year = '2015/2016') OR (Language = 'English' AND Year = '2016/2017') OR (Language = 'English' AND Year = '2017/2018') OR (Language = 'English' AND Year = '2018/2019') OR (Language = 'English' AND Year = '2019/2020') OR (Language = 'French' AND Year = '2015/2016') OR (Language = 'French' AND Year = '2016/2017') OR (Language = 'French' AND Year = '2018/2019') OR (Language = 'French' AND Year = '2019/2020'))",
 "sqlResult": "{227} || {149} || {450} || {295} || {343} || {154} || {83} || {324} || {294}",
 "nlq": "What is the number of graduations with a BSc in English in 2015/2016, 2016/2017, 2017/2018, 2018/2019, or 2019/2020 or in French in 2015/2016, 2016/2017, 2018/2019, or 2019/2020?"},
{"name": "template 3",
 "sql": "SELECT Value FROM DBdata WHERE (Degree IN ('BSc','PhD')) AND ((Language = 'English' AND Year = '2019/2020'))",
 "sqlResult": "{343} || {500}",
 "nlq": "What is the number of graduations with a BSc or PhD in English in 2019/2020?"},
{"name": "template 4",
 "sql": "SELECT avg(Value),sum(Value) FROM DBdata WHERE (Degree IN ('BSc','MSc','PhD')) AND ((Language = 'French' AND Year = '2016/2017'))",
 "sqlResult": "{134 | 402}",
 "nlq": "What are the average and total numbers of graduations with a BSc, MSc, or PhD in French in 2016/2017?"},
{"name": "template 6",
 "sql": "SELECT Value FROM DBdata WHERE (Degree IN ('BSc','MSc','PhD')) AND ((Language = 'English' AND Year = '2015/2016') OR (Language = 'English' AND Year = '2019/2020') OR (Language = 'French' AND Year = '2019/2020'))",
 "sqlResult": "{227} || {315} || {401} || {343} || {261} || {500} || {294} || {429} || {152}",
 "nlq": "What is the number of graduations with a BSc, MSc, or PhD in English in 2015/2016 or 2019/2020 or in French in 2019/2020?"},
{"name": "template 7",
 "sql": "SELECT min(Value),sum(Value) FROM DBdata WHERE (Degree IN ('BSc')) AND ((Language = 'English' AND Year = '2018/2019') OR (Language = 'English' AND Year = '2019/2020') OR (Language = 'French' AND Year = '2016/2017'))",
 "sqlResult": "{83 | 721}",
 "nlq": "What are the minimum and total numbers of graduations with a BSc in English in 2018/2019 or 2019/2020 or in French in 2016/2017?"},
{"name": "template 8",
 "sql": "SELECT Degree,max(Value),sum(Value) FROM DBdata WHERE (Degree IN ('BSc','MSc','PhD')) AND ((Language = 'English' AND Year = '2015/2016') OR (Language = 'English' AND Year = '2019/2020') OR (Language = 'French' AND Year = '2015/2016') OR (Language = 'French' AND Year = '2017/2018') OR (Language = 'French' AND Year = '2018/2019')) GROUP BY Degree",
 "sqlResult": "{BSc | 376 | 1424} || {MSc | 459 | 1275} || {PhD | 500 | 1744}",
 "nlq": "What are the maximum and total numbers of graduations for each Degree, with a BSc, MSc, or PhD in English in 2019/2020 or in English or French in 2015/2016 or in French in 2017/2018 or 2018/2019? Please, report the corresponding Degree."},
{"name": "template 9",
 "sql": "SELECT min(Value) FROM DBdata WHERE (Degree IN ('BSc')) AND (Language IN ('English','French')) GROUP BY Language",
 "sqlResult": "{149} || {83}",
 "nlq": "What is the minimum number of graduations for each Language, with a BSc in English or French?"},
{"name": "template 10",
 "sql": "SELECT Language,avg(Value) FROM DBdata WHERE (Degree IN ('PhD')) AND (Language IN ('English','French')) GROUP BY Language",
 "sqlResult": "{English | 253.6} || {French | 235.8}",
 "nlq": "What is the average number of graduations for each Language, with a PhD in English or French? Please, report the corresponding Language."},
{"name": "template 11",
 "sql": "SELECT Language,Degree,sum(Value) FROM DBdata WHERE (Degree IN ('BSc','PhD')) AND (Language IN ('English','French')) GROUP BY Language,Degree",
 "sqlResult": "{English | BSc | 1464} || {English | PhD | 1268} || {French | BSc | 1231} || {French | PhD | 1179}",
 "nlq": "What is the total number of graduations for each Language and Degree, with a BSc or PhD in English or French? Please, report the corresponding Language and Degree."},
{"name": "template 12",
 "sql": "SELECT Value FROM DBdata WHERE (Degree IN ('PhD')) AND (Language IN ('English','French')) ORDER BY VALUE DESC LIMIT 3",
 "sqlResult": "{500} || {433} || {401}",
 "nlq": "What are the top 3 numbers of graduations with a PhD in English or French?"},
{"name": "template 13",
 "sql": "SELECT Value FROM DBdata WHERE (Degree IN ('MSc')) AND (Language IN ('English','French')) ORDER BY VALUE ASC",
 "sqlResult": "{57} || {108} || {132} || {135} || {208} || {261} || {315} || {356} || {429} || {459}",
 "nlq": "What are the numbers of graduations ordered by increasing values with a MSc in English or French?"},
{"name": "template 14",
 "sql": "SELECT Language,Year FROM DBdata WHERE (Degree IN ('MSc')) AND Value < 253.4",
 "sqlResult": "{English | 2016/2017} || {English | 2017/2018} || {French | 2016/2017} || {French | 2017/2018} || {French | 2018/2019}",
 "nlq": "What are the Language and Year for which the number of graduations with a MSc is lower than 253.4?"},
{"name": "template 15",
 "sql": "SELECT Language,Year,Value FROM DBdata WHERE (Degree IN ('BSc')) AND (Language,Year) IN (SELECT Language,Year FROM DBdata WHERE (Degree IN ('MSc')) AND Value < 253.4)",
 "sqlResult": "{English | 2016/2017 | 149} || {English | 2017/2018 | 450} || {French | 2016/2017 | 83} || {French | 2017/2018 | 376} || {French | 2018/2019 | 324}",
 "nlq": "What is the number of graduations with a BSc in Language and in Year for which the number of graduations with a MSc is lower than 253.4? Please, report the corresponding Language, Year, and number of graduations."}]
}
