{
"filename": "Number_of_graduations_set2_3_DB.csv",
"questions": [{"name": "template 1",
 "sql": "SELECT Value FROM DBdata WHERE (AA IN ('AAky')) AND (BB IN ('BBcp'))",
 "sqlResult": "{430}",
 "nlq": "What is the number of graduations with a AAky in BBcp?"},
{"name": "template 2",
 "sql": "SELECT Value FROM DBdata WHERE (AA IN ('AAbw')) AND (BB IN ('BBjn','BBcp','BBny'))",
 "sqlResult": "{215} || {165} || {92}",
 "nlq": "What is the number of graduations with a AAbw in BBjn, BBcp, or BBny?"},
{"name": "template 3",
 "sql": "SELECT Value FROM DBdata WHERE (AA IN ('AAbw','AAkt')) AND (BB IN ('BBny'))",
 "sqlResult": "{92} || {485}",
 "nlq": "What is the number of graduations with a AAbw or AAkt in BBny?"},
{"name": "template 4",
 "sql": "SELECT sum(Value),min(Value) FROM DBdata WHERE (AA IN ('AAbw','AAky','AAkt')) AND (BB IN ('BBjn'))",
 "sqlResult": "{663 | 195}",
 "nlq": "What are the total and minimum numbers of graduations with a AAbw, AAky, or AAkt in BBjn?"},
{"name": "template 6",
 "sql": "SELECT Value FROM DBdata WHERE (AA IN ('AAky','AAkt')) AND (BB IN ('BBjn','BBcp','BBny'))",
 "sqlResult": "{253} || {195} || {430} || {98} || {374} || {485}",
 "nlq": "What is the number of graduations with a AAky or AAkt in BBjn, BBcp, or BBny?"},
{"name": "template 7",
 "sql": "SELECT min(Value),avg(Value) FROM DBdata WHERE (AA IN ('AAkt')) AND (BB IN ('BBjn','BBcp'))",
 "sqlResult": "{98 | 146.5}",
 "nlq": "What are the minimum and average numbers of graduations with a AAkt in BBjn or BBcp?"},
{"name": "template 8",
 "sql": "SELECT AA,avg(Value),max(Value) FROM DBdata WHERE (AA IN ('AAbw','AAky','AAkt')) AND (BB IN ('BBjn','BBny')) GROUP BY AA",
 "sqlResult": "{AAbw | 153.5 | 215} || {AAky | 313.5 | 374} || {AAkt | 340 | 485}",
 "nlq": "What are the average and maximum numbers of graduations for each AA, with a AAbw, AAky, or AAkt in BBjn or BBny? Please, report the corresponding AA."},
{"name": "template 9",
 "sql": "SELECT min(Value) FROM DBdata WHERE (AA IN ('AAbw')) AND (BB IN ('BBjn','BBcp','BBny')) GROUP BY BB",
 "sqlResult": "{215} || {165} || {92}",
 "nlq": "What is the minimum number of graduations for each BB, with a AAbw in BBjn, BBcp, or BBny?"},
{"name": "template 10",
 "sql": "SELECT BB,avg(Value) FROM DBdata WHERE (AA IN ('AAkt')) AND (BB IN ('BBjn','BBcp','BBny')) GROUP BY BB",
 "sqlResult": "{BBjn | 195} || {BBcp | 98} || {BBny | 485}",
 "nlq": "What is the average number of graduations for each BB, with a AAkt in BBjn, BBcp, or BBny? Please, report the corresponding BB."},
{"name": "template 11",
 "sql": "SELECT BB,AA,sum(Value) FROM DBdata WHERE (AA IN ('AAbw','AAkt')) AND (BB IN ('BBjn','BBcp','BBny')) GROUP BY BB,AA",
 "sqlResult": "{BBjn | AAbw | 215} || {BBjn | AAkt | 195} || {BBcp | AAbw | 165} || {BBcp | AAkt | 98} || {BBny | AAbw | 92} || {BBny | AAkt | 485}",
 "nlq": "What is the total number of graduations for each BB and AA, with a AAbw or AAkt in BBjn, BBcp, or BBny? Please, report the corresponding BB and AA."},
{"name": "template 12",
 "sql": "SELECT Value FROM DBdata WHERE (AA IN ('AAbw')) AND (BB IN ('BBjn','BBny')) ORDER BY VALUE DESC LIMIT 2",
 "sqlResult": "{215} || {92}",
 "nlq": "What are the top 2 numbers of graduations with a AAbw in BBjn or BBny?"},
{"name": "template 13",
 "sql": "SELECT Value FROM DBdata WHERE (AA IN ('AAky')) AND (BB IN ('BBjn','BBny')) ORDER BY VALUE ASC",
 "sqlResult": "{253} || {374}",
 "nlq": "What are the numbers of graduations ordered by increasing values with a AAky in BBjn or BBny?"},
{"name": "template 14",
 "sql": "SELECT BB FROM DBdata WHERE (AA IN ('AAkt')) AND Value < 256.33",
 "sqlResult": "{BBjn} || {BBcp}",
 "nlq": "What is the BB for which the number of graduations with a AAkt is lower than 256.33?"},
{"name": "template 15",
 "sql": "SELECT BB,Value FROM DBdata WHERE (AA IN ('AAbw')) AND (BB) IN (SELECT BB FROM DBdata WHERE (AA IN ('AAkt')) AND Value < 256.33)",
 "sqlResult": "{BBjn | 215} || {BBcp | 165}",
 "nlq": "What is the number of graduations with a AAbw in BB for which the number of graduations with a AAkt is lower than 256.33? Please, report the corresponding BB and number of graduations."}]
}

