{
"filename": "Number_of_graduations_set37_3_DB.csv",
"questions": [{"name": "template 1",
 "sql": "SELECT Value FROM DBdata WHERE (Degree IN ('BSc')) AND ((Year = '2017/2018' AND Language = 'Spanish'))",
 "sqlResult": "{244}",
 "nlq": "What is the number of graduations with a BSc in Spanish in 2017/2018?"},
{"name": "template 2",
 "sql": "SELECT Value FROM DBdata WHERE (Degree IN ('BSc')) AND ((Year = '2016/2017' AND Language = 'French') OR (Year = '2017/2018' AND Language = 'French') OR (Year = '2018/2019' AND Language = 'French') OR (Year = '2015/2016' AND Language = 'Spanish') OR (Year = '2016/2017' AND Language = 'Spanish') OR (Year = '2017/2018' AND Language = 'Spanish') OR (Year = '2018/2019' AND Language = 'Spanish') OR (Year = '2019/2020' AND Language = 'Spanish') OR (Year = '2015/2016' AND Language = 'German') OR (Year = '2017/2018' AND Language = 'German'))",
 "sqlResult": "{336} || {70} || {410} || {169} || {162} || {244} || {272} || {110} || {264} || {54}",
 "nlq": "What is the number of graduations with a BSc in French in 2016/2017, 2017/2018, or 2018/2019 or in German in 2015/2016 or 2017/2018 or in Spanish in 2015/2016, 2016/2017, 2017/2018, 2018/2019, or 2019/2020?"},
{"name": "template 3",
 "sql": "SELECT Value FROM DBdata WHERE (Degree IN ('BSc','PhD')) AND ((Year = '2015/2016' AND Language = 'French'))",
 "sqlResult": "{306} || {108}",
 "nlq": "What is the number of graduations with a BSc or PhD in French in 2015/2016?"},
{"name": "template 4",
 "sql": "SELECT max(Value),sum(Value) FROM DBdata WHERE (Degree IN ('BSc','PhD')) AND ((Year = '2017/2018' AND Language = 'Spanish'))",
 "sqlResult": "{244 | 470}",
 "nlq": "What are the maximum and total numbers of graduations with a BSc or PhD in Spanish in 2017/2018?"},
{"name": "template 6",
 "sql": "SELECT Value FROM DBdata WHERE (Degree IN ('BSc','MSc','PhD')) AND ((Year = '2016/2017' AND Language = 'German') OR (Year = '2019/2020' AND Language = 'German'))",
 "sqlResult": "{384} || {214} || {84} || {412} || {485} || {407}",
 "nlq": "What is the number of graduations with a BSc, MSc, or PhD in German in 2016/2017 or 2019/2020?"},
{"name": "template 7",
 "sql": "SELECT sum(Value),avg(Value) FROM DBdata WHERE (Degree IN ('PhD')) AND ((Year = '2016/2017' AND Language = 'French') OR (Year = '2019/2020' AND Language = 'French') OR (Year = '2019/2020' AND Language = 'Spanish') OR (Year = '2015/2016' AND Language = 'German') OR (Year = '2017/2018' AND Language = 'German'))",
 "sqlResult": "{2126 | 425.2}",
 "nlq": "What are the total and average numbers of graduations with a PhD in French in 2016/2017 or 2019/2020 or in German in 2015/2016 or 2017/2018 or in Spanish in 2019/2020?"},
{"name": "template 8",
 "sql": "SELECT Degree,avg(Value),max(Value) FROM DBdata WHERE (Degree IN ('BSc','MSc')) AND ((Year = '2015/2016' AND Language = 'German') OR (Year = '2016/2017' AND Language = 'German')) GROUP BY Degree",
 "sqlResult": "{BSc | 324 | 384} || {MSc | 231.5 | 249}",
 "nlq": "What are the average and maximum numbers of graduations for each Degree, with a BSc or MSc in German in 2015/2016 or 2016/2017? Please, report the corresponding Degree."},
{"name": "template 9",
 "sql": "SELECT min(Value) FROM DBdata WHERE (Degree IN ('MSc')) AND (Year IN ('2015/2016','2016/2017','2017/2018','2018/2019','2019/2020')) GROUP BY Year",
 "sqlResult": "{145} || {214} || {143} || {168} || {191}",
 "nlq": "What is the minimum number of graduations for each Year, with a MSc in 2015/2016, 2016/2017, 2017/2018, 2018/2019, or 2019/2020?"},
{"name": "template 10",
 "sql": "SELECT Year,avg(Value) FROM DBdata WHERE (Degree IN ('PhD')) AND (Year IN ('2015/2016','2016/2017','2017/2018','2018/2019','2019/2020')) GROUP BY Year",
 "sqlResult": "{2015/2016 | 333} || {2016/2017 | 249.67} || {2017/2018 | 321.33} || {2018/2019 | 251} || {2019/2020 | 413.33}",
 "nlq": "What is the average number of graduations for each Year, with a PhD in 2015/2016, 2016/2017, 2017/2018, 2018/2019, or 2019/2020? Please, report the corresponding Year."},
{"name": "template 11",
 "sql": "SELECT Year,Degree,min(Value) FROM DBdata WHERE (Degree IN ('BSc','PhD')) AND (Year IN ('2015/2016','2016/2017','2017/2018','2018/2019','2019/2020')) GROUP BY Year,Degree",
 "sqlResult": "{2015/2016 | BSc | 169} || {2015/2016 | PhD | 108} || {2016/2017 | BSc | 162} || {2016/2017 | PhD | 84} || {2017/2018 | BSc | 54} || {2017/2018 | PhD | 226} || {2018/2019 | BSc | 272} || {2018/2019 | PhD | 104} || {2019/2020 | BSc | 63} || {2019/2020 | PhD | 391}",
 "nlq": "What is the minimum number of graduations for each Year and Degree, with a BSc or PhD in 2015/2016, 2016/2017, 2017/2018, 2018/2019, or 2019/2020? Please, report the corresponding Year and Degree."},
{"name": "template 12",
 "sql": "SELECT Value FROM DBdata WHERE (Degree IN ('PhD')) AND (Year IN ('2018/2019','2019/2020')) ORDER BY VALUE ASC LIMIT 4",
 "sqlResult": "{104} || {149} || {391} || {407}",
 "nlq": "What are the bottom 4 numbers of graduations with a PhD in 2018/2019 or 2019/2020?"},
{"name": "template 13",
 "sql": "SELECT Value FROM DBdata WHERE (Degree IN ('MSc')) AND (Year IN ('2015/2016','2016/2017')) ORDER BY VALUE ASC",
 "sqlResult": "{145} || {214} || {249} || {392} || {428} || {429}",
 "nlq": "What are the numbers of graduations ordered by increasing values with a MSc in 2015/2016 or 2016/2017?"},
{"name": "template 14",
 "sql": "SELECT Year,Language FROM DBdata WHERE (Degree IN ('BSc')) AND Value < 297.73",
 "sqlResult": "{2017/2018 | French} || {2019/2020 | French} || {2015/2016 | Spanish} || {2016/2017 | Spanish} || {2017/2018 | Spanish} || {2018/2019 | Spanish} || {2019/2020 | Spanish} || {2015/2016 | German} || {2017/2018 | German}",
 "nlq": "What are the Year and Language for which the number of graduations with a BSc is lower than 297.73?"},
{"name": "template 15",
 "sql": "SELECT Year,Language,Value FROM DBdata WHERE (Degree IN ('MSc')) AND (Year,Language) IN (SELECT Year,Language FROM DBdata WHERE (Degree IN ('BSc')) AND Value < 297.73)",
 "sqlResult": "{2017/2018 | French | 339} || {2019/2020 | French | 452} || {2015/2016 | Spanish | 392} || {2016/2017 | Spanish | 428} || {2017/2018 | Spanish | 356} || {2018/2019 | Spanish | 481} || {2019/2020 | Spanish | 191} || {2015/2016 | German | 249} || {2017/2018 | German | 143}",
 "nlq": "What is the number of graduations with a MSc in Year and in Language for which the number of graduations with a BSc is lower than 297.73? Please, report the corresponding Year, Language, and number of graduations."}]
}
