Degree,Year,Language,Value
Degree,Year,Language,Value
BSc,2015/2016,English,227
MSc,2015/2016,English,315
PhD,2015/2016,English,401
BSc,2016/2017,English,149
MSc,2016/2017,English,208
PhD,2016/2017,English,127
BSc,2017/2018,English,450
MSc,2017/2018,English,57
PhD,2017/2018,English,189
BSc,2018/2019,English,295
MSc,2018/2019,English,356
PhD,2018/2019,English,51
BSc,2019/2020,English,343
MSc,2019/2020,English,261
PhD,2019/2020,English,500
BSc,2015/2016,French,154
MSc,2015/2016,French,459
PhD,2015/2016,French,335
BSc,2016/2017,French,83
MSc,2016/2017,French,135
PhD,2016/2017,French,184
BSc,2017/2018,French,376
MSc,2017/2018,French,132
PhD,2017/2018,French,433
BSc,2018/2019,French,324
MSc,2018/2019,French,108
PhD,2018/2019,French,75
BSc,2019/2020,French,294
MSc,2019/2020,French,429
PhD,2019/2020,French,152
