{
"filename": "Number_of_graduations_set39_2_DB.csv",
"questions": [{"name": "template 1",
 "sql": "SELECT Value FROM DBdata WHERE (AA IN ('AAgx')) AND ((BB = 'BBdt' AND CC = 'CCft'))",
 "sqlResult": "{451}",
 "nlq": "What is the number of graduations with a AAgx in CCft in BBdt?"},
{"name": "template 2",
 "sql": "SELECT Value FROM DBdata WHERE (AA IN ('AAgx')) AND ((BB = 'BBcy' AND CC = 'CCcm') OR (BB = 'BBcy' AND CC = 'CCcj'))",
 "sqlResult": "{335} || {199}",
 "nlq": "What is the number of graduations with a AAgx in CCcm or CCcj in BBcy?"},
{"name": "template 3",
 "sql": "SELECT Value FROM DBdata WHERE (AA IN ('AAck','AAgx','AAlv')) AND ((BB = 'BBdt' AND CC = 'CCcm'))",
 "sqlResult": "{355} || {261} || {99}",
 "nlq": "What is the number of graduations with a AAck, AAgx, or AAlv in CCcm in BBdt?"},
{"name": "template 4",
 "sql": "SELECT max(Value),sum(Value) FROM DBdata WHERE (AA IN ('AAck','AAgx')) AND ((BB = 'BBdp' AND CC = 'CCcj'))",
 "sqlResult": "{157 | 261}",
 "nlq": "What are the maximum and total numbers of graduations with a AAck or AAgx in CCcj in BBdp?"},
{"name": "template 6",
 "sql": "SELECT Value FROM DBdata WHERE (AA IN ('AAck','AAlv')) AND ((BB = 'BBdt' AND CC = 'CCft') OR (BB = 'BBdp' AND CC = 'CCft') OR (BB = 'BBdt' AND CC = 'CCcj'))",
 "sqlResult": "{151} || {458} || {366} || {457} || {472} || {299}",
 "nlq": "What is the number of graduations with a AAck or AAlv in CCcj or CCft in BBdt or in CCft in BBdp?"},
{"name": "template 7",
 "sql": "SELECT min(Value),sum(Value) FROM DBdata WHERE (AA IN ('AAck')) AND ((BB = 'BBdt' AND CC = 'CCcm') OR (BB = 'BBjk' AND CC = 'CCcm') OR (BB = 'BBjk' AND CC = 'CCcj'))",
 "sqlResult": "{86 | 799}",
 "nlq": "What are the minimum and total numbers of graduations with a AAck in CCcm in BBdt or BBjk or in CCcj in BBjk?"},
{"name": "template 8",
 "sql": "SELECT AA,avg(Value),sum(Value) FROM DBdata WHERE (AA IN ('AAgx','AAlv')) AND ((BB = 'BBjk' AND CC = 'CCft') OR (BB = 'BBcy' AND CC = 'CCft') OR (BB = 'BBdt' AND CC = 'CCcj')) GROUP BY AA",
 "sqlResult": "{AAgx | 259.33 | 778} || {AAlv | 194 | 582}",
 "nlq": "What are the average and total numbers of graduations for each AA, with a AAgx or AAlv in CCcj in BBdt or in CCft in BBjk or BBcy? Please, report the corresponding AA."},
{"name": "template 9",
 "sql": "SELECT min(Value) FROM DBdata WHERE (AA IN ('AAgx')) AND (BB IN ('BBdt','BBdp','BBjk','BBcy')) GROUP BY BB",
 "sqlResult": "{261} || {88} || {129} || {199}",
 "nlq": "What is the minimum number of graduations for each BB, with a AAgx in BBdt, BBdp, BBjk, or BBcy?"},
{"name": "template 10",
 "sql": "SELECT BB,sum(Value) FROM DBdata WHERE (AA IN ('AAlv')) AND (BB IN ('BBdt','BBdp','BBjk','BBcy')) GROUP BY BB",
 "sqlResult": "{BBdt | 856} || {BBdp | 1010} || {BBjk | 387} || {BBcy | 850}",
 "nlq": "What is the total number of graduations for each BB, with a AAlv in BBdt, BBdp, BBjk, or BBcy? Please, report the corresponding BB."},
{"name": "template 11",
 "sql": "SELECT BB,AA,min(Value) FROM DBdata WHERE (AA IN ('AAck','AAgx')) AND (BB IN ('BBdt','BBdp','BBjk','BBcy')) GROUP BY BB,AA",
 "sqlResult": "{BBdt | AAck | 151} || {BBdt | AAgx | 261} || {BBdp | AAck | 104} || {BBdp | AAgx | 88} || {BBjk | AAck | 73} || {BBjk | AAgx | 129} || {BBcy | AAck | 133} || {BBcy | AAgx | 199}",
 "nlq": "What is the minimum number of graduations for each BB and AA, with a AAck or AAgx in BBdt, BBdp, BBjk, or BBcy? Please, report the corresponding BB and AA."},
{"name": "template 12",
 "sql": "SELECT Value FROM DBdata WHERE (AA IN ('AAgx')) AND (BB IN ('BBdt','BBcy')) ORDER BY VALUE DESC LIMIT 3",
 "sqlResult": "{451} || {407} || {335}",
 "nlq": "What are the top 3 numbers of graduations with a AAgx in BBdt or BBcy?"},
{"name": "template 13",
 "sql": "SELECT Value FROM DBdata WHERE (AA IN ('AAlv')) AND (BB IN ('BBdt','BBcy')) ORDER BY VALUE ASC",
 "sqlResult": "{99} || {167} || {299} || {319} || {364} || {458}",
 "nlq": "What are the numbers of graduations ordered by increasing values with a AAlv in BBdt or BBcy?"},
{"name": "template 14",
 "sql": "SELECT BB,CC FROM DBdata WHERE (AA IN ('AAgx')) AND Value < 253.94",
 "sqlResult": "{BBdp | CCcm} || {BBdp | CCft} || {BBjk | CCft} || {BBcy | CCft} || {BBdp | CCcj} || {BBjk | CCcj} || {BBcy | CCcj}",
 "nlq": "What are the BB and CC for which the number of graduations with a AAgx is lower than 253.94?"},
{"name": "template 15",
 "sql": "SELECT BB,CC,Value FROM DBdata WHERE (AA IN ('AAck')) AND (BB,CC) IN (SELECT BB,CC FROM DBdata WHERE (AA IN ('AAgx')) AND Value < 253.94)",
 "sqlResult": "{BBdp | CCcm | 439} || {BBdp | CCft | 366} || {BBjk | CCft | 73} || {BBcy | CCft | 237} || {BBdp | CCcj | 104} || {BBjk | CCcj | 86} || {BBcy | CCcj | 227}",
 "nlq": "What is the number of graduations with a AAck in BB and in CC for which the number of graduations with a AAgx is lower than 253.94? Please, report the corresponding BB, CC, and number of graduations."}]
}

