{
"filename": "Number_of_graduations_set1_5_DB.csv",
"questions": [{"name": "template 1",
 "sql": "SELECT Value FROM DBdata WHERE (Degree IN ('MSc')) AND (Year IN ('2015/2016'))",
 "sqlResult": "{59}",
 "nlq": "What is the number of graduations with a MSc in 2015/2016?"},
{"name": "template 2",
 "sql": "SELECT Value FROM DBdata WHERE (Degree IN ('PhD')) AND (Year IN ('2017/2018','2018/2019','2019/2020'))",
 "sqlResult": "{124} || {96} || {121}",
 "nlq": "What is the number of graduations with a PhD in 2017/2018, 2018/2019, or 2019/2020?"},
{"name": "template 3",
 "sql": "SELECT Value FROM DBdata WHERE (Degree IN ('BSc','MSc')) AND (Year IN ('2017/2018'))",
 "sqlResult": "{432} || {137}",
 "nlq": "What is the number of graduations with a BSc or MSc in 2017/2018?"},
{"name": "template 4",
 "sql": "SELECT min(Value),sum(Value) FROM DBdata WHERE (Degree IN ('MSc','PhD')) AND (Year IN ('2019/2020'))",
 "sqlResult": "{121 | 601}",
 "nlq": "What are the minimum and total numbers of graduations with a MSc or PhD in 2019/2020?"},
{"name": "template 6",
 "sql": "SELECT Value FROM DBdata WHERE (Degree IN ('BSc','MSc','PhD')) AND (Year IN ('2015/2016','2019/2020'))",
 "sqlResult": "{328} || {59} || {401} || {282} || {480} || {121}",
 "nlq": "What is the number of graduations with a BSc, MSc, or PhD in 2015/2016 or 2019/2020?"},
{"name": "template 7",
 "sql": "SELECT max(Value),avg(Value) FROM DBdata WHERE (Degree IN ('PhD')) AND (Year IN ('2016/2017','2017/2018','2018/2019'))",
 "sqlResult": "{413 | 211}",
 "nlq": "What are the maximum and average numbers of graduations with a PhD in 2016/2017, 2017/2018, or 2018/2019?"},
{"name": "template 8",
 "sql": "SELECT Degree,min(Value),max(Value) FROM DBdata WHERE (Degree IN ('MSc','PhD')) AND (Year IN ('2015/2016','2016/2017','2017/2018','2018/2019','2019/2020')) GROUP BY Degree",
 "sqlResult": "{MSc | 59 | 480} || {PhD | 96 | 413}",
 "nlq": "What are the minimum and maximum numbers of graduations for each Degree, with a MSc or PhD in 2015/2016, 2016/2017, 2017/2018, 2018/2019, or 2019/2020? Please, report the corresponding Degree."},
{"name": "template 9",
 "sql": "SELECT min(Value) FROM DBdata WHERE (Degree IN ('BSc')) AND (Year IN ('2015/2016','2016/2017','2017/2018','2018/2019','2019/2020')) GROUP BY Year",
 "sqlResult": "{328} || {395} || {432} || {201} || {282}",
 "nlq": "What is the minimum number of graduations for each Year, with a BSc in 2015/2016, 2016/2017, 2017/2018, 2018/2019, or 2019/2020?"},
{"name": "template 10",
 "sql": "SELECT Year,sum(Value) FROM DBdata WHERE (Degree IN ('MSc')) AND (Year IN ('2015/2016','2016/2017','2017/2018','2018/2019','2019/2020')) GROUP BY Year",
 "sqlResult": "{2015/2016 | 59} || {2016/2017 | 281} || {2017/2018 | 137} || {2018/2019 | 289} || {2019/2020 | 480}",
 "nlq": "What is the total number of graduations for each Year, with a MSc in 2015/2016, 2016/2017, 2017/2018, 2018/2019, or 2019/2020? Please, report the corresponding Year."},
{"name": "template 11",
 "sql": "SELECT Year,Degree,max(Value) FROM DBdata WHERE (Degree IN ('BSc','PhD')) AND (Year IN ('2015/2016','2016/2017','2017/2018','2018/2019','2019/2020')) GROUP BY Year,Degree",
 "sqlResult": "{2015/2016 | BSc | 328} || {2015/2016 | PhD | 401} || {2016/2017 | BSc | 395} || {2016/2017 | PhD | 413} || {2017/2018 | BSc | 432} || {2017/2018 | PhD | 124} || {2018/2019 | BSc | 201} || {2018/2019 | PhD | 96} || {2019/2020 | BSc | 282} || {2019/2020 | PhD | 121}",
 "nlq": "What is the maximum number of graduations for each Year and Degree, with a BSc or PhD in 2015/2016, 2016/2017, 2017/2018, 2018/2019, or 2019/2020? Please, report the corresponding Year and Degree."},
{"name": "template 12",
 "sql": "SELECT Value FROM DBdata WHERE (Degree IN ('BSc')) AND (Year IN ('2016/2017','2017/2018')) ORDER BY VALUE ASC LIMIT 2",
 "sqlResult": "{395} || {432}",
 "nlq": "What are the bottom 2 numbers of graduations with a BSc in 2016/2017 or 2017/2018?"},
{"name": "template 13",
 "sql": "SELECT Value FROM DBdata WHERE (Degree IN ('MSc')) AND (Year IN ('2015/2016','2016/2017')) ORDER BY VALUE ASC",
 "sqlResult": "{59} || {281}",
 "nlq": "What are the numbers of graduations ordered by increasing values with a MSc in 2015/2016 or 2016/2017?"},
{"name": "template 14",
 "sql": "SELECT Year FROM DBdata WHERE (Degree IN ('PhD')) AND Value > 269.27",
 "sqlResult": "{2015/2016} || {2016/2017}",
 "nlq": "What is the Year for which the number of graduations with a PhD is greater than 269.27?"},
{"name": "template 15",
 "sql": "SELECT Year,Value FROM DBdata WHERE (Degree IN ('BSc')) AND (Year) IN (SELECT Year FROM DBdata WHERE (Degree IN ('PhD')) AND Value > 269.27)",
 "sqlResult": "{2015/2016 | 328} || {2016/2017 | 395}",
 "nlq": "What is the number of graduations with a BSc in Year for which the number of graduations with a PhD is greater than 269.27? Please, report the corresponding Year and number of graduations."}]
}
