{
"filename": "Number_of_graduations_set39_1_DB.csv",
"questions": [{"name": "template 1",
 "sql": "SELECT Value FROM DBdata WHERE (AA IN ('AAbd')) AND ((BB = 'BByz' AND CC = 'CCfj'))",
 "sqlResult": "{262}",
 "nlq": "What is the number of graduations with a AAbd in CCfj in BByz?"},
{"name": "template 2",
 "sql": "SELECT Value FROM DBdata WHERE (AA IN ('AAgm')) AND ((BB = 'BBfz' AND CC = 'CCtz') OR (BB = 'BByz' AND CC = 'CCtz') OR (BB = 'BBfz' AND CC = 'CCfj') OR (BB = 'BBwy' AND CC = 'CCfj') OR (BB = 'BBmw' AND CC = 'CCfj') OR (BB = 'BByz' AND CC = 'CCfj') OR (BB = 'BBdz' AND CC = 'CCfj') OR (BB = 'BBfz' AND CC = 'CCht') OR (BB = 'BBwy' AND CC = 'CCht') OR (BB = 'BBmw' AND CC = 'CCht'))",
 "sqlResult": "{363} || {293} || {70} || {278} || {445} || {139} || {135} || {87} || {426} || {211}",
 "nlq": "What is the number of graduations with a AAgm in CCtz or CCfj in BByz or in CCtz, CCfj, or CCht in BBfz or in CCfj in BBwy, BBmw, or BBdz or in CCht in BBwy or BBmw?"},
{"name": "template 3",
 "sql": "SELECT Value FROM DBdata WHERE (AA IN ('AAbd','AAny','AAgm')) AND ((BB = 'BBmw' AND CC = 'CCfj'))",
 "sqlResult": "{232} || {378} || {445}",
 "nlq": "What is the number of graduations with a AAbd, AAny, or AAgm in CCfj in BBmw?"},
{"name": "template 4",
 "sql": "SELECT max(Value),avg(Value) FROM DBdata WHERE (AA IN ('AAbd','AAny')) AND ((BB = 'BBwy' AND CC = 'CCht'))",
 "sqlResult": "{382 | 378.5}",
 "nlq": "What are the maximum and average numbers of graduations with a AAbd or AAny in CCht in BBwy?"},
{"name": "template 6",
 "sql": "SELECT Value FROM DBdata WHERE (AA IN ('AAbd','AAny','AAgm')) AND ((BB = 'BBfz' AND CC = 'CCtz') OR (BB = 'BBdz' AND CC = 'CCht'))",
 "sqlResult": "{169} || {442} || {363} || {90} || {128} || {101}",
 "nlq": "What is the number of graduations with a AAbd, AAny, or AAgm in CCtz in BBfz or in CCht in BBdz?"},
{"name": "template 7",
 "sql": "SELECT max(Value),sum(Value) FROM DBdata WHERE (AA IN ('AAbd')) AND ((BB = 'BBwy' AND CC = 'CCfj') OR (BB = 'BBfz' AND CC = 'CCht'))",
 "sqlResult": "{258 | 482}",
 "nlq": "What are the maximum and total numbers of graduations with a AAbd in CCfj in BBwy or in CCht in BBfz?"},
{"name": "template 8",
 "sql": "SELECT AA,sum(Value),avg(Value) FROM DBdata WHERE (AA IN ('AAny','AAgm')) AND ((BB = 'BBwy' AND CC = 'CCfj') OR (BB = 'BBdz' AND CC = 'CCfj') OR (BB = 'BByz' AND CC = 'CCht')) GROUP BY AA",
 "sqlResult": "{AAny | 1021 | 340.33} || {AAgm | 533 | 177.67}",
 "nlq": "What are the total and average numbers of graduations for each AA, with a AAny or AAgm in CCfj in BBwy or BBdz or in CCht in BByz? Please, report the corresponding AA."},
{"name": "template 9",
 "sql": "SELECT min(Value) FROM DBdata WHERE (AA IN ('AAny')) AND (BB IN ('BBfz','BBwy','BBmw','BByz','BBdz')) GROUP BY BB",
 "sqlResult": "{321} || {202} || {216} || {134} || {128}",
 "nlq": "What is the minimum number of graduations for each BB, with a AAny in BBfz, BBwy, BBmw, BByz, or BBdz?"},
{"name": "template 10",
 "sql": "SELECT BB,max(Value) FROM DBdata WHERE (AA IN ('AAny')) AND (BB IN ('BBfz','BBwy','BBmw','BByz','BBdz')) GROUP BY BB",
 "sqlResult": "{BBfz | 442} || {BBwy | 375} || {BBmw | 378} || {BByz | 428} || {BBdz | 449}",
 "nlq": "What is the maximum number of graduations for each BB, with a AAny in BBfz, BBwy, BBmw, BByz, or BBdz? Please, report the corresponding BB."},
{"name": "template 11",
 "sql": "SELECT BB,AA,max(Value) FROM DBdata WHERE (AA IN ('AAbd','AAny')) AND (BB IN ('BBfz','BBwy','BBmw','BByz','BBdz')) GROUP BY BB,AA",
 "sqlResult": "{BBfz | AAbd | 261} || {BBfz | AAny | 442} || {BBwy | AAbd | 429} || {BBwy | AAny | 375} || {BBmw | AAbd | 400} || {BBmw | AAny | 378} || {BByz | AAbd | 456} || {BByz | AAny | 428} || {BBdz | AAbd | 361} || {BBdz | AAny | 449}",
 "nlq": "What is the maximum number of graduations for each BB and AA, with a AAbd or AAny in BBfz, BBwy, BBmw, BByz, or BBdz? Please, report the corresponding BB and AA."},
{"name": "template 12",
 "sql": "SELECT Value FROM DBdata WHERE (AA IN ('AAbd')) AND (BB IN ('BBmw','BByz')) ORDER BY VALUE DESC LIMIT 2",
 "sqlResult": "{456} || {400}",
 "nlq": "What are the top 2 numbers of graduations with a AAbd in BBmw or BByz?"},
{"name": "template 13",
 "sql": "SELECT Value FROM DBdata WHERE (AA IN ('AAny')) AND (BB IN ('BBfz','BBwy')) ORDER BY VALUE DESC",
 "sqlResult": "{442} || {377} || {375} || {321} || {316} || {202}",
 "nlq": "What are the numbers of graduations ordered by decreasing values with a AAny in BBfz or BBwy?"},
{"name": "template 14",
 "sql": "SELECT BB,CC FROM DBdata WHERE (AA IN ('AAgm')) AND Value > 273.91",
 "sqlResult": "{BBfz | CCtz} || {BByz | CCtz} || {BBdz | CCtz} || {BBwy | CCfj} || {BBmw | CCfj} || {BBwy | CCht}",
 "nlq": "What are the BB and CC for which the number of graduations with a AAgm is greater than 273.91?"},
{"name": "template 15",
 "sql": "SELECT BB,CC,Value FROM DBdata WHERE (AA IN ('AAny')) AND (BB,CC) IN (SELECT BB,CC FROM DBdata WHERE (AA IN ('AAgm')) AND Value > 273.91)",
 "sqlResult": "{BBfz | CCtz | 442} || {BByz | CCtz | 134} || {BBdz | CCtz | 449} || {BBwy | CCfj | 316} || {BBmw | CCfj | 378} || {BBwy | CCht | 375}",
 "nlq": "What is the number of graduations with a AAny in BB and in CC for which the number of graduations with a AAgm is greater than 273.91? Please, report the corresponding BB, CC, and number of graduations."}]
}

