{
"filename": "Number_of_graduations_set3_4_DB.csv",
"questions": [{"name": "template 1",
 "sql": "SELECT Value FROM DBdata WHERE (Degree IN ('MSc')) AND (Year IN ('2018/2019'))",
 "sqlResult": "{482}",
 "nlq": "What is the number of graduations with a MSc in 2018/2019?"},
{"name": "template 2",
 "sql": "SELECT Value FROM DBdata WHERE (Degree IN ('MSc')) AND (Year IN ('2017/2018','2019/2020'))",
 "sqlResult": "{272} || {217}",
 "nlq": "What is the number of graduations with a MSc in 2017/2018 or 2019/2020?"},
{"name": "template 3",
 "sql": "SELECT Value FROM DBdata WHERE (Degree IN ('MSc','PhD')) AND (Year IN ('2018/2019'))",
 "sqlResult": "{482} || {228}",
 "nlq": "What is the number of graduations with a MSc or PhD in 2018/2019?"},
{"name": "template 4",
 "sql": "SELECT avg(Value),min(Value) FROM DBdata WHERE (Degree IN ('BSc','PhD')) AND (Year IN ('2017/2018'))",
 "sqlResult": "{159 | 131}",
 "nlq": "What are the average and minimum numbers of graduations with a BSc or PhD in 2017/2018?"},
{"name": "template 6",
 "sql": "SELECT Value FROM DBdata WHERE (Degree IN ('MSc','PhD')) AND (Year IN ('2018/2019','2019/2020'))",
 "sqlResult": "{482} || {228} || {217} || {117}",
 "nlq": "What is the number of graduations with a MSc or PhD in 2018/2019 or 2019/2020?"},
{"name": "template 7",
 "sql": "SELECT max(Value),min(Value) FROM DBdata WHERE (Degree IN ('MSc')) AND (Year IN ('2017/2018','2018/2019','2019/2020'))",
 "sqlResult": "{482 | 217}",
 "nlq": "What are the maximum and minimum numbers of graduations with a MSc in 2017/2018, 2018/2019, or 2019/2020?"},
{"name": "template 8",
 "sql": "SELECT Degree,avg(Value),sum(Value) FROM DBdata WHERE (Degree IN ('BSc','MSc')) AND (Year IN ('2018/2019','2019/2020')) GROUP BY Degree",
 "sqlResult": "{BSc | 302 | 604} || {MSc | 349.5 | 699}",
 "nlq": "What are the average and total numbers of graduations for each Degree, with a BSc or MSc in 2018/2019 or 2019/2020? Please, report the corresponding Degree."},
{"name": "template 9",
 "sql": "SELECT min(Value) FROM DBdata WHERE (Degree IN ('MSc')) AND (Year IN ('2017/2018','2018/2019','2019/2020')) GROUP BY Year",
 "sqlResult": "{272} || {482} || {217}",
 "nlq": "What is the minimum number of graduations for each Year, with a MSc in 2017/2018, 2018/2019, or 2019/2020?"},
{"name": "template 10",
 "sql": "SELECT Year,avg(Value) FROM DBdata WHERE (Degree IN ('BSc')) AND (Year IN ('2017/2018','2018/2019','2019/2020')) GROUP BY Year",
 "sqlResult": "{2017/2018 | 131} || {2018/2019 | 223} || {2019/2020 | 381}",
 "nlq": "What is the average number of graduations for each Year, with a BSc in 2017/2018, 2018/2019, or 2019/2020? Please, report the corresponding Year."},
{"name": "template 11",
 "sql": "SELECT Year,Degree,avg(Value) FROM DBdata WHERE (Degree IN ('BSc','MSc')) AND (Year IN ('2017/2018','2018/2019','2019/2020')) GROUP BY Year,Degree",
 "sqlResult": "{2017/2018 | BSc | 131} || {2017/2018 | MSc | 272} || {2018/2019 | BSc | 223} || {2018/2019 | MSc | 482} || {2019/2020 | BSc | 381} || {2019/2020 | MSc | 217}",
 "nlq": "What is the average number of graduations for each Year and Degree, with a BSc or MSc in 2017/2018, 2018/2019, or 2019/2020? Please, report the corresponding Year and Degree."},
{"name": "template 12",
 "sql": "SELECT Value FROM DBdata WHERE (Degree IN ('PhD')) AND (Year IN ('2018/2019','2019/2020')) ORDER BY VALUE ASC LIMIT 2",
 "sqlResult": "{117} || {228}",
 "nlq": "What are the bottom 2 numbers of graduations with a PhD in 2018/2019 or 2019/2020?"},
{"name": "template 13",
 "sql": "SELECT Value FROM DBdata WHERE (Degree IN ('MSc')) AND (Year IN ('2017/2018','2018/2019')) ORDER BY VALUE ASC",
 "sqlResult": "{272} || {482}",
 "nlq": "What are the numbers of graduations ordered by increasing values with a MSc in 2017/2018 or 2018/2019?"},
{"name": "template 14",
 "sql": "SELECT Year FROM DBdata WHERE (Degree IN ('BSc')) AND Value < 248.67",
 "sqlResult": "{2017/2018} || {2018/2019}",
 "nlq": "What is the Year for which the number of graduations with a BSc is lower than 248.67?"},
{"name": "template 15",
 "sql": "SELECT Year,Value FROM DBdata WHERE (Degree IN ('MSc')) AND (Year) IN (SELECT Year FROM DBdata WHERE (Degree IN ('BSc')) AND Value < 248.67)",
 "sqlResult": "{2017/2018 | 272} || {2018/2019 | 482}",
 "nlq": "What is the number of graduations with a MSc in Year for which the number of graduations with a BSc is lower than 248.67? Please, report the corresponding Year and number of graduations."}]
}
