{
"filename": "Number_of_graduations_set10_2_DB.csv",
"questions": [{"name": "template 1",
 "sql": "SELECT Value FROM DBdata WHERE (AA IN ('AAkx')) AND (BB IN ('BBbr'))",
 "sqlResult": "{367}",
 "nlq": "What is the number of graduations with a AAkx in BBbr?"},
{"name": "template 2",
 "sql": "SELECT Value FROM DBdata WHERE (AA IN ('AAns')) AND (BB IN ('BBbr','BBtv','BBst','BBmv'))",
 "sqlResult": "{346} || {418} || {454} || {378}",
 "nlq": "What is the number of graduations with a AAns in BBbr, BBtv, BBst, or BBmv?"},
{"name": "template 3",
 "sql": "SELECT Value FROM DBdata WHERE (AA IN ('AAkw','AAns')) AND (BB IN ('BBbr'))",
 "sqlResult": "{133} || {346}",
 "nlq": "What is the number of graduations with a AAkw or AAns in BBbr?"},
{"name": "template 4",
 "sql": "SELECT min(Value),max(Value) FROM DBdata WHERE (AA IN ('AAkw','AAkx','AAns')) AND (BB IN ('BBst'))",
 "sqlResult": "{366 | 454}",
 "nlq": "What are the minimum and maximum numbers of graduations with a AAkw, AAkx, or AAns in BBst?"},
{"name": "template 6",
 "sql": "SELECT Value FROM DBdata WHERE (AA IN ('AAkw','AAns')) AND (BB IN ('BBtv','BBst'))",
 "sqlResult": "{494} || {418} || {440} || {454}",
 "nlq": "What is the number of graduations with a AAkw or AAns in BBtv or BBst?"},
{"name": "template 7",
 "sql": "SELECT avg(Value),sum(Value) FROM DBdata WHERE (AA IN ('AAns')) AND (BB IN ('BBbr','BBtv','BBst','BBmv'))",
 "sqlResult": "{399 | 1596}",
 "nlq": "What are the average and total numbers of graduations with a AAns in BBbr, BBtv, BBst, or BBmv?"},
{"name": "template 8",
 "sql": "SELECT AA,min(Value),avg(Value) FROM DBdata WHERE (AA IN ('AAkx','AAns')) AND (BB IN ('BBbr','BBtv')) GROUP BY AA",
 "sqlResult": "{AAkx | 152 | 259.5} || {AAns | 346 | 382}",
 "nlq": "What are the minimum and average numbers of graduations for each AA, with a AAkx or AAns in BBbr or BBtv? Please, report the corresponding AA."},
{"name": "template 9",
 "sql": "SELECT min(Value) FROM DBdata WHERE (AA IN ('AAkw')) AND (BB IN ('BBbr','BBtv','BBst','BBmv')) GROUP BY BB",
 "sqlResult": "{133} || {494} || {440} || {281}",
 "nlq": "What is the minimum number of graduations for each BB, with a AAkw in BBbr, BBtv, BBst, or BBmv?"},
{"name": "template 10",
 "sql": "SELECT BB,min(Value) FROM DBdata WHERE (AA IN ('AAkw')) AND (BB IN ('BBbr','BBtv','BBst','BBmv')) GROUP BY BB",
 "sqlResult": "{BBbr | 133} || {BBtv | 494} || {BBst | 440} || {BBmv | 281}",
 "nlq": "What is the minimum number of graduations for each BB, with a AAkw in BBbr, BBtv, BBst, or BBmv? Please, report the corresponding BB."},
{"name": "template 11",
 "sql": "SELECT BB,AA,min(Value) FROM DBdata WHERE (AA IN ('AAkw','AAkx','AAns')) AND (BB IN ('BBbr','BBtv','BBst','BBmv')) GROUP BY BB,AA",
 "sqlResult": "{BBbr | AAkw | 133} || {BBbr | AAkx | 367} || {BBbr | AAns | 346} || {BBtv | AAkw | 494} || {BBtv | AAkx | 152} || {BBtv | AAns | 418} || {BBst | AAkw | 440} || {BBst | AAkx | 366} || {BBst | AAns | 454} || {BBmv | AAkw | 281} || {BBmv | AAkx | 239} || {BBmv | AAns | 378}",
 "nlq": "What is the minimum number of graduations for each BB and AA, with a AAkw, AAkx, or AAns in BBbr, BBtv, BBst, or BBmv? Please, report the corresponding BB and AA."},
{"name": "template 12",
 "sql": "SELECT Value FROM DBdata WHERE (AA IN ('AAns')) AND (BB IN ('BBbr','BBst')) ORDER BY VALUE ASC LIMIT 2",
 "sqlResult": "{346} || {454}",
 "nlq": "What are the bottom 2 numbers of graduations with a AAns in BBbr or BBst?"},
{"name": "template 13",
 "sql": "SELECT Value FROM DBdata WHERE (AA IN ('AAkx')) AND (BB IN ('BBtv','BBmv')) ORDER BY VALUE DESC",
 "sqlResult": "{239} || {152}",
 "nlq": "What are the numbers of graduations ordered by decreasing values with a AAkx in BBtv or BBmv?"},
{"name": "template 14",
 "sql": "SELECT BB FROM DBdata WHERE (AA IN ('AAns')) AND Value > 339",
 "sqlResult": "{BBbr} || {BBtv} || {BBst} || {BBmv}",
 "nlq": "What is the BB for which the number of graduations with a AAns is greater than 339?"},
{"name": "template 15",
 "sql": "SELECT BB,Value FROM DBdata WHERE (AA IN ('AAkx')) AND (BB) IN (SELECT BB FROM DBdata WHERE (AA IN ('AAns')) AND Value > 339)",
 "sqlResult": "{BBbr | 367} || {BBtv | 152} || {BBst | 366} || {BBmv | 239}",
 "nlq": "What is the number of graduations with a AAkx in BB for which the number of graduations with a AAns is greater than 339? Please, report the corresponding BB and number of graduations."}]
}

