{
"filename": "Number_of_graduations_set39_3_DB.csv",
"questions": [{"name": "template 1",
 "sql": "SELECT Value FROM DBdata WHERE (Degree IN ('BSc')) AND ((Year = '2022/2023' AND Language = 'English'))",
 "sqlResult": "{344}",
 "nlq": "What is the number of graduations with a BSc in English in 2022/2023?"},
{"name": "template 2",
 "sql": "SELECT Value FROM DBdata WHERE (Degree IN ('MSc')) AND ((Year = '2020/2021' AND Language = 'Arabic') OR (Year = '2021/2022' AND Language = 'Arabic') OR (Year = '2022/2023' AND Language = 'Arabic') OR (Year = '2020/2021' AND Language = 'English') OR (Year = '2021/2022' AND Language = 'English') OR (Year = '2022/2023' AND Language = 'English') OR (Year = '2020/2021' AND Language = 'French') OR (Year = '2021/2022' AND Language = 'French') OR (Year = '2022/2023' AND Language = 'French'))",
 "sqlResult": "{210} || {183} || {125} || {430} || {340} || {302} || {391} || {134} || {303}",
 "nlq": "What is the number of graduations with a MSc in Arabic, English, or French in 2020/2021, 2021/2022, or 2022/2023?"},
{"name": "template 3",
 "sql": "SELECT Value FROM DBdata WHERE (Degree IN ('BSc','MSc','PhD')) AND ((Year = '2022/2023' AND Language = 'Arabic'))",
 "sqlResult": "{393} || {125} || {304}",
 "nlq": "What is the number of graduations with a BSc, MSc, or PhD in Arabic in 2022/2023?"},
{"name": "template 4",
 "sql": "SELECT min(Value),max(Value) FROM DBdata WHERE (Degree IN ('BSc','PhD')) AND ((Year = '2021/2022' AND Language = 'Arabic'))",
 "sqlResult": "{70 | 156}",
 "nlq": "What are the minimum and maximum numbers of graduations with a BSc or PhD in Arabic in 2021/2022?"},
{"name": "template 6",
 "sql": "SELECT Value FROM DBdata WHERE (Degree IN ('BSc','MSc')) AND ((Year = '2020/2021' AND Language = 'Arabic') OR (Year = '2022/2023' AND Language = 'Arabic') OR (Year = '2021/2022' AND Language = 'French'))",
 "sqlResult": "{379} || {210} || {393} || {125} || {148} || {134}",
 "nlq": "What is the number of graduations with a BSc or MSc in Arabic in 2020/2021 or 2022/2023 or in French in 2021/2022?"},
{"name": "template 7",
 "sql": "SELECT max(Value),min(Value) FROM DBdata WHERE (Degree IN ('MSc')) AND ((Year = '2020/2021' AND Language = 'Arabic') OR (Year = '2020/2021' AND Language = 'English') OR (Year = '2021/2022' AND Language = 'French'))",
 "sqlResult": "{430 | 134}",
 "nlq": "What are the maximum and minimum numbers of graduations with a MSc in Arabic or English in 2020/2021 or in French in 2021/2022?"},
{"name": "template 8",
 "sql": "SELECT Degree,max(Value),sum(Value) FROM DBdata WHERE (Degree IN ('BSc','MSc','PhD')) AND ((Year = '2021/2022' AND Language = 'Arabic') OR (Year = '2021/2022' AND Language = 'English') OR (Year = '2021/2022' AND Language = 'French')) GROUP BY Degree",
 "sqlResult": "{BSc | 156 | 389} || {MSc | 340 | 657} || {PhD | 421 | 735}",
 "nlq": "What are the maximum and total numbers of graduations for each Degree, with a BSc, MSc, or PhD in Arabic, English, or French in 2021/2022? Please, report the corresponding Degree."},
{"name": "template 9",
 "sql": "SELECT min(Value) FROM DBdata WHERE (Degree IN ('MSc')) AND (Year IN ('2020/2021','2021/2022','2022/2023')) GROUP BY Year",
 "sqlResult": "{210} || {134} || {125}",
 "nlq": "What is the minimum number of graduations for each Year, with a MSc in 2020/2021, 2021/2022, or 2022/2023?"},
{"name": "template 10",
 "sql": "SELECT Year,max(Value) FROM DBdata WHERE (Degree IN ('PhD')) AND (Year IN ('2020/2021','2021/2022','2022/2023')) GROUP BY Year",
 "sqlResult": "{2020/2021 | 441} || {2021/2022 | 421} || {2022/2023 | 304}",
 "nlq": "What is the maximum number of graduations for each Year, with a PhD in 2020/2021, 2021/2022, or 2022/2023? Please, report the corresponding Year."},
{"name": "template 11",
 "sql": "SELECT Year,Degree,max(Value) FROM DBdata WHERE (Degree IN ('BSc','MSc','PhD')) AND (Year IN ('2020/2021','2021/2022','2022/2023')) GROUP BY Year,Degree",
 "sqlResult": "{2020/2021 | BSc | 379} || {2020/2021 | MSc | 430} || {2020/2021 | PhD | 441} || {2021/2022 | BSc | 156} || {2021/2022 | MSc | 340} || {2021/2022 | PhD | 421} || {2022/2023 | BSc | 422} || {2022/2023 | MSc | 303} || {2022/2023 | PhD | 304}",
 "nlq": "What is the maximum number of graduations for each Year and Degree, with a BSc, MSc, or PhD in 2020/2021, 2021/2022, or 2022/2023? Please, report the corresponding Year and Degree."},
{"name": "template 12",
 "sql": "SELECT Value FROM DBdata WHERE (Degree IN ('PhD')) AND (Year IN ('2021/2022','2022/2023')) ORDER BY VALUE DESC LIMIT 4",
 "sqlResult": "{421} || {304} || {244} || {241}",
 "nlq": "What are the top 4 numbers of graduations with a PhD in 2021/2022 or 2022/2023?"},
{"name": "template 13",
 "sql": "SELECT Value FROM DBdata WHERE (Degree IN ('PhD')) AND (Year IN ('2021/2022','2022/2023')) ORDER BY VALUE DESC",
 "sqlResult": "{421} || {304} || {244} || {241} || {72} || {70}",
 "nlq": "What are the numbers of graduations ordered by decreasing values with a PhD in 2021/2022 or 2022/2023?"},
{"name": "template 14",
 "sql": "SELECT Year,Language FROM DBdata WHERE (Degree IN ('MSc')) AND Value > 260.04",
 "sqlResult": "{2020/2021 | English} || {2021/2022 | English} || {2022/2023 | English} || {2020/2021 | French} || {2022/2023 | French}",
 "nlq": "What are the Year and Language for which the number of graduations with a MSc is greater than 260.04?"},
{"name": "template 15",
 "sql": "SELECT Year,Language,Value FROM DBdata WHERE (Degree IN ('PhD')) AND (Year,Language) IN (SELECT Year,Language FROM DBdata WHERE (Degree IN ('MSc')) AND Value > 260.04)",
 "sqlResult": "{2020/2021 | English | 103} || {2021/2022 | English | 421} || {2022/2023 | English | 241} || {2020/2021 | French | 441} || {2022/2023 | French | 72}",
 "nlq": "What is the number of graduations with a PhD in Year and in Language for which the number of graduations with a MSc is greater than 260.04? Please, report the corresponding Year, Language, and number of graduations."}]
}
