{
"filename": "Number_of_graduations_set40_1_DB.csv",
"questions": [{"name": "template 1",
 "sql": "SELECT Value FROM DBdata WHERE (AA IN ('AAhw')) AND ((CC = 'CCpx' AND BB = 'BBbx'))",
 "sqlResult": "{389}",
 "nlq": "What is the number of graduations with a AAhw in CCpx in BBbx?"},
{"name": "template 2",
 "sql": "SELECT Value FROM DBdata WHERE (AA IN ('AAnx')) AND ((CC = 'CCbq' AND BB = 'BBbx') OR (CC = 'CCbq' AND BB = 'BBfl') OR (CC = 'CCbq' AND BB = 'BBcy') OR (CC = 'CCpx' AND BB = 'BBfl') OR (CC = 'CCpx' AND BB = 'BBcy') OR (CC = 'CCjy' AND BB = 'BBfl') OR (CC = 'CCjy' AND BB = 'BBcy') OR (CC = 'CCmq' AND BB = 'BBbx') OR (CC = 'CCmq' AND BB = 'BBfl') OR (CC = 'CCmq' AND BB = 'BBcy'))",
 "sqlResult": "{335} || {168} || {191} || {203} || {354} || {138} || {378} || {277} || {159} || {104}",
 "nlq": "What is the number of graduations with a AAnx in CCbq in BBbx, BBfl, or BBcy or in CCjy, CCmq, or CCpx in BBfl or BBcy or in CCmq in BBbx?"},
{"name": "template 3",
 "sql": "SELECT Value FROM DBdata WHERE (AA IN ('AAhw','AAkw')) AND ((CC = 'CCmq' AND BB = 'BBbx'))",
 "sqlResult": "{232} || {239}",
 "nlq": "What is the number of graduations with a AAhw or AAkw in CCmq in BBbx?"},
{"name": "template 4",
 "sql": "SELECT min(Value),sum(Value) FROM DBdata WHERE (AA IN ('AAhw','AAnx','AAkw')) AND ((CC = 'CCmq' AND BB = 'BBfl'))",
 "sqlResult": "{133 | 767}",
 "nlq": "What are the minimum and total numbers of graduations with a AAhw, AAnx, or AAkw in CCmq in BBfl?"},
{"name": "template 6",
 "sql": "SELECT Value FROM DBdata WHERE (AA IN ('AAhw','AAnx','AAkw')) AND ((CC = 'CCbq' AND BB = 'BBcy') OR (CC = 'CCpx' AND BB = 'BBcy') OR (CC = 'CCjy' AND BB = 'BBbx'))",
 "sqlResult": "{472} || {191} || {346} || {393} || {354} || {70} || {320} || {174} || {242}",
 "nlq": "What is the number of graduations with a AAhw, AAnx, or AAkw in CCbq or CCpx in BBcy or in CCjy in BBbx?"},
{"name": "template 7",
 "sql": "SELECT min(Value),sum(Value) FROM DBdata WHERE (AA IN ('AAkw')) AND ((CC = 'CCbq' AND BB = 'BBbx') OR (CC = 'CCbq' AND BB = 'BBcy') OR (CC = 'CCpx' AND BB = 'BBbx') OR (CC = 'CCmq' AND BB = 'BBcy'))",
 "sqlResult": "{139 | 1073}",
 "nlq": "What are the minimum and total numbers of graduations with a AAkw in CCbq or CCmq in BBcy or in CCbq or CCpx in BBbx?"},
{"name": "template 8",
 "sql": "SELECT AA,avg(Value),max(Value) FROM DBdata WHERE (AA IN ('AAhw','AAkw')) AND ((CC = 'CCbq' AND BB = 'BBbx') OR (CC = 'CCbq' AND BB = 'BBfl') OR (CC = 'CCpx' AND BB = 'BBcy') OR (CC = 'CCmq' AND BB = 'BBbx') OR (CC = 'CCmq' AND BB = 'BBcy')) GROUP BY AA",
 "sqlResult": "{AAhw | 327.2 | 438} || {AAkw | 217.2 | 425}",
 "nlq": "What are the average and maximum numbers of graduations for each AA, with a AAhw or AAkw in CCbq in BBfl or in CCbq or CCmq in BBbx or in CCmq or CCpx in BBcy? Please, report the corresponding AA."},
{"name": "template 9",
 "sql": "SELECT min(Value) FROM DBdata WHERE (AA IN ('AAkw')) AND (CC IN ('CCbq','CCpx','CCjy','CCmq')) GROUP BY CC",
 "sqlResult": "{213} || {242} || {139} || {70}",
 "nlq": "What is the minimum number of graduations for each CC, with a AAkw in CCbq, CCjy, CCmq, or CCpx?"},
{"name": "template 10",
 "sql": "SELECT CC,sum(Value) FROM DBdata WHERE (AA IN ('AAnx')) AND (CC IN ('CCbq','CCpx','CCjy','CCmq')) GROUP BY CC",
 "sqlResult": "{CCbq | 694} || {CCjy | 690} || {CCmq | 540} || {CCpx | 888}",
 "nlq": "What is the total number of graduations for each CC, with a AAnx in CCbq, CCjy, CCmq, or CCpx? Please, report the corresponding CC."},
{"name": "template 11",
 "sql": "SELECT CC,AA,min(Value) FROM DBdata WHERE (AA IN ('AAhw','AAkw')) AND (CC IN ('CCbq','CCpx','CCjy','CCmq')) GROUP BY CC,AA",
 "sqlResult": "{CCbq | AAhw | 245} || {CCbq | AAkw | 213} || {CCjy | AAhw | 266} || {CCjy | AAkw | 242} || {CCmq | AAhw | 133} || {CCmq | AAkw | 139} || {CCpx | AAhw | 389} || {CCpx | AAkw | 70}",
 "nlq": "What is the minimum number of graduations for each CC and AA, with a AAhw or AAkw in CCbq, CCjy, CCmq, or CCpx? Please, report the corresponding CC and AA."},
{"name": "template 12",
 "sql": "SELECT Value FROM DBdata WHERE (AA IN ('AAnx')) AND (CC IN ('CCjy','CCmq')) ORDER BY VALUE ASC LIMIT 2",
 "sqlResult": "{104} || {138}",
 "nlq": "What are the bottom 2 numbers of graduations with a AAnx in CCjy or CCmq?"},
{"name": "template 13",
 "sql": "SELECT Value FROM DBdata WHERE (AA IN ('AAkw')) AND (CC IN ('CCpx','CCjy')) ORDER BY VALUE ASC",
 "sqlResult": "{70} || {163} || {242} || {284} || {368} || {374}",
 "nlq": "What are the numbers of graduations ordered by increasing values with a AAkw in CCjy or CCpx?"},
{"name": "template 14",
 "sql": "SELECT CC,BB FROM DBdata WHERE (AA IN ('AAhw')) AND Value > 286.22",
 "sqlResult": "{CCbq | BBfl} || {CCbq | BBcy} || {CCpx | BBbx} || {CCpx | BBfl} || {CCpx | BBcy} || {CCjy | BBbx} || {CCjy | BBcy} || {CCmq | BBcy}",
 "nlq": "What are the CC and BB for which the number of graduations with a AAhw is greater than 286.22?"},
{"name": "template 15",
 "sql": "SELECT CC,BB,Value FROM DBdata WHERE (AA IN ('AAkw')) AND (CC,BB) IN (SELECT CC,BB FROM DBdata WHERE (AA IN ('AAhw')) AND Value > 286.22)",
 "sqlResult": "{CCbq | BBfl | 213} || {CCbq | BBcy | 346} || {CCpx | BBbx | 163} || {CCpx | BBfl | 374} || {CCpx | BBcy | 70} || {CCjy | BBbx | 242} || {CCjy | BBcy | 368} || {CCmq | BBcy | 139}",
 "nlq": "What is the number of graduations with a AAkw in CC and in BB for which the number of graduations with a AAhw is greater than 286.22? Please, report the corresponding CC, BB, and number of graduations."}]
}

