{
"filename": "Number_of_graduations_set40_4_DB.csv",
"questions": [{"name": "template 1",
 "sql": "SELECT Value FROM DBdata WHERE (AA IN ('AAhr')) AND ((BB = 'BBpx' AND CC = 'CCjl'))",
 "sqlResult": "{92}",
 "nlq": "What is the number of graduations with a AAhr in CCjl in BBpx?"},
{"name": "template 2",
 "sql": "SELECT Value FROM DBdata WHERE (AA IN ('AAms')) AND ((BB = 'BBhq' AND CC = 'CCdx') OR (BB = 'BBsw' AND CC = 'CCdx') OR (BB = 'BBpx' AND CC = 'CCjl') OR (BB = 'BBhq' AND CC = 'CCjl'))",
 "sqlResult": "{147} || {245} || {225} || {309}",
 "nlq": "What is the number of graduations with a AAms in CCjl in BBpx or in CCjl or CCdx in BBhq or in CCdx in BBsw?"},
{"name": "template 3",
 "sql": "SELECT Value FROM DBdata WHERE (AA IN ('AAhr','AAms')) AND ((BB = 'BBhq' AND CC = 'CCjl'))",
 "sqlResult": "{319} || {309}",
 "nlq": "What is the number of graduations with a AAhr or AAms in CCjl in BBhq?"},
{"name": "template 4",
 "sql": "SELECT avg(Value),min(Value) FROM DBdata WHERE (AA IN ('AAhr','AAms')) AND ((BB = 'BBhq' AND CC = 'CCdx'))",
 "sqlResult": "{211 | 147}",
 "nlq": "What are the average and minimum numbers of graduations with a AAhr or AAms in CCdx in BBhq?"},
{"name": "template 6",
 "sql": "SELECT Value FROM DBdata WHERE (AA IN ('AAhr','AAms','AAxy')) AND ((BB = 'BBpx' AND CC = 'CCdx') OR (BB = 'BBhq' AND CC = 'CCdx') OR (BB = 'BBsw' AND CC = 'CCdx') OR (BB = 'BBpx' AND CC = 'CCjl'))",
 "sqlResult": "{393} || {452} || {54} || {275} || {147} || {492} || {100} || {245} || {431} || {92} || {225} || {141}",
 "nlq": "What is the number of graduations with a AAhr, AAms, or AAxy in CCjl in BBpx or in CCdx in BBpx, BBhq, or BBsw?"},
{"name": "template 7",
 "sql": "SELECT avg(Value),min(Value) FROM DBdata WHERE (AA IN ('AAhr')) AND ((BB = 'BBpx' AND CC = 'CCdx') OR (BB = 'BBsw' AND CC = 'CCjl'))",
 "sqlResult": "{332 | 271}",
 "nlq": "What are the average and minimum numbers of graduations with a AAhr in CCjl in BBsw or in CCdx in BBpx?"},
{"name": "template 8",
 "sql": "SELECT AA,min(Value),avg(Value) FROM DBdata WHERE (AA IN ('AAhr','AAms','AAxy')) AND ((BB = 'BBpx' AND CC = 'CCdx') OR (BB = 'BBhq' AND CC = 'CCdx') OR (BB = 'BBpx' AND CC = 'CCjl') OR (BB = 'BBhq' AND CC = 'CCjl') OR (BB = 'BBsw' AND CC = 'CCjl')) GROUP BY AA",
 "sqlResult": "{AAhr | 92 | 270} || {AAms | 147 | 264} || {AAxy | 54 | 267.8}",
 "nlq": "What are the minimum and average numbers of graduations for each AA, with a AAhr, AAms, or AAxy in CCjl in BBsw or in CCjl or CCdx in BBpx or BBhq? Please, report the corresponding AA."},
{"name": "template 9",
 "sql": "SELECT min(Value) FROM DBdata WHERE (AA IN ('AAxy')) AND (BB IN ('BBpx','BBhq','BBsw')) GROUP BY BB",
 "sqlResult": "{54} || {170} || {431}",
 "nlq": "What is the minimum number of graduations for each BB, with a AAxy in BBpx, BBhq, or BBsw?"},
{"name": "template 10",
 "sql": "SELECT BB,avg(Value) FROM DBdata WHERE (AA IN ('AAxy')) AND (BB IN ('BBpx','BBhq','BBsw')) GROUP BY BB",
 "sqlResult": "{BBpx | 97.5} || {BBhq | 331} || {BBsw | 456.5}",
 "nlq": "What is the average number of graduations for each BB, with a AAxy in BBpx, BBhq, or BBsw? Please, report the corresponding BB."},
{"name": "template 11",
 "sql": "SELECT BB,AA,avg(Value) FROM DBdata WHERE (AA IN ('AAhr','AAms','AAxy')) AND (BB IN ('BBpx','BBhq','BBsw')) GROUP BY BB,AA",
 "sqlResult": "{BBpx | AAhr | 242.5} || {BBpx | AAms | 338.5} || {BBpx | AAxy | 97.5} || {BBhq | AAhr | 297} || {BBhq | AAms | 228} || {BBhq | AAxy | 331} || {BBsw | AAhr | 185.5} || {BBsw | AAms | 216} || {BBsw | AAxy | 456.5}",
 "nlq": "What is the average number of graduations for each BB and AA, with a AAhr, AAms, or AAxy in BBpx, BBhq, or BBsw? Please, report the corresponding BB and AA."},
{"name": "template 12",
 "sql": "SELECT Value FROM DBdata WHERE (AA IN ('AAhr')) AND (BB IN ('BBhq','BBsw')) ORDER BY VALUE ASC LIMIT 3",
 "sqlResult": "{100} || {271} || {275}",
 "nlq": "What are the bottom 3 numbers of graduations with a AAhr in BBhq or BBsw?"},
{"name": "template 13",
 "sql": "SELECT Value FROM DBdata WHERE (AA IN ('AAms')) AND (BB IN ('BBpx','BBsw')) ORDER BY VALUE DESC",
 "sqlResult": "{452} || {245} || {225} || {187}",
 "nlq": "What are the numbers of graduations ordered by decreasing values with a AAms in BBpx or BBsw?"},
{"name": "template 14",
 "sql": "SELECT BB,CC FROM DBdata WHERE (AA IN ('AAxy')) AND Value > 265.83",
 "sqlResult": "{BBhq | CCdx} || {BBsw | CCdx} || {BBsw | CCjl}",
 "nlq": "What are the BB and CC for which the number of graduations with a AAxy is greater than 265.83?"},
{"name": "template 15",
 "sql": "SELECT BB,CC,Value FROM DBdata WHERE (AA IN ('AAms')) AND (BB,CC) IN (SELECT BB,CC FROM DBdata WHERE (AA IN ('AAxy')) AND Value > 265.83)",
 "sqlResult": "{BBhq | CCdx | 147} || {BBsw | CCdx | 245} || {BBsw | CCjl | 187}",
 "nlq": "What is the number of graduations with a AAms in BB and in CC for which the number of graduations with a AAxy is greater than 265.83? Please, report the corresponding BB, CC, and number of graduations."}]
}

