Degree,Year,Language,Value
Degree,Year,Language,Value
BSc,2017/2018,Spanish,189
MSc,2017/2018,Spanish,148
PhD,2017/2018,Spanish,112
BSc,2018/2019,Spanish,223
MSc,2018/2019,Spanish,172
PhD,2018/2019,Spanish,290
BSc,2019/2020,Spanish,251
MSc,2019/2020,Spanish,68
PhD,2019/2020,Spanish,385
BSc,2017/2018,German,311
MSc,2017/2018,German,458
PhD,2017/2018,German,266
BSc,2018/2019,German,185
MSc,2018/2019,German,208
PhD,2018/2019,German,351
BSc,2019/2020,German,398
MSc,2019/2020,German,312
PhD,2019/2020,German,169
