{
"filename": "Number_of_graduations_set24_1_DB.csv",
"questions": [{"name": "template 1",
 "sql": "SELECT Value FROM DBdata WHERE (AA IN ('AAqy')) AND (BB IN ('BBkw'))",
 "sqlResult": "{404}",
 "nlq": "What is the number of graduations with a AAqy in BBkw?"},
{"name": "template 2",
 "sql": "SELECT Value FROM DBdata WHERE (AA IN ('AAnv')) AND (BB IN ('BBqv','BBkw'))",
 "sqlResult": "{230} || {182}",
 "nlq": "What is the number of graduations with a AAnv in BBqv or BBkw?"},
{"name": "template 3",
 "sql": "SELECT Value FROM DBdata WHERE (AA IN ('AAkm','AAnv')) AND (BB IN ('BBqv'))",
 "sqlResult": "{391} || {230}",
 "nlq": "What is the number of graduations with a AAkm or AAnv in BBqv?"},
{"name": "template 4",
 "sql": "SELECT avg(Value),max(Value) FROM DBdata WHERE (AA IN ('AAqy','AAkm')) AND (BB IN ('BBqv'))",
 "sqlResult": "{298 | 391}",
 "nlq": "What are the average and maximum numbers of graduations with a AAqy or AAkm in BBqv?"},
{"name": "template 5",
 "sql": "SELECT sum(Value) FROM DBdata WHERE (AA IN ('AAqy','AAkm','AAnv')) AND (BB IN ('BBjw'))",
 "sqlResult": "{853}",
 "nlq": "What is the total number of graduations with a AAqy, AAkm, or AAnv in BBjw?"},
{"name": "template 6",
 "sql": "SELECT Value FROM DBdata WHERE (AA IN ('AAqy','AAkm','AAnv')) AND (BB IN ('BBjw','BBqv'))",
 "sqlResult": "{456} || {236} || {161} || {205} || {391} || {230}",
 "nlq": "What is the number of graduations with a AAqy, AAkm, or AAnv in BBjw or BBqv?"},
{"name": "template 7",
 "sql": "SELECT max(Value),avg(Value) FROM DBdata WHERE (AA IN ('AAqy')) AND (BB IN ('BBjw','BBqv','BBkw'))",
 "sqlResult": "{456 | 355}",
 "nlq": "What are the maximum and average numbers of graduations with a AAqy in BBjw, BBqv, or BBkw?"},
{"name": "template 8",
 "sql": "SELECT AA,max(Value),avg(Value) FROM DBdata WHERE (AA IN ('AAqy','AAkm','AAnv')) AND (BB IN ('BBjw','BBqv')) GROUP BY AA",
 "sqlResult": "{AAqy | 456 | 330.5} || {AAkm | 391 | 313.5} || {AAnv | 230 | 195.5}",
 "nlq": "What are the maximum and average numbers of graduations for each AA, with a AAqy, AAkm, or AAnv in BBjw or BBqv? Please, report the corresponding AA."},
{"name": "template 9",
 "sql": "SELECT min(Value) FROM DBdata WHERE (AA IN ('AAkm')) AND (BB IN ('BBjw','BBqv','BBkw')) GROUP BY BB",
 "sqlResult": "{236} || {391} || {214}",
 "nlq": "What is the minimum number of graduations for each BB, with a AAkm in BBjw, BBqv, or BBkw?"},
{"name": "template 10",
 "sql": "SELECT BB,min(Value) FROM DBdata WHERE (AA IN ('AAqy')) AND (BB IN ('BBjw','BBqv','BBkw')) GROUP BY BB",
 "sqlResult": "{BBjw | 456} || {BBqv | 205} || {BBkw | 404}",
 "nlq": "What is the minimum number of graduations for each BB, with a AAqy in BBjw, BBqv, or BBkw? Please, report the corresponding BB."},
{"name": "template 11",
 "sql": "SELECT BB,AA,max(Value) FROM DBdata WHERE (AA IN ('AAqy','AAnv')) AND (BB IN ('BBjw','BBqv','BBkw')) GROUP BY BB,AA",
 "sqlResult": "{BBjw | AAqy | 456} || {BBjw | AAnv | 161} || {BBqv | AAqy | 205} || {BBqv | AAnv | 230} || {BBkw | AAqy | 404} || {BBkw | AAnv | 182}",
 "nlq": "What is the maximum number of graduations for each BB and AA, with a AAqy or AAnv in BBjw, BBqv, or BBkw? Please, report the corresponding BB and AA."},
{"name": "template 12",
 "sql": "SELECT Value FROM DBdata WHERE (AA IN ('AAqy')) AND (BB IN ('BBjw','BBkw')) ORDER BY VALUE ASC LIMIT 2",
 "sqlResult": "{404} || {456}",
 "nlq": "What are the bottom 2 numbers of graduations with a AAqy in BBjw or BBkw?"},
{"name": "template 13",
 "sql": "SELECT Value FROM DBdata WHERE (AA IN ('AAkm')) AND (BB IN ('BBjw','BBqv')) ORDER BY VALUE ASC",
 "sqlResult": "{236} || {391}",
 "nlq": "What are the numbers of graduations ordered by increasing values with a AAkm in BBjw or BBqv?"},
{"name": "template 14",
 "sql": "SELECT BB FROM DBdata WHERE (AA IN ('AAnv')) AND Value < 275.44",
 "sqlResult": "{BBjw} || {BBqv} || {BBkw}",
 "nlq": "What is the BB for which the number of graduations with a AAnv is lower than 275.44?"},
{"name": "template 15",
 "sql": "SELECT BB,Value FROM DBdata WHERE (AA IN ('AAqy')) AND (BB) IN (SELECT BB FROM DBdata WHERE (AA IN ('AAnv')) AND Value < 275.44)",
 "sqlResult": "{BBjw | 456} || {BBqv | 205} || {BBkw | 404}",
 "nlq": "What is the number of graduations with a AAqy in BB for which the number of graduations with a AAnv is lower than 275.44? Please, report the corresponding BB and number of graduations."}]
}

