Degree,Year,Language,Value
Degree,Year,Language,Value
BSc,2015/2016,French,306
MSc,2015/2016,French,145
PhD,2015/2016,French,108
BSc,2016/2017,French,336
MSc,2016/2017,French,429
PhD,2016/2017,French,498
BSc,2017/2018,French,70
MSc,2017/2018,French,339
PhD,2017/2018,French,409
BSc,2018/2019,French,410
MSc,2018/2019,French,488
PhD,2018/2019,French,104
BSc,2019/2020,French,63
MSc,2019/2020,French,452
PhD,2019/2020,French,391
BSc,2015/2016,Spanish,169
MSc,2015/2016,Spanish,392
PhD,2015/2016,Spanish,425
BSc,2016/2017,Spanish,162
MSc,2016/2017,Spanish,428
PhD,2016/2017,Spanish,167
BSc,2017/2018,Spanish,244
MSc,2017/2018,Spanish,356
PhD,2017/2018,Spanish,226
BSc,2018/2019,Spanish,272
MSc,2018/2019,Spanish,481
PhD,2018/2019,Spanish,149
BSc,2019/2020,Spanish,110
MSc,2019/2020,Spanish,191
PhD,2019/2020,Spanish,442
BSc,2015/2016,German,264
MSc,2015/2016,German,249
PhD,2015/2016,German,466
BSc,2016/2017,German,384
MSc,2016/2017,German,214
PhD,2016/2017,German,84
BSc,2017/2018,German,54
MSc,2017/2018,German,143
PhD,2017/2018,German,329
BSc,2018/2019,German,477
MSc,2018/2019,German,168
PhD,2018/2019,German,500
BSc,2019/2020,German,412
MSc,2019/2020,German,485
PhD,2019/2020,German,407
