{
"filename": "Number_of_graduations_set2_5_DB.csv",
"questions": [{"name": "template 1",
 "sql": "SELECT Value FROM DBdata WHERE (Degree IN ('PhD')) AND (Year IN ('2015/2016'))",
 "sqlResult": "{296}",
 "nlq": "What is the number of graduations with a PhD in 2015/2016?"},
{"name": "template 2",
 "sql": "SELECT Value FROM DBdata WHERE (Degree IN ('BSc')) AND (Year IN ('2015/2016','2016/2017','2017/2018','2018/2019'))",
 "sqlResult": "{311} || {431} || {379} || {243}",
 "nlq": "What is the number of graduations with a BSc in 2015/2016, 2016/2017, 2017/2018, or 2018/2019?"},
{"name": "template 3",
 "sql": "SELECT Value FROM DBdata WHERE (Degree IN ('BSc','MSc','PhD')) AND (Year IN ('2018/2019'))",
 "sqlResult": "{243} || {349} || {74}",
 "nlq": "What is the number of graduations with a BSc, MSc, or PhD in 2018/2019?"},
{"name": "template 4",
 "sql": "SELECT sum(Value),min(Value) FROM DBdata WHERE (Degree IN ('MSc','PhD')) AND (Year IN ('2016/2017'))",
 "sqlResult": "{856 | 356}",
 "nlq": "What are the total and minimum numbers of graduations with a MSc or PhD in 2016/2017?"},
{"name": "template 6",
 "sql": "SELECT Value FROM DBdata WHERE (Degree IN ('BSc','MSc','PhD')) AND (Year IN ('2015/2016','2016/2017','2018/2019'))",
 "sqlResult": "{311} || {228} || {296} || {431} || {500} || {356} || {243} || {349} || {74}",
 "nlq": "What is the number of graduations with a BSc, MSc, or PhD in 2015/2016, 2016/2017, or 2018/2019?"},
{"name": "template 7",
 "sql": "SELECT min(Value),sum(Value) FROM DBdata WHERE (Degree IN ('PhD')) AND (Year IN ('2016/2017','2018/2019'))",
 "sqlResult": "{74 | 430}",
 "nlq": "What are the minimum and total numbers of graduations with a PhD in 2016/2017 or 2018/2019?"},
{"name": "template 8",
 "sql": "SELECT Degree,min(Value),sum(Value) FROM DBdata WHERE (Degree IN ('BSc','PhD')) AND (Year IN ('2015/2016','2016/2017','2017/2018','2018/2019')) GROUP BY Degree",
 "sqlResult": "{BSc | 243 | 1364} || {PhD | 74 | 1146}",
 "nlq": "What are the minimum and total numbers of graduations for each Degree, with a BSc or PhD in 2015/2016, 2016/2017, 2017/2018, or 2018/2019? Please, report the corresponding Degree."},
{"name": "template 9",
 "sql": "SELECT min(Value) FROM DBdata WHERE (Degree IN ('BSc')) AND (Year IN ('2015/2016','2016/2017','2017/2018','2018/2019')) GROUP BY Year",
 "sqlResult": "{311} || {431} || {379} || {243}",
 "nlq": "What is the minimum number of graduations for each Year, with a BSc in 2015/2016, 2016/2017, 2017/2018, or 2018/2019?"},
{"name": "template 10",
 "sql": "SELECT Year,min(Value) FROM DBdata WHERE (Degree IN ('PhD')) AND (Year IN ('2015/2016','2016/2017','2017/2018','2018/2019')) GROUP BY Year",
 "sqlResult": "{2015/2016 | 296} || {2016/2017 | 356} || {2017/2018 | 420} || {2018/2019 | 74}",
 "nlq": "What is the minimum number of graduations for each Year, with a PhD in 2015/2016, 2016/2017, 2017/2018, or 2018/2019? Please, report the corresponding Year."},
{"name": "template 11",
 "sql": "SELECT Year,Degree,max(Value) FROM DBdata WHERE (Degree IN ('BSc','MSc')) AND (Year IN ('2015/2016','2016/2017','2017/2018','2018/2019')) GROUP BY Year,Degree",
 "sqlResult": "{2015/2016 | BSc | 311} || {2015/2016 | MSc | 228} || {2016/2017 | BSc | 431} || {2016/2017 | MSc | 500} || {2017/2018 | BSc | 379} || {2017/2018 | MSc | 395} || {2018/2019 | BSc | 243} || {2018/2019 | MSc | 349}",
 "nlq": "What is the maximum number of graduations for each Year and Degree, with a BSc or MSc in 2015/2016, 2016/2017, 2017/2018, or 2018/2019? Please, report the corresponding Year and Degree."},
{"name": "template 12",
 "sql": "SELECT Value FROM DBdata WHERE (Degree IN ('PhD')) AND (Year IN ('2016/2017','2017/2018')) ORDER BY VALUE DESC LIMIT 2",
 "sqlResult": "{420} || {356}",
 "nlq": "What are the top 2 numbers of graduations with a PhD in 2016/2017 or 2017/2018?"},
{"name": "template 13",
 "sql": "SELECT Value FROM DBdata WHERE (Degree IN ('BSc')) AND (Year IN ('2015/2016','2017/2018')) ORDER BY VALUE DESC",
 "sqlResult": "{379} || {311}",
 "nlq": "What are the numbers of graduations ordered by decreasing values with a BSc in 2015/2016 or 2017/2018?"},
{"name": "template 14",
 "sql": "SELECT Year FROM DBdata WHERE (Degree IN ('MSc')) AND Value > 331.83",
 "sqlResult": "{2016/2017} || {2017/2018} || {2018/2019}",
 "nlq": "What is the Year for which the number of graduations with a MSc is greater than 331.83?"},
{"name": "template 15",
 "sql": "SELECT Year,Value FROM DBdata WHERE (Degree IN ('PhD')) AND (Year) IN (SELECT Year FROM DBdata WHERE (Degree IN ('MSc')) AND Value > 331.83)",
 "sqlResult": "{2016/2017 | 356} || {2017/2018 | 420} || {2018/2019 | 74}",
 "nlq": "What is the number of graduations with a PhD in Year for which the number of graduations with a MSc is greater than 331.83? Please, report the corresponding Year and number of graduations."}]
}
