AA,BB,CC,Value
AA,BB,CC,Value
AAgt,BBnv,CCdx,340
AAhk,BBnv,CCdx,298
AAqx,BBnv,CCdx,299
AAgt,BBpw,CCdx,303
AAhk,BBpw,CCdx,147
AAqx,BBpw,CCdx,241
AAgt,BBvx,CCdx,289
AAhk,BBvx,CCdx,226
AAqx,BBvx,CCdx,353
AAgt,BBnv,CCcv,170
AAhk,BBnv,CCcv,367
AAqx,BBnv,CCcv,311
AAgt,BBpw,CCcv,378
AAhk,BBpw,CCcv,129
AAqx,BBpw,CCcv,492
AAgt,BBvx,CCcv,271
AAhk,BBvx,CCcv,441
AAqx,BBvx,CCcv,350
AAgt,BBnv,CCns,84
AAhk,BBnv,CCns,447
AAqx,BBnv,CCns,233
AAgt,BBpw,CCns,98
AAhk,BBpw,CCns,183
AAqx,BBpw,CCns,237
AAgt,BBvx,CCns,412
AAhk,BBvx,CCns,467
AAqx,BBvx,CCns,200

