{
"filename": "Number_of_graduations_set30_4_DB.csv",
"questions": [{"name": "template 1",
 "sql": "SELECT Value FROM DBdata WHERE (AA IN ('AAfs')) AND (BB IN ('BBbk'))",
 "sqlResult": "{428}",
 "nlq": "What is the number of graduations with a AAfs in BBbk?"},
{"name": "template 2",
 "sql": "SELECT Value FROM DBdata WHERE (AA IN ('AAsx')) AND (BB IN ('BBlp','BBqz','BBhn'))",
 "sqlResult": "{133} || {271} || {59}",
 "nlq": "What is the number of graduations with a AAsx in BBlp, BBqz, or BBhn?"},
{"name": "template 3",
 "sql": "SELECT Value FROM DBdata WHERE (AA IN ('AAfs','AAjy','AAsx')) AND (BB IN ('BBlp'))",
 "sqlResult": "{282} || {355} || {133}",
 "nlq": "What is the number of graduations with a AAfs, AAjy, or AAsx in BBlp?"},
{"name": "template 4",
 "sql": "SELECT min(Value),max(Value) FROM DBdata WHERE (AA IN ('AAfs','AAjy','AAsx')) AND (BB IN ('BBqz'))",
 "sqlResult": "{82 | 271}",
 "nlq": "What are the minimum and maximum numbers of graduations with a AAfs, AAjy, or AAsx in BBqz?"},
{"name": "template 5",
 "sql": "SELECT sum(Value) FROM DBdata WHERE (AA IN ('AAfs','AAjy','AAsx')) AND (BB IN ('BBqz'))",
 "sqlResult": "{496}",
 "nlq": "What is the total number of graduations with a AAfs, AAjy, or AAsx in BBqz?"},
{"name": "template 6",
 "sql": "SELECT Value FROM DBdata WHERE (AA IN ('AAjy','AAsx')) AND (BB IN ('BBqz','BBbk','BBhn'))",
 "sqlResult": "{143} || {271} || {420} || {78} || {205} || {59}",
 "nlq": "What is the number of graduations with a AAjy or AAsx in BBqz, BBbk, or BBhn?"},
{"name": "template 7",
 "sql": "SELECT min(Value),max(Value) FROM DBdata WHERE (AA IN ('AAsx')) AND (BB IN ('BBqz','BBhn'))",
 "sqlResult": "{59 | 271}",
 "nlq": "What are the minimum and maximum numbers of graduations with a AAsx in BBqz or BBhn?"},
{"name": "template 8",
 "sql": "SELECT AA,min(Value),max(Value) FROM DBdata WHERE (AA IN ('AAfs','AAjy','AAsx')) AND (BB IN ('BBqz','BBbk','BBhn')) GROUP BY AA",
 "sqlResult": "{AAfs | 82 | 428} || {AAjy | 143 | 420} || {AAsx | 59 | 271}",
 "nlq": "What are the minimum and maximum numbers of graduations for each AA, with a AAfs, AAjy, or AAsx in BBqz, BBbk, or BBhn? Please, report the corresponding AA."},
{"name": "template 9",
 "sql": "SELECT min(Value) FROM DBdata WHERE (AA IN ('AAsx')) AND (BB IN ('BBlp','BBqz','BBbk','BBhn')) GROUP BY BB",
 "sqlResult": "{133} || {271} || {78} || {59}",
 "nlq": "What is the minimum number of graduations for each BB, with a AAsx in BBlp, BBqz, BBbk, or BBhn?"},
{"name": "template 10",
 "sql": "SELECT BB,sum(Value) FROM DBdata WHERE (AA IN ('AAjy')) AND (BB IN ('BBlp','BBqz','BBbk','BBhn')) GROUP BY BB",
 "sqlResult": "{BBlp | 355} || {BBqz | 143} || {BBbk | 420} || {BBhn | 205}",
 "nlq": "What is the total number of graduations for each BB, with a AAjy in BBlp, BBqz, BBbk, or BBhn? Please, report the corresponding BB."},
{"name": "template 11",
 "sql": "SELECT BB,AA,avg(Value) FROM DBdata WHERE (AA IN ('AAfs','AAsx')) AND (BB IN ('BBlp','BBqz','BBbk','BBhn')) GROUP BY BB,AA",
 "sqlResult": "{BBlp | AAfs | 282} || {BBlp | AAsx | 133} || {BBqz | AAfs | 82} || {BBqz | AAsx | 271} || {BBbk | AAfs | 428} || {BBbk | AAsx | 78} || {BBhn | AAfs | 209} || {BBhn | AAsx | 59}",
 "nlq": "What is the average number of graduations for each BB and AA, with a AAfs or AAsx in BBlp, BBqz, BBbk, or BBhn? Please, report the corresponding BB and AA."},
{"name": "template 12",
 "sql": "SELECT Value FROM DBdata WHERE (AA IN ('AAsx')) AND (BB IN ('BBlp','BBbk')) ORDER BY VALUE ASC LIMIT 2",
 "sqlResult": "{78} || {133}",
 "nlq": "What are the bottom 2 numbers of graduations with a AAsx in BBlp or BBbk?"},
{"name": "template 13",
 "sql": "SELECT Value FROM DBdata WHERE (AA IN ('AAfs')) AND (BB IN ('BBlp','BBhn')) ORDER BY VALUE DESC",
 "sqlResult": "{282} || {209}",
 "nlq": "What are the numbers of graduations ordered by decreasing values with a AAfs in BBlp or BBhn?"},
{"name": "template 14",
 "sql": "SELECT BB FROM DBdata WHERE (AA IN ('AAfs')) AND Value < 222.08",
 "sqlResult": "{BBqz} || {BBhn}",
 "nlq": "What is the BB for which the number of graduations with a AAfs is lower than 222.08?"},
{"name": "template 15",
 "sql": "SELECT BB,Value FROM DBdata WHERE (AA IN ('AAsx')) AND (BB) IN (SELECT BB FROM DBdata WHERE (AA IN ('AAfs')) AND Value < 222.08)",
 "sqlResult": "{BBqz | 271} || {BBhn | 59}",
 "nlq": "What is the number of graduations with a AAsx in BB for which the number of graduations with a AAfs is lower than 222.08? Please, report the corresponding BB and number of graduations."}]
}

