AA,BB,CC,Value
AA,BB,CC,Value
AAdt,BBgx,CCbd,482
AAcz,BBgx,CCbd,89
AAgt,BBgx,CCbd,496
AAdt,BBhk,CCbd,167
AAcz,BBhk,CCbd,352
AAgt,BBhk,CCbd,195
AAdt,BBfv,CCbd,304
AAcz,BBfv,CCbd,419
AAgt,BBfv,CCbd,495
AAdt,BBtz,CCbd,100
AAcz,BBtz,CCbd,176
AAgt,BBtz,CCbd,320
AAdt,BBgx,CCxy,376
AAcz,BBgx,CCxy,404
AAgt,BBgx,CCxy,101
AAdt,BBhk,CCxy,273
AAcz,BBhk,CCxy,493
AAgt,BBhk,CCxy,123
AAdt,BBfv,CCxy,246
AAcz,BBfv,CCxy,364
AAgt,BBfv,CCxy,253
AAdt,BBtz,CCxy,300
AAcz,BBtz,CCxy,118
AAgt,BBtz,CCxy,165
AAdt,BBgx,CCbs,267
AAcz,BBgx,CCbs,387
AAgt,BBgx,CCbs,370
AAdt,BBhk,CCbs,232
AAcz,BBhk,CCbs,415
AAgt,BBhk,CCbs,489
AAdt,BBfv,CCbs,429
AAcz,BBfv,CCbs,199
AAgt,BBfv,CCbs,463
AAdt,BBtz,CCbs,219
AAcz,BBtz,CCbs,383
AAgt,BBtz,CCbs,114

