{
"filename": "Number_of_graduations_set39_4_DB.csv",
"questions": [{"name": "template 1",
 "sql": "SELECT Value FROM DBdata WHERE (AA IN ('AAlv')) AND ((BB = 'BBbv' AND CC = 'CCbn'))",
 "sqlResult": "{428}",
 "nlq": "What is the number of graduations with a AAlv in CCbn in BBbv?"},
{"name": "template 2",
 "sql": "SELECT Value FROM DBdata WHERE (AA IN ('AAhp')) AND ((BB = 'BBcw' AND CC = 'CCbn') OR (BB = 'BBvw' AND CC = 'CCbn'))",
 "sqlResult": "{68} || {253}",
 "nlq": "What is the number of graduations with a AAhp in CCbn in BBcw or BBvw?"},
{"name": "template 3",
 "sql": "SELECT Value FROM DBdata WHERE (AA IN ('AAhp','AAlv','AAfx')) AND ((BB = 'BBbv' AND CC = 'CCfz'))",
 "sqlResult": "{407} || {132} || {450}",
 "nlq": "What is the number of graduations with a AAhp, AAlv, or AAfx in CCfz in BBbv?"},
{"name": "template 4",
 "sql": "SELECT max(Value),sum(Value) FROM DBdata WHERE (AA IN ('AAhp','AAlv','AAfx')) AND ((BB = 'BBvw' AND CC = 'CCbn'))",
 "sqlResult": "{492 | 1221}",
 "nlq": "What are the maximum and total numbers of graduations with a AAhp, AAlv, or AAfx in CCbn in BBvw?"},
{"name": "template 6",
 "sql": "SELECT Value FROM DBdata WHERE (AA IN ('AAhp','AAlv')) AND ((BB = 'BBcw' AND CC = 'CCbn') OR (BB = 'BBbk' AND CC = 'CCfz'))",
 "sqlResult": "{68} || {486} || {400} || {449}",
 "nlq": "What is the number of graduations with a AAhp or AAlv in CCbn in BBcw or in CCfz in BBbk?"},
{"name": "template 7",
 "sql": "SELECT sum(Value),max(Value) FROM DBdata WHERE (AA IN ('AAhp')) AND ((BB = 'BBbv' AND CC = 'CCbn') OR (BB = 'BBvw' AND CC = 'CCbn'))",
 "sqlResult": "{447 | 253}",
 "nlq": "What are the total and maximum numbers of graduations with a AAhp in CCbn in BBbv or BBvw?"},
{"name": "template 8",
 "sql": "SELECT AA,avg(Value),max(Value) FROM DBdata WHERE (AA IN ('AAhp','AAlv','AAfx')) AND ((BB = 'BBcw' AND CC = 'CCbn') OR (BB = 'BBns' AND CC = 'CCfz') OR (BB = 'BBbv' AND CC = 'CCfz') OR (BB = 'BBbk' AND CC = 'CCfz')) GROUP BY AA",
 "sqlResult": "{AAhp | 240.75 | 407} || {AAlv | 343 | 486} || {AAfx | 349.75 | 450}",
 "nlq": "What are the average and maximum numbers of graduations for each AA, with a AAhp, AAlv, or AAfx in CCbn in BBcw or in CCfz in BBns, BBbv, or BBbk? Please, report the corresponding AA."},
{"name": "template 9",
 "sql": "SELECT min(Value) FROM DBdata WHERE (AA IN ('AAlv')) AND (BB IN ('BBcw','BBns','BBbv','BBvw','BBbk')) GROUP BY BB",
 "sqlResult": "{83} || {198} || {132} || {160} || {257}",
 "nlq": "What is the minimum number of graduations for each BB, with a AAlv in BBcw, BBns, BBbv, BBvw, or BBbk?"},
{"name": "template 10",
 "sql": "SELECT BB,max(Value) FROM DBdata WHERE (AA IN ('AAlv')) AND (BB IN ('BBcw','BBns','BBbv','BBvw','BBbk')) GROUP BY BB",
 "sqlResult": "{BBcw | 486} || {BBns | 305} || {BBbv | 428} || {BBvw | 492} || {BBbk | 449}",
 "nlq": "What is the maximum number of graduations for each BB, with a AAlv in BBcw, BBns, BBbv, BBvw, or BBbk? Please, report the corresponding BB."},
{"name": "template 11",
 "sql": "SELECT BB,AA,avg(Value) FROM DBdata WHERE (AA IN ('AAhp','AAlv','AAfx')) AND (BB IN ('BBcw','BBns','BBbv','BBvw','BBbk')) GROUP BY BB,AA",
 "sqlResult": "{BBcw | AAhp | 225} || {BBcw | AAlv | 284.5} || {BBcw | AAfx | 236.5} || {BBns | AAhp | 120.5} || {BBns | AAlv | 251.5} || {BBns | AAfx | 249} || {BBbv | AAhp | 300.5} || {BBbv | AAlv | 280} || {BBbv | AAfx | 435} || {BBvw | AAhp | 187.5} || {BBvw | AAlv | 326} || {BBvw | AAfx | 380} || {BBbk | AAhp | 274} || {BBbk | AAlv | 353} || {BBbk | AAfx | 235.5}",
 "nlq": "What is the average number of graduations for each BB and AA, with a AAhp, AAlv, or AAfx in BBcw, BBns, BBbv, BBvw, or BBbk? Please, report the corresponding BB and AA."},
{"name": "template 12",
 "sql": "SELECT Value FROM DBdata WHERE (AA IN ('AAfx')) AND (BB IN ('BBbv','BBvw')) ORDER BY VALUE ASC LIMIT 3",
 "sqlResult": "{284} || {420} || {450}",
 "nlq": "What are the bottom 3 numbers of graduations with a AAfx in BBbv or BBvw?"},
{"name": "template 13",
 "sql": "SELECT Value FROM DBdata WHERE (AA IN ('AAhp')) AND (BB IN ('BBcw','BBbk')) ORDER BY VALUE ASC",
 "sqlResult": "{68} || {148} || {382} || {400}",
 "nlq": "What are the numbers of graduations ordered by increasing values with a AAhp in BBcw or BBbk?"},
{"name": "template 14",
 "sql": "SELECT BB,CC FROM DBdata WHERE (AA IN ('AAlv')) AND Value < 275.9",
 "sqlResult": "{BBns | CCbn} || {BBbk | CCbn} || {BBcw | CCfz} || {BBbv | CCfz} || {BBvw | CCfz}",
 "nlq": "What are the BB and CC for which the number of graduations with a AAlv is lower than 275.9?"},
{"name": "template 15",
 "sql": "SELECT BB,CC,Value FROM DBdata WHERE (AA IN ('AAfx')) AND (BB,CC) IN (SELECT BB,CC FROM DBdata WHERE (AA IN ('AAlv')) AND Value < 275.9)",
 "sqlResult": "{BBns | CCbn | 56} || {BBbk | CCbn | 328} || {BBcw | CCfz | 109} || {BBbv | CCfz | 450} || {BBvw | CCfz | 284}",
 "nlq": "What is the number of graduations with a AAfx in BB and in CC for which the number of graduations with a AAlv is lower than 275.9? Please, report the corresponding BB, CC, and number of graduations."}]
}

