{
"filename": "Number_of_graduations_set2_1_DB.csv",
"questions": [{"name": "template 1",
 "sql": "SELECT Value FROM DBdata WHERE (Degree IN ('PhD')) AND (Year IN ('2017/2018'))",
 "sqlResult": "{267}",
 "nlq": "What is the number of graduations with a PhD in 2017/2018?"},
{"name": "template 2",
 "sql": "SELECT Value FROM DBdata WHERE (Degree IN ('MSc')) AND (Year IN ('2016/2017','2017/2018'))",
 "sqlResult": "{469} || {205}",
 "nlq": "What is the number of graduations with a MSc in 2016/2017 or 2017/2018?"},
{"name": "template 3",
 "sql": "SELECT Value FROM DBdata WHERE (Degree IN ('BSc','MSc')) AND (Year IN ('2017/2018'))",
 "sqlResult": "{500} || {205}",
 "nlq": "What is the number of graduations with a BSc or MSc in 2017/2018?"},
{"name": "template 4",
 "sql": "SELECT avg(Value),min(Value) FROM DBdata WHERE (Degree IN ('BSc','MSc')) AND (Year IN ('2016/2017'))",
 "sqlResult": "{451.5 | 434}",
 "nlq": "What are the average and minimum numbers of graduations with a BSc or MSc in 2016/2017?"},
{"name": "template 6",
 "sql": "SELECT Value FROM DBdata WHERE (Degree IN ('BSc','MSc','PhD')) AND (Year IN ('2017/2018','2018/2019'))",
 "sqlResult": "{500} || {205} || {267} || {109} || {280} || {190}",
 "nlq": "What is the number of graduations with a BSc, MSc, or PhD in 2017/2018 or 2018/2019?"},
{"name": "template 7",
 "sql": "SELECT max(Value),avg(Value) FROM DBdata WHERE (Degree IN ('BSc')) AND (Year IN ('2016/2017','2017/2018','2018/2019'))",
 "sqlResult": "{500 | 347.67}",
 "nlq": "What are the maximum and average numbers of graduations with a BSc in 2016/2017, 2017/2018, or 2018/2019?"},
{"name": "template 8",
 "sql": "SELECT Degree,min(Value),avg(Value) FROM DBdata WHERE (Degree IN ('BSc','PhD')) AND (Year IN ('2016/2017','2017/2018','2018/2019')) GROUP BY Degree",
 "sqlResult": "{BSc | 109 | 347.67} || {PhD | 190 | 272.67}",
 "nlq": "What are the minimum and average numbers of graduations for each Degree, with a BSc or PhD in 2016/2017, 2017/2018, or 2018/2019? Please, report the corresponding Degree."},
{"name": "template 9",
 "sql": "SELECT min(Value) FROM DBdata WHERE (Degree IN ('BSc')) AND (Year IN ('2016/2017','2017/2018','2018/2019')) GROUP BY Year",
 "sqlResult": "{434} || {500} || {109}",
 "nlq": "What is the minimum number of graduations for each Year, with a BSc in 2016/2017, 2017/2018, or 2018/2019?"},
{"name": "template 10",
 "sql": "SELECT Year,min(Value) FROM DBdata WHERE (Degree IN ('PhD')) AND (Year IN ('2016/2017','2017/2018','2018/2019')) GROUP BY Year",
 "sqlResult": "{2016/2017 | 361} || {2017/2018 | 267} || {2018/2019 | 190}",
 "nlq": "What is the minimum number of graduations for each Year, with a PhD in 2016/2017, 2017/2018, or 2018/2019? Please, report the corresponding Year."},
{"name": "template 11",
 "sql": "SELECT Year,Degree,avg(Value) FROM DBdata WHERE (Degree IN ('BSc','MSc','PhD')) AND (Year IN ('2016/2017','2017/2018','2018/2019')) GROUP BY Year,Degree",
 "sqlResult": "{2016/2017 | BSc | 434} || {2016/2017 | MSc | 469} || {2016/2017 | PhD | 361} || {2017/2018 | BSc | 500} || {2017/2018 | MSc | 205} || {2017/2018 | PhD | 267} || {2018/2019 | BSc | 109} || {2018/2019 | MSc | 280} || {2018/2019 | PhD | 190}",
 "nlq": "What is the average number of graduations for each Year and Degree, with a BSc, MSc, or PhD in 2016/2017, 2017/2018, or 2018/2019? Please, report the corresponding Year and Degree."},
{"name": "template 12",
 "sql": "SELECT Value FROM DBdata WHERE (Degree IN ('BSc')) AND (Year IN ('2016/2017','2018/2019')) ORDER BY VALUE DESC LIMIT 2",
 "sqlResult": "{434} || {109}",
 "nlq": "What are the top 2 numbers of graduations with a BSc in 2016/2017 or 2018/2019?"},
{"name": "template 13",
 "sql": "SELECT Value FROM DBdata WHERE (Degree IN ('PhD')) AND (Year IN ('2016/2017','2018/2019')) ORDER BY VALUE DESC",
 "sqlResult": "{361} || {190}",
 "nlq": "What are the numbers of graduations ordered by decreasing values with a PhD in 2016/2017 or 2018/2019?"},
{"name": "template 14",
 "sql": "SELECT Year FROM DBdata WHERE (Degree IN ('PhD')) AND Value > 312.78",
 "sqlResult": "{2016/2017}",
 "nlq": "What is the Year for which the number of graduations with a PhD is greater than 312.78?"},
{"name": "template 15",
 "sql": "SELECT Year,Value FROM DBdata WHERE (Degree IN ('MSc')) AND (Year) IN (SELECT Year FROM DBdata WHERE (Degree IN ('PhD')) AND Value > 312.78)",
 "sqlResult": "{2016/2017 | 469}",
 "nlq": "What is the number of graduations with a MSc in Year for which the number of graduations with a PhD is greater than 312.78? Please, report the corresponding Year and number of graduations."}]
}
