AA,BB,CC,Value
AA,BB,CC,Value
AAmn,BBcs,CCmz,306
AAcp,BBcs,CCmz,145
AAdk,BBcs,CCmz,108
AAmn,BBcm,CCmz,336
AAcp,BBcm,CCmz,429
AAdk,BBcm,CCmz,498
AAmn,BBbw,CCmz,70
AAcp,BBbw,CCmz,339
AAdk,BBbw,CCmz,409
AAmn,BBhz,CCmz,410
AAcp,BBhz,CCmz,488
AAdk,BBhz,CCmz,104
AAmn,BBbs,CCmz,63
AAcp,BBbs,CCmz,452
AAdk,BBbs,CCmz,391
AAmn,BBcs,CCgr,169
AAcp,BBcs,CCgr,392
AAdk,BBcs,CCgr,425
AAmn,BBcm,CCgr,162
AAcp,BBcm,CCgr,428
AAdk,BBcm,CCgr,167
AAmn,BBbw,CCgr,244
AAcp,BBbw,CCgr,356
AAdk,BBbw,CCgr,226
AAmn,BBhz,CCgr,272
AAcp,BBhz,CCgr,481
AAdk,BBhz,CCgr,149
AAmn,BBbs,CCgr,110
AAcp,BBbs,CCgr,191
AAdk,BBbs,CCgr,442
AAmn,BBcs,CCgh,264
AAcp,BBcs,CCgh,249
AAdk,BBcs,CCgh,466
AAmn,BBcm,CCgh,384
AAcp,BBcm,CCgh,214
AAdk,BBcm,CCgh,84
AAmn,BBbw,CCgh,54
AAcp,BBbw,CCgh,143
AAdk,BBbw,CCgh,329
AAmn,BBhz,CCgh,477
AAcp,BBhz,CCgh,168
AAdk,BBhz,CCgh,500
AAmn,BBbs,CCgh,412
AAcp,BBbs,CCgh,485
AAdk,BBbs,CCgh,407

