AA,BB,CC,Value
AA,BB,CC,Value
AAjk,BBqw,CCfy,232
AArw,BBqw,CCfy,286
AAdm,BBqw,CCfy,240
AAjk,BBcj,CCfy,89
AArw,BBcj,CCfy,484
AAdm,BBcj,CCfy,219
AAjk,BBmy,CCfy,181
AArw,BBmy,CCfy,476
AAdm,BBmy,CCfy,167
AAjk,BBqw,CCdh,334
AArw,BBqw,CCdh,363
AAdm,BBqw,CCdh,108
AAjk,BBcj,CCdh,359
AArw,BBcj,CCdh,115
AAdm,BBcj,CCdh,302
AAjk,BBmy,CCdh,194
AArw,BBmy,CCdh,134
AAdm,BBmy,CCdh,304
AAjk,BBqw,CCdr,161
AArw,BBqw,CCdr,315
AAdm,BBqw,CCdr,485
AAjk,BBcj,CCdr,105
AArw,BBcj,CCdr,100
AAdm,BBcj,CCdr,200
AAjk,BBmy,CCdr,221
AArw,BBmy,CCdr,80
AAdm,BBmy,CCdr,257

