{
"filename": "Number_of_graduations_set12_3_DB.csv",
"questions": [{"name": "template 1",
 "sql": "SELECT Value FROM DBdata WHERE (Degree IN ('PhD')) AND (Year IN ('2021/2022'))",
 "sqlResult": "{128}",
 "nlq": "What is the number of graduations with a PhD in 2021/2022?"},
{"name": "template 2",
 "sql": "SELECT Value FROM DBdata WHERE (Degree IN ('BSc')) AND (Year IN ('2018/2019','2019/2020'))",
 "sqlResult": "{148} || {258}",
 "nlq": "What is the number of graduations with a BSc in 2018/2019 or 2019/2020?"},
{"name": "template 3",
 "sql": "SELECT Value FROM DBdata WHERE (Degree IN ('MSc','PhD')) AND (Year IN ('2020/2021'))",
 "sqlResult": "{50} || {119}",
 "nlq": "What is the number of graduations with a MSc or PhD in 2020/2021?"},
{"name": "template 4",
 "sql": "SELECT avg(Value),max(Value) FROM DBdata WHERE (Degree IN ('BSc','MSc')) AND (Year IN ('2021/2022'))",
 "sqlResult": "{215 | 372}",
 "nlq": "What are the average and maximum numbers of graduations with a BSc or MSc in 2021/2022?"},
{"name": "template 6",
 "sql": "SELECT Value FROM DBdata WHERE (Degree IN ('BSc','MSc','PhD')) AND (Year IN ('2020/2021','2021/2022'))",
 "sqlResult": "{157} || {50} || {119} || {372} || {58} || {128}",
 "nlq": "What is the number of graduations with a BSc, MSc, or PhD in 2020/2021 or 2021/2022?"},
{"name": "template 7",
 "sql": "SELECT min(Value),max(Value) FROM DBdata WHERE (Degree IN ('MSc')) AND (Year IN ('2018/2019','2019/2020','2020/2021'))",
 "sqlResult": "{50 | 331}",
 "nlq": "What are the minimum and maximum numbers of graduations with a MSc in 2018/2019, 2019/2020, or 2020/2021?"},
{"name": "template 8",
 "sql": "SELECT Degree,max(Value),avg(Value) FROM DBdata WHERE (Degree IN ('BSc','MSc','PhD')) AND (Year IN ('2019/2020','2020/2021')) GROUP BY Degree",
 "sqlResult": "{BSc | 258 | 207.5} || {MSc | 85 | 67.5} || {PhD | 351 | 235}",
 "nlq": "What are the maximum and average numbers of graduations for each Degree, with a BSc, MSc, or PhD in 2019/2020 or 2020/2021? Please, report the corresponding Degree."},
{"name": "template 9",
 "sql": "SELECT min(Value) FROM DBdata WHERE (Degree IN ('PhD')) AND (Year IN ('2018/2019','2019/2020','2020/2021','2021/2022')) GROUP BY Year",
 "sqlResult": "{315} || {351} || {119} || {128}",
 "nlq": "What is the minimum number of graduations for each Year, with a PhD in 2018/2019, 2019/2020, 2020/2021, or 2021/2022?"},
{"name": "template 10",
 "sql": "SELECT Year,min(Value) FROM DBdata WHERE (Degree IN ('PhD')) AND (Year IN ('2018/2019','2019/2020','2020/2021','2021/2022')) GROUP BY Year",
 "sqlResult": "{2018/2019 | 315} || {2019/2020 | 351} || {2020/2021 | 119} || {2021/2022 | 128}",
 "nlq": "What is the minimum number of graduations for each Year, with a PhD in 2018/2019, 2019/2020, 2020/2021, or 2021/2022? Please, report the corresponding Year."},
{"name": "template 11",
 "sql": "SELECT Year,Degree,sum(Value) FROM DBdata WHERE (Degree IN ('BSc','MSc','PhD')) AND (Year IN ('2018/2019','2019/2020','2020/2021','2021/2022')) GROUP BY Year,Degree",
 "sqlResult": "{2018/2019 | BSc | 148} || {2018/2019 | MSc | 331} || {2018/2019 | PhD | 315} || {2019/2020 | BSc | 258} || {2019/2020 | MSc | 85} || {2019/2020 | PhD | 351} || {2020/2021 | BSc | 157} || {2020/2021 | MSc | 50} || {2020/2021 | PhD | 119} || {2021/2022 | BSc | 372} || {2021/2022 | MSc | 58} || {2021/2022 | PhD | 128}",
 "nlq": "What is the total number of graduations for each Year and Degree, with a BSc, MSc, or PhD in 2018/2019, 2019/2020, 2020/2021, or 2021/2022? Please, report the corresponding Year and Degree."},
{"name": "template 12",
 "sql": "SELECT Value FROM DBdata WHERE (Degree IN ('PhD')) AND (Year IN ('2018/2019','2019/2020')) ORDER BY VALUE DESC LIMIT 2",
 "sqlResult": "{351} || {315}",
 "nlq": "What are the top 2 numbers of graduations with a PhD in 2018/2019 or 2019/2020?"},
{"name": "template 13",
 "sql": "SELECT Value FROM DBdata WHERE (Degree IN ('BSc')) AND (Year IN ('2019/2020','2020/2021')) ORDER BY VALUE ASC",
 "sqlResult": "{157} || {258}",
 "nlq": "What are the numbers of graduations ordered by increasing values with a BSc in 2019/2020 or 2020/2021?"},
{"name": "template 14",
 "sql": "SELECT Year FROM DBdata WHERE (Degree IN ('PhD')) AND Value < 197.67",
 "sqlResult": "{2020/2021} || {2021/2022}",
 "nlq": "What is the Year for which the number of graduations with a PhD is lower than 197.67?"},
{"name": "template 15",
 "sql": "SELECT Year,Value FROM DBdata WHERE (Degree IN ('BSc')) AND (Year) IN (SELECT Year FROM DBdata WHERE (Degree IN ('PhD')) AND Value < 197.67)",
 "sqlResult": "{2020/2021 | 157} || {2021/2022 | 372}",
 "nlq": "What is the number of graduations with a BSc in Year for which the number of graduations with a PhD is lower than 197.67? Please, report the corresponding Year and number of graduations."}]
}
