{
"filename": "Number_of_graduations_set39_5_DB.csv",
"questions": [{"name": "template 1",
 "sql": "SELECT Value FROM DBdata WHERE (Degree IN ('PhD')) AND ((Year = '2018/2019' AND Language = 'English'))",
 "sqlResult": "{302}",
 "nlq": "What is the number of graduations with a PhD in English in 2018/2019?"},
{"name": "template 2",
 "sql": "SELECT Value FROM DBdata WHERE (Degree IN ('MSc')) AND ((Year = '2019/2020' AND Language = 'English') OR (Year = '2017/2018' AND Language = 'French'))",
 "sqlResult": "{134} || {315}",
 "nlq": "What is the number of graduations with a MSc in English in 2019/2020 or in French in 2017/2018?"},
{"name": "template 3",
 "sql": "SELECT Value FROM DBdata WHERE (Degree IN ('BSc','PhD')) AND ((Year = '2018/2019' AND Language = 'French'))",
 "sqlResult": "{105} || {200}",
 "nlq": "What is the number of graduations with a BSc or PhD in French in 2018/2019?"},
{"name": "template 4",
 "sql": "SELECT min(Value),max(Value) FROM DBdata WHERE (Degree IN ('BSc','MSc','PhD')) AND ((Year = '2017/2018' AND Language = 'Arabic'))",
 "sqlResult": "{232 | 286}",
 "nlq": "What are the minimum and maximum numbers of graduations with a BSc, MSc, or PhD in Arabic in 2017/2018?"},
{"name": "template 6",
 "sql": "SELECT Value FROM DBdata WHERE (Degree IN ('BSc','MSc','PhD')) AND ((Year = '2019/2020' AND Language = 'English') OR (Year = '2017/2018' AND Language = 'French'))",
 "sqlResult": "{194} || {134} || {304} || {161} || {315} || {485}",
 "nlq": "What is the number of graduations with a BSc, MSc, or PhD in English in 2019/2020 or in French in 2017/2018?"},
{"name": "template 7",
 "sql": "SELECT min(Value),sum(Value) FROM DBdata WHERE (Degree IN ('BSc')) AND ((Year = '2017/2018' AND Language = 'Arabic') OR (Year = '2017/2018' AND Language = 'English') OR (Year = '2017/2018' AND Language = 'French') OR (Year = '2018/2019' AND Language = 'French') OR (Year = '2019/2020' AND Language = 'French'))",
 "sqlResult": "{105 | 1053}",
 "nlq": "What are the minimum and total numbers of graduations with a BSc in Arabic, English, or French in 2017/2018 or in French in 2018/2019 or 2019/2020?"},
{"name": "template 8",
 "sql": "SELECT Degree,max(Value),min(Value) FROM DBdata WHERE (Degree IN ('MSc','PhD')) AND ((Year = '2017/2018' AND Language = 'English') OR (Year = '2018/2019' AND Language = 'English') OR (Year = '2019/2020' AND Language = 'English') OR (Year = '2017/2018' AND Language = 'French')) GROUP BY Degree",
 "sqlResult": "{MSc | 363 | 115} || {PhD | 485 | 108}",
 "nlq": "What are the maximum and minimum numbers of graduations for each Degree, with a MSc or PhD in English in 2017/2018, 2018/2019, or 2019/2020 or in French in 2017/2018? Please, report the corresponding Degree."},
{"name": "template 9",
 "sql": "SELECT min(Value) FROM DBdata WHERE (Degree IN ('PhD')) AND (Year IN ('2017/2018','2018/2019','2019/2020')) GROUP BY Year",
 "sqlResult": "{108} || {200} || {167}",
 "nlq": "What is the minimum number of graduations for each Year, with a PhD in 2017/2018, 2018/2019, or 2019/2020?"},
{"name": "template 10",
 "sql": "SELECT Year,min(Value) FROM DBdata WHERE (Degree IN ('BSc')) AND (Year IN ('2017/2018','2018/2019','2019/2020')) GROUP BY Year",
 "sqlResult": "{2017/2018 | 161} || {2018/2019 | 89} || {2019/2020 | 181}",
 "nlq": "What is the minimum number of graduations for each Year, with a BSc in 2017/2018, 2018/2019, or 2019/2020? Please, report the corresponding Year."},
{"name": "template 11",
 "sql": "SELECT Year,Degree,min(Value) FROM DBdata WHERE (Degree IN ('BSc','MSc','PhD')) AND (Year IN ('2017/2018','2018/2019','2019/2020')) GROUP BY Year,Degree",
 "sqlResult": "{2017/2018 | BSc | 161} || {2017/2018 | MSc | 286} || {2017/2018 | PhD | 108} || {2018/2019 | BSc | 89} || {2018/2019 | MSc | 100} || {2018/2019 | PhD | 200} || {2019/2020 | BSc | 181} || {2019/2020 | MSc | 80} || {2019/2020 | PhD | 167}",
 "nlq": "What is the minimum number of graduations for each Year and Degree, with a BSc, MSc, or PhD in 2017/2018, 2018/2019, or 2019/2020? Please, report the corresponding Year and Degree."},
{"name": "template 12",
 "sql": "SELECT Value FROM DBdata WHERE (Degree IN ('MSc')) AND (Year IN ('2017/2018','2018/2019')) ORDER BY VALUE DESC LIMIT 4",
 "sqlResult": "{484} || {363} || {315} || {286}",
 "nlq": "What are the top 4 numbers of graduations with a MSc in 2017/2018 or 2018/2019?"},
{"name": "template 13",
 "sql": "SELECT Value FROM DBdata WHERE (Degree IN ('BSc')) AND (Year IN ('2017/2018','2018/2019')) ORDER BY VALUE ASC",
 "sqlResult": "{89} || {105} || {161} || {232} || {334} || {359}",
 "nlq": "What are the numbers of graduations ordered by increasing values with a BSc in 2017/2018 or 2018/2019?"},
{"name": "template 14",
 "sql": "SELECT Year,Language FROM DBdata WHERE (Degree IN ('MSc')) AND Value > 241.15",
 "sqlResult": "{2017/2018 | Arabic} || {2018/2019 | Arabic} || {2019/2020 | Arabic} || {2017/2018 | English} || {2017/2018 | French}",
 "nlq": "What are the Year and Language for which the number of graduations with a MSc is greater than 241.15?"},
{"name": "template 15",
 "sql": "SELECT Year,Language,Value FROM DBdata WHERE (Degree IN ('BSc')) AND (Year,Language) IN (SELECT Year,Language FROM DBdata WHERE (Degree IN ('MSc')) AND Value > 241.15)",
 "sqlResult": "{2017/2018 | Arabic | 232} || {2018/2019 | Arabic | 89} || {2019/2020 | Arabic | 181} || {2017/2018 | English | 334} || {2017/2018 | French | 161}",
 "nlq": "What is the number of graduations with a BSc in Year and in Language for which the number of graduations with a MSc is greater than 241.15? Please, report the corresponding Year, Language, and number of graduations."}]
}
