{
"filename": "Number_of_graduations_set12_5_DB.csv",
"questions": [{"name": "template 1",
 "sql": "SELECT Value FROM DBdata WHERE (Degree IN ('BSc')) AND (Year IN ('2022/2023'))",
 "sqlResult": "{478}",
 "nlq": "What is the number of graduations with a BSc in 2022/2023?"},
{"name": "template 2",
 "sql": "SELECT Value FROM DBdata WHERE (Degree IN ('MSc')) AND (Year IN ('2021/2022','2022/2023'))",
 "sqlResult": "{70} || {137}",
 "nlq": "What is the number of graduations with a MSc in 2021/2022 or 2022/2023?"},
{"name": "template 3",
 "sql": "SELECT Value FROM DBdata WHERE (Degree IN ('BSc','MSc','PhD')) AND (Year IN ('2020/2021'))",
 "sqlResult": "{383} || {244} || {279}",
 "nlq": "What is the number of graduations with a BSc, MSc, or PhD in 2020/2021?"},
{"name": "template 4",
 "sql": "SELECT min(Value),avg(Value) FROM DBdata WHERE (Degree IN ('BSc','MSc','PhD')) AND (Year IN ('2020/2021'))",
 "sqlResult": "{244 | 302}",
 "nlq": "What are the minimum and average numbers of graduations with a BSc, MSc, or PhD in 2020/2021?"},
{"name": "template 6",
 "sql": "SELECT Value FROM DBdata WHERE (Degree IN ('BSc','PhD')) AND (Year IN ('2020/2021','2021/2022','2022/2023'))",
 "sqlResult": "{383} || {279} || {400} || {434} || {478} || {456}",
 "nlq": "What is the number of graduations with a BSc or PhD in 2020/2021, 2021/2022, or 2022/2023?"},
{"name": "template 7",
 "sql": "SELECT avg(Value),max(Value) FROM DBdata WHERE (Degree IN ('MSc')) AND (Year IN ('2020/2021','2022/2023'))",
 "sqlResult": "{190.5 | 244}",
 "nlq": "What are the average and maximum numbers of graduations with a MSc in 2020/2021 or 2022/2023?"},
{"name": "template 8",
 "sql": "SELECT Degree,min(Value),max(Value) FROM DBdata WHERE (Degree IN ('BSc','MSc','PhD')) AND (Year IN ('2020/2021','2021/2022','2022/2023')) GROUP BY Degree",
 "sqlResult": "{BSc | 383 | 478} || {MSc | 70 | 244} || {PhD | 279 | 456}",
 "nlq": "What are the minimum and maximum numbers of graduations for each Degree, with a BSc, MSc, or PhD in 2020/2021, 2021/2022, or 2022/2023? Please, report the corresponding Degree."},
{"name": "template 9",
 "sql": "SELECT min(Value) FROM DBdata WHERE (Degree IN ('PhD')) AND (Year IN ('2020/2021','2021/2022','2022/2023')) GROUP BY Year",
 "sqlResult": "{279} || {434} || {456}",
 "nlq": "What is the minimum number of graduations for each Year, with a PhD in 2020/2021, 2021/2022, or 2022/2023?"},
{"name": "template 10",
 "sql": "SELECT Year,sum(Value) FROM DBdata WHERE (Degree IN ('MSc')) AND (Year IN ('2020/2021','2021/2022','2022/2023')) GROUP BY Year",
 "sqlResult": "{2020/2021 | 244} || {2021/2022 | 70} || {2022/2023 | 137}",
 "nlq": "What is the total number of graduations for each Year, with a MSc in 2020/2021, 2021/2022, or 2022/2023? Please, report the corresponding Year."},
{"name": "template 11",
 "sql": "SELECT Year,Degree,max(Value) FROM DBdata WHERE (Degree IN ('BSc','MSc','PhD')) AND (Year IN ('2020/2021','2021/2022','2022/2023')) GROUP BY Year,Degree",
 "sqlResult": "{2020/2021 | BSc | 383} || {2020/2021 | MSc | 244} || {2020/2021 | PhD | 279} || {2021/2022 | BSc | 400} || {2021/2022 | MSc | 70} || {2021/2022 | PhD | 434} || {2022/2023 | BSc | 478} || {2022/2023 | MSc | 137} || {2022/2023 | PhD | 456}",
 "nlq": "What is the maximum number of graduations for each Year and Degree, with a BSc, MSc, or PhD in 2020/2021, 2021/2022, or 2022/2023? Please, report the corresponding Year and Degree."},
{"name": "template 12",
 "sql": "SELECT Value FROM DBdata WHERE (Degree IN ('PhD')) AND (Year IN ('2021/2022','2022/2023')) ORDER BY VALUE DESC LIMIT 2",
 "sqlResult": "{456} || {434}",
 "nlq": "What are the top 2 numbers of graduations with a PhD in 2021/2022 or 2022/2023?"},
{"name": "template 13",
 "sql": "SELECT Value FROM DBdata WHERE (Degree IN ('MSc')) AND (Year IN ('2020/2021','2022/2023')) ORDER BY VALUE DESC",
 "sqlResult": "{244} || {137}",
 "nlq": "What are the numbers of graduations ordered by decreasing values with a MSc in 2020/2021 or 2022/2023?"},
{"name": "template 14",
 "sql": "SELECT Year FROM DBdata WHERE (Degree IN ('PhD')) AND Value < 320.11",
 "sqlResult": "{2020/2021}",
 "nlq": "What is the Year for which the number of graduations with a PhD is lower than 320.11?"},
{"name": "template 15",
 "sql": "SELECT Year,Value FROM DBdata WHERE (Degree IN ('BSc')) AND (Year) IN (SELECT Year FROM DBdata WHERE (Degree IN ('PhD')) AND Value < 320.11)",
 "sqlResult": "{2020/2021 | 383}",
 "nlq": "What is the number of graduations with a BSc in Year for which the number of graduations with a PhD is lower than 320.11? Please, report the corresponding Year and number of graduations."}]
}
