{
"filename": "Number_of_graduations_set3_3_DB.csv",
"questions": [{"name": "template 1",
 "sql": "SELECT Value FROM DBdata WHERE (Degree IN ('PhD')) AND (Year IN ('2021/2022'))",
 "sqlResult": "{170}",
 "nlq": "What is the number of graduations with a PhD in 2021/2022?"},
{"name": "template 2",
 "sql": "SELECT Value FROM DBdata WHERE (Degree IN ('BSc')) AND (Year IN ('2021/2022','2022/2023'))",
 "sqlResult": "{197} || {189}",
 "nlq": "What is the number of graduations with a BSc in 2021/2022 or 2022/2023?"},
{"name": "template 3",
 "sql": "SELECT Value FROM DBdata WHERE (Degree IN ('MSc','PhD')) AND (Year IN ('2022/2023'))",
 "sqlResult": "{500} || {367}",
 "nlq": "What is the number of graduations with a MSc or PhD in 2022/2023?"},
{"name": "template 4",
 "sql": "SELECT avg(Value),min(Value) FROM DBdata WHERE (Degree IN ('BSc','MSc')) AND (Year IN ('2019/2020'))",
 "sqlResult": "{398.5 | 317}",
 "nlq": "What are the average and minimum numbers of graduations with a BSc or MSc in 2019/2020?"},
{"name": "template 6",
 "sql": "SELECT Value FROM DBdata WHERE (Degree IN ('BSc','PhD')) AND (Year IN ('2018/2019','2020/2021','2021/2022'))",
 "sqlResult": "{134} || {353} || {476} || {78} || {197} || {170}",
 "nlq": "What is the number of graduations with a BSc or PhD in 2018/2019, 2020/2021, or 2021/2022?"},
{"name": "template 7",
 "sql": "SELECT min(Value),sum(Value) FROM DBdata WHERE (Degree IN ('BSc')) AND (Year IN ('2018/2019','2019/2020','2021/2022'))",
 "sqlResult": "{134 | 648}",
 "nlq": "What are the minimum and total numbers of graduations with a BSc in 2018/2019, 2019/2020, or 2021/2022?"},
{"name": "template 8",
 "sql": "SELECT Degree,avg(Value),sum(Value) FROM DBdata WHERE (Degree IN ('BSc','MSc','PhD')) AND (Year IN ('2018/2019','2019/2020','2020/2021','2022/2023')) GROUP BY Degree",
 "sqlResult": "{BSc | 279 | 1116} || {MSc | 402.75 | 1611} || {PhD | 283 | 1132}",
 "nlq": "What are the average and total numbers of graduations for each Degree, with a BSc, MSc, or PhD in 2018/2019, 2019/2020, 2020/2021, or 2022/2023? Please, report the corresponding Degree."},
{"name": "template 9",
 "sql": "SELECT min(Value) FROM DBdata WHERE (Degree IN ('BSc')) AND (Year IN ('2018/2019','2019/2020','2020/2021','2021/2022','2022/2023')) GROUP BY Year",
 "sqlResult": "{134} || {317} || {476} || {197} || {189}",
 "nlq": "What is the minimum number of graduations for each Year, with a BSc in 2018/2019, 2019/2020, 2020/2021, 2021/2022, or 2022/2023?"},
{"name": "template 10",
 "sql": "SELECT Year,max(Value) FROM DBdata WHERE (Degree IN ('MSc')) AND (Year IN ('2018/2019','2019/2020','2020/2021','2021/2022','2022/2023')) GROUP BY Year",
 "sqlResult": "{2018/2019 | 136} || {2019/2020 | 480} || {2020/2021 | 495} || {2021/2022 | 115} || {2022/2023 | 500}",
 "nlq": "What is the maximum number of graduations for each Year, with a MSc in 2018/2019, 2019/2020, 2020/2021, 2021/2022, or 2022/2023? Please, report the corresponding Year."},
{"name": "template 11",
 "sql": "SELECT Year,Degree,avg(Value) FROM DBdata WHERE (Degree IN ('BSc','MSc','PhD')) AND (Year IN ('2018/2019','2019/2020','2020/2021','2021/2022','2022/2023')) GROUP BY Year,Degree",
 "sqlResult": "{2018/2019 | BSc | 134} || {2018/2019 | MSc | 136} || {2018/2019 | PhD | 353} || {2019/2020 | BSc | 317} || {2019/2020 | MSc | 480} || {2019/2020 | PhD | 334} || {2020/2021 | BSc | 476} || {2020/2021 | MSc | 495} || {2020/2021 | PhD | 78} || {2021/2022 | BSc | 197} || {2021/2022 | MSc | 115} || {2021/2022 | PhD | 170} || {2022/2023 | BSc | 189} || {2022/2023 | MSc | 500} || {2022/2023 | PhD | 367}",
 "nlq": "What is the average number of graduations for each Year and Degree, with a BSc, MSc, or PhD in 2018/2019, 2019/2020, 2020/2021, 2021/2022, or 2022/2023? Please, report the corresponding Year and Degree."},
{"name": "template 12",
 "sql": "SELECT Value FROM DBdata WHERE (Degree IN ('PhD')) AND (Year IN ('2020/2021','2021/2022')) ORDER BY VALUE ASC LIMIT 2",
 "sqlResult": "{78} || {170}",
 "nlq": "What are the bottom 2 numbers of graduations with a PhD in 2020/2021 or 2021/2022?"},
{"name": "template 13",
 "sql": "SELECT Value FROM DBdata WHERE (Degree IN ('BSc')) AND (Year IN ('2021/2022','2022/2023')) ORDER BY VALUE ASC",
 "sqlResult": "{189} || {197}",
 "nlq": "What are the numbers of graduations ordered by increasing values with a BSc in 2021/2022 or 2022/2023?"},
{"name": "template 14",
 "sql": "SELECT Year FROM DBdata WHERE (Degree IN ('PhD')) AND Value > 289.4",
 "sqlResult": "{2018/2019} || {2019/2020} || {2022/2023}",
 "nlq": "What is the Year for which the number of graduations with a PhD is greater than 289.4?"},
{"name": "template 15",
 "sql": "SELECT Year,Value FROM DBdata WHERE (Degree IN ('MSc')) AND (Year) IN (SELECT Year FROM DBdata WHERE (Degree IN ('PhD')) AND Value > 289.4)",
 "sqlResult": "{2018/2019 | 136} || {2019/2020 | 480} || {2022/2023 | 500}",
 "nlq": "What is the number of graduations with a MSc in Year for which the number of graduations with a PhD is greater than 289.4? Please, report the corresponding Year and number of graduations."}]
}
