{
"filename": "Number_of_graduations_set3_3_DB.csv",
"questions": [{"name": "template 1",
 "sql": "SELECT Value FROM DBdata WHERE (AA IN ('AAns')) AND (BB IN ('BBvz'))",
 "sqlResult": "{170}",
 "nlq": "What is the number of graduations with a AAns in BBvz?"},
{"name": "template 2",
 "sql": "SELECT Value FROM DBdata WHERE (AA IN ('AAbv')) AND (BB IN ('BBvz','BBcy'))",
 "sqlResult": "{197} || {189}",
 "nlq": "What is the number of graduations with a AAbv in BBvz or BBcy?"},
{"name": "template 3",
 "sql": "SELECT Value FROM DBdata WHERE (AA IN ('AAfk','AAns')) AND (BB IN ('BBcy'))",
 "sqlResult": "{500} || {367}",
 "nlq": "What is the number of graduations with a AAfk or AAns in BBcy?"},
{"name": "template 4",
 "sql": "SELECT avg(Value),min(Value) FROM DBdata WHERE (AA IN ('AAbv','AAfk')) AND (BB IN ('BBjl'))",
 "sqlResult": "{398.5 | 317}",
 "nlq": "What are the average and minimum numbers of graduations with a AAbv or AAfk in BBjl?"},
{"name": "template 6",
 "sql": "SELECT Value FROM DBdata WHERE (AA IN ('AAbv','AAns')) AND (BB IN ('BBcj','BBrt','BBvz'))",
 "sqlResult": "{134} || {353} || {476} || {78} || {197} || {170}",
 "nlq": "What is the number of graduations with a AAbv or AAns in BBcj, BBrt, or BBvz?"},
{"name": "template 7",
 "sql": "SELECT min(Value),sum(Value) FROM DBdata WHERE (AA IN ('AAbv')) AND (BB IN ('BBcj','BBjl','BBvz'))",
 "sqlResult": "{134 | 648}",
 "nlq": "What are the minimum and total numbers of graduations with a AAbv in BBcj, BBjl, or BBvz?"},
{"name": "template 8",
 "sql": "SELECT AA,avg(Value),sum(Value) FROM DBdata WHERE (AA IN ('AAbv','AAfk','AAns')) AND (BB IN ('BBcj','BBjl','BBrt','BBcy')) GROUP BY AA",
 "sqlResult": "{AAbv | 279 | 1116} || {AAfk | 402.75 | 1611} || {AAns | 283 | 1132}",
 "nlq": "What are the average and total numbers of graduations for each AA, with a AAbv, AAfk, or AAns in BBcj, BBjl, BBrt, or BBcy? Please, report the corresponding AA."},
{"name": "template 9",
 "sql": "SELECT min(Value) FROM DBdata WHERE (AA IN ('AAbv')) AND (BB IN ('BBcj','BBjl','BBrt','BBvz','BBcy')) GROUP BY BB",
 "sqlResult": "{134} || {317} || {476} || {197} || {189}",
 "nlq": "What is the minimum number of graduations for each BB, with a AAbv in BBcj, BBjl, BBrt, BBvz, or BBcy?"},
{"name": "template 10",
 "sql": "SELECT BB,max(Value) FROM DBdata WHERE (AA IN ('AAfk')) AND (BB IN ('BBcj','BBjl','BBrt','BBvz','BBcy')) GROUP BY BB",
 "sqlResult": "{BBcj | 136} || {BBjl | 480} || {BBrt | 495} || {BBvz | 115} || {BBcy | 500}",
 "nlq": "What is the maximum number of graduations for each BB, with a AAfk in BBcj, BBjl, BBrt, BBvz, or BBcy? Please, report the corresponding BB."},
{"name": "template 11",
 "sql": "SELECT BB,AA,avg(Value) FROM DBdata WHERE (AA IN ('AAbv','AAfk','AAns')) AND (BB IN ('BBcj','BBjl','BBrt','BBvz','BBcy')) GROUP BY BB,AA",
 "sqlResult": "{BBcj | AAbv | 134} || {BBcj | AAfk | 136} || {BBcj | AAns | 353} || {BBjl | AAbv | 317} || {BBjl | AAfk | 480} || {BBjl | AAns | 334} || {BBrt | AAbv | 476} || {BBrt | AAfk | 495} || {BBrt | AAns | 78} || {BBvz | AAbv | 197} || {BBvz | AAfk | 115} || {BBvz | AAns | 170} || {BBcy | AAbv | 189} || {BBcy | AAfk | 500} || {BBcy | AAns | 367}",
 "nlq": "What is the average number of graduations for each BB and AA, with a AAbv, AAfk, or AAns in BBcj, BBjl, BBrt, BBvz, or BBcy? Please, report the corresponding BB and AA."},
{"name": "template 12",
 "sql": "SELECT Value FROM DBdata WHERE (AA IN ('AAns')) AND (BB IN ('BBrt','BBvz')) ORDER BY VALUE ASC LIMIT 2",
 "sqlResult": "{78} || {170}",
 "nlq": "What are the bottom 2 numbers of graduations with a AAns in BBrt or BBvz?"},
{"name": "template 13",
 "sql": "SELECT Value FROM DBdata WHERE (AA IN ('AAbv')) AND (BB IN ('BBvz','BBcy')) ORDER BY VALUE ASC",
 "sqlResult": "{189} || {197}",
 "nlq": "What are the numbers of graduations ordered by increasing values with a AAbv in BBvz or BBcy?"},
{"name": "template 14",
 "sql": "SELECT BB FROM DBdata WHERE (AA IN ('AAns')) AND Value > 289.4",
 "sqlResult": "{BBcj} || {BBjl} || {BBcy}",
 "nlq": "What is the BB for which the number of graduations with a AAns is greater than 289.4?"},
{"name": "template 15",
 "sql": "SELECT BB,Value FROM DBdata WHERE (AA IN ('AAfk')) AND (BB) IN (SELECT BB FROM DBdata WHERE (AA IN ('AAns')) AND Value > 289.4)",
 "sqlResult": "{BBcj | 136} || {BBjl | 480} || {BBcy | 500}",
 "nlq": "What is the number of graduations with a AAfk in BB for which the number of graduations with a AAns is greater than 289.4? Please, report the corresponding BB and number of graduations."}]
}

