{
"filename": "Number_of_graduations_set2_2_DB.csv",
"questions": [{"name": "template 1",
 "sql": "SELECT Value FROM DBdata WHERE (AA IN ('AAfh')) AND (BB IN ('BBjl'))",
 "sqlResult": "{160}",
 "nlq": "What is the number of graduations with a AAfh in BBjl?"},
{"name": "template 2",
 "sql": "SELECT Value FROM DBdata WHERE (AA IN ('AAmz')) AND (BB IN ('BBjl','BBxz','BBpw'))",
 "sqlResult": "{153} || {79} || {136}",
 "nlq": "What is the number of graduations with a AAmz in BBjl, BBxz, or BBpw?"},
{"name": "template 3",
 "sql": "SELECT Value FROM DBdata WHERE (AA IN ('AAmz','AAnr')) AND (BB IN ('BBjl'))",
 "sqlResult": "{153} || {202}",
 "nlq": "What is the number of graduations with a AAmz or AAnr in BBjl?"},
{"name": "template 4",
 "sql": "SELECT min(Value),max(Value) FROM DBdata WHERE (AA IN ('AAmz','AAnr')) AND (BB IN ('BBpw'))",
 "sqlResult": "{136 | 287}",
 "nlq": "What are the minimum and maximum numbers of graduations with a AAmz or AAnr in BBpw?"},
{"name": "template 6",
 "sql": "SELECT Value FROM DBdata WHERE (AA IN ('AAmz','AAnr','AAfh')) AND (BB IN ('BBjl','BBxz','BBpw'))",
 "sqlResult": "{153} || {202} || {160} || {79} || {270} || {348} || {136} || {287} || {263}",
 "nlq": "What is the number of graduations with a AAmz, AAnr, or AAfh in BBjl, BBxz, or BBpw?"},
{"name": "template 7",
 "sql": "SELECT sum(Value),avg(Value) FROM DBdata WHERE (AA IN ('AAfh')) AND (BB IN ('BBjl','BBpw'))",
 "sqlResult": "{423 | 211.5}",
 "nlq": "What are the total and average numbers of graduations with a AAfh in BBjl or BBpw?"},
{"name": "template 8",
 "sql": "SELECT AA,sum(Value),max(Value) FROM DBdata WHERE (AA IN ('AAmz','AAnr','AAfh')) AND (BB IN ('BBxz','BBpw')) GROUP BY AA",
 "sqlResult": "{AAmz | 215 | 136} || {AAnr | 557 | 287} || {AAfh | 611 | 348}",
 "nlq": "What are the total and maximum numbers of graduations for each AA, with a AAmz, AAnr, or AAfh in BBxz or BBpw? Please, report the corresponding AA."},
{"name": "template 9",
 "sql": "SELECT min(Value) FROM DBdata WHERE (AA IN ('AAmz')) AND (BB IN ('BBjl','BBxz','BBpw')) GROUP BY BB",
 "sqlResult": "{153} || {79} || {136}",
 "nlq": "What is the minimum number of graduations for each BB, with a AAmz in BBjl, BBxz, or BBpw?"},
{"name": "template 10",
 "sql": "SELECT BB,avg(Value) FROM DBdata WHERE (AA IN ('AAfh')) AND (BB IN ('BBjl','BBxz','BBpw')) GROUP BY BB",
 "sqlResult": "{BBjl | 160} || {BBxz | 348} || {BBpw | 263}",
 "nlq": "What is the average number of graduations for each BB, with a AAfh in BBjl, BBxz, or BBpw? Please, report the corresponding BB."},
{"name": "template 11",
 "sql": "SELECT BB,AA,min(Value) FROM DBdata WHERE (AA IN ('AAmz','AAnr','AAfh')) AND (BB IN ('BBjl','BBxz','BBpw')) GROUP BY BB,AA",
 "sqlResult": "{BBjl | AAmz | 153} || {BBjl | AAnr | 202} || {BBjl | AAfh | 160} || {BBxz | AAmz | 79} || {BBxz | AAnr | 270} || {BBxz | AAfh | 348} || {BBpw | AAmz | 136} || {BBpw | AAnr | 287} || {BBpw | AAfh | 263}",
 "nlq": "What is the minimum number of graduations for each BB and AA, with a AAmz, AAnr, or AAfh in BBjl, BBxz, or BBpw? Please, report the corresponding BB and AA."},
{"name": "template 12",
 "sql": "SELECT Value FROM DBdata WHERE (AA IN ('AAfh')) AND (BB IN ('BBjl','BBxz')) ORDER BY VALUE DESC LIMIT 2",
 "sqlResult": "{348} || {160}",
 "nlq": "What are the top 2 numbers of graduations with a AAfh in BBjl or BBxz?"},
{"name": "template 13",
 "sql": "SELECT Value FROM DBdata WHERE (AA IN ('AAnr')) AND (BB IN ('BBjl','BBxz')) ORDER BY VALUE DESC",
 "sqlResult": "{270} || {202}",
 "nlq": "What are the numbers of graduations ordered by decreasing values with a AAnr in BBjl or BBxz?"},
{"name": "template 14",
 "sql": "SELECT BB FROM DBdata WHERE (AA IN ('AAfh')) AND Value < 210.89",
 "sqlResult": "{BBjl}",
 "nlq": "What is the BB for which the number of graduations with a AAfh is lower than 210.89?"},
{"name": "template 15",
 "sql": "SELECT BB,Value FROM DBdata WHERE (AA IN ('AAnr')) AND (BB) IN (SELECT BB FROM DBdata WHERE (AA IN ('AAfh')) AND Value < 210.89)",
 "sqlResult": "{BBjl | 202}",
 "nlq": "What is the number of graduations with a AAnr in BB for which the number of graduations with a AAfh is lower than 210.89? Please, report the corresponding BB and number of graduations."}]
}

