{
"filename": "Number_of_graduations_set2_1_DB.csv",
"questions": [{"name": "template 1",
 "sql": "SELECT Value FROM DBdata WHERE (AA IN ('AAps')) AND (BB IN ('BBpw'))",
 "sqlResult": "{267}",
 "nlq": "What is the number of graduations with a AAps in BBpw?"},
{"name": "template 2",
 "sql": "SELECT Value FROM DBdata WHERE (AA IN ('AAgs')) AND (BB IN ('BBrx','BBpw'))",
 "sqlResult": "{469} || {205}",
 "nlq": "What is the number of graduations with a AAgs in BBrx or BBpw?"},
{"name": "template 3",
 "sql": "SELECT Value FROM DBdata WHERE (AA IN ('AAms','AAgs')) AND (BB IN ('BBpw'))",
 "sqlResult": "{500} || {205}",
 "nlq": "What is the number of graduations with a AAms or AAgs in BBpw?"},
{"name": "template 4",
 "sql": "SELECT avg(Value),min(Value) FROM DBdata WHERE (AA IN ('AAms','AAgs')) AND (BB IN ('BBrx'))",
 "sqlResult": "{451.5 | 434}",
 "nlq": "What are the average and minimum numbers of graduations with a AAms or AAgs in BBrx?"},
{"name": "template 6",
 "sql": "SELECT Value FROM DBdata WHERE (AA IN ('AAms','AAgs','AAps')) AND (BB IN ('BBpw','BBgk'))",
 "sqlResult": "{500} || {205} || {267} || {109} || {280} || {190}",
 "nlq": "What is the number of graduations with a AAms, AAgs, or AAps in BBpw or BBgk?"},
{"name": "template 7",
 "sql": "SELECT max(Value),avg(Value) FROM DBdata WHERE (AA IN ('AAms')) AND (BB IN ('BBrx','BBpw','BBgk'))",
 "sqlResult": "{500 | 347.67}",
 "nlq": "What are the maximum and average numbers of graduations with a AAms in BBrx, BBpw, or BBgk?"},
{"name": "template 8",
 "sql": "SELECT AA,min(Value),avg(Value) FROM DBdata WHERE (AA IN ('AAms','AAps')) AND (BB IN ('BBrx','BBpw','BBgk')) GROUP BY AA",
 "sqlResult": "{AAms | 109 | 347.67} || {AAps | 190 | 272.67}",
 "nlq": "What are the minimum and average numbers of graduations for each AA, with a AAms or AAps in BBrx, BBpw, or BBgk? Please, report the corresponding AA."},
{"name": "template 9",
 "sql": "SELECT min(Value) FROM DBdata WHERE (AA IN ('AAms')) AND (BB IN ('BBrx','BBpw','BBgk')) GROUP BY BB",
 "sqlResult": "{434} || {500} || {109}",
 "nlq": "What is the minimum number of graduations for each BB, with a AAms in BBrx, BBpw, or BBgk?"},
{"name": "template 10",
 "sql": "SELECT BB,min(Value) FROM DBdata WHERE (AA IN ('AAps')) AND (BB IN ('BBrx','BBpw','BBgk')) GROUP BY BB",
 "sqlResult": "{BBrx | 361} || {BBpw | 267} || {BBgk | 190}",
 "nlq": "What is the minimum number of graduations for each BB, with a AAps in BBrx, BBpw, or BBgk? Please, report the corresponding BB."},
{"name": "template 11",
 "sql": "SELECT BB,AA,avg(Value) FROM DBdata WHERE (AA IN ('AAms','AAgs','AAps')) AND (BB IN ('BBrx','BBpw','BBgk')) GROUP BY BB,AA",
 "sqlResult": "{BBrx | AAms | 434} || {BBrx | AAgs | 469} || {BBrx | AAps | 361} || {BBpw | AAms | 500} || {BBpw | AAgs | 205} || {BBpw | AAps | 267} || {BBgk | AAms | 109} || {BBgk | AAgs | 280} || {BBgk | AAps | 190}",
 "nlq": "What is the average number of graduations for each BB and AA, with a AAms, AAgs, or AAps in BBrx, BBpw, or BBgk? Please, report the corresponding BB and AA."},
{"name": "template 12",
 "sql": "SELECT Value FROM DBdata WHERE (AA IN ('AAms')) AND (BB IN ('BBrx','BBgk')) ORDER BY VALUE DESC LIMIT 2",
 "sqlResult": "{434} || {109}",
 "nlq": "What are the top 2 numbers of graduations with a AAms in BBrx or BBgk?"},
{"name": "template 13",
 "sql": "SELECT Value FROM DBdata WHERE (AA IN ('AAps')) AND (BB IN ('BBrx','BBgk')) ORDER BY VALUE DESC",
 "sqlResult": "{361} || {190}",
 "nlq": "What are the numbers of graduations ordered by decreasing values with a AAps in BBrx or BBgk?"},
{"name": "template 14",
 "sql": "SELECT BB FROM DBdata WHERE (AA IN ('AAps')) AND Value > 312.78",
 "sqlResult": "{BBrx}",
 "nlq": "What is the BB for which the number of graduations with a AAps is greater than 312.78?"},
{"name": "template 15",
 "sql": "SELECT BB,Value FROM DBdata WHERE (AA IN ('AAgs')) AND (BB) IN (SELECT BB FROM DBdata WHERE (AA IN ('AAps')) AND Value > 312.78)",
 "sqlResult": "{BBrx | 469}",
 "nlq": "What is the number of graduations with a AAgs in BB for which the number of graduations with a AAps is greater than 312.78? Please, report the corresponding BB and number of graduations."}]
}

