AA,BB,CC,Value
AA,BB,CC,Value
AAqr,BBhz,CCry,64
AAhk,BBhz,CCry,455
AAnq,BBhz,CCry,347
AAqr,BBbj,CCry,307
AAhk,BBbj,CCry,81
AAnq,BBbj,CCry,134
AAqr,BBlx,CCry,381
AAhk,BBlx,CCry,410
AAnq,BBlx,CCry,100
AAqr,BBgt,CCry,495
AAhk,BBgt,CCry,421
AAnq,BBgt,CCry,229
AAqr,BBly,CCry,364
AAhk,BBly,CCry,127
AAnq,BBly,CCry,434
AAqr,BBhz,CCsx,301
AAhk,BBhz,CCsx,201
AAnq,BBhz,CCsx,365
AAqr,BBbj,CCsx,200
AAhk,BBbj,CCsx,298
AAnq,BBbj,CCsx,251
AAqr,BBlx,CCsx,312
AAhk,BBlx,CCsx,108
AAnq,BBlx,CCsx,402
AAqr,BBgt,CCsx,396
AAhk,BBgt,CCsx,183
AAnq,BBgt,CCsx,62
AAqr,BBly,CCsx,472
AAhk,BBly,CCsx,131
AAnq,BBly,CCsx,211
AAqr,BBhz,CCsz,253
AAhk,BBhz,CCsz,234
AAnq,BBhz,CCsz,149
AAqr,BBbj,CCsz,416
AAhk,BBbj,CCsz,354
AAnq,BBbj,CCsz,63
AAqr,BBlx,CCsz,148
AAhk,BBlx,CCsz,315
AAnq,BBlx,CCsz,177
AAqr,BBgt,CCsz,156
AAhk,BBgt,CCsz,193
AAnq,BBgt,CCsz,385
AAqr,BBly,CCsz,296
AAhk,BBly,CCsz,246
AAnq,BBly,CCsz,61
AAqr,BBhz,CCdh,242
AAhk,BBhz,CCdh,458
AAnq,BBhz,CCdh,245
AAqr,BBbj,CCdh,351
AAhk,BBbj,CCdh,88
AAnq,BBbj,CCdh,118
AAqr,BBlx,CCdh,247
AAhk,BBlx,CCdh,323
AAnq,BBlx,CCdh,140
AAqr,BBgt,CCdh,433
AAhk,BBgt,CCdh,447
AAnq,BBgt,CCdh,187
AAqr,BBly,CCdh,326
AAhk,BBly,CCdh,58
AAnq,BBly,CCdh,204

