AA,BB,CC,Value
AA,BB,CC,Value
AAdj,BBgl,CChz,248
AAdp,BBgl,CChz,334
AAdt,BBgl,CChz,180
AAdj,BBds,CChz,413
AAdp,BBds,CChz,206
AAdt,BBds,CChz,94
AAdj,BBnw,CChz,175
AAdp,BBnw,CChz,439
AAdt,BBnw,CChz,394
AAdj,BBjv,CChz,465
AAdp,BBjv,CChz,271
AAdt,BBjv,CChz,424
AAdj,BBgl,CCrv,214
AAdp,BBgl,CCrv,483
AAdt,BBgl,CCrv,240
AAdj,BBds,CCrv,89
AAdp,BBds,CCrv,326
AAdt,BBds,CCrv,396
AAdj,BBnw,CCrv,233
AAdp,BBnw,CCrv,343
AAdt,BBnw,CCrv,138
AAdj,BBjv,CCrv,381
AAdp,BBjv,CCrv,101
AAdt,BBjv,CCrv,150
AAdj,BBgl,CCdg,187
AAdp,BBgl,CCdg,80
AAdt,BBgl,CCdg,313
AAdj,BBds,CCdg,90
AAdp,BBds,CCdg,409
AAdt,BBds,CCdg,451
AAdj,BBnw,CCdg,114
AAdp,BBnw,CCdg,307
AAdt,BBnw,CCdg,55
AAdj,BBjv,CCdg,290
AAdp,BBjv,CCdg,341
AAdt,BBjv,CCdg,417
AAdj,BBgl,CCgp,142
AAdp,BBgl,CCgp,171
AAdt,BBgl,CCgp,283
AAdj,BBds,CCgp,365
AAdp,BBds,CCgp,202
AAdt,BBds,CCgp,389
AAdj,BBnw,CCgp,207
AAdp,BBnw,CCgp,208
AAdt,BBnw,CCgp,286
AAdj,BBjv,CCgp,86
AAdp,BBjv,CCgp,129
AAdt,BBjv,CCgp,74

