{
"filename": "Number_of_graduations_set3_2_DB.csv",
"questions": [{"name": "template 1",
 "sql": "SELECT Value FROM DBdata WHERE (AA IN ('AAmq')) AND (BB IN ('BBrv'))",
 "sqlResult": "{383}",
 "nlq": "What is the number of graduations with a AAmq in BBrv?"},
{"name": "template 2",
 "sql": "SELECT Value FROM DBdata WHERE (AA IN ('AAdk')) AND (BB IN ('BBrv','BBmy','BBnz'))",
 "sqlResult": "{264} || {472} || {272}",
 "nlq": "What is the number of graduations with a AAdk in BBrv, BBmy, or BBnz?"},
{"name": "template 3",
 "sql": "SELECT Value FROM DBdata WHERE (AA IN ('AAmq','AAnw','AAdk')) AND (BB IN ('BBrv'))",
 "sqlResult": "{383} || {322} || {264}",
 "nlq": "What is the number of graduations with a AAmq, AAnw, or AAdk in BBrv?"},
{"name": "template 4",
 "sql": "SELECT sum(Value),avg(Value) FROM DBdata WHERE (AA IN ('AAmq','AAnw','AAdk')) AND (BB IN ('BBrv'))",
 "sqlResult": "{969 | 323}",
 "nlq": "What are the total and average numbers of graduations with a AAmq, AAnw, or AAdk in BBrv?"},
{"name": "template 6",
 "sql": "SELECT Value FROM DBdata WHERE (AA IN ('AAmq','AAdk')) AND (BB IN ('BBrv','BBnz'))",
 "sqlResult": "{383} || {264} || {236} || {272}",
 "nlq": "What is the number of graduations with a AAmq or AAdk in BBrv or BBnz?"},
{"name": "template 7",
 "sql": "SELECT min(Value),sum(Value) FROM DBdata WHERE (AA IN ('AAnw')) AND (BB IN ('BBrv','BBmy'))",
 "sqlResult": "{244 | 566}",
 "nlq": "What are the minimum and total numbers of graduations with a AAnw in BBrv or BBmy?"},
{"name": "template 8",
 "sql": "SELECT AA,max(Value),avg(Value) FROM DBdata WHERE (AA IN ('AAmq','AAdk')) AND (BB IN ('BBrv','BBmy','BBnz')) GROUP BY AA",
 "sqlResult": "{AAmq | 383 | 307} || {AAdk | 472 | 336}",
 "nlq": "What are the maximum and average numbers of graduations for each AA, with a AAmq or AAdk in BBrv, BBmy, or BBnz? Please, report the corresponding AA."},
{"name": "template 9",
 "sql": "SELECT min(Value) FROM DBdata WHERE (AA IN ('AAnw')) AND (BB IN ('BBrv','BBmy','BBnz')) GROUP BY BB",
 "sqlResult": "{322} || {244} || {189}",
 "nlq": "What is the minimum number of graduations for each BB, with a AAnw in BBrv, BBmy, or BBnz?"},
{"name": "template 10",
 "sql": "SELECT BB,min(Value) FROM DBdata WHERE (AA IN ('AAdk')) AND (BB IN ('BBrv','BBmy','BBnz')) GROUP BY BB",
 "sqlResult": "{BBrv | 264} || {BBmy | 472} || {BBnz | 272}",
 "nlq": "What is the minimum number of graduations for each BB, with a AAdk in BBrv, BBmy, or BBnz? Please, report the corresponding BB."},
{"name": "template 11",
 "sql": "SELECT BB,AA,max(Value) FROM DBdata WHERE (AA IN ('AAmq','AAdk')) AND (BB IN ('BBrv','BBmy','BBnz')) GROUP BY BB,AA",
 "sqlResult": "{BBrv | AAmq | 383} || {BBrv | AAdk | 264} || {BBmy | AAmq | 302} || {BBmy | AAdk | 472} || {BBnz | AAmq | 236} || {BBnz | AAdk | 272}",
 "nlq": "What is the maximum number of graduations for each BB and AA, with a AAmq or AAdk in BBrv, BBmy, or BBnz? Please, report the corresponding BB and AA."},
{"name": "template 12",
 "sql": "SELECT Value FROM DBdata WHERE (AA IN ('AAnw')) AND (BB IN ('BBrv','BBmy')) ORDER BY VALUE DESC LIMIT 2",
 "sqlResult": "{322} || {244}",
 "nlq": "What are the top 2 numbers of graduations with a AAnw in BBrv or BBmy?"},
{"name": "template 13",
 "sql": "SELECT Value FROM DBdata WHERE (AA IN ('AAmq')) AND (BB IN ('BBmy','BBnz')) ORDER BY VALUE ASC",
 "sqlResult": "{236} || {302}",
 "nlq": "What are the numbers of graduations ordered by increasing values with a AAmq in BBmy or BBnz?"},
{"name": "template 14",
 "sql": "SELECT BB FROM DBdata WHERE (AA IN ('AAmq')) AND Value < 298.22",
 "sqlResult": "{BBnz}",
 "nlq": "What is the BB for which the number of graduations with a AAmq is lower than 298.22?"},
{"name": "template 15",
 "sql": "SELECT BB,Value FROM DBdata WHERE (AA IN ('AAdk')) AND (BB) IN (SELECT BB FROM DBdata WHERE (AA IN ('AAmq')) AND Value < 298.22)",
 "sqlResult": "{BBnz | 272}",
 "nlq": "What is the number of graduations with a AAdk in BB for which the number of graduations with a AAmq is lower than 298.22? Please, report the corresponding BB and number of graduations."}]
}

