AA,BB,CC,Value
AA,BB,CC,Value
AAkq,BBsz,CClr,223
AAks,BBsz,CClr,361
AAqy,BBsz,CClr,80
AAkq,BBpv,CClr,252
AAks,BBpv,CClr,346
AAqy,BBpv,CClr,150
AAkq,BBny,CClr,487
AAks,BBny,CClr,344
AAqy,BBny,CClr,261
AAkq,BBsz,CCjm,142
AAks,BBsz,CCjm,493
AAqy,BBsz,CCjm,401
AAkq,BBpv,CCjm,127
AAks,BBpv,CCjm,269
AAqy,BBpv,CCjm,399
AAkq,BBny,CCjm,63
AAks,BBny,CCjm,287
AAqy,BBny,CCjm,440
AAkq,BBsz,CCwz,273
AAks,BBsz,CCwz,166
AAqy,BBsz,CCwz,270
AAkq,BBpv,CCwz,51
AAks,BBpv,CCwz,436
AAqy,BBpv,CCwz,271
AAkq,BBny,CCwz,68
AAks,BBny,CCwz,478
AAqy,BBny,CCwz,120
AAkq,BBsz,CCvw,104
AAks,BBsz,CCvw,50
AAqy,BBsz,CCvw,322
AAkq,BBpv,CCvw,107
AAks,BBpv,CCvw,168
AAqy,BBpv,CCvw,385
AAkq,BBny,CCvw,368
AAks,BBny,CCvw,496
AAqy,BBny,CCvw,90

