{
"filename": "Number_of_graduations_set2_2_DB.csv",
"questions": [{"name": "template 1",
 "sql": "SELECT Value FROM DBdata WHERE (Degree IN ('PhD')) AND (Year IN ('2018/2019'))",
 "sqlResult": "{160}",
 "nlq": "What is the number of graduations with a PhD in 2018/2019?"},
{"name": "template 2",
 "sql": "SELECT Value FROM DBdata WHERE (Degree IN ('BSc')) AND (Year IN ('2018/2019','2019/2020','2020/2021'))",
 "sqlResult": "{153} || {79} || {136}",
 "nlq": "What is the number of graduations with a BSc in 2018/2019, 2019/2020, or 2020/2021?"},
{"name": "template 3",
 "sql": "SELECT Value FROM DBdata WHERE (Degree IN ('BSc','MSc')) AND (Year IN ('2018/2019'))",
 "sqlResult": "{153} || {202}",
 "nlq": "What is the number of graduations with a BSc or MSc in 2018/2019?"},
{"name": "template 4",
 "sql": "SELECT min(Value),max(Value) FROM DBdata WHERE (Degree IN ('BSc','MSc')) AND (Year IN ('2020/2021'))",
 "sqlResult": "{136 | 287}",
 "nlq": "What are the minimum and maximum numbers of graduations with a BSc or MSc in 2020/2021?"},
{"name": "template 6",
 "sql": "SELECT Value FROM DBdata WHERE (Degree IN ('BSc','MSc','PhD')) AND (Year IN ('2018/2019','2019/2020','2020/2021'))",
 "sqlResult": "{153} || {202} || {160} || {79} || {270} || {348} || {136} || {287} || {263}",
 "nlq": "What is the number of graduations with a BSc, MSc, or PhD in 2018/2019, 2019/2020, or 2020/2021?"},
{"name": "template 7",
 "sql": "SELECT sum(Value),avg(Value) FROM DBdata WHERE (Degree IN ('PhD')) AND (Year IN ('2018/2019','2020/2021'))",
 "sqlResult": "{423 | 211.5}",
 "nlq": "What are the total and average numbers of graduations with a PhD in 2018/2019 or 2020/2021?"},
{"name": "template 8",
 "sql": "SELECT Degree,sum(Value),max(Value) FROM DBdata WHERE (Degree IN ('BSc','MSc','PhD')) AND (Year IN ('2019/2020','2020/2021')) GROUP BY Degree",
 "sqlResult": "{BSc | 215 | 136} || {MSc | 557 | 287} || {PhD | 611 | 348}",
 "nlq": "What are the total and maximum numbers of graduations for each Degree, with a BSc, MSc, or PhD in 2019/2020 or 2020/2021? Please, report the corresponding Degree."},
{"name": "template 9",
 "sql": "SELECT min(Value) FROM DBdata WHERE (Degree IN ('BSc')) AND (Year IN ('2018/2019','2019/2020','2020/2021')) GROUP BY Year",
 "sqlResult": "{153} || {79} || {136}",
 "nlq": "What is the minimum number of graduations for each Year, with a BSc in 2018/2019, 2019/2020, or 2020/2021?"},
{"name": "template 10",
 "sql": "SELECT Year,avg(Value) FROM DBdata WHERE (Degree IN ('PhD')) AND (Year IN ('2018/2019','2019/2020','2020/2021')) GROUP BY Year",
 "sqlResult": "{2018/2019 | 160} || {2019/2020 | 348} || {2020/2021 | 263}",
 "nlq": "What is the average number of graduations for each Year, with a PhD in 2018/2019, 2019/2020, or 2020/2021? Please, report the corresponding Year."},
{"name": "template 11",
 "sql": "SELECT Year,Degree,min(Value) FROM DBdata WHERE (Degree IN ('BSc','MSc','PhD')) AND (Year IN ('2018/2019','2019/2020','2020/2021')) GROUP BY Year,Degree",
 "sqlResult": "{2018/2019 | BSc | 153} || {2018/2019 | MSc | 202} || {2018/2019 | PhD | 160} || {2019/2020 | BSc | 79} || {2019/2020 | MSc | 270} || {2019/2020 | PhD | 348} || {2020/2021 | BSc | 136} || {2020/2021 | MSc | 287} || {2020/2021 | PhD | 263}",
 "nlq": "What is the minimum number of graduations for each Year and Degree, with a BSc, MSc, or PhD in 2018/2019, 2019/2020, or 2020/2021? Please, report the corresponding Year and Degree."},
{"name": "template 12",
 "sql": "SELECT Value FROM DBdata WHERE (Degree IN ('PhD')) AND (Year IN ('2018/2019','2019/2020')) ORDER BY VALUE DESC LIMIT 2",
 "sqlResult": "{348} || {160}",
 "nlq": "What are the top 2 numbers of graduations with a PhD in 2018/2019 or 2019/2020?"},
{"name": "template 13",
 "sql": "SELECT Value FROM DBdata WHERE (Degree IN ('MSc')) AND (Year IN ('2018/2019','2019/2020')) ORDER BY VALUE DESC",
 "sqlResult": "{270} || {202}",
 "nlq": "What are the numbers of graduations ordered by decreasing values with a MSc in 2018/2019 or 2019/2020?"},
{"name": "template 14",
 "sql": "SELECT Year FROM DBdata WHERE (Degree IN ('PhD')) AND Value < 210.89",
 "sqlResult": "{2018/2019}",
 "nlq": "What is the Year for which the number of graduations with a PhD is lower than 210.89?"},
{"name": "template 15",
 "sql": "SELECT Year,Value FROM DBdata WHERE (Degree IN ('MSc')) AND (Year) IN (SELECT Year FROM DBdata WHERE (Degree IN ('PhD')) AND Value < 210.89)",
 "sqlResult": "{2018/2019 | 202}",
 "nlq": "What is the number of graduations with a MSc in Year for which the number of graduations with a PhD is lower than 210.89? Please, report the corresponding Year and number of graduations."}]
}
