Degree,Year,Language,Value
Degree,Year,Language,Value
BSc,2016/2017,French,264
MSc,2016/2017,French,58
PhD,2016/2017,French,117
BSc,2017/2018,French,365
MSc,2017/2018,French,103
PhD,2017/2018,French,224
BSc,2018/2019,French,275
MSc,2018/2019,French,374
PhD,2018/2019,French,363
BSc,2016/2017,Spanish,382
MSc,2016/2017,Spanish,358
PhD,2016/2017,Spanish,391
BSc,2017/2018,Spanish,131
MSc,2017/2018,Spanish,209
PhD,2017/2018,Spanish,493
BSc,2018/2019,Spanish,310
MSc,2018/2019,Spanish,440
PhD,2018/2019,Spanish,306
BSc,2016/2017,German,311
MSc,2016/2017,German,252
PhD,2016/2017,German,262
BSc,2017/2018,German,159
MSc,2017/2018,German,351
PhD,2017/2018,German,412
BSc,2018/2019,German,407
MSc,2018/2019,German,460
PhD,2018/2019,German,394
BSc,2016/2017,Other,323
MSc,2016/2017,Other,497
PhD,2016/2017,Other,190
BSc,2017/2018,Other,181
MSc,2017/2018,Other,455
PhD,2017/2018,Other,484
BSc,2018/2019,Other,304
MSc,2018/2019,Other,110
PhD,2018/2019,Other,396
