{
"filename": "Number_of_graduations_set1_2_DB.csv",
"questions": [{"name": "template 1",
 "sql": "SELECT Value FROM DBdata WHERE (Degree IN ('MSc')) AND (Year IN ('2016/2017'))",
 "sqlResult": "{405}",
 "nlq": "What is the number of graduations with a MSc in 2016/2017?"},
{"name": "template 2",
 "sql": "SELECT Value FROM DBdata WHERE (Degree IN ('BSc')) AND (Year IN ('2015/2016','2016/2017','2018/2019','2019/2020'))",
 "sqlResult": "{485} || {269} || {97} || {389}",
 "nlq": "What is the number of graduations with a BSc in 2015/2016, 2016/2017, 2018/2019, or 2019/2020?"},
{"name": "template 3",
 "sql": "SELECT Value FROM DBdata WHERE (Degree IN ('BSc','MSc','PhD')) AND (Year IN ('2017/2018'))",
 "sqlResult": "{447} || {77} || {300}",
 "nlq": "What is the number of graduations with a BSc, MSc, or PhD in 2017/2018?"},
{"name": "template 4",
 "sql": "SELECT min(Value),sum(Value) FROM DBdata WHERE (Degree IN ('BSc','MSc','PhD')) AND (Year IN ('2019/2020'))",
 "sqlResult": "{112 | 690}",
 "nlq": "What are the minimum and total numbers of graduations with a BSc, MSc, or PhD in 2019/2020?"},
{"name": "template 6",
 "sql": "SELECT Value FROM DBdata WHERE (Degree IN ('BSc','MSc','PhD')) AND (Year IN ('2015/2016','2016/2017','2017/2018','2018/2019'))",
 "sqlResult": "{485} || {73} || {168} || {269} || {405} || {397} || {447} || {77} || {300} || {97} || {425} || {483}",
 "nlq": "What is the number of graduations with a BSc, MSc, or PhD in 2015/2016, 2016/2017, 2017/2018, or 2018/2019?"},
{"name": "template 7",
 "sql": "SELECT avg(Value),sum(Value) FROM DBdata WHERE (Degree IN ('PhD')) AND (Year IN ('2015/2016','2016/2017','2017/2018','2018/2019'))",
 "sqlResult": "{337 | 1348}",
 "nlq": "What are the average and total numbers of graduations with a PhD in 2015/2016, 2016/2017, 2017/2018, or 2018/2019?"},
{"name": "template 8",
 "sql": "SELECT Degree,sum(Value),max(Value) FROM DBdata WHERE (Degree IN ('BSc','MSc','PhD')) AND (Year IN ('2016/2017','2017/2018','2018/2019','2019/2020')) GROUP BY Degree",
 "sqlResult": "{BSc | 1202 | 447} || {MSc | 1019 | 425} || {PhD | 1369 | 483}",
 "nlq": "What are the total and maximum numbers of graduations for each Degree, with a BSc, MSc, or PhD in 2016/2017, 2017/2018, 2018/2019, or 2019/2020? Please, report the corresponding Degree."},
{"name": "template 9",
 "sql": "SELECT min(Value) FROM DBdata WHERE (Degree IN ('BSc')) AND (Year IN ('2015/2016','2016/2017','2017/2018','2018/2019','2019/2020')) GROUP BY Year",
 "sqlResult": "{485} || {269} || {447} || {97} || {389}",
 "nlq": "What is the minimum number of graduations for each Year, with a BSc in 2015/2016, 2016/2017, 2017/2018, 2018/2019, or 2019/2020?"},
{"name": "template 10",
 "sql": "SELECT Year,avg(Value) FROM DBdata WHERE (Degree IN ('BSc')) AND (Year IN ('2015/2016','2016/2017','2017/2018','2018/2019','2019/2020')) GROUP BY Year",
 "sqlResult": "{2015/2016 | 485} || {2016/2017 | 269} || {2017/2018 | 447} || {2018/2019 | 97} || {2019/2020 | 389}",
 "nlq": "What is the average number of graduations for each Year, with a BSc in 2015/2016, 2016/2017, 2017/2018, 2018/2019, or 2019/2020? Please, report the corresponding Year."},
{"name": "template 11",
 "sql": "SELECT Year,Degree,min(Value) FROM DBdata WHERE (Degree IN ('BSc','MSc','PhD')) AND (Year IN ('2015/2016','2016/2017','2017/2018','2018/2019','2019/2020')) GROUP BY Year,Degree",
 "sqlResult": "{2015/2016 | BSc | 485} || {2015/2016 | MSc | 73} || {2015/2016 | PhD | 168} || {2016/2017 | BSc | 269} || {2016/2017 | MSc | 405} || {2016/2017 | PhD | 397} || {2017/2018 | BSc | 447} || {2017/2018 | MSc | 77} || {2017/2018 | PhD | 300} || {2018/2019 | BSc | 97} || {2018/2019 | MSc | 425} || {2018/2019 | PhD | 483} || {2019/2020 | BSc | 389} || {2019/2020 | MSc | 112} || {2019/2020 | PhD | 189}",
 "nlq": "What is the minimum number of graduations for each Year and Degree, with a BSc, MSc, or PhD in 2015/2016, 2016/2017, 2017/2018, 2018/2019, or 2019/2020? Please, report the corresponding Year and Degree."},
{"name": "template 12",
 "sql": "SELECT Value FROM DBdata WHERE (Degree IN ('BSc')) AND (Year IN ('2017/2018','2019/2020')) ORDER BY VALUE ASC LIMIT 2",
 "sqlResult": "{389} || {447}",
 "nlq": "What are the bottom 2 numbers of graduations with a BSc in 2017/2018 or 2019/2020?"},
{"name": "template 13",
 "sql": "SELECT Value FROM DBdata WHERE (Degree IN ('BSc')) AND (Year IN ('2015/2016','2019/2020')) ORDER BY VALUE ASC",
 "sqlResult": "{389} || {485}",
 "nlq": "What are the numbers of graduations ordered by increasing values with a BSc in 2015/2016 or 2019/2020?"},
{"name": "template 14",
 "sql": "SELECT Year FROM DBdata WHERE (Degree IN ('BSc')) AND Value < 287.73",
 "sqlResult": "{2016/2017} || {2018/2019}",
 "nlq": "What is the Year for which the number of graduations with a BSc is lower than 287.73?"},
{"name": "template 15",
 "sql": "SELECT Year,Value FROM DBdata WHERE (Degree IN ('MSc')) AND (Year) IN (SELECT Year FROM DBdata WHERE (Degree IN ('BSc')) AND Value < 287.73)",
 "sqlResult": "{2016/2017 | 405} || {2018/2019 | 425}",
 "nlq": "What is the number of graduations with a MSc in Year for which the number of graduations with a BSc is lower than 287.73? Please, report the corresponding Year and number of graduations."}]
}
