Degree,Year,Language,Value
Degree,Year,Language,Value
BSc,2018/2019,English,68
MSc,2018/2019,English,486
PhD,2018/2019,English,364
BSc,2019/2020,English,153
MSc,2019/2020,English,198
PhD,2019/2020,English,56
BSc,2020/2021,English,194
MSc,2020/2021,English,428
PhD,2020/2021,English,420
BSc,2021/2022,English,253
MSc,2021/2022,English,492
PhD,2021/2022,English,476
BSc,2022/2023,English,148
MSc,2022/2023,English,257
PhD,2022/2023,English,328
BSc,2018/2019,French,382
MSc,2018/2019,French,83
PhD,2018/2019,French,109
BSc,2019/2020,French,88
MSc,2019/2020,French,305
PhD,2019/2020,French,442
BSc,2020/2021,French,407
MSc,2020/2021,French,132
PhD,2020/2021,French,450
BSc,2021/2022,French,122
MSc,2021/2022,French,160
PhD,2021/2022,French,284
BSc,2022/2023,French,400
MSc,2022/2023,French,449
PhD,2022/2023,French,143
