{
"filename": "Number_of_graduations_set38_3_DB.csv",
"questions": [{"name": "template 1",
 "sql": "SELECT Value FROM DBdata WHERE (Degree IN ('MSc')) AND ((Language = 'Other' AND Year = '2017/2018'))",
 "sqlResult": "{415}",
 "nlq": "What is the number of graduations with a MSc in Other in 2017/2018?"},
{"name": "template 2",
 "sql": "SELECT Value FROM DBdata WHERE (Degree IN ('PhD')) AND ((Language = 'German' AND Year = '2016/2017') OR (Language = 'German' AND Year = '2020/2021') OR (Language = 'Other' AND Year = '2016/2017') OR (Language = 'Other' AND Year = '2018/2019') OR (Language = 'Other' AND Year = '2019/2020') OR (Language = 'Other' AND Year = '2020/2021'))",
 "sqlResult": "{86} || {216} || {296} || {104} || {396} || {322}",
 "nlq": "What is the number of graduations with a PhD in German or Other in 2016/2017 or 2020/2021 or in Other in 2018/2019 or 2019/2020?"},
{"name": "template 3",
 "sql": "SELECT Value FROM DBdata WHERE (Degree IN ('BSc','MSc')) AND ((Language = 'German' AND Year = '2018/2019'))",
 "sqlResult": "{247} || {335}",
 "nlq": "What is the number of graduations with a BSc or MSc in German in 2018/2019?"},
{"name": "template 4",
 "sql": "SELECT max(Value),sum(Value) FROM DBdata WHERE (Degree IN ('BSc','MSc','PhD')) AND ((Language = 'German' AND Year = '2020/2021'))",
 "sqlResult": "{216 | 516}",
 "nlq": "What are the maximum and total numbers of graduations with a BSc, MSc, or PhD in German in 2020/2021?"},
{"name": "template 6",
 "sql": "SELECT Value FROM DBdata WHERE (Degree IN ('BSc','PhD')) AND ((Language = 'German' AND Year = '2018/2019') OR (Language = 'Other' AND Year = '2016/2017') OR (Language = 'Other' AND Year = '2017/2018'))",
 "sqlResult": "{247} || {119} || {434} || {296} || {272} || {197}",
 "nlq": "What is the number of graduations with a BSc or PhD in German in 2018/2019 or in Other in 2016/2017 or 2017/2018?"},
{"name": "template 7",
 "sql": "SELECT min(Value),max(Value) FROM DBdata WHERE (Degree IN ('MSc')) AND ((Language = 'German' AND Year = '2020/2021') OR (Language = 'Other' AND Year = '2018/2019'))",
 "sqlResult": "{121 | 158}",
 "nlq": "What are the minimum and maximum numbers of graduations with a MSc in German in 2020/2021 or in Other in 2018/2019?"},
{"name": "template 8",
 "sql": "SELECT Degree,min(Value),sum(Value) FROM DBdata WHERE (Degree IN ('BSc','MSc','PhD')) AND ((Language = 'German' AND Year = '2017/2018') OR (Language = 'German' AND Year = '2018/2019')) GROUP BY Degree",
 "sqlResult": "{BSc | 247 | 610} || {MSc | 51 | 386} || {PhD | 119 | 611}",
 "nlq": "What are the minimum and total numbers of graduations for each Degree, with a BSc, MSc, or PhD in German in 2017/2018 or 2018/2019? Please, report the corresponding Degree."},
{"name": "template 9",
 "sql": "SELECT min(Value) FROM DBdata WHERE (Degree IN ('MSc')) AND (Language IN ('German','Other')) GROUP BY Language",
 "sqlResult": "{51} || {121}",
 "nlq": "What is the minimum number of graduations for each Language, with a MSc in German or Other?"},
{"name": "template 10",
 "sql": "SELECT Language,max(Value) FROM DBdata WHERE (Degree IN ('BSc')) AND (Language IN ('German','Other')) GROUP BY Language",
 "sqlResult": "{German | 430} || {Other | 444}",
 "nlq": "What is the maximum number of graduations for each Language, with a BSc in German or Other? Please, report the corresponding Language."},
{"name": "template 11",
 "sql": "SELECT Language,Degree,min(Value) FROM DBdata WHERE (Degree IN ('BSc','MSc')) AND (Language IN ('German','Other')) GROUP BY Language,Degree",
 "sqlResult": "{German | BSc | 142} || {German | MSc | 51} || {Other | BSc | 272} || {Other | MSc | 121}",
 "nlq": "What is the minimum number of graduations for each Language and Degree, with a BSc or MSc in German or Other? Please, report the corresponding Language and Degree."},
{"name": "template 12",
 "sql": "SELECT Value FROM DBdata WHERE (Degree IN ('PhD')) AND (Language IN ('German','Other')) ORDER BY VALUE DESC LIMIT 3",
 "sqlResult": "{492} || {396} || {322}",
 "nlq": "What are the top 3 numbers of graduations with a PhD in German or Other?"},
{"name": "template 13",
 "sql": "SELECT Value FROM DBdata WHERE (Degree IN ('PhD')) AND (Language IN ('German','Other')) ORDER BY VALUE DESC",
 "sqlResult": "{492} || {396} || {322} || {296} || {216} || {197} || {119} || {112} || {104} || {86}",
 "nlq": "What are the numbers of graduations ordered by decreasing values with a PhD in German or Other?"},
{"name": "template 14",
 "sql": "SELECT Language,Year FROM DBdata WHERE (Degree IN ('BSc')) AND Value < 281.7",
 "sqlResult": "{German | 2018/2019} || {German | 2020/2021} || {Other | 2017/2018}",
 "nlq": "What are the Language and Year for which the number of graduations with a BSc is lower than 281.7?"},
{"name": "template 15",
 "sql": "SELECT Language,Year,Value FROM DBdata WHERE (Degree IN ('PhD')) AND (Language,Year) IN (SELECT Language,Year FROM DBdata WHERE (Degree IN ('BSc')) AND Value < 281.7)",
 "sqlResult": "{German | 2018/2019 | 119} || {German | 2020/2021 | 216} || {Other | 2017/2018 | 197}",
 "nlq": "What is the number of graduations with a PhD in Language and in Year for which the number of graduations with a BSc is lower than 281.7? Please, report the corresponding Language, Year, and number of graduations."}]
}
