AA,BB,CC,Value
AA,BB,CC,Value
AAjt,BBky,CCqz,227
AAkw,BBky,CCqz,315
AAkp,BBky,CCqz,401
AAjt,BBpx,CCqz,149
AAkw,BBpx,CCqz,208
AAkp,BBpx,CCqz,127
AAjt,BBgr,CCqz,450
AAkw,BBgr,CCqz,57
AAkp,BBgr,CCqz,189
AAjt,BBdj,CCqz,295
AAkw,BBdj,CCqz,356
AAkp,BBdj,CCqz,51
AAjt,BBbf,CCqz,343
AAkw,BBbf,CCqz,261
AAkp,BBbf,CCqz,500
AAjt,BBky,CCdn,154
AAkw,BBky,CCdn,459
AAkp,BBky,CCdn,335
AAjt,BBpx,CCdn,83
AAkw,BBpx,CCdn,135
AAkp,BBpx,CCdn,184
AAjt,BBgr,CCdn,376
AAkw,BBgr,CCdn,132
AAkp,BBgr,CCdn,433
AAjt,BBdj,CCdn,324
AAkw,BBdj,CCdn,108
AAkp,BBdj,CCdn,75
AAjt,BBbf,CCdn,294
AAkw,BBbf,CCdn,429
AAkp,BBbf,CCdn,152

