{
"filename": "Number_of_graduations_set8_3_DB.csv",
"questions": [{"name": "template 1",
 "sql": "SELECT Value FROM DBdata WHERE (Degree IN ('BSc')) AND (Year IN ('2019/2020'))",
 "sqlResult": "{436}",
 "nlq": "What is the number of graduations with a BSc in 2019/2020?"},
{"name": "template 2",
 "sql": "SELECT Value FROM DBdata WHERE (Degree IN ('BSc')) AND (Year IN ('2017/2018','2018/2019','2019/2020','2020/2021','2021/2022'))",
 "sqlResult": "{264} || {170} || {436} || {239} || {370}",
 "nlq": "What is the number of graduations with a BSc in 2017/2018, 2018/2019, 2019/2020, 2020/2021, or 2021/2022?"},
{"name": "template 3",
 "sql": "SELECT Value FROM DBdata WHERE (Degree IN ('BSc','MSc')) AND (Year IN ('2018/2019'))",
 "sqlResult": "{170} || {306}",
 "nlq": "What is the number of graduations with a BSc or MSc in 2018/2019?"},
{"name": "template 4",
 "sql": "SELECT sum(Value),min(Value) FROM DBdata WHERE (Degree IN ('BSc','MSc','PhD')) AND (Year IN ('2019/2020'))",
 "sqlResult": "{1202 | 307}",
 "nlq": "What are the total and minimum numbers of graduations with a BSc, MSc, or PhD in 2019/2020?"},
{"name": "template 6",
 "sql": "SELECT Value FROM DBdata WHERE (Degree IN ('BSc','MSc','PhD')) AND (Year IN ('2017/2018','2019/2020','2021/2022'))",
 "sqlResult": "{264} || {426} || {343} || {436} || {307} || {459} || {370} || {481} || {458}",
 "nlq": "What is the number of graduations with a BSc, MSc, or PhD in 2017/2018, 2019/2020, or 2021/2022?"},
{"name": "template 7",
 "sql": "SELECT min(Value),avg(Value) FROM DBdata WHERE (Degree IN ('BSc')) AND (Year IN ('2017/2018','2018/2019','2019/2020','2020/2021','2021/2022'))",
 "sqlResult": "{170 | 295.8}",
 "nlq": "What are the minimum and average numbers of graduations with a BSc in 2017/2018, 2018/2019, 2019/2020, 2020/2021, or 2021/2022?"},
{"name": "template 8",
 "sql": "SELECT Degree,avg(Value),min(Value) FROM DBdata WHERE (Degree IN ('BSc','PhD')) AND (Year IN ('2017/2018','2018/2019','2020/2021')) GROUP BY Degree",
 "sqlResult": "{BSc | 224.33 | 170} || {PhD | 324.33 | 145}",
 "nlq": "What are the average and minimum numbers of graduations for each Degree, with a BSc or PhD in 2017/2018, 2018/2019, or 2020/2021? Please, report the corresponding Degree."},
{"name": "template 9",
 "sql": "SELECT min(Value) FROM DBdata WHERE (Degree IN ('MSc')) AND (Year IN ('2017/2018','2018/2019','2019/2020','2020/2021','2021/2022')) GROUP BY Year",
 "sqlResult": "{426} || {306} || {307} || {86} || {481}",
 "nlq": "What is the minimum number of graduations for each Year, with a MSc in 2017/2018, 2018/2019, 2019/2020, 2020/2021, or 2021/2022?"},
{"name": "template 10",
 "sql": "SELECT Year,sum(Value) FROM DBdata WHERE (Degree IN ('MSc')) AND (Year IN ('2017/2018','2018/2019','2019/2020','2020/2021','2021/2022')) GROUP BY Year",
 "sqlResult": "{2017/2018 | 426} || {2018/2019 | 306} || {2019/2020 | 307} || {2020/2021 | 86} || {2021/2022 | 481}",
 "nlq": "What is the total number of graduations for each Year, with a MSc in 2017/2018, 2018/2019, 2019/2020, 2020/2021, or 2021/2022? Please, report the corresponding Year."},
{"name": "template 11",
 "sql": "SELECT Year,Degree,avg(Value) FROM DBdata WHERE (Degree IN ('MSc','PhD')) AND (Year IN ('2017/2018','2018/2019','2019/2020','2020/2021','2021/2022')) GROUP BY Year,Degree",
 "sqlResult": "{2017/2018 | MSc | 426} || {2017/2018 | PhD | 343} || {2018/2019 | MSc | 306} || {2018/2019 | PhD | 485} || {2019/2020 | MSc | 307} || {2019/2020 | PhD | 459} || {2020/2021 | MSc | 86} || {2020/2021 | PhD | 145} || {2021/2022 | MSc | 481} || {2021/2022 | PhD | 458}",
 "nlq": "What is the average number of graduations for each Year and Degree, with a MSc or PhD in 2017/2018, 2018/2019, 2019/2020, 2020/2021, or 2021/2022? Please, report the corresponding Year and Degree."},
{"name": "template 12",
 "sql": "SELECT Value FROM DBdata WHERE (Degree IN ('BSc')) AND (Year IN ('2019/2020','2020/2021')) ORDER BY VALUE DESC LIMIT 2",
 "sqlResult": "{436} || {239}",
 "nlq": "What are the top 2 numbers of graduations with a BSc in 2019/2020 or 2020/2021?"},
{"name": "template 13",
 "sql": "SELECT Value FROM DBdata WHERE (Degree IN ('BSc')) AND (Year IN ('2018/2019','2019/2020')) ORDER BY VALUE DESC",
 "sqlResult": "{436} || {170}",
 "nlq": "What are the numbers of graduations ordered by decreasing values with a BSc in 2018/2019 or 2019/2020?"},
{"name": "template 14",
 "sql": "SELECT Year FROM DBdata WHERE (Degree IN ('MSc')) AND Value > 331.67",
 "sqlResult": "{2017/2018} || {2021/2022}",
 "nlq": "What is the Year for which the number of graduations with a MSc is greater than 331.67?"},
{"name": "template 15",
 "sql": "SELECT Year,Value FROM DBdata WHERE (Degree IN ('BSc')) AND (Year) IN (SELECT Year FROM DBdata WHERE (Degree IN ('MSc')) AND Value > 331.67)",
 "sqlResult": "{2017/2018 | 264} || {2021/2022 | 370}",
 "nlq": "What is the number of graduations with a BSc in Year for which the number of graduations with a MSc is greater than 331.67? Please, report the corresponding Year and number of graduations."}]
}
