{
"filename": "Number_of_graduations_set40_4_DB.csv",
"questions": [{"name": "template 1",
 "sql": "SELECT Value FROM DBdata WHERE (Degree IN ('BSc')) AND ((Year = '2016/2017' AND Language = 'German'))",
 "sqlResult": "{92}",
 "nlq": "What is the number of graduations with a BSc in German in 2016/2017?"},
{"name": "template 2",
 "sql": "SELECT Value FROM DBdata WHERE (Degree IN ('MSc')) AND ((Year = '2017/2018' AND Language = 'Spanish') OR (Year = '2018/2019' AND Language = 'Spanish') OR (Year = '2016/2017' AND Language = 'German') OR (Year = '2017/2018' AND Language = 'German'))",
 "sqlResult": "{147} || {245} || {225} || {309}",
 "nlq": "What is the number of graduations with a MSc in German in 2016/2017 or in German or Spanish in 2017/2018 or in Spanish in 2018/2019?"},
{"name": "template 3",
 "sql": "SELECT Value FROM DBdata WHERE (Degree IN ('BSc','MSc')) AND ((Year = '2017/2018' AND Language = 'German'))",
 "sqlResult": "{319} || {309}",
 "nlq": "What is the number of graduations with a BSc or MSc in German in 2017/2018?"},
{"name": "template 4",
 "sql": "SELECT avg(Value),min(Value) FROM DBdata WHERE (Degree IN ('BSc','MSc')) AND ((Year = '2017/2018' AND Language = 'Spanish'))",
 "sqlResult": "{211 | 147}",
 "nlq": "What are the average and minimum numbers of graduations with a BSc or MSc in Spanish in 2017/2018?"},
{"name": "template 6",
 "sql": "SELECT Value FROM DBdata WHERE (Degree IN ('BSc','MSc','PhD')) AND ((Year = '2016/2017' AND Language = 'Spanish') OR (Year = '2017/2018' AND Language = 'Spanish') OR (Year = '2018/2019' AND Language = 'Spanish') OR (Year = '2016/2017' AND Language = 'German'))",
 "sqlResult": "{393} || {452} || {54} || {275} || {147} || {492} || {100} || {245} || {431} || {92} || {225} || {141}",
 "nlq": "What is the number of graduations with a BSc, MSc, or PhD in German in 2016/2017 or in Spanish in 2016/2017, 2017/2018, or 2018/2019?"},
{"name": "template 7",
 "sql": "SELECT avg(Value),min(Value) FROM DBdata WHERE (Degree IN ('BSc')) AND ((Year = '2016/2017' AND Language = 'Spanish') OR (Year = '2018/2019' AND Language = 'German'))",
 "sqlResult": "{332 | 271}",
 "nlq": "What are the average and minimum numbers of graduations with a BSc in German in 2018/2019 or in Spanish in 2016/2017?"},
{"name": "template 8",
 "sql": "SELECT Degree,min(Value),avg(Value) FROM DBdata WHERE (Degree IN ('BSc','MSc','PhD')) AND ((Year = '2016/2017' AND Language = 'Spanish') OR (Year = '2017/2018' AND Language = 'Spanish') OR (Year = '2016/2017' AND Language = 'German') OR (Year = '2017/2018' AND Language = 'German') OR (Year = '2018/2019' AND Language = 'German')) GROUP BY Degree",
 "sqlResult": "{BSc | 92 | 270} || {MSc | 147 | 264} || {PhD | 54 | 267.8}",
 "nlq": "What are the minimum and average numbers of graduations for each Degree, with a BSc, MSc, or PhD in German in 2018/2019 or in German or Spanish in 2016/2017 or 2017/2018? Please, report the corresponding Degree."},
{"name": "template 9",
 "sql": "SELECT min(Value) FROM DBdata WHERE (Degree IN ('PhD')) AND (Year IN ('2016/2017','2017/2018','2018/2019')) GROUP BY Year",
 "sqlResult": "{54} || {170} || {431}",
 "nlq": "What is the minimum number of graduations for each Year, with a PhD in 2016/2017, 2017/2018, or 2018/2019?"},
{"name": "template 10",
 "sql": "SELECT Year,avg(Value) FROM DBdata WHERE (Degree IN ('PhD')) AND (Year IN ('2016/2017','2017/2018','2018/2019')) GROUP BY Year",
 "sqlResult": "{2016/2017 | 97.5} || {2017/2018 | 331} || {2018/2019 | 456.5}",
 "nlq": "What is the average number of graduations for each Year, with a PhD in 2016/2017, 2017/2018, or 2018/2019? Please, report the corresponding Year."},
{"name": "template 11",
 "sql": "SELECT Year,Degree,avg(Value) FROM DBdata WHERE (Degree IN ('BSc','MSc','PhD')) AND (Year IN ('2016/2017','2017/2018','2018/2019')) GROUP BY Year,Degree",
 "sqlResult": "{2016/2017 | BSc | 242.5} || {2016/2017 | MSc | 338.5} || {2016/2017 | PhD | 97.5} || {2017/2018 | BSc | 297} || {2017/2018 | MSc | 228} || {2017/2018 | PhD | 331} || {2018/2019 | BSc | 185.5} || {2018/2019 | MSc | 216} || {2018/2019 | PhD | 456.5}",
 "nlq": "What is the average number of graduations for each Year and Degree, with a BSc, MSc, or PhD in 2016/2017, 2017/2018, or 2018/2019? Please, report the corresponding Year and Degree."},
{"name": "template 12",
 "sql": "SELECT Value FROM DBdata WHERE (Degree IN ('BSc')) AND (Year IN ('2017/2018','2018/2019')) ORDER BY VALUE ASC LIMIT 3",
 "sqlResult": "{100} || {271} || {275}",
 "nlq": "What are the bottom 3 numbers of graduations with a BSc in 2017/2018 or 2018/2019?"},
{"name": "template 13",
 "sql": "SELECT Value FROM DBdata WHERE (Degree IN ('MSc')) AND (Year IN ('2016/2017','2018/2019')) ORDER BY VALUE DESC",
 "sqlResult": "{452} || {245} || {225} || {187}",
 "nlq": "What are the numbers of graduations ordered by decreasing values with a MSc in 2016/2017 or 2018/2019?"},
{"name": "template 14",
 "sql": "SELECT Year,Language FROM DBdata WHERE (Degree IN ('PhD')) AND Value > 265.83",
 "sqlResult": "{2017/2018 | Spanish} || {2018/2019 | Spanish} || {2018/2019 | German}",
 "nlq": "What are the Year and Language for which the number of graduations with a PhD is greater than 265.83?"},
{"name": "template 15",
 "sql": "SELECT Year,Language,Value FROM DBdata WHERE (Degree IN ('MSc')) AND (Year,Language) IN (SELECT Year,Language FROM DBdata WHERE (Degree IN ('PhD')) AND Value > 265.83)",
 "sqlResult": "{2017/2018 | Spanish | 147} || {2018/2019 | Spanish | 245} || {2018/2019 | German | 187}",
 "nlq": "What is the number of graduations with a MSc in Year and in Language for which the number of graduations with a PhD is greater than 265.83? Please, report the corresponding Year, Language, and number of graduations."}]
}
