AA,BB,CC,Value
AA,BB,CC,Value
AAck,BBdt,CCcm,355
AAgx,BBdt,CCcm,261
AAlv,BBdt,CCcm,99
AAck,BBdp,CCcm,439
AAgx,BBdp,CCcm,88
AAlv,BBdp,CCcm,412
AAck,BBjk,CCcm,358
AAgx,BBjk,CCcm,409
AAlv,BBjk,CCcm,97
AAck,BBcy,CCcm,133
AAgx,BBcy,CCcm,335
AAlv,BBcy,CCcm,364
AAck,BBdt,CCft,151
AAgx,BBdt,CCft,451
AAlv,BBdt,CCft,458
AAck,BBdp,CCft,366
AAgx,BBdp,CCft,231
AAlv,BBdp,CCft,457
AAck,BBjk,CCft,73
AAgx,BBjk,CCft,148
AAlv,BBjk,CCft,116
AAck,BBcy,CCft,237
AAgx,BBcy,CCft,223
AAlv,BBcy,CCft,167
AAck,BBdt,CCcj,472
AAgx,BBdt,CCcj,407
AAlv,BBdt,CCcj,299
AAck,BBdp,CCcj,104
AAgx,BBdp,CCcj,157
AAlv,BBdp,CCcj,141
AAck,BBjk,CCcj,86
AAgx,BBjk,CCcj,129
AAlv,BBjk,CCcj,174
AAck,BBcy,CCcj,227
AAgx,BBcy,CCcj,199
AAlv,BBcy,CCcj,319

