{
"filename": "Number_of_graduations_set38_3_DB.csv",
"questions": [{"name": "template 1",
 "sql": "SELECT Value FROM DBdata WHERE (AA IN ('AAls')) AND ((CC = 'CCtv' AND BB = 'BBhs'))",
 "sqlResult": "{415}",
 "nlq": "What is the number of graduations with a AAls in CCtv in BBhs?"},
{"name": "template 2",
 "sql": "SELECT Value FROM DBdata WHERE (AA IN ('AAft')) AND ((CC = 'CCpy' AND BB = 'BBqx') OR (CC = 'CCpy' AND BB = 'BBct') OR (CC = 'CCtv' AND BB = 'BBqx') OR (CC = 'CCtv' AND BB = 'BBvw') OR (CC = 'CCtv' AND BB = 'BBfh') OR (CC = 'CCtv' AND BB = 'BBct'))",
 "sqlResult": "{86} || {216} || {296} || {104} || {396} || {322}",
 "nlq": "What is the number of graduations with a AAft in CCpy or CCtv in BBqx or BBct or in CCtv in BBvw or BBfh?"},
{"name": "template 3",
 "sql": "SELECT Value FROM DBdata WHERE (AA IN ('AAty','AAls')) AND ((CC = 'CCpy' AND BB = 'BBvw'))",
 "sqlResult": "{247} || {335}",
 "nlq": "What is the number of graduations with a AAty or AAls in CCpy in BBvw?"},
{"name": "template 4",
 "sql": "SELECT max(Value),sum(Value) FROM DBdata WHERE (AA IN ('AAty','AAls','AAft')) AND ((CC = 'CCpy' AND BB = 'BBct'))",
 "sqlResult": "{216 | 516}",
 "nlq": "What are the maximum and total numbers of graduations with a AAty, AAls, or AAft in CCpy in BBct?"},
{"name": "template 6",
 "sql": "SELECT Value FROM DBdata WHERE (AA IN ('AAty','AAft')) AND ((CC = 'CCpy' AND BB = 'BBvw') OR (CC = 'CCtv' AND BB = 'BBqx') OR (CC = 'CCtv' AND BB = 'BBhs'))",
 "sqlResult": "{247} || {119} || {434} || {296} || {272} || {197}",
 "nlq": "What is the number of graduations with a AAty or AAft in CCpy in BBvw or in CCtv in BBqx or BBhs?"},
{"name": "template 7",
 "sql": "SELECT min(Value),max(Value) FROM DBdata WHERE (AA IN ('AAls')) AND ((CC = 'CCpy' AND BB = 'BBct') OR (CC = 'CCtv' AND BB = 'BBvw'))",
 "sqlResult": "{121 | 158}",
 "nlq": "What are the minimum and maximum numbers of graduations with a AAls in CCpy in BBct or in CCtv in BBvw?"},
{"name": "template 8",
 "sql": "SELECT AA,min(Value),sum(Value) FROM DBdata WHERE (AA IN ('AAty','AAls','AAft')) AND ((CC = 'CCpy' AND BB = 'BBhs') OR (CC = 'CCpy' AND BB = 'BBvw')) GROUP BY AA",
 "sqlResult": "{AAty | 247 | 610} || {AAls | 51 | 386} || {AAft | 119 | 611}",
 "nlq": "What are the minimum and total numbers of graduations for each AA, with a AAty, AAls, or AAft in CCpy in BBhs or BBvw? Please, report the corresponding AA."},
{"name": "template 9",
 "sql": "SELECT min(Value) FROM DBdata WHERE (AA IN ('AAls')) AND (CC IN ('CCpy','CCtv')) GROUP BY CC",
 "sqlResult": "{51} || {121}",
 "nlq": "What is the minimum number of graduations for each CC, with a AAls in CCpy or CCtv?"},
{"name": "template 10",
 "sql": "SELECT CC,max(Value) FROM DBdata WHERE (AA IN ('AAty')) AND (CC IN ('CCpy','CCtv')) GROUP BY CC",
 "sqlResult": "{CCpy | 430} || {CCtv | 444}",
 "nlq": "What is the maximum number of graduations for each CC, with a AAty in CCpy or CCtv? Please, report the corresponding CC."},
{"name": "template 11",
 "sql": "SELECT CC,AA,min(Value) FROM DBdata WHERE (AA IN ('AAty','AAls')) AND (CC IN ('CCpy','CCtv')) GROUP BY CC,AA",
 "sqlResult": "{CCpy | AAty | 142} || {CCpy | AAls | 51} || {CCtv | AAty | 272} || {CCtv | AAls | 121}",
 "nlq": "What is the minimum number of graduations for each CC and AA, with a AAty or AAls in CCpy or CCtv? Please, report the corresponding CC and AA."},
{"name": "template 12",
 "sql": "SELECT Value FROM DBdata WHERE (AA IN ('AAft')) AND (CC IN ('CCpy','CCtv')) ORDER BY VALUE DESC LIMIT 3",
 "sqlResult": "{492} || {396} || {322}",
 "nlq": "What are the top 3 numbers of graduations with a AAft in CCpy or CCtv?"},
{"name": "template 13",
 "sql": "SELECT Value FROM DBdata WHERE (AA IN ('AAft')) AND (CC IN ('CCpy','CCtv')) ORDER BY VALUE DESC",
 "sqlResult": "{492} || {396} || {322} || {296} || {216} || {197} || {119} || {112} || {104} || {86}",
 "nlq": "What are the numbers of graduations ordered by decreasing values with a AAft in CCpy or CCtv?"},
{"name": "template 14",
 "sql": "SELECT CC,BB FROM DBdata WHERE (AA IN ('AAty')) AND Value < 281.7",
 "sqlResult": "{CCpy | BBvw} || {CCpy | BBct} || {CCtv | BBhs}",
 "nlq": "What are the CC and BB for which the number of graduations with a AAty is lower than 281.7?"},
{"name": "template 15",
 "sql": "SELECT CC,BB,Value FROM DBdata WHERE (AA IN ('AAft')) AND (CC,BB) IN (SELECT CC,BB FROM DBdata WHERE (AA IN ('AAty')) AND Value < 281.7)",
 "sqlResult": "{CCpy | BBvw | 119} || {CCpy | BBct | 216} || {CCtv | BBhs | 197}",
 "nlq": "What is the number of graduations with a AAft in CC and in BB for which the number of graduations with a AAty is lower than 281.7? Please, report the corresponding CC, BB, and number of graduations."}]
}

