{
"filename": "Number_of_graduations_set7_1_DB.csv",
"questions": [{"name": "template 1",
 "sql": "SELECT Value FROM DBdata WHERE (AA IN ('AAgv')) AND (BB IN ('BBfj'))",
 "sqlResult": "{98}",
 "nlq": "What is the number of graduations with a AAgv in BBfj?"},
{"name": "template 2",
 "sql": "SELECT Value FROM DBdata WHERE (AA IN ('AAsz')) AND (BB IN ('BBfj','BBhm','BBnt'))",
 "sqlResult": "{61} || {160} || {463}",
 "nlq": "What is the number of graduations with a AAsz in BBfj, BBhm, or BBnt?"},
{"name": "template 3",
 "sql": "SELECT Value FROM DBdata WHERE (AA IN ('AAqy','AAsz','AAgv')) AND (BB IN ('BBfj'))",
 "sqlResult": "{305} || {61} || {98}",
 "nlq": "What is the number of graduations with a AAqy, AAsz, or AAgv in BBfj?"},
{"name": "template 4",
 "sql": "SELECT min(Value),max(Value) FROM DBdata WHERE (AA IN ('AAsz','AAgv')) AND (BB IN ('BBfj'))",
 "sqlResult": "{61 | 98}",
 "nlq": "What are the minimum and maximum numbers of graduations with a AAsz or AAgv in BBfj?"},
{"name": "template 6",
 "sql": "SELECT Value FROM DBdata WHERE (AA IN ('AAqy','AAsz','AAgv')) AND (BB IN ('BBhm','BBgj'))",
 "sqlResult": "{207} || {160} || {309} || {437} || {456} || {173}",
 "nlq": "What is the number of graduations with a AAqy, AAsz, or AAgv in BBhm or BBgj?"},
{"name": "template 7",
 "sql": "SELECT avg(Value),min(Value) FROM DBdata WHERE (AA IN ('AAsz')) AND (BB IN ('BBfj','BBhm','BBnt'))",
 "sqlResult": "{228 | 61}",
 "nlq": "What are the average and minimum numbers of graduations with a AAsz in BBfj, BBhm, or BBnt?"},
{"name": "template 8",
 "sql": "SELECT AA,sum(Value),min(Value) FROM DBdata WHERE (AA IN ('AAqy','AAsz')) AND (BB IN ('BBhm','BBgj')) GROUP BY AA",
 "sqlResult": "{AAqy | 644 | 207} || {AAsz | 616 | 160}",
 "nlq": "What are the total and minimum numbers of graduations for each AA, with a AAqy or AAsz in BBhm or BBgj? Please, report the corresponding AA."},
{"name": "template 9",
 "sql": "SELECT min(Value) FROM DBdata WHERE (AA IN ('AAsz')) AND (BB IN ('BBfj','BBhm','BBgj','BBnt')) GROUP BY BB",
 "sqlResult": "{61} || {160} || {456} || {463}",
 "nlq": "What is the minimum number of graduations for each BB, with a AAsz in BBfj, BBhm, BBgj, or BBnt?"},
{"name": "template 10",
 "sql": "SELECT BB,sum(Value) FROM DBdata WHERE (AA IN ('AAgv')) AND (BB IN ('BBfj','BBhm','BBgj','BBnt')) GROUP BY BB",
 "sqlResult": "{BBfj | 98} || {BBhm | 309} || {BBgj | 173} || {BBnt | 241}",
 "nlq": "What is the total number of graduations for each BB, with a AAgv in BBfj, BBhm, BBgj, or BBnt? Please, report the corresponding BB."},
{"name": "template 11",
 "sql": "SELECT BB,AA,sum(Value) FROM DBdata WHERE (AA IN ('AAsz','AAgv')) AND (BB IN ('BBfj','BBhm','BBgj','BBnt')) GROUP BY BB,AA",
 "sqlResult": "{BBfj | AAsz | 61} || {BBfj | AAgv | 98} || {BBhm | AAsz | 160} || {BBhm | AAgv | 309} || {BBgj | AAsz | 456} || {BBgj | AAgv | 173} || {BBnt | AAsz | 463} || {BBnt | AAgv | 241}",
 "nlq": "What is the total number of graduations for each BB and AA, with a AAsz or AAgv in BBfj, BBhm, BBgj, or BBnt? Please, report the corresponding BB and AA."},
{"name": "template 12",
 "sql": "SELECT Value FROM DBdata WHERE (AA IN ('AAqy')) AND (BB IN ('BBfj','BBgj')) ORDER BY VALUE DESC LIMIT 2",
 "sqlResult": "{437} || {305}",
 "nlq": "What are the top 2 numbers of graduations with a AAqy in BBfj or BBgj?"},
{"name": "template 13",
 "sql": "SELECT Value FROM DBdata WHERE (AA IN ('AAsz')) AND (BB IN ('BBhm','BBnt')) ORDER BY VALUE ASC",
 "sqlResult": "{160} || {463}",
 "nlq": "What are the numbers of graduations ordered by increasing values with a AAsz in BBhm or BBnt?"},
{"name": "template 14",
 "sql": "SELECT BB FROM DBdata WHERE (AA IN ('AAgv')) AND Value > 270.75",
 "sqlResult": "{BBhm}",
 "nlq": "What is the BB for which the number of graduations with a AAgv is greater than 270.75?"},
{"name": "template 15",
 "sql": "SELECT BB,Value FROM DBdata WHERE (AA IN ('AAqy')) AND (BB) IN (SELECT BB FROM DBdata WHERE (AA IN ('AAgv')) AND Value > 270.75)",
 "sqlResult": "{BBhm | 207}",
 "nlq": "What is the number of graduations with a AAqy in BB for which the number of graduations with a AAgv is greater than 270.75? Please, report the corresponding BB and number of graduations."}]
}

