Degree,Year,Language,Value
Degree,Year,Language,Value
BSc,2016/2017,French,64
MSc,2016/2017,French,455
PhD,2016/2017,French,347
BSc,2017/2018,French,307
MSc,2017/2018,French,81
PhD,2017/2018,French,134
BSc,2018/2019,French,381
MSc,2018/2019,French,410
PhD,2018/2019,French,100
BSc,2019/2020,French,495
MSc,2019/2020,French,421
PhD,2019/2020,French,229
BSc,2020/2021,French,364
MSc,2020/2021,French,127
PhD,2020/2021,French,434
BSc,2016/2017,Spanish,301
MSc,2016/2017,Spanish,201
PhD,2016/2017,Spanish,365
BSc,2017/2018,Spanish,200
MSc,2017/2018,Spanish,298
PhD,2017/2018,Spanish,251
BSc,2018/2019,Spanish,312
MSc,2018/2019,Spanish,108
PhD,2018/2019,Spanish,402
BSc,2019/2020,Spanish,396
MSc,2019/2020,Spanish,183
PhD,2019/2020,Spanish,62
BSc,2020/2021,Spanish,472
MSc,2020/2021,Spanish,131
PhD,2020/2021,Spanish,211
BSc,2016/2017,German,253
MSc,2016/2017,German,234
PhD,2016/2017,German,149
BSc,2017/2018,German,416
MSc,2017/2018,German,354
PhD,2017/2018,German,63
BSc,2018/2019,German,148
MSc,2018/2019,German,315
PhD,2018/2019,German,177
BSc,2019/2020,German,156
MSc,2019/2020,German,193
PhD,2019/2020,German,385
BSc,2020/2021,German,296
MSc,2020/2021,German,246
PhD,2020/2021,German,61
BSc,2016/2017,Other,242
MSc,2016/2017,Other,458
PhD,2016/2017,Other,245
BSc,2017/2018,Other,351
MSc,2017/2018,Other,88
PhD,2017/2018,Other,118
BSc,2018/2019,Other,247
MSc,2018/2019,Other,323
PhD,2018/2019,Other,140
BSc,2019/2020,Other,433
MSc,2019/2020,Other,447
PhD,2019/2020,Other,187
BSc,2020/2021,Other,326
MSc,2020/2021,Other,58
PhD,2020/2021,Other,204
