{
"filename": "Number_of_graduations_set360_5_DB.csv",
"questions": [{"name": "template 1",
 "sql": "SELECT Value FROM DBdata WHERE ((BB = 'BBdgy' AND CC = 'Non-CCkln' AND AA = 'AApsx')) AND ((DD = 'DDjpz' AND EE = 'EErty'))",
 "sqlResult": "{51}",
 "nlq": "What is the number of graduations of BBdgy students with a AApsx in EErty in DDjpz?"},
{"name": "template 2",
 "sql": "SELECT Value FROM DBdata WHERE ((BB = 'BBstv' AND CC = 'CCkln' AND AA = 'AAlnv')) AND ((DD = 'DDdls' AND EE = 'EEfpw') OR (DD = 'DDjpz' AND EE = 'EEfpw') OR (DD = 'DDdls' AND EE = 'EEhlv') OR (DD = 'DDjkq' AND EE = 'EEhlv') OR (DD = 'DDbfq' AND EE = 'EEhlv') OR (DD = 'DDbfq' AND EE = 'EErty'))",
 "sqlResult": "{116} || {227} || {135} || {122} || {160} || {69}",
 "nlq": "What is the number of graduations of BBstv students with a AAlnv in EEfpw in DDjpz or in EEfpw or EEhlv in DDdls or in EEhlv in DDjkq or DDbfq or in EErty in DDbfq?"},
{"name": "template 3",
 "sql": "SELECT Value FROM DBdata WHERE ((BB = 'BBstv' AND CC = 'CCkln' AND AA = 'AAlnv') OR (BB = 'BBdgy' AND CC = 'CCkln' AND AA = 'AAbpx') OR (BB = 'BBstv' AND CC = 'Non-CCkln' AND AA = 'AApsx') OR (BB = 'BBdgy' AND CC = 'Non-CCkln' AND AA = 'AAbpx') OR (BB = 'BBdgy' AND CC = 'Non-CCkln' AND AA = 'AApsx')) AND ((DD = 'DDdls' AND EE = 'EErty'))",
 "sqlResult": "{380} || {318} || {297} || {334} || {239}",
 "nlq": "What is the number of graduations of BBdgy students with a AAbpx or AApsx or of BBstv students with a AAlnv or AApsx in EErty in DDdls?"},
{"name": "template 4",
 "sql": "SELECT min(Value),avg(Value) FROM DBdata WHERE ((BB = 'BBdgy' AND CC = 'CCkln' AND AA = 'AAlnv') OR (BB = 'BBstv' AND CC = 'Non-CCkln' AND AA = 'AAbpx') OR (BB = 'BBstv' AND CC = 'Non-CCkln' AND AA = 'AApsx')) AND ((DD = 'DDjpz' AND EE = 'EErty'))",
 "sqlResult": "{92 | 231}",
 "nlq": "What are the minimum and average numbers of graduations of BBdgy students with a AAlnv or of BBstv students with a AAbpx or AApsx in EErty in DDjpz?"},
{"name": "template 5",
 "sql": "SELECT sum(Value) FROM DBdata WHERE BB = 'BBstv' AND (CC IN ('CCkln','Non-CCkln')) AND ((DD = 'DDdls' AND EE = 'EErty'))",
 "sqlResult": "{2120}",
 "nlq": "What is the total number of graduations of BBstv students in EErty in DDdls?"},
{"name": "template 6",
 "sql": "SELECT Value FROM DBdata WHERE ((BB = 'BBstv' AND CC = 'CCkln' AND AA = 'AApsx') OR (BB = 'BBdgy' AND CC = 'CCkln' AND AA = 'AAlnv') OR (BB = 'BBstv' AND CC = 'Non-CCkln' AND AA = 'AAbpx') OR (BB = 'BBdgy' AND CC = 'Non-CCkln' AND AA = 'AAlnv')) AND ((DD = 'DDjkq' AND EE = 'EErty') OR (DD = 'DDjpz' AND EE = 'EErty'))",
 "sqlResult": "{381} || {395} || {291} || {79} || {413} || {190} || {92} || {348}",
 "nlq": "What is the number of graduations of BBdgy students with a AAlnv or of BBstv students with a AAbpx or AApsx in EErty in DDjkq or DDjpz?"},
{"name": "template 7",
 "sql": "SELECT avg(Value),sum(Value) FROM DBdata WHERE ((BB = 'BBstv' AND CC = 'CCkln' AND AA = 'AAlnv')) AND ((DD = 'DDdls' AND EE = 'EEhlv') OR (DD = 'DDdls' AND EE = 'EErty'))",
 "sqlResult": "{257.5 | 515}",
 "nlq": "What are the average and total numbers of graduations of BBstv students with a AAlnv in EEhlv or EErty in DDdls?"},
{"name": "template 8",
 "sql": "SELECT BB,CC,AA,sum(Value),min(Value) FROM DBdata WHERE ((BB = 'BBdgy' AND CC = 'CCkln' AND AA = 'AAbpx') OR (BB = 'BBdgy' AND CC = 'CCkln' AND AA = 'AAlnv') OR (BB = 'BBdgy' AND CC = 'CCkln' AND AA = 'AApsx')) AND ((DD = 'DDjkq' AND EE = 'EEhlv') OR (DD = 'DDjpz' AND EE = 'EEhlv')) GROUP BY BB,CC,AA",
 "sqlResult": "{BBdgy | CCkln | AAbpx | 311 | 80} || {BBdgy | CCkln | AAlnv | 500 | 151} || {BBdgy | CCkln | AApsx | 743 | 337}",
 "nlq": "What are the total and minimum numbers of graduations for each BB, CC, and AA, of BBdgy students with a AAbpx, AAlnv, or AApsx in EEhlv in DDjkq or DDjpz? Please, report the corresponding BB, CC, and AA."},
{"name": "template 9",
 "sql": "SELECT min(Value) FROM DBdata WHERE ((BB = 'BBdgy' AND CC = 'CCkln' AND AA = 'AApsx')) AND (DD IN ('DDdls','DDjkq','DDjpz','DDbfq')) GROUP BY DD",
 "sqlResult": "{260} || {248} || {314} || {103}",
 "nlq": "What is the minimum number of graduations for each DD, of BBdgy students with a AApsx in DDdls, DDjkq, DDjpz, or DDbfq?"},
{"name": "template 10",
 "sql": "SELECT DD,avg(Value) FROM DBdata WHERE ((BB = 'BBdgy' AND CC = 'CCkln' AND AA = 'AAlnv')) AND (DD IN ('DDdls','DDjkq','DDjpz','DDbfq')) GROUP BY DD",
 "sqlResult": "{DDdls | 366.67} || {DDjkq | 328.33} || {DDjpz | 261.67} || {DDbfq | 397.67}",
 "nlq": "What is the average number of graduations for each DD, of BBdgy students with a AAlnv in DDdls, DDjkq, DDjpz, or DDbfq? Please, report the corresponding DD."},
{"name": "template 11",
 "sql": "SELECT DD,BB,CC,AA,sum(Value) FROM DBdata WHERE ((BB = 'BBdgy' AND CC = 'CCkln' AND AA = 'AAbpx') OR (BB = 'BBdgy' AND CC = 'CCkln' AND AA = 'AApsx')) AND (DD IN ('DDdls','DDjkq','DDjpz','DDbfq')) GROUP BY DD,BB,CC,AA",
 "sqlResult": "{DDdls | BBdgy | CCkln | AAbpx | 861} || {DDdls | BBdgy | CCkln | AApsx | 1150} || {DDjkq | BBdgy | CCkln | AAbpx | 970} || {DDjkq | BBdgy | CCkln | AApsx | 904} || {DDjpz | BBdgy | CCkln | AAbpx | 486} || {DDjpz | BBdgy | CCkln | AApsx | 1045} || {DDbfq | BBdgy | CCkln | AAbpx | 867} || {DDbfq | BBdgy | CCkln | AApsx | 911}",
 "nlq": "What is the total number of graduations for each DD, BB, CC, and AA, of BBdgy students with a AAbpx or AApsx in DDdls, DDjkq, DDjpz, or DDbfq? Please, report the corresponding DD, BB, CC, and AA."},
{"name": "template 12",
 "sql": "SELECT Value FROM DBdata WHERE ((BB = 'BBdgy' AND CC = 'Non-CCkln' AND AA = 'AAbpx')) AND (DD IN ('DDjkq','DDjpz')) ORDER BY VALUE ASC LIMIT 4",
 "sqlResult": "{85} || {107} || {141} || {213}",
 "nlq": "What are the bottom 4 numbers of graduations of BBdgy students with a AAbpx in DDjkq or DDjpz?"},
{"name": "template 13",
 "sql": "SELECT Value FROM DBdata WHERE ((BB = 'BBdgy' AND CC = 'CCkln' AND AA = 'AApsx')) AND (DD IN ('DDdls','DDjpz')) ORDER BY VALUE ASC",
 "sqlResult": "{260} || {314} || {325} || {406} || {430} || {460}",
 "nlq": "What are the numbers of graduations ordered by increasing values of BBdgy students with a AApsx in DDdls or DDjpz?"},
{"name": "template 14",
 "sql": "SELECT DD,EE FROM DBdata WHERE ((BB = 'BBstv' AND CC = 'Non-CCkln' AND AA = 'AAbpx')) AND Value > 271.91",
 "sqlResult": "{DDdls | EEfpw} || {DDjkq | EEhlv} || {DDjpz | EEhlv} || {DDdls | EErty} || {DDjkq | EErty} || {DDbfq | EErty}",
 "nlq": "What are the DD and EE for which the number of graduations of BBstv students with a AAbpx is greater than 271.91?"},
{"name": "template 15",
 "sql": "SELECT DD,EE,Value FROM DBdata WHERE ((BB = 'BBdgy' AND CC = 'Non-CCkln' AND AA = 'AApsx')) AND (DD,EE) IN (SELECT DD,EE FROM DBdata WHERE ((BB = 'BBstv' AND CC = 'Non-CCkln' AND AA = 'AAbpx')) AND Value > 271.91)",
 "sqlResult": "{DDdls | EEfpw | 420} || {DDjkq | EEhlv | 236} || {DDjpz | EEhlv | 326} || {DDdls | EErty | 239} || {DDjkq | EErty | 169} || {DDbfq | EErty | 345}",
 "nlq": "What is the number of graduations of BBdgy students with a AApsx in DD and in EE for which the number of graduations of BBstv students with a AAbpx is greater than 271.91? Please, report the corresponding DD, EE, and number of graduations."}]
}

