{
"filename": "Number_of_graduations_set39_2_DB.csv",
"questions": [{"name": "template 1",
 "sql": "SELECT Value FROM DBdata WHERE (Degree IN ('MSc')) AND ((Year = '2019/2020' AND Language = 'Spanish'))",
 "sqlResult": "{451}",
 "nlq": "What is the number of graduations with a MSc in Spanish in 2019/2020?"},
{"name": "template 2",
 "sql": "SELECT Value FROM DBdata WHERE (Degree IN ('MSc')) AND ((Year = '2022/2023' AND Language = 'French') OR (Year = '2022/2023' AND Language = 'German'))",
 "sqlResult": "{335} || {199}",
 "nlq": "What is the number of graduations with a MSc in French or German in 2022/2023?"},
{"name": "template 3",
 "sql": "SELECT Value FROM DBdata WHERE (Degree IN ('BSc','MSc','PhD')) AND ((Year = '2019/2020' AND Language = 'French'))",
 "sqlResult": "{355} || {261} || {99}",
 "nlq": "What is the number of graduations with a BSc, MSc, or PhD in French in 2019/2020?"},
{"name": "template 4",
 "sql": "SELECT max(Value),sum(Value) FROM DBdata WHERE (Degree IN ('BSc','MSc')) AND ((Year = '2020/2021' AND Language = 'German'))",
 "sqlResult": "{157 | 261}",
 "nlq": "What are the maximum and total numbers of graduations with a BSc or MSc in German in 2020/2021?"},
{"name": "template 6",
 "sql": "SELECT Value FROM DBdata WHERE (Degree IN ('BSc','PhD')) AND ((Year = '2019/2020' AND Language = 'Spanish') OR (Year = '2020/2021' AND Language = 'Spanish') OR (Year = '2019/2020' AND Language = 'German'))",
 "sqlResult": "{151} || {458} || {366} || {457} || {472} || {299}",
 "nlq": "What is the number of graduations with a BSc or PhD in German or Spanish in 2019/2020 or in Spanish in 2020/2021?"},
{"name": "template 7",
 "sql": "SELECT min(Value),sum(Value) FROM DBdata WHERE (Degree IN ('BSc')) AND ((Year = '2019/2020' AND Language = 'French') OR (Year = '2021/2022' AND Language = 'French') OR (Year = '2021/2022' AND Language = 'German'))",
 "sqlResult": "{86 | 799}",
 "nlq": "What are the minimum and total numbers of graduations with a BSc in French in 2019/2020 or 2021/2022 or in German in 2021/2022?"},
{"name": "template 8",
 "sql": "SELECT Degree,avg(Value),sum(Value) FROM DBdata WHERE (Degree IN ('MSc','PhD')) AND ((Year = '2021/2022' AND Language = 'Spanish') OR (Year = '2022/2023' AND Language = 'Spanish') OR (Year = '2019/2020' AND Language = 'German')) GROUP BY Degree",
 "sqlResult": "{MSc | 259.33 | 778} || {PhD | 194 | 582}",
 "nlq": "What are the average and total numbers of graduations for each Degree, with a MSc or PhD in German in 2019/2020 or in Spanish in 2021/2022 or 2022/2023? Please, report the corresponding Degree."},
{"name": "template 9",
 "sql": "SELECT min(Value) FROM DBdata WHERE (Degree IN ('MSc')) AND (Year IN ('2019/2020','2020/2021','2021/2022','2022/2023')) GROUP BY Year",
 "sqlResult": "{261} || {88} || {129} || {199}",
 "nlq": "What is the minimum number of graduations for each Year, with a MSc in 2019/2020, 2020/2021, 2021/2022, or 2022/2023?"},
{"name": "template 10",
 "sql": "SELECT Year,sum(Value) FROM DBdata WHERE (Degree IN ('PhD')) AND (Year IN ('2019/2020','2020/2021','2021/2022','2022/2023')) GROUP BY Year",
 "sqlResult": "{2019/2020 | 856} || {2020/2021 | 1010} || {2021/2022 | 387} || {2022/2023 | 850}",
 "nlq": "What is the total number of graduations for each Year, with a PhD in 2019/2020, 2020/2021, 2021/2022, or 2022/2023? Please, report the corresponding Year."},
{"name": "template 11",
 "sql": "SELECT Year,Degree,min(Value) FROM DBdata WHERE (Degree IN ('BSc','MSc')) AND (Year IN ('2019/2020','2020/2021','2021/2022','2022/2023')) GROUP BY Year,Degree",
 "sqlResult": "{2019/2020 | BSc | 151} || {2019/2020 | MSc | 261} || {2020/2021 | BSc | 104} || {2020/2021 | MSc | 88} || {2021/2022 | BSc | 73} || {2021/2022 | MSc | 129} || {2022/2023 | BSc | 133} || {2022/2023 | MSc | 199}",
 "nlq": "What is the minimum number of graduations for each Year and Degree, with a BSc or MSc in 2019/2020, 2020/2021, 2021/2022, or 2022/2023? Please, report the corresponding Year and Degree."},
{"name": "template 12",
 "sql": "SELECT Value FROM DBdata WHERE (Degree IN ('MSc')) AND (Year IN ('2019/2020','2022/2023')) ORDER BY VALUE DESC LIMIT 3",
 "sqlResult": "{451} || {407} || {335}",
 "nlq": "What are the top 3 numbers of graduations with a MSc in 2019/2020 or 2022/2023?"},
{"name": "template 13",
 "sql": "SELECT Value FROM DBdata WHERE (Degree IN ('PhD')) AND (Year IN ('2019/2020','2022/2023')) ORDER BY VALUE ASC",
 "sqlResult": "{99} || {167} || {299} || {319} || {364} || {458}",
 "nlq": "What are the numbers of graduations ordered by increasing values with a PhD in 2019/2020 or 2022/2023?"},
{"name": "template 14",
 "sql": "SELECT Year,Language FROM DBdata WHERE (Degree IN ('MSc')) AND Value < 253.94",
 "sqlResult": "{2020/2021 | French} || {2020/2021 | Spanish} || {2021/2022 | Spanish} || {2022/2023 | Spanish} || {2020/2021 | German} || {2021/2022 | German} || {2022/2023 | German}",
 "nlq": "What are the Year and Language for which the number of graduations with a MSc is lower than 253.94?"},
{"name": "template 15",
 "sql": "SELECT Year,Language,Value FROM DBdata WHERE (Degree IN ('BSc')) AND (Year,Language) IN (SELECT Year,Language FROM DBdata WHERE (Degree IN ('MSc')) AND Value < 253.94)",
 "sqlResult": "{2020/2021 | French | 439} || {2020/2021 | Spanish | 366} || {2021/2022 | Spanish | 73} || {2022/2023 | Spanish | 237} || {2020/2021 | German | 104} || {2021/2022 | German | 86} || {2022/2023 | German | 227}",
 "nlq": "What is the number of graduations with a BSc in Year and in Language for which the number of graduations with a MSc is lower than 253.94? Please, report the corresponding Year, Language, and number of graduations."}]
}
