{
"filename": "Number_of_graduations_set40_5_DB.csv",
"questions": [{"name": "template 1",
 "sql": "SELECT Value FROM DBdata WHERE (AA IN ('AAhk')) AND ((BB = 'BBpw' AND CC = 'CCdx'))",
 "sqlResult": "{147}",
 "nlq": "What is the number of graduations with a AAhk in CCdx in BBpw?"},
{"name": "template 2",
 "sql": "SELECT Value FROM DBdata WHERE (AA IN ('AAqx')) AND ((BB = 'BBnv' AND CC = 'CCdx') OR (BB = 'BBpw' AND CC = 'CCdx') OR (BB = 'BBpw' AND CC = 'CCns') OR (BB = 'BBvx' AND CC = 'CCns'))",
 "sqlResult": "{299} || {241} || {237} || {200}",
 "nlq": "What is the number of graduations with a AAqx in CCdx in BBnv or BBpw or in CCns in BBpw or BBvx?"},
{"name": "template 3",
 "sql": "SELECT Value FROM DBdata WHERE (AA IN ('AAgt','AAhk','AAqx')) AND ((BB = 'BBvx' AND CC = 'CCns'))",
 "sqlResult": "{412} || {467} || {200}",
 "nlq": "What is the number of graduations with a AAgt, AAhk, or AAqx in CCns in BBvx?"},
{"name": "template 4",
 "sql": "SELECT max(Value),min(Value) FROM DBdata WHERE (AA IN ('AAgt','AAhk')) AND ((BB = 'BBvx' AND CC = 'CCns'))",
 "sqlResult": "{467 | 412}",
 "nlq": "What are the maximum and minimum numbers of graduations with a AAgt or AAhk in CCns in BBvx?"},
{"name": "template 6",
 "sql": "SELECT Value FROM DBdata WHERE (AA IN ('AAgt','AAhk','AAqx')) AND ((BB = 'BBnv' AND CC = 'CCdx') OR (BB = 'BBnv' AND CC = 'CCcv') OR (BB = 'BBnv' AND CC = 'CCns') OR (BB = 'BBpw' AND CC = 'CCns'))",
 "sqlResult": "{340} || {298} || {299} || {170} || {367} || {311} || {84} || {447} || {233} || {98} || {183} || {237}",
 "nlq": "What is the number of graduations with a AAgt, AAhk, or AAqx in CCdx, CCcv, or CCns in BBnv or in CCns in BBpw?"},
{"name": "template 7",
 "sql": "SELECT avg(Value),min(Value) FROM DBdata WHERE (AA IN ('AAqx')) AND ((BB = 'BBvx' AND CC = 'CCdx') OR (BB = 'BBvx' AND CC = 'CCcv') OR (BB = 'BBpw' AND CC = 'CCns'))",
 "sqlResult": "{313.33 | 237}",
 "nlq": "What are the average and minimum numbers of graduations with a AAqx in CCdx or CCcv in BBvx or in CCns in BBpw?"},
{"name": "template 8",
 "sql": "SELECT AA,sum(Value),min(Value) FROM DBdata WHERE (AA IN ('AAgt','AAhk')) AND ((BB = 'BBnv' AND CC = 'CCdx') OR (BB = 'BBvx' AND CC = 'CCdx') OR (BB = 'BBpw' AND CC = 'CCcv') OR (BB = 'BBvx' AND CC = 'CCcv') OR (BB = 'BBnv' AND CC = 'CCns')) GROUP BY AA",
 "sqlResult": "{AAgt | 1362 | 84} || {AAhk | 1541 | 129}",
 "nlq": "What are the total and minimum numbers of graduations for each AA, with a AAgt or AAhk in CCdx or CCcv in BBvx or in CCdx or CCns in BBnv or in CCcv in BBpw? Please, report the corresponding AA."},
{"name": "template 9",
 "sql": "SELECT min(Value) FROM DBdata WHERE (AA IN ('AAgt')) AND (BB IN ('BBnv','BBpw','BBvx')) GROUP BY BB",
 "sqlResult": "{84} || {98} || {271}",
 "nlq": "What is the minimum number of graduations for each BB, with a AAgt in BBnv, BBpw, or BBvx?"},
{"name": "template 10",
 "sql": "SELECT BB,sum(Value) FROM DBdata WHERE (AA IN ('AAhk')) AND (BB IN ('BBnv','BBpw','BBvx')) GROUP BY BB",
 "sqlResult": "{BBnv | 1112} || {BBpw | 459} || {BBvx | 1134}",
 "nlq": "What is the total number of graduations for each BB, with a AAhk in BBnv, BBpw, or BBvx? Please, report the corresponding BB."},
{"name": "template 11",
 "sql": "SELECT BB,AA,max(Value) FROM DBdata WHERE (AA IN ('AAgt','AAhk','AAqx')) AND (BB IN ('BBnv','BBpw','BBvx')) GROUP BY BB,AA",
 "sqlResult": "{BBnv | AAgt | 340} || {BBnv | AAhk | 447} || {BBnv | AAqx | 311} || {BBpw | AAgt | 378} || {BBpw | AAhk | 183} || {BBpw | AAqx | 492} || {BBvx | AAgt | 412} || {BBvx | AAhk | 467} || {BBvx | AAqx | 353}",
 "nlq": "What is the maximum number of graduations for each BB and AA, with a AAgt, AAhk, or AAqx in BBnv, BBpw, or BBvx? Please, report the corresponding BB and AA."},
{"name": "template 12",
 "sql": "SELECT Value FROM DBdata WHERE (AA IN ('AAgt')) AND (BB IN ('BBpw','BBvx')) ORDER BY VALUE ASC LIMIT 2",
 "sqlResult": "{98} || {271}",
 "nlq": "What are the bottom 2 numbers of graduations with a AAgt in BBpw or BBvx?"},
{"name": "template 13",
 "sql": "SELECT Value FROM DBdata WHERE (AA IN ('AAgt')) AND (BB IN ('BBnv','BBvx')) ORDER BY VALUE ASC",
 "sqlResult": "{84} || {170} || {271} || {289} || {340} || {412}",
 "nlq": "What are the numbers of graduations ordered by increasing values with a AAgt in BBnv or BBvx?"},
{"name": "template 14",
 "sql": "SELECT BB,CC FROM DBdata WHERE (AA IN ('AAqx')) AND Value > 287.63",
 "sqlResult": "{BBnv | CCdx} || {BBvx | CCdx} || {BBnv | CCcv} || {BBpw | CCcv} || {BBvx | CCcv}",
 "nlq": "What are the BB and CC for which the number of graduations with a AAqx is greater than 287.63?"},
{"name": "template 15",
 "sql": "SELECT BB,CC,Value FROM DBdata WHERE (AA IN ('AAgt')) AND (BB,CC) IN (SELECT BB,CC FROM DBdata WHERE (AA IN ('AAqx')) AND Value > 287.63)",
 "sqlResult": "{BBnv | CCdx | 340} || {BBvx | CCdx | 289} || {BBnv | CCcv | 170} || {BBpw | CCcv | 378} || {BBvx | CCcv | 271}",
 "nlq": "What is the number of graduations with a AAgt in BB and in CC for which the number of graduations with a AAqx is greater than 287.63? Please, report the corresponding BB, CC, and number of graduations."}]
}

