{
"filename": "Number_of_graduations_set12_5_DB.csv",
"questions": [{"name": "template 1",
 "sql": "SELECT Value FROM DBdata WHERE (AA IN ('AAms')) AND (BB IN ('BBft'))",
 "sqlResult": "{478}",
 "nlq": "What is the number of graduations with a AAms in BBft?"},
{"name": "template 2",
 "sql": "SELECT Value FROM DBdata WHERE (AA IN ('AAlq')) AND (BB IN ('BBcz','BBft'))",
 "sqlResult": "{70} || {137}",
 "nlq": "What is the number of graduations with a AAlq in BBcz or BBft?"},
{"name": "template 3",
 "sql": "SELECT Value FROM DBdata WHERE (AA IN ('AAms','AAlq','AAqx')) AND (BB IN ('BBct'))",
 "sqlResult": "{383} || {244} || {279}",
 "nlq": "What is the number of graduations with a AAms, AAlq, or AAqx in BBct?"},
{"name": "template 4",
 "sql": "SELECT min(Value),avg(Value) FROM DBdata WHERE (AA IN ('AAms','AAlq','AAqx')) AND (BB IN ('BBct'))",
 "sqlResult": "{244 | 302}",
 "nlq": "What are the minimum and average numbers of graduations with a AAms, AAlq, or AAqx in BBct?"},
{"name": "template 6",
 "sql": "SELECT Value FROM DBdata WHERE (AA IN ('AAms','AAqx')) AND (BB IN ('BBct','BBcz','BBft'))",
 "sqlResult": "{383} || {279} || {400} || {434} || {478} || {456}",
 "nlq": "What is the number of graduations with a AAms or AAqx in BBct, BBcz, or BBft?"},
{"name": "template 7",
 "sql": "SELECT avg(Value),max(Value) FROM DBdata WHERE (AA IN ('AAlq')) AND (BB IN ('BBct','BBft'))",
 "sqlResult": "{190.5 | 244}",
 "nlq": "What are the average and maximum numbers of graduations with a AAlq in BBct or BBft?"},
{"name": "template 8",
 "sql": "SELECT AA,min(Value),max(Value) FROM DBdata WHERE (AA IN ('AAms','AAlq','AAqx')) AND (BB IN ('BBct','BBcz','BBft')) GROUP BY AA",
 "sqlResult": "{AAms | 383 | 478} || {AAlq | 70 | 244} || {AAqx | 279 | 456}",
 "nlq": "What are the minimum and maximum numbers of graduations for each AA, with a AAms, AAlq, or AAqx in BBct, BBcz, or BBft? Please, report the corresponding AA."},
{"name": "template 9",
 "sql": "SELECT min(Value) FROM DBdata WHERE (AA IN ('AAqx')) AND (BB IN ('BBct','BBcz','BBft')) GROUP BY BB",
 "sqlResult": "{279} || {434} || {456}",
 "nlq": "What is the minimum number of graduations for each BB, with a AAqx in BBct, BBcz, or BBft?"},
{"name": "template 10",
 "sql": "SELECT BB,sum(Value) FROM DBdata WHERE (AA IN ('AAlq')) AND (BB IN ('BBct','BBcz','BBft')) GROUP BY BB",
 "sqlResult": "{BBct | 244} || {BBcz | 70} || {BBft | 137}",
 "nlq": "What is the total number of graduations for each BB, with a AAlq in BBct, BBcz, or BBft? Please, report the corresponding BB."},
{"name": "template 11",
 "sql": "SELECT BB,AA,max(Value) FROM DBdata WHERE (AA IN ('AAms','AAlq','AAqx')) AND (BB IN ('BBct','BBcz','BBft')) GROUP BY BB,AA",
 "sqlResult": "{BBct | AAms | 383} || {BBct | AAlq | 244} || {BBct | AAqx | 279} || {BBcz | AAms | 400} || {BBcz | AAlq | 70} || {BBcz | AAqx | 434} || {BBft | AAms | 478} || {BBft | AAlq | 137} || {BBft | AAqx | 456}",
 "nlq": "What is the maximum number of graduations for each BB and AA, with a AAms, AAlq, or AAqx in BBct, BBcz, or BBft? Please, report the corresponding BB and AA."},
{"name": "template 12",
 "sql": "SELECT Value FROM DBdata WHERE (AA IN ('AAqx')) AND (BB IN ('BBcz','BBft')) ORDER BY VALUE DESC LIMIT 2",
 "sqlResult": "{456} || {434}",
 "nlq": "What are the top 2 numbers of graduations with a AAqx in BBcz or BBft?"},
{"name": "template 13",
 "sql": "SELECT Value FROM DBdata WHERE (AA IN ('AAlq')) AND (BB IN ('BBct','BBft')) ORDER BY VALUE DESC",
 "sqlResult": "{244} || {137}",
 "nlq": "What are the numbers of graduations ordered by decreasing values with a AAlq in BBct or BBft?"},
{"name": "template 14",
 "sql": "SELECT BB FROM DBdata WHERE (AA IN ('AAqx')) AND Value < 320.11",
 "sqlResult": "{BBct}",
 "nlq": "What is the BB for which the number of graduations with a AAqx is lower than 320.11?"},
{"name": "template 15",
 "sql": "SELECT BB,Value FROM DBdata WHERE (AA IN ('AAms')) AND (BB) IN (SELECT BB FROM DBdata WHERE (AA IN ('AAqx')) AND Value < 320.11)",
 "sqlResult": "{BBct | 383}",
 "nlq": "What is the number of graduations with a AAms in BB for which the number of graduations with a AAqx is lower than 320.11? Please, report the corresponding BB and number of graduations."}]
}

