{
"filename": "Number_of_graduations_set1_3_DB.csv",
"questions": [{"name": "template 1",
 "sql": "SELECT Value FROM DBdata WHERE (AA IN ('AAcp')) AND (BB IN ('BBgj'))",
 "sqlResult": "{84}",
 "nlq": "What is the number of graduations with a AAcp in BBgj?"},
{"name": "template 2",
 "sql": "SELECT Value FROM DBdata WHERE (AA IN ('AAdw')) AND (BB IN ('BBhy','BBhz','BBgj','BBmp','BBpz'))",
 "sqlResult": "{422} || {467} || {274} || {155} || {99}",
 "nlq": "What is the number of graduations with a AAdw in BBhy, BBhz, BBgj, BBmp, or BBpz?"},
{"name": "template 3",
 "sql": "SELECT Value FROM DBdata WHERE (AA IN ('AAdw','AAqr')) AND (BB IN ('BBhy'))",
 "sqlResult": "{422} || {68}",
 "nlq": "What is the number of graduations with a AAdw or AAqr in BBhy?"},
{"name": "template 4",
 "sql": "SELECT max(Value),sum(Value) FROM DBdata WHERE (AA IN ('AAcp','AAdw','AAqr')) AND (BB IN ('BBhy'))",
 "sqlResult": "{422 | 583}",
 "nlq": "What are the maximum and total numbers of graduations with a AAcp, AAdw, or AAqr in BBhy?"},
{"name": "template 6",
 "sql": "SELECT Value FROM DBdata WHERE (AA IN ('AAcp','AAdw','AAqr')) AND (BB IN ('BBhz','BBmp','BBpz'))",
 "sqlResult": "{304} || {467} || {314} || {487} || {155} || {317} || {270} || {99} || {364}",
 "nlq": "What is the number of graduations with a AAcp, AAdw, or AAqr in BBhz, BBmp, or BBpz?"},
{"name": "template 7",
 "sql": "SELECT max(Value),sum(Value) FROM DBdata WHERE (AA IN ('AAdw')) AND (BB IN ('BBhy','BBhz','BBgj','BBmp'))",
 "sqlResult": "{467 | 1318}",
 "nlq": "What are the maximum and total numbers of graduations with a AAdw in BBhy, BBhz, BBgj, or BBmp?"},
{"name": "template 8",
 "sql": "SELECT AA,max(Value),avg(Value) FROM DBdata WHERE (AA IN ('AAcp','AAdw')) AND (BB IN ('BBhy','BBhz','BBgj','BBmp','BBpz')) GROUP BY AA",
 "sqlResult": "{AAcp | 487 | 247.6} || {AAdw | 467 | 283.4}",
 "nlq": "What are the maximum and average numbers of graduations for each AA, with a AAcp or AAdw in BBhy, BBhz, BBgj, BBmp, or BBpz? Please, report the corresponding AA."},
{"name": "template 9",
 "sql": "SELECT min(Value) FROM DBdata WHERE (AA IN ('AAcp')) AND (BB IN ('BBhy','BBhz','BBgj','BBmp','BBpz')) GROUP BY BB",
 "sqlResult": "{93} || {304} || {84} || {487} || {270}",
 "nlq": "What is the minimum number of graduations for each BB, with a AAcp in BBhy, BBhz, BBgj, BBmp, or BBpz?"},
{"name": "template 10",
 "sql": "SELECT BB,min(Value) FROM DBdata WHERE (AA IN ('AAqr')) AND (BB IN ('BBhy','BBhz','BBgj','BBmp','BBpz')) GROUP BY BB",
 "sqlResult": "{BBhy | 68} || {BBhz | 314} || {BBgj | 107} || {BBmp | 317} || {BBpz | 364}",
 "nlq": "What is the minimum number of graduations for each BB, with a AAqr in BBhy, BBhz, BBgj, BBmp, or BBpz? Please, report the corresponding BB."},
{"name": "template 11",
 "sql": "SELECT BB,AA,sum(Value) FROM DBdata WHERE (AA IN ('AAdw','AAqr')) AND (BB IN ('BBhy','BBhz','BBgj','BBmp','BBpz')) GROUP BY BB,AA",
 "sqlResult": "{BBhy | AAdw | 422} || {BBhy | AAqr | 68} || {BBhz | AAdw | 467} || {BBhz | AAqr | 314} || {BBgj | AAdw | 274} || {BBgj | AAqr | 107} || {BBmp | AAdw | 155} || {BBmp | AAqr | 317} || {BBpz | AAdw | 99} || {BBpz | AAqr | 364}",
 "nlq": "What is the total number of graduations for each BB and AA, with a AAdw or AAqr in BBhy, BBhz, BBgj, BBmp, or BBpz? Please, report the corresponding BB and AA."},
{"name": "template 12",
 "sql": "SELECT Value FROM DBdata WHERE (AA IN ('AAdw')) AND (BB IN ('BBhz','BBgj')) ORDER BY VALUE ASC LIMIT 2",
 "sqlResult": "{274} || {467}",
 "nlq": "What are the bottom 2 numbers of graduations with a AAdw in BBhz or BBgj?"},
{"name": "template 13",
 "sql": "SELECT Value FROM DBdata WHERE (AA IN ('AAdw')) AND (BB IN ('BBhz','BBgj')) ORDER BY VALUE DESC",
 "sqlResult": "{467} || {274}",
 "nlq": "What are the numbers of graduations ordered by decreasing values with a AAdw in BBhz or BBgj?"},
{"name": "template 14",
 "sql": "SELECT BB FROM DBdata WHERE (AA IN ('AAcp')) AND Value > 255",
 "sqlResult": "{BBhz} || {BBmp} || {BBpz}",
 "nlq": "What is the BB for which the number of graduations with a AAcp is greater than 255?"},
{"name": "template 15",
 "sql": "SELECT BB,Value FROM DBdata WHERE (AA IN ('AAqr')) AND (BB) IN (SELECT BB FROM DBdata WHERE (AA IN ('AAcp')) AND Value > 255)",
 "sqlResult": "{BBhz | 314} || {BBmp | 317} || {BBpz | 364}",
 "nlq": "What is the number of graduations with a AAqr in BB for which the number of graduations with a AAcp is greater than 255? Please, report the corresponding BB and number of graduations."}]
}

