Degree,Year,Language,Value
Degree,Year,Language,Value
BSc,2015/2016,English,169
MSc,2015/2016,English,442
PhD,2015/2016,English,363
BSc,2016/2017,English,429
MSc,2016/2017,English,202
PhD,2016/2017,English,268
BSc,2017/2018,English,400
MSc,2017/2018,English,216
PhD,2017/2018,English,88
BSc,2018/2019,English,271
MSc,2018/2019,English,134
PhD,2018/2019,English,293
BSc,2019/2020,English,361
MSc,2019/2020,English,449
PhD,2019/2020,English,440
BSc,2015/2016,French,261
MSc,2015/2016,French,377
PhD,2015/2016,French,70
BSc,2016/2017,French,258
MSc,2016/2017,French,316
PhD,2016/2017,French,278
BSc,2017/2018,French,232
MSc,2017/2018,French,378
PhD,2017/2018,French,445
BSc,2018/2019,French,262
MSc,2018/2019,French,408
PhD,2018/2019,French,139
BSc,2019/2020,French,50
MSc,2019/2020,French,277
PhD,2019/2020,French,135
BSc,2015/2016,Spanish,224
MSc,2015/2016,Spanish,321
PhD,2015/2016,Spanish,87
BSc,2016/2017,Spanish,382
MSc,2016/2017,Spanish,375
PhD,2016/2017,Spanish,426
BSc,2017/2018,Spanish,207
MSc,2017/2018,Spanish,359
PhD,2017/2018,Spanish,211
BSc,2018/2019,Spanish,456
MSc,2018/2019,Spanish,428
PhD,2018/2019,Spanish,120
BSc,2019/2020,Spanish,90
MSc,2019/2020,Spanish,128
PhD,2019/2020,Spanish,101
