{
"filename": "Number_of_graduations_set37_3_DB.csv",
"questions": [{"name": "template 1",
 "sql": "SELECT Value FROM DBdata WHERE (AA IN ('AAmn')) AND ((BB = 'BBbw' AND CC = 'CCgr'))",
 "sqlResult": "{244}",
 "nlq": "What is the number of graduations with a AAmn in CCgr in BBbw?"},
{"name": "template 2",
 "sql": "SELECT Value FROM DBdata WHERE (AA IN ('AAmn')) AND ((BB = 'BBcm' AND CC = 'CCmz') OR (BB = 'BBbw' AND CC = 'CCmz') OR (BB = 'BBhz' AND CC = 'CCmz') OR (BB = 'BBcs' AND CC = 'CCgr') OR (BB = 'BBcm' AND CC = 'CCgr') OR (BB = 'BBbw' AND CC = 'CCgr') OR (BB = 'BBhz' AND CC = 'CCgr') OR (BB = 'BBbs' AND CC = 'CCgr') OR (BB = 'BBcs' AND CC = 'CCgh') OR (BB = 'BBbw' AND CC = 'CCgh'))",
 "sqlResult": "{336} || {70} || {410} || {169} || {162} || {244} || {272} || {110} || {264} || {54}",
 "nlq": "What is the number of graduations with a AAmn in CCmz in BBcm, BBbw, or BBhz or in CCgh in BBcs or BBbw or in CCgr in BBcs, BBcm, BBbw, BBhz, or BBbs?"},
{"name": "template 3",
 "sql": "SELECT Value FROM DBdata WHERE (AA IN ('AAmn','AAdk')) AND ((BB = 'BBcs' AND CC = 'CCmz'))",
 "sqlResult": "{306} || {108}",
 "nlq": "What is the number of graduations with a AAmn or AAdk in CCmz in BBcs?"},
{"name": "template 4",
 "sql": "SELECT max(Value),sum(Value) FROM DBdata WHERE (AA IN ('AAmn','AAdk')) AND ((BB = 'BBbw' AND CC = 'CCgr'))",
 "sqlResult": "{244 | 470}",
 "nlq": "What are the maximum and total numbers of graduations with a AAmn or AAdk in CCgr in BBbw?"},
{"name": "template 6",
 "sql": "SELECT Value FROM DBdata WHERE (AA IN ('AAmn','AAcp','AAdk')) AND ((BB = 'BBcm' AND CC = 'CCgh') OR (BB = 'BBbs' AND CC = 'CCgh'))",
 "sqlResult": "{384} || {214} || {84} || {412} || {485} || {407}",
 "nlq": "What is the number of graduations with a AAmn, AAcp, or AAdk in CCgh in BBcm or BBbs?"},
{"name": "template 7",
 "sql": "SELECT sum(Value),avg(Value) FROM DBdata WHERE (AA IN ('AAdk')) AND ((BB = 'BBcm' AND CC = 'CCmz') OR (BB = 'BBbs' AND CC = 'CCmz') OR (BB = 'BBbs' AND CC = 'CCgr') OR (BB = 'BBcs' AND CC = 'CCgh') OR (BB = 'BBbw' AND CC = 'CCgh'))",
 "sqlResult": "{2126 | 425.2}",
 "nlq": "What are the total and average numbers of graduations with a AAdk in CCmz in BBcm or BBbs or in CCgh in BBcs or BBbw or in CCgr in BBbs?"},
{"name": "template 8",
 "sql": "SELECT AA,avg(Value),max(Value) FROM DBdata WHERE (AA IN ('AAmn','AAcp')) AND ((BB = 'BBcs' AND CC = 'CCgh') OR (BB = 'BBcm' AND CC = 'CCgh')) GROUP BY AA",
 "sqlResult": "{AAmn | 324 | 384} || {AAcp | 231.5 | 249}",
 "nlq": "What are the average and maximum numbers of graduations for each AA, with a AAmn or AAcp in CCgh in BBcs or BBcm? Please, report the corresponding AA."},
{"name": "template 9",
 "sql": "SELECT min(Value) FROM DBdata WHERE (AA IN ('AAcp')) AND (BB IN ('BBcs','BBcm','BBbw','BBhz','BBbs')) GROUP BY BB",
 "sqlResult": "{145} || {214} || {143} || {168} || {191}",
 "nlq": "What is the minimum number of graduations for each BB, with a AAcp in BBcs, BBcm, BBbw, BBhz, or BBbs?"},
{"name": "template 10",
 "sql": "SELECT BB,avg(Value) FROM DBdata WHERE (AA IN ('AAdk')) AND (BB IN ('BBcs','BBcm','BBbw','BBhz','BBbs')) GROUP BY BB",
 "sqlResult": "{BBcs | 333} || {BBcm | 249.67} || {BBbw | 321.33} || {BBhz | 251} || {BBbs | 413.33}",
 "nlq": "What is the average number of graduations for each BB, with a AAdk in BBcs, BBcm, BBbw, BBhz, or BBbs? Please, report the corresponding BB."},
{"name": "template 11",
 "sql": "SELECT BB,AA,min(Value) FROM DBdata WHERE (AA IN ('AAmn','AAdk')) AND (BB IN ('BBcs','BBcm','BBbw','BBhz','BBbs')) GROUP BY BB,AA",
 "sqlResult": "{BBcs | AAmn | 169} || {BBcs | AAdk | 108} || {BBcm | AAmn | 162} || {BBcm | AAdk | 84} || {BBbw | AAmn | 54} || {BBbw | AAdk | 226} || {BBhz | AAmn | 272} || {BBhz | AAdk | 104} || {BBbs | AAmn | 63} || {BBbs | AAdk | 391}",
 "nlq": "What is the minimum number of graduations for each BB and AA, with a AAmn or AAdk in BBcs, BBcm, BBbw, BBhz, or BBbs? Please, report the corresponding BB and AA."},
{"name": "template 12",
 "sql": "SELECT Value FROM DBdata WHERE (AA IN ('AAdk')) AND (BB IN ('BBhz','BBbs')) ORDER BY VALUE ASC LIMIT 4",
 "sqlResult": "{104} || {149} || {391} || {407}",
 "nlq": "What are the bottom 4 numbers of graduations with a AAdk in BBhz or BBbs?"},
{"name": "template 13",
 "sql": "SELECT Value FROM DBdata WHERE (AA IN ('AAcp')) AND (BB IN ('BBcs','BBcm')) ORDER BY VALUE ASC",
 "sqlResult": "{145} || {214} || {249} || {392} || {428} || {429}",
 "nlq": "What are the numbers of graduations ordered by increasing values with a AAcp in BBcs or BBcm?"},
{"name": "template 14",
 "sql": "SELECT BB,CC FROM DBdata WHERE (AA IN ('AAmn')) AND Value < 297.73",
 "sqlResult": "{BBbw | CCmz} || {BBbs | CCmz} || {BBcs | CCgr} || {BBcm | CCgr} || {BBbw | CCgr} || {BBhz | CCgr} || {BBbs | CCgr} || {BBcs | CCgh} || {BBbw | CCgh}",
 "nlq": "What are the BB and CC for which the number of graduations with a AAmn is lower than 297.73?"},
{"name": "template 15",
 "sql": "SELECT BB,CC,Value FROM DBdata WHERE (AA IN ('AAcp')) AND (BB,CC) IN (SELECT BB,CC FROM DBdata WHERE (AA IN ('AAmn')) AND Value < 297.73)",
 "sqlResult": "{BBbw | CCmz | 339} || {BBbs | CCmz | 452} || {BBcs | CCgr | 392} || {BBcm | CCgr | 428} || {BBbw | CCgr | 356} || {BBhz | CCgr | 481} || {BBbs | CCgr | 191} || {BBcs | CCgh | 249} || {BBbw | CCgh | 143}",
 "nlq": "What is the number of graduations with a AAcp in BB and in CC for which the number of graduations with a AAmn is lower than 297.73? Please, report the corresponding BB, CC, and number of graduations."}]
}

