{
"filename": "Number_of_graduations_set37_2_DB.csv",
"questions": [{"name": "template 1",
 "sql": "SELECT Value FROM DBdata WHERE (Degree IN ('PhD')) AND ((Year = '2018/2019' AND Language = 'German'))",
 "sqlResult": "{183}",
 "nlq": "What is the number of graduations with a PhD in German in 2018/2019?"},
{"name": "template 2",
 "sql": "SELECT Value FROM DBdata WHERE (Degree IN ('MSc')) AND ((Year = '2016/2017' AND Language = 'French') OR (Year = '2018/2019' AND Language = 'French') OR (Year = '2019/2020' AND Language = 'French') OR (Year = '2019/2020' AND Language = 'Spanish') OR (Year = '2018/2019' AND Language = 'German') OR (Year = '2017/2018' AND Language = 'Other'))",
 "sqlResult": "{273} || {368} || {490} || {311} || {315} || {274}",
 "nlq": "What is the number of graduations with a MSc in French in 2016/2017, 2018/2019, or 2019/2020 or in German in 2018/2019 or in Other in 2017/2018 or in Spanish in 2019/2020?"},
{"name": "template 3",
 "sql": "SELECT Value FROM DBdata WHERE (Degree IN ('BSc','MSc','PhD')) AND ((Year = '2016/2017' AND Language = 'German'))",
 "sqlResult": "{338} || {487} || {408}",
 "nlq": "What is the number of graduations with a BSc, MSc, or PhD in German in 2016/2017?"},
{"name": "template 4",
 "sql": "SELECT max(Value),min(Value) FROM DBdata WHERE (Degree IN ('BSc','MSc','PhD')) AND ((Year = '2017/2018' AND Language = 'Other'))",
 "sqlResult": "{416 | 274}",
 "nlq": "What are the maximum and minimum numbers of graduations with a BSc, MSc, or PhD in Other in 2017/2018?"},
{"name": "template 6",
 "sql": "SELECT Value FROM DBdata WHERE (Degree IN ('BSc','MSc','PhD')) AND ((Year = '2016/2017' AND Language = 'French') OR (Year = '2017/2018' AND Language = 'German') OR (Year = '2017/2018' AND Language = 'Other'))",
 "sqlResult": "{421} || {273} || {424} || {177} || {172} || {60} || {352} || {274} || {416}",
 "nlq": "What is the number of graduations with a BSc, MSc, or PhD in French in 2016/2017 or in German or Other in 2017/2018?"},
{"name": "template 7",
 "sql": "SELECT max(Value),avg(Value) FROM DBdata WHERE (Degree IN ('PhD')) AND ((Year = '2016/2017' AND Language = 'German') OR (Year = '2018/2019' AND Language = 'German') OR (Year = '2019/2020' AND Language = 'German'))",
 "sqlResult": "{413 | 334.67}",
 "nlq": "What are the maximum and average numbers of graduations with a PhD in German in 2016/2017, 2018/2019, or 2019/2020?"},
{"name": "template 8",
 "sql": "SELECT Degree,max(Value),min(Value) FROM DBdata WHERE (Degree IN ('BSc','PhD')) AND ((Year = '2017/2018' AND Language = 'French') OR (Year = '2017/2018' AND Language = 'German') OR (Year = '2018/2019' AND Language = 'German') OR (Year = '2019/2020' AND Language = 'German') OR (Year = '2019/2020' AND Language = 'Other')) GROUP BY Degree",
 "sqlResult": "{BSc | 495 | 177} || {PhD | 413 | 60}",
 "nlq": "What are the maximum and minimum numbers of graduations for each Degree, with a BSc or PhD in French in 2017/2018 or in German in 2017/2018, 2018/2019, or 2019/2020 or in Other in 2019/2020? Please, report the corresponding Degree."},
{"name": "template 9",
 "sql": "SELECT min(Value) FROM DBdata WHERE (Degree IN ('PhD')) AND (Year IN ('2016/2017','2017/2018','2018/2019','2019/2020')) GROUP BY Year",
 "sqlResult": "{89} || {60} || {51} || {218}",
 "nlq": "What is the minimum number of graduations for each Year, with a PhD in 2016/2017, 2017/2018, 2018/2019, or 2019/2020?"},
{"name": "template 10",
 "sql": "SELECT Year,max(Value) FROM DBdata WHERE (Degree IN ('MSc')) AND (Year IN ('2016/2017','2017/2018','2018/2019','2019/2020')) GROUP BY Year",
 "sqlResult": "{2016/2017 | 487} || {2017/2018 | 274} || {2018/2019 | 368} || {2019/2020 | 493}",
 "nlq": "What is the maximum number of graduations for each Year, with a MSc in 2016/2017, 2017/2018, 2018/2019, or 2019/2020? Please, report the corresponding Year."},
{"name": "template 11",
 "sql": "SELECT Year,Degree,avg(Value) FROM DBdata WHERE (Degree IN ('BSc','MSc','PhD')) AND (Year IN ('2016/2017','2017/2018','2018/2019','2019/2020')) GROUP BY Year,Degree",
 "sqlResult": "{2016/2017 | BSc | 300.75} || {2016/2017 | MSc | 250.75} || {2016/2017 | PhD | 309.25} || {2017/2018 | BSc | 305.75} || {2017/2018 | MSc | 183.5} || {2017/2018 | PhD | 223.25} || {2018/2019 | BSc | 280} || {2018/2019 | MSc | 241.25} || {2018/2019 | PhD | 281.5} || {2019/2020 | BSc | 288.5} || {2019/2020 | MSc | 413.5} || {2019/2020 | PhD | 276}",
 "nlq": "What is the average number of graduations for each Year and Degree, with a BSc, MSc, or PhD in 2016/2017, 2017/2018, 2018/2019, or 2019/2020? Please, report the corresponding Year and Degree."},
{"name": "template 12",
 "sql": "SELECT Value FROM DBdata WHERE (Degree IN ('PhD')) AND (Year IN ('2016/2017','2017/2018')) ORDER BY VALUE DESC LIMIT 4",
 "sqlResult": "{424} || {416} || {408} || {316}",
 "nlq": "What are the top 4 numbers of graduations with a PhD in 2016/2017 or 2017/2018?"},
{"name": "template 13",
 "sql": "SELECT Value FROM DBdata WHERE (Degree IN ('MSc')) AND (Year IN ('2016/2017','2018/2019')) ORDER BY VALUE ASC",
 "sqlResult": "{63} || {114} || {129} || {219} || {273} || {315} || {368} || {487}",
 "nlq": "What are the numbers of graduations ordered by increasing values with a MSc in 2016/2017 or 2018/2019?"},
{"name": "template 14",
 "sql": "SELECT Year,Language FROM DBdata WHERE (Degree IN ('PhD')) AND Value > 279.5",
 "sqlResult": "{2016/2017 | French} || {2017/2018 | French} || {2018/2019 | French} || {2016/2017 | Spanish} || {2018/2019 | Spanish} || {2016/2017 | German} || {2019/2020 | German} || {2017/2018 | Other}",
 "nlq": "What are the Year and Language for which the number of graduations with a PhD is greater than 279.5?"},
{"name": "template 15",
 "sql": "SELECT Year,Language,Value FROM DBdata WHERE (Degree IN ('BSc')) AND (Year,Language) IN (SELECT Year,Language FROM DBdata WHERE (Degree IN ('PhD')) AND Value > 279.5)",
 "sqlResult": "{2016/2017 | French | 421} || {2017/2018 | French | 226} || {2018/2019 | French | 446} || {2016/2017 | Spanish | 292} || {2018/2019 | Spanish | 84} || {2016/2017 | German | 338} || {2019/2020 | German | 495} || {2017/2018 | Other | 352}",
 "nlq": "What is the number of graduations with a BSc in Year and in Language for which the number of graduations with a PhD is greater than 279.5? Please, report the corresponding Year, Language, and number of graduations."}]
}
