{
"filename": "Number_of_graduations_set38_5_DB.csv",
"questions": [{"name": "template 1",
 "sql": "SELECT Value FROM DBdata WHERE (Degree IN ('MSc')) AND ((Language = 'Spanish' AND Year = '2016/2017'))",
 "sqlResult": "{404}",
 "nlq": "What is the number of graduations with a MSc in Spanish in 2016/2017?"},
{"name": "template 2",
 "sql": "SELECT Value FROM DBdata WHERE (Degree IN ('PhD')) AND ((Language = 'French' AND Year = '2016/2017') OR (Language = 'Spanish' AND Year = '2017/2018') OR (Language = 'German' AND Year = '2018/2019') OR (Language = 'German' AND Year = '2019/2020'))",
 "sqlResult": "{496} || {123} || {463} || {114}",
 "nlq": "What is the number of graduations with a PhD in French in 2016/2017 or in German in 2018/2019 or 2019/2020 or in Spanish in 2017/2018?"},
{"name": "template 3",
 "sql": "SELECT Value FROM DBdata WHERE (Degree IN ('MSc','PhD')) AND ((Language = 'Spanish' AND Year = '2018/2019'))",
 "sqlResult": "{364} || {253}",
 "nlq": "What is the number of graduations with a MSc or PhD in Spanish in 2018/2019?"},
{"name": "template 4",
 "sql": "SELECT min(Value),max(Value) FROM DBdata WHERE (Degree IN ('BSc','MSc','PhD')) AND ((Language = 'Spanish' AND Year = '2016/2017'))",
 "sqlResult": "{101 | 404}",
 "nlq": "What are the minimum and maximum numbers of graduations with a BSc, MSc, or PhD in Spanish in 2016/2017?"},
{"name": "template 6",
 "sql": "SELECT Value FROM DBdata WHERE (Degree IN ('BSc','MSc','PhD')) AND ((Language = 'French' AND Year = '2017/2018') OR (Language = 'Spanish' AND Year = '2017/2018') OR (Language = 'Spanish' AND Year = '2018/2019') OR (Language = 'German' AND Year = '2017/2018'))",
 "sqlResult": "{167} || {352} || {195} || {273} || {493} || {123} || {246} || {364} || {253} || {232} || {415} || {489}",
 "nlq": "What is the number of graduations with a BSc, MSc, or PhD in French, German, or Spanish in 2017/2018 or in Spanish in 2018/2019?"},
{"name": "template 7",
 "sql": "SELECT sum(Value),min(Value) FROM DBdata WHERE (Degree IN ('BSc')) AND ((Language = 'French' AND Year = '2018/2019') OR (Language = 'German' AND Year = '2017/2018') OR (Language = 'German' AND Year = '2018/2019'))",
 "sqlResult": "{965 | 232}",
 "nlq": "What are the total and minimum numbers of graduations with a BSc in French or German in 2018/2019 or in German in 2017/2018?"},
{"name": "template 8",
 "sql": "SELECT Degree,sum(Value),avg(Value) FROM DBdata WHERE (Degree IN ('BSc','PhD')) AND ((Language = 'French' AND Year = '2016/2017') OR (Language = 'Spanish' AND Year = '2016/2017')) GROUP BY Degree",
 "sqlResult": "{BSc | 858 | 429} || {PhD | 597 | 298.5}",
 "nlq": "What are the total and average numbers of graduations for each Degree, with a BSc or PhD in French or Spanish in 2016/2017? Please, report the corresponding Degree."},
{"name": "template 9",
 "sql": "SELECT min(Value) FROM DBdata WHERE (Degree IN ('PhD')) AND (Language IN ('French','Spanish','German')) GROUP BY Language",
 "sqlResult": "{195} || {114} || {101}",
 "nlq": "What is the minimum number of graduations for each Language, with a PhD in French, German, or Spanish?"},
{"name": "template 10",
 "sql": "SELECT Language,avg(Value) FROM DBdata WHERE (Degree IN ('PhD')) AND (Language IN ('French','Spanish','German')) GROUP BY Language",
 "sqlResult": "{French | 376.5} || {German | 359} || {Spanish | 160.5}",
 "nlq": "What is the average number of graduations for each Language, with a PhD in French, German, or Spanish? Please, report the corresponding Language."},
{"name": "template 11",
 "sql": "SELECT Language,Degree,avg(Value) FROM DBdata WHERE (Degree IN ('BSc','PhD')) AND (Language IN ('French','Spanish','German')) GROUP BY Language,Degree",
 "sqlResult": "{French | BSc | 263.25} || {French | PhD | 376.5} || {German | BSc | 286.75} || {German | PhD | 359} || {Spanish | BSc | 298.75} || {Spanish | PhD | 160.5}",
 "nlq": "What is the average number of graduations for each Language and Degree, with a BSc or PhD in French, German, or Spanish? Please, report the corresponding Language and Degree."},
{"name": "template 12",
 "sql": "SELECT Value FROM DBdata WHERE (Degree IN ('MSc')) AND (Language IN ('French','German')) ORDER BY VALUE ASC LIMIT 4",
 "sqlResult": "{89} || {176} || {199} || {352}",
 "nlq": "What are the bottom 4 numbers of graduations with a MSc in French or German?"},
{"name": "template 13",
 "sql": "SELECT Value FROM DBdata WHERE (Degree IN ('MSc')) AND (Language IN ('Spanish','German')) ORDER BY VALUE ASC",
 "sqlResult": "{118} || {199} || {364} || {383} || {387} || {404} || {415} || {493}",
 "nlq": "What are the numbers of graduations ordered by increasing values with a MSc in German or Spanish?"},
{"name": "template 14",
 "sql": "SELECT Language,Year FROM DBdata WHERE (Degree IN ('PhD')) AND Value < 299.39",
 "sqlResult": "{French | 2017/2018} || {Spanish | 2016/2017} || {Spanish | 2017/2018} || {Spanish | 2018/2019} || {Spanish | 2019/2020} || {German | 2019/2020}",
 "nlq": "What are the Language and Year for which the number of graduations with a PhD is lower than 299.39?"},
{"name": "template 15",
 "sql": "SELECT Language,Year,Value FROM DBdata WHERE (Degree IN ('MSc')) AND (Language,Year) IN (SELECT Language,Year FROM DBdata WHERE (Degree IN ('PhD')) AND Value < 299.39)",
 "sqlResult": "{French | 2017/2018 | 352} || {Spanish | 2016/2017 | 404} || {Spanish | 2017/2018 | 493} || {Spanish | 2018/2019 | 364} || {Spanish | 2019/2020 | 118} || {German | 2019/2020 | 383}",
 "nlq": "What is the number of graduations with a MSc in Language and in Year for which the number of graduations with a PhD is lower than 299.39? Please, report the corresponding Language, Year, and number of graduations."}]
}
