{
"filename": "Number_of_graduations_set3_4_DB.csv",
"questions": [{"name": "template 1",
 "sql": "SELECT Value FROM DBdata WHERE (AA IN ('AAfy')) AND (BB IN ('BBwz'))",
 "sqlResult": "{482}",
 "nlq": "What is the number of graduations with a AAfy in BBwz?"},
{"name": "template 2",
 "sql": "SELECT Value FROM DBdata WHERE (AA IN ('AAfy')) AND (BB IN ('BBfw','BBdx'))",
 "sqlResult": "{272} || {217}",
 "nlq": "What is the number of graduations with a AAfy in BBfw or BBdx?"},
{"name": "template 3",
 "sql": "SELECT Value FROM DBdata WHERE (AA IN ('AAfy','AAlv')) AND (BB IN ('BBwz'))",
 "sqlResult": "{482} || {228}",
 "nlq": "What is the number of graduations with a AAfy or AAlv in BBwz?"},
{"name": "template 4",
 "sql": "SELECT avg(Value),min(Value) FROM DBdata WHERE (AA IN ('AAmz','AAlv')) AND (BB IN ('BBfw'))",
 "sqlResult": "{159 | 131}",
 "nlq": "What are the average and minimum numbers of graduations with a AAmz or AAlv in BBfw?"},
{"name": "template 6",
 "sql": "SELECT Value FROM DBdata WHERE (AA IN ('AAfy','AAlv')) AND (BB IN ('BBwz','BBdx'))",
 "sqlResult": "{482} || {228} || {217} || {117}",
 "nlq": "What is the number of graduations with a AAfy or AAlv in BBwz or BBdx?"},
{"name": "template 7",
 "sql": "SELECT max(Value),min(Value) FROM DBdata WHERE (AA IN ('AAfy')) AND (BB IN ('BBfw','BBwz','BBdx'))",
 "sqlResult": "{482 | 217}",
 "nlq": "What are the maximum and minimum numbers of graduations with a AAfy in BBfw, BBwz, or BBdx?"},
{"name": "template 8",
 "sql": "SELECT AA,avg(Value),sum(Value) FROM DBdata WHERE (AA IN ('AAmz','AAfy')) AND (BB IN ('BBwz','BBdx')) GROUP BY AA",
 "sqlResult": "{AAmz | 302 | 604} || {AAfy | 349.5 | 699}",
 "nlq": "What are the average and total numbers of graduations for each AA, with a AAmz or AAfy in BBwz or BBdx? Please, report the corresponding AA."},
{"name": "template 9",
 "sql": "SELECT min(Value) FROM DBdata WHERE (AA IN ('AAfy')) AND (BB IN ('BBfw','BBwz','BBdx')) GROUP BY BB",
 "sqlResult": "{272} || {482} || {217}",
 "nlq": "What is the minimum number of graduations for each BB, with a AAfy in BBfw, BBwz, or BBdx?"},
{"name": "template 10",
 "sql": "SELECT BB,avg(Value) FROM DBdata WHERE (AA IN ('AAmz')) AND (BB IN ('BBfw','BBwz','BBdx')) GROUP BY BB",
 "sqlResult": "{BBfw | 131} || {BBwz | 223} || {BBdx | 381}",
 "nlq": "What is the average number of graduations for each BB, with a AAmz in BBfw, BBwz, or BBdx? Please, report the corresponding BB."},
{"name": "template 11",
 "sql": "SELECT BB,AA,avg(Value) FROM DBdata WHERE (AA IN ('AAmz','AAfy')) AND (BB IN ('BBfw','BBwz','BBdx')) GROUP BY BB,AA",
 "sqlResult": "{BBfw | AAmz | 131} || {BBfw | AAfy | 272} || {BBwz | AAmz | 223} || {BBwz | AAfy | 482} || {BBdx | AAmz | 381} || {BBdx | AAfy | 217}",
 "nlq": "What is the average number of graduations for each BB and AA, with a AAmz or AAfy in BBfw, BBwz, or BBdx? Please, report the corresponding BB and AA."},
{"name": "template 12",
 "sql": "SELECT Value FROM DBdata WHERE (AA IN ('AAlv')) AND (BB IN ('BBwz','BBdx')) ORDER BY VALUE ASC LIMIT 2",
 "sqlResult": "{117} || {228}",
 "nlq": "What are the bottom 2 numbers of graduations with a AAlv in BBwz or BBdx?"},
{"name": "template 13",
 "sql": "SELECT Value FROM DBdata WHERE (AA IN ('AAfy')) AND (BB IN ('BBfw','BBwz')) ORDER BY VALUE ASC",
 "sqlResult": "{272} || {482}",
 "nlq": "What are the numbers of graduations ordered by increasing values with a AAfy in BBfw or BBwz?"},
{"name": "template 14",
 "sql": "SELECT BB FROM DBdata WHERE (AA IN ('AAmz')) AND Value < 248.67",
 "sqlResult": "{BBfw} || {BBwz}",
 "nlq": "What is the BB for which the number of graduations with a AAmz is lower than 248.67?"},
{"name": "template 15",
 "sql": "SELECT BB,Value FROM DBdata WHERE (AA IN ('AAfy')) AND (BB) IN (SELECT BB FROM DBdata WHERE (AA IN ('AAmz')) AND Value < 248.67)",
 "sqlResult": "{BBfw | 272} || {BBwz | 482}",
 "nlq": "What is the number of graduations with a AAfy in BB for which the number of graduations with a AAmz is lower than 248.67? Please, report the corresponding BB and number of graduations."}]
}

