AA,BB,CC,Value
AA,BB,CC,Value
AAhl,BBcv,CCsy,284
AAgx,BBcv,CCsy,348
AAfr,BBcv,CCsy,441
AAhl,BBft,CCsy,460
AAgx,BBft,CCsy,303
AAfr,BBft,CCsy,459
AAhl,BBbr,CCsy,274
AAgx,BBbr,CCsy,296
AAfr,BBbr,CCsy,88
AAhl,BBmp,CCsy,322
AAgx,BBmp,CCsy,97
AAfr,BBmp,CCsy,159
AAhl,BBcv,CCmz,189
AAgx,BBcv,CCmz,114
AAfr,BBcv,CCmz,422
AAhl,BBft,CCmz,101
AAgx,BBft,CCmz,419
AAfr,BBft,CCmz,407
AAhl,BBbr,CCmz,479
AAgx,BBbr,CCmz,178
AAfr,BBbr,CCmz,86
AAhl,BBmp,CCmz,431
AAgx,BBmp,CCmz,116
AAfr,BBmp,CCmz,315
AAhl,BBcv,CCqt,150
AAgx,BBcv,CCqt,55
AAfr,BBcv,CCqt,390
AAhl,BBft,CCqt,306
AAgx,BBft,CCqt,396
AAfr,BBft,CCqt,186
AAhl,BBbr,CCqt,216
AAgx,BBbr,CCqt,470
AAfr,BBbr,CCqt,152
AAhl,BBmp,CCqt,123
AAgx,BBmp,CCqt,62
AAfr,BBmp,CCqt,483
AAhl,BBcv,CChj,149
AAgx,BBcv,CChj,297
AAfr,BBcv,CChj,106
AAhl,BBft,CChj,369
AAgx,BBft,CChj,206
AAfr,BBft,CChj,107
AAhl,BBbr,CChj,59
AAgx,BBbr,CChj,281
AAfr,BBbr,CChj,404
AAhl,BBmp,CChj,343
AAgx,BBmp,CChj,213
AAfr,BBmp,CChj,113

