{
"filename": "Number_of_graduations_set37_1_DB.csv",
"questions": [{"name": "template 1",
 "sql": "SELECT Value FROM DBdata WHERE (AA IN ('AAgx')) AND ((BB = 'BBpt' AND CC = 'CCty'))",
 "sqlResult": "{398}",
 "nlq": "What is the number of graduations with a AAgx in CCty in BBpt?"},
{"name": "template 2",
 "sql": "SELECT Value FROM DBdata WHERE (AA IN ('AArv')) AND ((BB = 'BBdr' AND CC = 'CCnt') OR (BB = 'BBdz' AND CC = 'CCty'))",
 "sqlResult": "{112} || {351}",
 "nlq": "What is the number of graduations with a AArv in CCty in BBdz or in CCnt in BBdr?"},
{"name": "template 3",
 "sql": "SELECT Value FROM DBdata WHERE (AA IN ('AAgx','AArv')) AND ((BB = 'BBdz' AND CC = 'CCnt'))",
 "sqlResult": "{223} || {290}",
 "nlq": "What is the number of graduations with a AAgx or AArv in CCnt in BBdz?"},
{"name": "template 4",
 "sql": "SELECT max(Value),min(Value) FROM DBdata WHERE (AA IN ('AAgx','AArv')) AND ((BB = 'BBdz' AND CC = 'CCnt'))",
 "sqlResult": "{290 | 223}",
 "nlq": "What are the maximum and minimum numbers of graduations with a AAgx or AArv in CCnt in BBdz?"},
{"name": "template 6",
 "sql": "SELECT Value FROM DBdata WHERE (AA IN ('AAgx','AAcm')) AND ((BB = 'BBdr' AND CC = 'CCnt') OR (BB = 'BBpt' AND CC = 'CCnt') OR (BB = 'BBdr' AND CC = 'CCty') OR (BB = 'BBdz' AND CC = 'CCty'))",
 "sqlResult": "{189} || {148} || {251} || {68} || {311} || {458} || {185} || {208}",
 "nlq": "What is the number of graduations with a AAgx or AAcm in CCty in BBdz or in CCty or CCnt in BBdr or in CCnt in BBpt?"},
{"name": "template 7",
 "sql": "SELECT min(Value),max(Value) FROM DBdata WHERE (AA IN ('AArv')) AND ((BB = 'BBdr' AND CC = 'CCnt') OR (BB = 'BBdz' AND CC = 'CCnt') OR (BB = 'BBpt' AND CC = 'CCnt') OR (BB = 'BBdr' AND CC = 'CCty') OR (BB = 'BBpt' AND CC = 'CCty'))",
 "sqlResult": "{112 | 385}",
 "nlq": "What are the minimum and maximum numbers of graduations with a AArv in CCty in BBdr or BBpt or in CCnt in BBdr, BBdz, or BBpt?"},
{"name": "template 8",
 "sql": "SELECT AA,avg(Value),min(Value) FROM DBdata WHERE (AA IN ('AAcm','AArv')) AND ((BB = 'BBdr' AND CC = 'CCnt') OR (BB = 'BBdz' AND CC = 'CCnt')) GROUP BY AA",
 "sqlResult": "{AAcm | 160 | 148} || {AArv | 201 | 112}",
 "nlq": "What are the average and minimum numbers of graduations for each AA, with a AAcm or AArv in CCnt in BBdr or BBdz? Please, report the corresponding AA."},
{"name": "template 9",
 "sql": "SELECT min(Value) FROM DBdata WHERE (AA IN ('AAgx')) AND (BB IN ('BBdr','BBdz','BBpt')) GROUP BY BB",
 "sqlResult": "{189} || {185} || {251}",
 "nlq": "What is the minimum number of graduations for each BB, with a AAgx in BBdr, BBdz, or BBpt?"},
{"name": "template 10",
 "sql": "SELECT BB,avg(Value) FROM DBdata WHERE (AA IN ('AArv')) AND (BB IN ('BBdr','BBdz','BBpt')) GROUP BY BB",
 "sqlResult": "{BBdr | 189} || {BBdz | 320.5} || {BBpt | 277}",
 "nlq": "What is the average number of graduations for each BB, with a AArv in BBdr, BBdz, or BBpt? Please, report the corresponding BB."},
{"name": "template 11",
 "sql": "SELECT BB,AA,sum(Value) FROM DBdata WHERE (AA IN ('AAgx','AAcm','AArv')) AND (BB IN ('BBdr','BBdz','BBpt')) GROUP BY BB,AA",
 "sqlResult": "{BBdr | AAgx | 500} || {BBdr | AAcm | 606} || {BBdr | AArv | 378} || {BBdz | AAgx | 408} || {BBdz | AAcm | 380} || {BBdz | AArv | 641} || {BBpt | AAgx | 649} || {BBpt | AAcm | 380} || {BBpt | AArv | 554}",
 "nlq": "What is the total number of graduations for each BB and AA, with a AAgx, AAcm, or AArv in BBdr, BBdz, or BBpt? Please, report the corresponding BB and AA."},
{"name": "template 12",
 "sql": "SELECT Value FROM DBdata WHERE (AA IN ('AArv')) AND (BB IN ('BBdr','BBdz')) ORDER BY VALUE ASC LIMIT 2",
 "sqlResult": "{112} || {266}",
 "nlq": "What are the bottom 2 numbers of graduations with a AArv in BBdr or BBdz?"},
{"name": "template 13",
 "sql": "SELECT Value FROM DBdata WHERE (AA IN ('AArv')) AND (BB IN ('BBdr','BBdz')) ORDER BY VALUE DESC",
 "sqlResult": "{351} || {290} || {266} || {112}",
 "nlq": "What are the numbers of graduations ordered by decreasing values with a AArv in BBdr or BBdz?"},
{"name": "template 14",
 "sql": "SELECT BB,CC FROM DBdata WHERE (AA IN ('AAgx')) AND Value > 249.78",
 "sqlResult": "{BBpt | CCnt} || {BBdr | CCty} || {BBpt | CCty}",
 "nlq": "What are the BB and CC for which the number of graduations with a AAgx is greater than 249.78?"},
{"name": "template 15",
 "sql": "SELECT BB,CC,Value FROM DBdata WHERE (AA IN ('AArv')) AND (BB,CC) IN (SELECT BB,CC FROM DBdata WHERE (AA IN ('AAgx')) AND Value > 249.78)",
 "sqlResult": "{BBpt | CCnt | 385} || {BBdr | CCty | 266} || {BBpt | CCty | 169}",
 "nlq": "What is the number of graduations with a AArv in BB and in CC for which the number of graduations with a AAgx is greater than 249.78? Please, report the corresponding BB, CC, and number of graduations."}]
}

