AA,BB,CC,Value
AA,BB,CC,Value
AAbd,BBfz,CCtz,169
AAny,BBfz,CCtz,442
AAgm,BBfz,CCtz,363
AAbd,BBwy,CCtz,429
AAny,BBwy,CCtz,202
AAgm,BBwy,CCtz,268
AAbd,BBmw,CCtz,400
AAny,BBmw,CCtz,216
AAgm,BBmw,CCtz,88
AAbd,BByz,CCtz,271
AAny,BByz,CCtz,134
AAgm,BByz,CCtz,293
AAbd,BBdz,CCtz,361
AAny,BBdz,CCtz,449
AAgm,BBdz,CCtz,440
AAbd,BBfz,CCfj,261
AAny,BBfz,CCfj,377
AAgm,BBfz,CCfj,70
AAbd,BBwy,CCfj,258
AAny,BBwy,CCfj,316
AAgm,BBwy,CCfj,278
AAbd,BBmw,CCfj,232
AAny,BBmw,CCfj,378
AAgm,BBmw,CCfj,445
AAbd,BByz,CCfj,262
AAny,BByz,CCfj,408
AAgm,BByz,CCfj,139
AAbd,BBdz,CCfj,50
AAny,BBdz,CCfj,277
AAgm,BBdz,CCfj,135
AAbd,BBfz,CCht,224
AAny,BBfz,CCht,321
AAgm,BBfz,CCht,87
AAbd,BBwy,CCht,382
AAny,BBwy,CCht,375
AAgm,BBwy,CCht,426
AAbd,BBmw,CCht,207
AAny,BBmw,CCht,359
AAgm,BBmw,CCht,211
AAbd,BByz,CCht,456
AAny,BByz,CCht,428
AAgm,BByz,CCht,120
AAbd,BBdz,CCht,90
AAny,BBdz,CCht,128
AAgm,BBdz,CCht,101

