{
"filename": "Number_of_graduations_set8_2_DB.csv",
"questions": [{"name": "template 1",
 "sql": "SELECT Value FROM DBdata WHERE (Degree IN ('BSc')) AND (Year IN ('2018/2019'))",
 "sqlResult": "{183}",
 "nlq": "What is the number of graduations with a BSc in 2018/2019?"},
{"name": "template 2",
 "sql": "SELECT Value FROM DBdata WHERE (Degree IN ('PhD')) AND (Year IN ('2018/2019','2019/2020','2020/2021','2021/2022','2022/2023'))",
 "sqlResult": "{495} || {81} || {454} || {71} || {231}",
 "nlq": "What is the number of graduations with a PhD in 2018/2019, 2019/2020, 2020/2021, 2021/2022, or 2022/2023?"},
{"name": "template 3",
 "sql": "SELECT Value FROM DBdata WHERE (Degree IN ('BSc','MSc')) AND (Year IN ('2018/2019'))",
 "sqlResult": "{183} || {265}",
 "nlq": "What is the number of graduations with a BSc or MSc in 2018/2019?"},
{"name": "template 4",
 "sql": "SELECT avg(Value),min(Value) FROM DBdata WHERE (Degree IN ('BSc','MSc','PhD')) AND (Year IN ('2020/2021'))",
 "sqlResult": "{289.33 | 187}",
 "nlq": "What are the average and minimum numbers of graduations with a BSc, MSc, or PhD in 2020/2021?"},
{"name": "template 6",
 "sql": "SELECT Value FROM DBdata WHERE (Degree IN ('BSc','PhD')) AND (Year IN ('2019/2020','2020/2021','2021/2022','2022/2023'))",
 "sqlResult": "{256} || {81} || {187} || {454} || {197} || {71} || {110} || {231}",
 "nlq": "What is the number of graduations with a BSc or PhD in 2019/2020, 2020/2021, 2021/2022, or 2022/2023?"},
{"name": "template 7",
 "sql": "SELECT sum(Value),avg(Value) FROM DBdata WHERE (Degree IN ('BSc')) AND (Year IN ('2018/2019','2019/2020','2021/2022','2022/2023'))",
 "sqlResult": "{746 | 186.5}",
 "nlq": "What are the total and average numbers of graduations with a BSc in 2018/2019, 2019/2020, 2021/2022, or 2022/2023?"},
{"name": "template 8",
 "sql": "SELECT Degree,avg(Value),max(Value) FROM DBdata WHERE (Degree IN ('BSc','MSc','PhD')) AND (Year IN ('2018/2019','2019/2020','2020/2021','2022/2023')) GROUP BY Degree",
 "sqlResult": "{BSc | 184 | 256} || {MSc | 254.75 | 462} || {PhD | 315.25 | 495}",
 "nlq": "What are the average and maximum numbers of graduations for each Degree, with a BSc, MSc, or PhD in 2018/2019, 2019/2020, 2020/2021, or 2022/2023? Please, report the corresponding Degree."},
{"name": "template 9",
 "sql": "SELECT min(Value) FROM DBdata WHERE (Degree IN ('MSc')) AND (Year IN ('2018/2019','2019/2020','2020/2021','2021/2022','2022/2023')) GROUP BY Year",
 "sqlResult": "{265} || {462} || {227} || {57} || {65}",
 "nlq": "What is the minimum number of graduations for each Year, with a MSc in 2018/2019, 2019/2020, 2020/2021, 2021/2022, or 2022/2023?"},
{"name": "template 10",
 "sql": "SELECT Year,sum(Value) FROM DBdata WHERE (Degree IN ('MSc')) AND (Year IN ('2018/2019','2019/2020','2020/2021','2021/2022','2022/2023')) GROUP BY Year",
 "sqlResult": "{2018/2019 | 265} || {2019/2020 | 462} || {2020/2021 | 227} || {2021/2022 | 57} || {2022/2023 | 65}",
 "nlq": "What is the total number of graduations for each Year, with a MSc in 2018/2019, 2019/2020, 2020/2021, 2021/2022, or 2022/2023? Please, report the corresponding Year."},
{"name": "template 11",
 "sql": "SELECT Year,Degree,max(Value) FROM DBdata WHERE (Degree IN ('BSc','MSc','PhD')) AND (Year IN ('2018/2019','2019/2020','2020/2021','2021/2022','2022/2023')) GROUP BY Year,Degree",
 "sqlResult": "{2018/2019 | BSc | 183} || {2018/2019 | MSc | 265} || {2018/2019 | PhD | 495} || {2019/2020 | BSc | 256} || {2019/2020 | MSc | 462} || {2019/2020 | PhD | 81} || {2020/2021 | BSc | 187} || {2020/2021 | MSc | 227} || {2020/2021 | PhD | 454} || {2021/2022 | BSc | 197} || {2021/2022 | MSc | 57} || {2021/2022 | PhD | 71} || {2022/2023 | BSc | 110} || {2022/2023 | MSc | 65} || {2022/2023 | PhD | 231}",
 "nlq": "What is the maximum number of graduations for each Year and Degree, with a BSc, MSc, or PhD in 2018/2019, 2019/2020, 2020/2021, 2021/2022, or 2022/2023? Please, report the corresponding Year and Degree."},
{"name": "template 12",
 "sql": "SELECT Value FROM DBdata WHERE (Degree IN ('MSc')) AND (Year IN ('2018/2019','2022/2023')) ORDER BY VALUE DESC LIMIT 2",
 "sqlResult": "{265} || {65}",
 "nlq": "What are the top 2 numbers of graduations with a MSc in 2018/2019 or 2022/2023?"},
{"name": "template 13",
 "sql": "SELECT Value FROM DBdata WHERE (Degree IN ('MSc')) AND (Year IN ('2018/2019','2019/2020')) ORDER BY VALUE ASC",
 "sqlResult": "{265} || {462}",
 "nlq": "What are the numbers of graduations ordered by increasing values with a MSc in 2018/2019 or 2019/2020?"},
{"name": "template 14",
 "sql": "SELECT Year FROM DBdata WHERE (Degree IN ('MSc')) AND Value > 222.73",
 "sqlResult": "{2018/2019} || {2019/2020} || {2020/2021}",
 "nlq": "What is the Year for which the number of graduations with a MSc is greater than 222.73?"},
{"name": "template 15",
 "sql": "SELECT Year,Value FROM DBdata WHERE (Degree IN ('PhD')) AND (Year) IN (SELECT Year FROM DBdata WHERE (Degree IN ('MSc')) AND Value > 222.73)",
 "sqlResult": "{2018/2019 | 495} || {2019/2020 | 81} || {2020/2021 | 454}",
 "nlq": "What is the number of graduations with a PhD in Year for which the number of graduations with a MSc is greater than 222.73? Please, report the corresponding Year and number of graduations."}]
}
