{
"filename": "Number_of_graduations_set10_3_DB.csv",
"questions": [{"name": "template 1",
 "sql": "SELECT Value FROM DBdata WHERE (Degree IN ('PhD')) AND (Year IN ('2017/2018'))",
 "sqlResult": "{72}",
 "nlq": "What is the number of graduations with a PhD in 2017/2018?"},
{"name": "template 2",
 "sql": "SELECT Value FROM DBdata WHERE (Degree IN ('BSc')) AND (Year IN ('2017/2018','2018/2019','2019/2020','2020/2021'))",
 "sqlResult": "{191} || {214} || {130} || {227}",
 "nlq": "What is the number of graduations with a BSc in 2017/2018, 2018/2019, 2019/2020, or 2020/2021?"},
{"name": "template 3",
 "sql": "SELECT Value FROM DBdata WHERE (Degree IN ('BSc','MSc','PhD')) AND (Year IN ('2017/2018'))",
 "sqlResult": "{191} || {410} || {72}",
 "nlq": "What is the number of graduations with a BSc, MSc, or PhD in 2017/2018?"},
{"name": "template 4",
 "sql": "SELECT max(Value),sum(Value) FROM DBdata WHERE (Degree IN ('MSc','PhD')) AND (Year IN ('2017/2018'))",
 "sqlResult": "{410 | 482}",
 "nlq": "What are the maximum and total numbers of graduations with a MSc or PhD in 2017/2018?"},
{"name": "template 6",
 "sql": "SELECT Value FROM DBdata WHERE (Degree IN ('BSc','PhD')) AND (Year IN ('2016/2017','2017/2018','2018/2019','2020/2021'))",
 "sqlResult": "{361} || {124} || {191} || {72} || {214} || {74} || {227} || {268}",
 "nlq": "What is the number of graduations with a BSc or PhD in 2016/2017, 2017/2018, 2018/2019, or 2020/2021?"},
{"name": "template 7",
 "sql": "SELECT sum(Value),avg(Value) FROM DBdata WHERE (Degree IN ('MSc')) AND (Year IN ('2018/2019','2020/2021'))",
 "sqlResult": "{779 | 389.5}",
 "nlq": "What are the total and average numbers of graduations with a MSc in 2018/2019 or 2020/2021?"},
{"name": "template 8",
 "sql": "SELECT Degree,sum(Value),avg(Value) FROM DBdata WHERE (Degree IN ('BSc','MSc','PhD')) AND (Year IN ('2016/2017','2017/2018','2018/2019','2019/2020','2020/2021')) GROUP BY Degree",
 "sqlResult": "{BSc | 1123 | 224.6} || {MSc | 1804 | 360.8} || {PhD | 683 | 136.6}",
 "nlq": "What are the total and average numbers of graduations for each Degree, with a BSc, MSc, or PhD in 2016/2017, 2017/2018, 2018/2019, 2019/2020, or 2020/2021? Please, report the corresponding Degree."},
{"name": "template 9",
 "sql": "SELECT min(Value) FROM DBdata WHERE (Degree IN ('MSc')) AND (Year IN ('2016/2017','2017/2018','2018/2019','2019/2020','2020/2021')) GROUP BY Year",
 "sqlResult": "{277} || {410} || {455} || {338} || {324}",
 "nlq": "What is the minimum number of graduations for each Year, with a MSc in 2016/2017, 2017/2018, 2018/2019, 2019/2020, or 2020/2021?"},
{"name": "template 10",
 "sql": "SELECT Year,max(Value) FROM DBdata WHERE (Degree IN ('MSc')) AND (Year IN ('2016/2017','2017/2018','2018/2019','2019/2020','2020/2021')) GROUP BY Year",
 "sqlResult": "{2016/2017 | 277} || {2017/2018 | 410} || {2018/2019 | 455} || {2019/2020 | 338} || {2020/2021 | 324}",
 "nlq": "What is the maximum number of graduations for each Year, with a MSc in 2016/2017, 2017/2018, 2018/2019, 2019/2020, or 2020/2021? Please, report the corresponding Year."},
{"name": "template 11",
 "sql": "SELECT Year,Degree,avg(Value) FROM DBdata WHERE (Degree IN ('BSc','MSc','PhD')) AND (Year IN ('2016/2017','2017/2018','2018/2019','2019/2020','2020/2021')) GROUP BY Year,Degree",
 "sqlResult": "{2016/2017 | BSc | 361} || {2016/2017 | MSc | 277} || {2016/2017 | PhD | 124} || {2017/2018 | BSc | 191} || {2017/2018 | MSc | 410} || {2017/2018 | PhD | 72} || {2018/2019 | BSc | 214} || {2018/2019 | MSc | 455} || {2018/2019 | PhD | 74} || {2019/2020 | BSc | 130} || {2019/2020 | MSc | 338} || {2019/2020 | PhD | 145} || {2020/2021 | BSc | 227} || {2020/2021 | MSc | 324} || {2020/2021 | PhD | 268}",
 "nlq": "What is the average number of graduations for each Year and Degree, with a BSc, MSc, or PhD in 2016/2017, 2017/2018, 2018/2019, 2019/2020, or 2020/2021? Please, report the corresponding Year and Degree."},
{"name": "template 12",
 "sql": "SELECT Value FROM DBdata WHERE (Degree IN ('BSc')) AND (Year IN ('2017/2018','2018/2019')) ORDER BY VALUE DESC LIMIT 2",
 "sqlResult": "{214} || {191}",
 "nlq": "What are the top 2 numbers of graduations with a BSc in 2017/2018 or 2018/2019?"},
{"name": "template 13",
 "sql": "SELECT Value FROM DBdata WHERE (Degree IN ('PhD')) AND (Year IN ('2016/2017','2018/2019')) ORDER BY VALUE DESC",
 "sqlResult": "{124} || {74}",
 "nlq": "What are the numbers of graduations ordered by decreasing values with a PhD in 2016/2017 or 2018/2019?"},
{"name": "template 14",
 "sql": "SELECT Year FROM DBdata WHERE (Degree IN ('BSc')) AND Value > 240.67",
 "sqlResult": "{2016/2017}",
 "nlq": "What is the Year for which the number of graduations with a BSc is greater than 240.67?"},
{"name": "template 15",
 "sql": "SELECT Year,Value FROM DBdata WHERE (Degree IN ('MSc')) AND (Year) IN (SELECT Year FROM DBdata WHERE (Degree IN ('BSc')) AND Value > 240.67)",
 "sqlResult": "{2016/2017 | 277}",
 "nlq": "What is the number of graduations with a MSc in Year for which the number of graduations with a BSc is greater than 240.67? Please, report the corresponding Year and number of graduations."}]
}
