{
"filename": "Number_of_graduations_set9_5_DB.csv",
"questions": [{"name": "template 1",
 "sql": "SELECT Value FROM DBdata WHERE (Degree IN ('BSc')) AND (Year IN ('2018/2019'))",
 "sqlResult": "{498}",
 "nlq": "What is the number of graduations with a BSc in 2018/2019?"},
{"name": "template 2",
 "sql": "SELECT Value FROM DBdata WHERE (Degree IN ('MSc')) AND (Year IN ('2018/2019','2019/2020'))",
 "sqlResult": "{461} || {291}",
 "nlq": "What is the number of graduations with a MSc in 2018/2019 or 2019/2020?"},
{"name": "template 3",
 "sql": "SELECT Value FROM DBdata WHERE (Degree IN ('BSc','MSc','PhD')) AND (Year IN ('2019/2020'))",
 "sqlResult": "{135} || {291} || {383}",
 "nlq": "What is the number of graduations with a BSc, MSc, or PhD in 2019/2020?"},
{"name": "template 4",
 "sql": "SELECT sum(Value),min(Value) FROM DBdata WHERE (Degree IN ('BSc','MSc','PhD')) AND (Year IN ('2018/2019'))",
 "sqlResult": "{1367 | 408}",
 "nlq": "What are the total and minimum numbers of graduations with a BSc, MSc, or PhD in 2018/2019?"},
{"name": "template 6",
 "sql": "SELECT Value FROM DBdata WHERE (Degree IN ('MSc','PhD')) AND (Year IN ('2018/2019','2020/2021'))",
 "sqlResult": "{461} || {408} || {174} || {275}",
 "nlq": "What is the number of graduations with a MSc or PhD in 2018/2019 or 2020/2021?"},
{"name": "template 7",
 "sql": "SELECT avg(Value),sum(Value) FROM DBdata WHERE (Degree IN ('MSc')) AND (Year IN ('2018/2019','2020/2021'))",
 "sqlResult": "{317.5 | 635}",
 "nlq": "What are the average and total numbers of graduations with a MSc in 2018/2019 or 2020/2021?"},
{"name": "template 8",
 "sql": "SELECT Degree,avg(Value),min(Value) FROM DBdata WHERE (Degree IN ('BSc','MSc','PhD')) AND (Year IN ('2018/2019','2019/2020','2020/2021')) GROUP BY Degree",
 "sqlResult": "{BSc | 341.67 | 135} || {MSc | 308.67 | 174} || {PhD | 355.33 | 275}",
 "nlq": "What are the average and minimum numbers of graduations for each Degree, with a BSc, MSc, or PhD in 2018/2019, 2019/2020, or 2020/2021? Please, report the corresponding Degree."},
{"name": "template 9",
 "sql": "SELECT min(Value) FROM DBdata WHERE (Degree IN ('BSc')) AND (Year IN ('2018/2019','2019/2020','2020/2021')) GROUP BY Year",
 "sqlResult": "{498} || {135} || {392}",
 "nlq": "What is the minimum number of graduations for each Year, with a BSc in 2018/2019, 2019/2020, or 2020/2021?"},
{"name": "template 10",
 "sql": "SELECT Year,min(Value) FROM DBdata WHERE (Degree IN ('MSc')) AND (Year IN ('2018/2019','2019/2020','2020/2021')) GROUP BY Year",
 "sqlResult": "{2018/2019 | 461} || {2019/2020 | 291} || {2020/2021 | 174}",
 "nlq": "What is the minimum number of graduations for each Year, with a MSc in 2018/2019, 2019/2020, or 2020/2021? Please, report the corresponding Year."},
{"name": "template 11",
 "sql": "SELECT Year,Degree,max(Value) FROM DBdata WHERE (Degree IN ('BSc','MSc')) AND (Year IN ('2018/2019','2019/2020','2020/2021')) GROUP BY Year,Degree",
 "sqlResult": "{2018/2019 | BSc | 498} || {2018/2019 | MSc | 461} || {2019/2020 | BSc | 135} || {2019/2020 | MSc | 291} || {2020/2021 | BSc | 392} || {2020/2021 | MSc | 174}",
 "nlq": "What is the maximum number of graduations for each Year and Degree, with a BSc or MSc in 2018/2019, 2019/2020, or 2020/2021? Please, report the corresponding Year and Degree."},
{"name": "template 12",
 "sql": "SELECT Value FROM DBdata WHERE (Degree IN ('PhD')) AND (Year IN ('2018/2019','2019/2020')) ORDER BY VALUE DESC LIMIT 2",
 "sqlResult": "{408} || {383}",
 "nlq": "What are the top 2 numbers of graduations with a PhD in 2018/2019 or 2019/2020?"},
{"name": "template 13",
 "sql": "SELECT Value FROM DBdata WHERE (Degree IN ('BSc')) AND (Year IN ('2018/2019','2020/2021')) ORDER BY VALUE ASC",
 "sqlResult": "{392} || {498}",
 "nlq": "What are the numbers of graduations ordered by increasing values with a BSc in 2018/2019 or 2020/2021?"},
{"name": "template 14",
 "sql": "SELECT Year FROM DBdata WHERE (Degree IN ('PhD')) AND Value < 335.22",
 "sqlResult": "{2020/2021}",
 "nlq": "What is the Year for which the number of graduations with a PhD is lower than 335.22?"},
{"name": "template 15",
 "sql": "SELECT Year,Value FROM DBdata WHERE (Degree IN ('MSc')) AND (Year) IN (SELECT Year FROM DBdata WHERE (Degree IN ('PhD')) AND Value < 335.22)",
 "sqlResult": "{2020/2021 | 174}",
 "nlq": "What is the number of graduations with a MSc in Year for which the number of graduations with a PhD is lower than 335.22? Please, report the corresponding Year and number of graduations."}]
}
