Degree,Year,Language,Value
Degree,Year,Language,Value
BSc,2019/2020,French,355
MSc,2019/2020,French,261
PhD,2019/2020,French,99
BSc,2020/2021,French,439
MSc,2020/2021,French,88
PhD,2020/2021,French,412
BSc,2021/2022,French,358
MSc,2021/2022,French,409
PhD,2021/2022,French,97
BSc,2022/2023,French,133
MSc,2022/2023,French,335
PhD,2022/2023,French,364
BSc,2019/2020,Spanish,151
MSc,2019/2020,Spanish,451
PhD,2019/2020,Spanish,458
BSc,2020/2021,Spanish,366
MSc,2020/2021,Spanish,231
PhD,2020/2021,Spanish,457
BSc,2021/2022,Spanish,73
MSc,2021/2022,Spanish,148
PhD,2021/2022,Spanish,116
BSc,2022/2023,Spanish,237
MSc,2022/2023,Spanish,223
PhD,2022/2023,Spanish,167
BSc,2019/2020,German,472
MSc,2019/2020,German,407
PhD,2019/2020,German,299
BSc,2020/2021,German,104
MSc,2020/2021,German,157
PhD,2020/2021,German,141
BSc,2021/2022,German,86
MSc,2021/2022,German,129
PhD,2021/2022,German,174
BSc,2022/2023,German,227
MSc,2022/2023,German,199
PhD,2022/2023,German,319
