{
"filename": "Number_of_graduations_set1_4_DB.csv",
"questions": [{"name": "template 1",
 "sql": "SELECT Value FROM DBdata WHERE (AA IN ('AAkz')) AND (BB IN ('BBgt'))",
 "sqlResult": "{71}",
 "nlq": "What is the number of graduations with a AAkz in BBgt?"},
{"name": "template 2",
 "sql": "SELECT Value FROM DBdata WHERE (AA IN ('AAfq')) AND (BB IN ('BBgt','BBlq','BBkl'))",
 "sqlResult": "{57} || {325} || {408}",
 "nlq": "What is the number of graduations with a AAfq in BBgt, BBlq, or BBkl?"},
{"name": "template 3",
 "sql": "SELECT Value FROM DBdata WHERE (AA IN ('AAqw','AAfq','AAkz')) AND (BB IN ('BBgt'))",
 "sqlResult": "{364} || {57} || {71}",
 "nlq": "What is the number of graduations with a AAqw, AAfq, or AAkz in BBgt?"},
{"name": "template 4",
 "sql": "SELECT min(Value),sum(Value) FROM DBdata WHERE (AA IN ('AAqw','AAfq','AAkz')) AND (BB IN ('BBgt'))",
 "sqlResult": "{57 | 492}",
 "nlq": "What are the minimum and total numbers of graduations with a AAqw, AAfq, or AAkz in BBgt?"},
{"name": "template 6",
 "sql": "SELECT Value FROM DBdata WHERE (AA IN ('AAqw','AAkz')) AND (BB IN ('BBlq','BBkl'))",
 "sqlResult": "{168} || {184} || {338} || {238}",
 "nlq": "What is the number of graduations with a AAqw or AAkz in BBlq or BBkl?"},
{"name": "template 7",
 "sql": "SELECT avg(Value),min(Value) FROM DBdata WHERE (AA IN ('AAkz')) AND (BB IN ('BBgt','BBlq','BBkl'))",
 "sqlResult": "{164.33 | 71}",
 "nlq": "What are the average and minimum numbers of graduations with a AAkz in BBgt, BBlq, or BBkl?"},
{"name": "template 8",
 "sql": "SELECT AA,max(Value),min(Value) FROM DBdata WHERE (AA IN ('AAqw','AAfq','AAkz')) AND (BB IN ('BBgt','BBlq','BBkl')) GROUP BY AA",
 "sqlResult": "{AAqw | 364 | 168} || {AAfq | 408 | 57} || {AAkz | 238 | 71}",
 "nlq": "What are the maximum and minimum numbers of graduations for each AA, with a AAqw, AAfq, or AAkz in BBgt, BBlq, or BBkl? Please, report the corresponding AA."},
{"name": "template 9",
 "sql": "SELECT min(Value) FROM DBdata WHERE (AA IN ('AAqw')) AND (BB IN ('BBgt','BBlq','BBkl')) GROUP BY BB",
 "sqlResult": "{364} || {168} || {338}",
 "nlq": "What is the minimum number of graduations for each BB, with a AAqw in BBgt, BBlq, or BBkl?"},
{"name": "template 10",
 "sql": "SELECT BB,avg(Value) FROM DBdata WHERE (AA IN ('AAqw')) AND (BB IN ('BBgt','BBlq','BBkl')) GROUP BY BB",
 "sqlResult": "{BBgt | 364} || {BBlq | 168} || {BBkl | 338}",
 "nlq": "What is the average number of graduations for each BB, with a AAqw in BBgt, BBlq, or BBkl? Please, report the corresponding BB."},
{"name": "template 11",
 "sql": "SELECT BB,AA,max(Value) FROM DBdata WHERE (AA IN ('AAfq','AAkz')) AND (BB IN ('BBgt','BBlq','BBkl')) GROUP BY BB,AA",
 "sqlResult": "{BBgt | AAfq | 57} || {BBgt | AAkz | 71} || {BBlq | AAfq | 325} || {BBlq | AAkz | 184} || {BBkl | AAfq | 408} || {BBkl | AAkz | 238}",
 "nlq": "What is the maximum number of graduations for each BB and AA, with a AAfq or AAkz in BBgt, BBlq, or BBkl? Please, report the corresponding BB and AA."},
{"name": "template 12",
 "sql": "SELECT Value FROM DBdata WHERE (AA IN ('AAqw')) AND (BB IN ('BBgt','BBkl')) ORDER BY VALUE DESC LIMIT 2",
 "sqlResult": "{364} || {338}",
 "nlq": "What are the top 2 numbers of graduations with a AAqw in BBgt or BBkl?"},
{"name": "template 13",
 "sql": "SELECT Value FROM DBdata WHERE (AA IN ('AAfq')) AND (BB IN ('BBlq','BBkl')) ORDER BY VALUE ASC",
 "sqlResult": "{325} || {408}",
 "nlq": "What are the numbers of graduations ordered by increasing values with a AAfq in BBlq or BBkl?"},
{"name": "template 14",
 "sql": "SELECT BB FROM DBdata WHERE (AA IN ('AAfq')) AND Value > 239.22",
 "sqlResult": "{BBlq} || {BBkl}",
 "nlq": "What is the BB for which the number of graduations with a AAfq is greater than 239.22?"},
{"name": "template 15",
 "sql": "SELECT BB,Value FROM DBdata WHERE (AA IN ('AAqw')) AND (BB) IN (SELECT BB FROM DBdata WHERE (AA IN ('AAfq')) AND Value > 239.22)",
 "sqlResult": "{BBlq | 168} || {BBkl | 338}",
 "nlq": "What is the number of graduations with a AAqw in BB for which the number of graduations with a AAfq is greater than 239.22? Please, report the corresponding BB and number of graduations."}]
}

