{
"filename": "Number_of_graduations_set38_4_DB.csv",
"questions": [{"name": "template 1",
 "sql": "SELECT Value FROM DBdata WHERE (AA IN ('AAgv')) AND ((CC = 'CCmv' AND BB = 'BBfh'))",
 "sqlResult": "{300}",
 "nlq": "What is the number of graduations with a AAgv in CCmv in BBfh?"},
{"name": "template 2",
 "sql": "SELECT Value FROM DBdata WHERE (AA IN ('AAkl')) AND ((CC = 'CCmv' AND BB = 'BBfr') OR (CC = 'CCrz' AND BB = 'BBgn'))",
 "sqlResult": "{199} || {325}",
 "nlq": "What is the number of graduations with a AAkl in CCrz in BBgn or in CCmv in BBfr?"},
{"name": "template 3",
 "sql": "SELECT Value FROM DBdata WHERE (AA IN ('AAgv','AAjn','AAkl')) AND ((CC = 'CCmv' AND BB = 'BBfh'))",
 "sqlResult": "{300} || {173} || {424}",
 "nlq": "What is the number of graduations with a AAgv, AAjn, or AAkl in CCmv in BBfh?"},
{"name": "template 4",
 "sql": "SELECT sum(Value),avg(Value) FROM DBdata WHERE (AA IN ('AAgv','AAkl')) AND ((CC = 'CCmv' AND BB = 'BBcy'))",
 "sqlResult": "{442 | 221}",
 "nlq": "What are the total and average numbers of graduations with a AAgv or AAkl in CCmv in BBcy?"},
{"name": "template 6",
 "sql": "SELECT Value FROM DBdata WHERE (AA IN ('AAgv','AAjn')) AND ((CC = 'CCft' AND BB = 'BBcy') OR (CC = 'CCft' AND BB = 'BBfh') OR (CC = 'CCmv' AND BB = 'BBcy'))",
 "sqlResult": "{88} || {200} || {454} || {209} || {87} || {122}",
 "nlq": "What is the number of graduations with a AAgv or AAjn in CCft in BBfh or in CCft or CCmv in BBcy?"},
{"name": "template 7",
 "sql": "SELECT min(Value),max(Value) FROM DBdata WHERE (AA IN ('AAjn')) AND ((CC = 'CCft' AND BB = 'BBcy') OR (CC = 'CCft' AND BB = 'BBfr') OR (CC = 'CCft' AND BB = 'BBfh') OR (CC = 'CCmv' AND BB = 'BBfh') OR (CC = 'CCrz' AND BB = 'BBcy'))",
 "sqlResult": "{173 | 383}",
 "nlq": "What are the minimum and maximum numbers of graduations with a AAjn in CCft in BBcy, BBfr, or BBfh or in CCrz in BBcy or in CCmv in BBfh?"},
{"name": "template 8",
 "sql": "SELECT AA,min(Value),sum(Value) FROM DBdata WHERE (AA IN ('AAgv','AAjn','AAkl')) AND ((CC = 'CCft' AND BB = 'BBcy') OR (CC = 'CCmv' AND BB = 'BBfh') OR (CC = 'CCrz' AND BB = 'BBfr')) GROUP BY AA",
 "sqlResult": "{AAgv | 88 | 844} || {AAjn | 80 | 453} || {AAkl | 143 | 804}",
 "nlq": "What are the minimum and total numbers of graduations for each AA, with a AAgv, AAjn, or AAkl in CCft in BBcy or in CCrz in BBfr or in CCmv in BBfh? Please, report the corresponding AA."},
{"name": "template 9",
 "sql": "SELECT min(Value) FROM DBdata WHERE (AA IN ('AAkl')) AND (CC IN ('CCft','CCmv','CCrz')) GROUP BY CC",
 "sqlResult": "{99} || {143} || {134}",
 "nlq": "What is the minimum number of graduations for each CC, with a AAkl in CCft, CCrz, or CCmv?"},
{"name": "template 10",
 "sql": "SELECT CC,sum(Value) FROM DBdata WHERE (AA IN ('AAgv')) AND (CC IN ('CCft','CCmv','CCrz')) GROUP BY CC",
 "sqlResult": "{CCft | 1276} || {CCrz | 1747} || {CCmv | 1035}",
 "nlq": "What is the total number of graduations for each CC, with a AAgv in CCft, CCrz, or CCmv? Please, report the corresponding CC."},
{"name": "template 11",
 "sql": "SELECT CC,AA,max(Value) FROM DBdata WHERE (AA IN ('AAgv','AAjn','AAkl')) AND (CC IN ('CCft','CCmv','CCrz')) GROUP BY CC,AA",
 "sqlResult": "{CCft | AAgv | 454} || {CCft | AAjn | 406} || {CCft | AAkl | 387} || {CCrz | AAgv | 456} || {CCrz | AAjn | 438} || {CCrz | AAkl | 325} || {CCmv | AAgv | 300} || {CCmv | AAjn | 440} || {CCmv | AAkl | 424}",
 "nlq": "What is the maximum number of graduations for each CC and AA, with a AAgv, AAjn, or AAkl in CCft, CCrz, or CCmv? Please, report the corresponding CC and AA."},
{"name": "template 12",
 "sql": "SELECT Value FROM DBdata WHERE (AA IN ('AAkl')) AND (CC IN ('CCmv','CCrz')) ORDER BY VALUE DESC LIMIT 3",
 "sqlResult": "{424} || {355} || {325}",
 "nlq": "What are the top 3 numbers of graduations with a AAkl in CCrz or CCmv?"},
{"name": "template 13",
 "sql": "SELECT Value FROM DBdata WHERE (AA IN ('AAjn')) AND (CC IN ('CCmv','CCrz')) ORDER BY VALUE ASC",
 "sqlResult": "{80} || {98} || {122} || {173} || {197} || {210} || {247} || {383} || {438} || {440}",
 "nlq": "What are the numbers of graduations ordered by increasing values with a AAjn in CCrz or CCmv?"},
{"name": "template 14",
 "sql": "SELECT CC,BB FROM DBdata WHERE (AA IN ('AAgv')) AND Value < 255.56",
 "sqlResult": "{CCft | BBcy} || {CCft | BBgn} || {CCmv | BBcy} || {CCmv | BBkr} || {CCmv | BBfr} || {CCrz | BBgn}",
 "nlq": "What are the CC and BB for which the number of graduations with a AAgv is lower than 255.56?"},
{"name": "template 15",
 "sql": "SELECT CC,BB,Value FROM DBdata WHERE (AA IN ('AAjn')) AND (CC,BB) IN (SELECT CC,BB FROM DBdata WHERE (AA IN ('AAgv')) AND Value < 255.56)",
 "sqlResult": "{CCft | BBcy | 200} || {CCft | BBgn | 406} || {CCmv | BBcy | 122} || {CCmv | BBkr | 210} || {CCmv | BBfr | 98} || {CCrz | BBgn | 197}",
 "nlq": "What is the number of graduations with a AAjn in CC and in BB for which the number of graduations with a AAgv is lower than 255.56? Please, report the corresponding CC, BB, and number of graduations."}]
}

