{
"filename": "Number_of_graduations_set1_5_DB.csv",
"questions": [{"name": "template 1",
 "sql": "SELECT Value FROM DBdata WHERE (AA IN ('AAfw')) AND (BB IN ('BBcl'))",
 "sqlResult": "{59}",
 "nlq": "What is the number of graduations with a AAfw in BBcl?"},
{"name": "template 2",
 "sql": "SELECT Value FROM DBdata WHERE (AA IN ('AAcy')) AND (BB IN ('BBgx','BBpt','BBjl'))",
 "sqlResult": "{124} || {96} || {121}",
 "nlq": "What is the number of graduations with a AAcy in BBgx, BBpt, or BBjl?"},
{"name": "template 3",
 "sql": "SELECT Value FROM DBdata WHERE (AA IN ('AApw','AAfw')) AND (BB IN ('BBgx'))",
 "sqlResult": "{432} || {137}",
 "nlq": "What is the number of graduations with a AApw or AAfw in BBgx?"},
{"name": "template 4",
 "sql": "SELECT min(Value),sum(Value) FROM DBdata WHERE (AA IN ('AAfw','AAcy')) AND (BB IN ('BBjl'))",
 "sqlResult": "{121 | 601}",
 "nlq": "What are the minimum and total numbers of graduations with a AAfw or AAcy in BBjl?"},
{"name": "template 6",
 "sql": "SELECT Value FROM DBdata WHERE (AA IN ('AApw','AAfw','AAcy')) AND (BB IN ('BBcl','BBjl'))",
 "sqlResult": "{328} || {59} || {401} || {282} || {480} || {121}",
 "nlq": "What is the number of graduations with a AApw, AAfw, or AAcy in BBcl or BBjl?"},
{"name": "template 7",
 "sql": "SELECT max(Value),avg(Value) FROM DBdata WHERE (AA IN ('AAcy')) AND (BB IN ('BBdf','BBgx','BBpt'))",
 "sqlResult": "{413 | 211}",
 "nlq": "What are the maximum and average numbers of graduations with a AAcy in BBdf, BBgx, or BBpt?"},
{"name": "template 8",
 "sql": "SELECT AA,min(Value),max(Value) FROM DBdata WHERE (AA IN ('AAfw','AAcy')) AND (BB IN ('BBcl','BBdf','BBgx','BBpt','BBjl')) GROUP BY AA",
 "sqlResult": "{AAfw | 59 | 480} || {AAcy | 96 | 413}",
 "nlq": "What are the minimum and maximum numbers of graduations for each AA, with a AAfw or AAcy in BBcl, BBdf, BBgx, BBpt, or BBjl? Please, report the corresponding AA."},
{"name": "template 9",
 "sql": "SELECT min(Value) FROM DBdata WHERE (AA IN ('AApw')) AND (BB IN ('BBcl','BBdf','BBgx','BBpt','BBjl')) GROUP BY BB",
 "sqlResult": "{328} || {395} || {432} || {201} || {282}",
 "nlq": "What is the minimum number of graduations for each BB, with a AApw in BBcl, BBdf, BBgx, BBpt, or BBjl?"},
{"name": "template 10",
 "sql": "SELECT BB,sum(Value) FROM DBdata WHERE (AA IN ('AAfw')) AND (BB IN ('BBcl','BBdf','BBgx','BBpt','BBjl')) GROUP BY BB",
 "sqlResult": "{BBcl | 59} || {BBdf | 281} || {BBgx | 137} || {BBpt | 289} || {BBjl | 480}",
 "nlq": "What is the total number of graduations for each BB, with a AAfw in BBcl, BBdf, BBgx, BBpt, or BBjl? Please, report the corresponding BB."},
{"name": "template 11",
 "sql": "SELECT BB,AA,max(Value) FROM DBdata WHERE (AA IN ('AApw','AAcy')) AND (BB IN ('BBcl','BBdf','BBgx','BBpt','BBjl')) GROUP BY BB,AA",
 "sqlResult": "{BBcl | AApw | 328} || {BBcl | AAcy | 401} || {BBdf | AApw | 395} || {BBdf | AAcy | 413} || {BBgx | AApw | 432} || {BBgx | AAcy | 124} || {BBpt | AApw | 201} || {BBpt | AAcy | 96} || {BBjl | AApw | 282} || {BBjl | AAcy | 121}",
 "nlq": "What is the maximum number of graduations for each BB and AA, with a AApw or AAcy in BBcl, BBdf, BBgx, BBpt, or BBjl? Please, report the corresponding BB and AA."},
{"name": "template 12",
 "sql": "SELECT Value FROM DBdata WHERE (AA IN ('AApw')) AND (BB IN ('BBdf','BBgx')) ORDER BY VALUE ASC LIMIT 2",
 "sqlResult": "{395} || {432}",
 "nlq": "What are the bottom 2 numbers of graduations with a AApw in BBdf or BBgx?"},
{"name": "template 13",
 "sql": "SELECT Value FROM DBdata WHERE (AA IN ('AAfw')) AND (BB IN ('BBcl','BBdf')) ORDER BY VALUE ASC",
 "sqlResult": "{59} || {281}",
 "nlq": "What are the numbers of graduations ordered by increasing values with a AAfw in BBcl or BBdf?"},
{"name": "template 14",
 "sql": "SELECT BB FROM DBdata WHERE (AA IN ('AAcy')) AND Value > 269.27",
 "sqlResult": "{BBcl} || {BBdf}",
 "nlq": "What is the BB for which the number of graduations with a AAcy is greater than 269.27?"},
{"name": "template 15",
 "sql": "SELECT BB,Value FROM DBdata WHERE (AA IN ('AApw')) AND (BB) IN (SELECT BB FROM DBdata WHERE (AA IN ('AAcy')) AND Value > 269.27)",
 "sqlResult": "{BBcl | 328} || {BBdf | 395}",
 "nlq": "What is the number of graduations with a AApw in BB for which the number of graduations with a AAcy is greater than 269.27? Please, report the corresponding BB and number of graduations."}]
}

