{
"filename": "Number_of_graduations_set28_3_DB.csv",
"questions": [{"name": "template 1",
 "sql": "SELECT Value FROM DBdata WHERE (AA IN ('AAjw')) AND (BB IN ('BBmy'))",
 "sqlResult": "{414}",
 "nlq": "What is the number of graduations with a AAjw in BBmy?"},
{"name": "template 2",
 "sql": "SELECT Value FROM DBdata WHERE (AA IN ('AAln')) AND (BB IN ('BBmw','BBgn','BBbk'))",
 "sqlResult": "{337} || {278} || {314}",
 "nlq": "What is the number of graduations with a AAln in BBmw, BBgn, or BBbk?"},
{"name": "template 3",
 "sql": "SELECT Value FROM DBdata WHERE (AA IN ('AAjw','AAln')) AND (BB IN ('BBmw'))",
 "sqlResult": "{494} || {337}",
 "nlq": "What is the number of graduations with a AAjw or AAln in BBmw?"},
{"name": "template 4",
 "sql": "SELECT min(Value),avg(Value) FROM DBdata WHERE (AA IN ('AAln','AAks')) AND (BB IN ('BBbk'))",
 "sqlResult": "{313 | 313.5}",
 "nlq": "What are the minimum and average numbers of graduations with a AAln or AAks in BBbk?"},
{"name": "template 5",
 "sql": "SELECT sum(Value) FROM DBdata WHERE (AA IN ('AAjw','AAln','AAks')) AND (BB IN ('BBmy'))",
 "sqlResult": "{777}",
 "nlq": "What is the total number of graduations with a AAjw, AAln, or AAks in BBmy?"},
{"name": "template 6",
 "sql": "SELECT Value FROM DBdata WHERE (AA IN ('AAjw','AAln')) AND (BB IN ('BBmy','BBmw','BBgn'))",
 "sqlResult": "{414} || {200} || {494} || {337} || {395} || {278}",
 "nlq": "What is the number of graduations with a AAjw or AAln in BBmy, BBmw, or BBgn?"},
{"name": "template 7",
 "sql": "SELECT min(Value),max(Value) FROM DBdata WHERE (AA IN ('AAks')) AND (BB IN ('BBmw','BBbk'))",
 "sqlResult": "{313 | 383}",
 "nlq": "What are the minimum and maximum numbers of graduations with a AAks in BBmw or BBbk?"},
{"name": "template 8",
 "sql": "SELECT AA,max(Value),avg(Value) FROM DBdata WHERE (AA IN ('AAjw','AAln','AAks')) AND (BB IN ('BBmy','BBbk')) GROUP BY AA",
 "sqlResult": "{AAjw | 414 | 241.5} || {AAln | 314 | 257} || {AAks | 313 | 238}",
 "nlq": "What are the maximum and average numbers of graduations for each AA, with a AAjw, AAln, or AAks in BBmy or BBbk? Please, report the corresponding AA."},
{"name": "template 9",
 "sql": "SELECT min(Value) FROM DBdata WHERE (AA IN ('AAjw')) AND (BB IN ('BBmy','BBmw','BBgn','BBbk')) GROUP BY BB",
 "sqlResult": "{414} || {494} || {395} || {69}",
 "nlq": "What is the minimum number of graduations for each BB, with a AAjw in BBmy, BBmw, BBgn, or BBbk?"},
{"name": "template 10",
 "sql": "SELECT BB,min(Value) FROM DBdata WHERE (AA IN ('AAjw')) AND (BB IN ('BBmy','BBmw','BBgn','BBbk')) GROUP BY BB",
 "sqlResult": "{BBmy | 414} || {BBmw | 494} || {BBgn | 395} || {BBbk | 69}",
 "nlq": "What is the minimum number of graduations for each BB, with a AAjw in BBmy, BBmw, BBgn, or BBbk? Please, report the corresponding BB."},
{"name": "template 11",
 "sql": "SELECT BB,AA,sum(Value) FROM DBdata WHERE (AA IN ('AAjw','AAks')) AND (BB IN ('BBmy','BBmw','BBgn','BBbk')) GROUP BY BB,AA",
 "sqlResult": "{BBmy | AAjw | 414} || {BBmy | AAks | 163} || {BBmw | AAjw | 494} || {BBmw | AAks | 383} || {BBgn | AAjw | 395} || {BBgn | AAks | 295} || {BBbk | AAjw | 69} || {BBbk | AAks | 313}",
 "nlq": "What is the total number of graduations for each BB and AA, with a AAjw or AAks in BBmy, BBmw, BBgn, or BBbk? Please, report the corresponding BB and AA."},
{"name": "template 12",
 "sql": "SELECT Value FROM DBdata WHERE (AA IN ('AAks')) AND (BB IN ('BBmw','BBgn')) ORDER BY VALUE ASC LIMIT 2",
 "sqlResult": "{295} || {383}",
 "nlq": "What are the bottom 2 numbers of graduations with a AAks in BBmw or BBgn?"},
{"name": "template 13",
 "sql": "SELECT Value FROM DBdata WHERE (AA IN ('AAks')) AND (BB IN ('BBgn','BBbk')) ORDER BY VALUE ASC",
 "sqlResult": "{295} || {313}",
 "nlq": "What are the numbers of graduations ordered by increasing values with a AAks in BBgn or BBbk?"},
{"name": "template 14",
 "sql": "SELECT BB FROM DBdata WHERE (AA IN ('AAjw')) AND Value > 304.58",
 "sqlResult": "{BBmy} || {BBmw} || {BBgn}",
 "nlq": "What is the BB for which the number of graduations with a AAjw is greater than 304.58?"},
{"name": "template 15",
 "sql": "SELECT BB,Value FROM DBdata WHERE (AA IN ('AAln')) AND (BB) IN (SELECT BB FROM DBdata WHERE (AA IN ('AAjw')) AND Value > 304.58)",
 "sqlResult": "{BBmy | 200} || {BBmw | 337} || {BBgn | 278}",
 "nlq": "What is the number of graduations with a AAln in BB for which the number of graduations with a AAjw is greater than 304.58? Please, report the corresponding BB and number of graduations."}]
}

