{
"filename": "Number_of_graduations_set37_5_DB.csv",
"questions": [{"name": "template 1",
 "sql": "SELECT Value FROM DBdata WHERE (Degree IN ('BSc')) AND ((Year = '2018/2019' AND Language = 'Spanish'))",
 "sqlResult": "{343}",
 "nlq": "What is the number of graduations with a BSc in Spanish in 2018/2019?"},
{"name": "template 2",
 "sql": "SELECT Value FROM DBdata WHERE (Degree IN ('PhD')) AND ((Year = '2015/2016' AND Language = 'Arabic') OR (Year = '2017/2018' AND Language = 'Arabic') OR (Year = '2015/2016' AND Language = 'English') OR (Year = '2016/2017' AND Language = 'English') OR (Year = '2017/2018' AND Language = 'English') OR (Year = '2015/2016' AND Language = 'French') OR (Year = '2016/2017' AND Language = 'French') OR (Year = '2017/2018' AND Language = 'French') OR (Year = '2017/2018' AND Language = 'Spanish'))",
 "sqlResult": "{441} || {88} || {422} || {407} || {86} || {390} || {186} || {152} || {404}",
 "nlq": "What is the number of graduations with a PhD in Arabic, English, French, or Spanish in 2017/2018 or in Arabic, English, or French in 2015/2016 or in English or French in 2016/2017?"},
{"name": "template 3",
 "sql": "SELECT Value FROM DBdata WHERE (Degree IN ('BSc','MSc','PhD')) AND ((Year = '2016/2017' AND Language = 'French'))",
 "sqlResult": "{306} || {396} || {186}",
 "nlq": "What is the number of graduations with a BSc, MSc, or PhD in French in 2016/2017?"},
{"name": "template 4",
 "sql": "SELECT sum(Value),min(Value) FROM DBdata WHERE (Degree IN ('BSc','MSc','PhD')) AND ((Year = '2015/2016' AND Language = 'French'))",
 "sqlResult": "{595 | 55}",
 "nlq": "What are the total and minimum numbers of graduations with a BSc, MSc, or PhD in French in 2015/2016?"},
{"name": "template 6",
 "sql": "SELECT Value FROM DBdata WHERE (Degree IN ('BSc','MSc')) AND ((Year = '2015/2016' AND Language = 'English') OR (Year = '2016/2017' AND Language = 'English'))",
 "sqlResult": "{189} || {114} || {101} || {419}",
 "nlq": "What is the number of graduations with a BSc or MSc in English in 2015/2016 or 2016/2017?"},
{"name": "template 7",
 "sql": "SELECT avg(Value),max(Value) FROM DBdata WHERE (Degree IN ('PhD')) AND ((Year = '2017/2018' AND Language = 'Arabic') OR (Year = '2016/2017' AND Language = 'French'))",
 "sqlResult": "{137 | 186}",
 "nlq": "What are the average and maximum numbers of graduations with a PhD in Arabic in 2017/2018 or in French in 2016/2017?"},
{"name": "template 8",
 "sql": "SELECT Degree,max(Value),sum(Value) FROM DBdata WHERE (Degree IN ('BSc','MSc','PhD')) AND ((Year = '2017/2018' AND Language = 'Arabic') OR (Year = '2018/2019' AND Language = 'Arabic') OR (Year = '2015/2016' AND Language = 'French') OR (Year = '2018/2019' AND Language = 'French') OR (Year = '2017/2018' AND Language = 'Spanish')) GROUP BY Degree",
 "sqlResult": "{BSc | 322 | 928} || {MSc | 296 | 791} || {PhD | 483 | 1524}",
 "nlq": "What are the maximum and total numbers of graduations for each Degree, with a BSc, MSc, or PhD in Arabic or French in 2018/2019 or in Arabic or Spanish in 2017/2018 or in French in 2015/2016? Please, report the corresponding Degree."},
{"name": "template 9",
 "sql": "SELECT min(Value) FROM DBdata WHERE (Degree IN ('MSc')) AND (Year IN ('2015/2016','2016/2017','2017/2018','2018/2019')) GROUP BY Year",
 "sqlResult": "{55} || {206} || {178} || {62}",
 "nlq": "What is the minimum number of graduations for each Year, with a MSc in 2015/2016, 2016/2017, 2017/2018, or 2018/2019?"},
{"name": "template 10",
 "sql": "SELECT Year,max(Value) FROM DBdata WHERE (Degree IN ('PhD')) AND (Year IN ('2015/2016','2016/2017','2017/2018','2018/2019')) GROUP BY Year",
 "sqlResult": "{2015/2016 | 441} || {2016/2017 | 459} || {2017/2018 | 404} || {2018/2019 | 483}",
 "nlq": "What is the maximum number of graduations for each Year, with a PhD in 2015/2016, 2016/2017, 2017/2018, or 2018/2019? Please, report the corresponding Year."},
{"name": "template 11",
 "sql": "SELECT Year,Degree,sum(Value) FROM DBdata WHERE (Degree IN ('BSc','MSc','PhD')) AND (Year IN ('2015/2016','2016/2017','2017/2018','2018/2019')) GROUP BY Year,Degree",
 "sqlResult": "{2015/2016 | BSc | 772} || {2015/2016 | MSc | 814} || {2015/2016 | PhD | 1359} || {2016/2017 | BSc | 1236} || {2016/2017 | MSc | 1324} || {2016/2017 | PhD | 1159} || {2017/2018 | BSc | 1028} || {2017/2018 | MSc | 1225} || {2017/2018 | PhD | 730} || {2018/2019 | BSc | 1219} || {2018/2019 | MSc | 488} || {2018/2019 | PhD | 1070}",
 "nlq": "What is the total number of graduations for each Year and Degree, with a BSc, MSc, or PhD in 2015/2016, 2016/2017, 2017/2018, or 2018/2019? Please, report the corresponding Year and Degree."},
{"name": "template 12",
 "sql": "SELECT Value FROM DBdata WHERE (Degree IN ('BSc')) AND (Year IN ('2017/2018','2018/2019')) ORDER BY VALUE ASC LIMIT 3",
 "sqlResult": "{59} || {123} || {216}",
 "nlq": "What are the bottom 3 numbers of graduations with a BSc in 2017/2018 or 2018/2019?"},
{"name": "template 13",
 "sql": "SELECT Value FROM DBdata WHERE (Degree IN ('PhD')) AND (Year IN ('2016/2017','2017/2018')) ORDER BY VALUE ASC",
 "sqlResult": "{86} || {88} || {107} || {152} || {186} || {404} || {407} || {459}",
 "nlq": "What are the numbers of graduations ordered by increasing values with a PhD in 2016/2017 or 2017/2018?"},
{"name": "template 14",
 "sql": "SELECT Year,Language FROM DBdata WHERE (Degree IN ('BSc')) AND Value > 258.83",
 "sqlResult": "{2015/2016 | Arabic} || {2016/2017 | Arabic} || {2017/2018 | Arabic} || {2018/2019 | Arabic} || {2017/2018 | English} || {2018/2019 | English} || {2016/2017 | French} || {2016/2017 | Spanish} || {2018/2019 | Spanish}",
 "nlq": "What are the Year and Language for which the number of graduations with a BSc is greater than 258.83?"},
{"name": "template 15",
 "sql": "SELECT Year,Language,Value FROM DBdata WHERE (Degree IN ('MSc')) AND (Year,Language) IN (SELECT Year,Language FROM DBdata WHERE (Degree IN ('BSc')) AND Value > 258.83)",
 "sqlResult": "{2015/2016 | Arabic | 348} || {2016/2017 | Arabic | 303} || {2017/2018 | Arabic | 296} || {2018/2019 | Arabic | 97} || {2017/2018 | English | 178} || {2018/2019 | English | 116} || {2016/2017 | French | 396} || {2016/2017 | Spanish | 206} || {2018/2019 | Spanish | 213}",
 "nlq": "What is the number of graduations with a MSc in Year and in Language for which the number of graduations with a BSc is greater than 258.83? Please, report the corresponding Year, Language, and number of graduations."}]
}
