{
"filename": "Number_of_graduations_set40_2_DB.csv",
"questions": [{"name": "template 1",
 "sql": "SELECT Value FROM DBdata WHERE (AA IN ('AAmp')) AND ((CC = 'CChn' AND BB = 'BBdz'))",
 "sqlResult": "{275}",
 "nlq": "What is the number of graduations with a AAmp in CChn in BBdz?"},
{"name": "template 2",
 "sql": "SELECT Value FROM DBdata WHERE (AA IN ('AAkp')) AND ((CC = 'CChn' AND BB = 'BBfv') OR (CC = 'CChn' AND BB = 'BBwx') OR (CC = 'CChn' AND BB = 'BBdz') OR (CC = 'CCcn' AND BB = 'BBwx'))",
 "sqlResult": "{58} || {103} || {374} || {455}",
 "nlq": "What is the number of graduations with a AAkp in CChn in BBfv, BBwx, or BBdz or in CCcn in BBwx?"},
{"name": "template 3",
 "sql": "SELECT Value FROM DBdata WHERE (AA IN ('AAmp','AAkp','AAkz')) AND ((CC = 'CCtx' AND BB = 'BBwx'))",
 "sqlResult": "{159} || {351} || {412}",
 "nlq": "What is the number of graduations with a AAmp, AAkp, or AAkz in CCtx in BBwx?"},
{"name": "template 4",
 "sql": "SELECT max(Value),avg(Value) FROM DBdata WHERE (AA IN ('AAmp','AAkp')) AND ((CC = 'CChn' AND BB = 'BBdz'))",
 "sqlResult": "{374 | 324.5}",
 "nlq": "What are the maximum and average numbers of graduations with a AAmp or AAkp in CChn in BBdz?"},
{"name": "template 6",
 "sql": "SELECT Value FROM DBdata WHERE (AA IN ('AAmp','AAkp','AAkz')) AND ((CC = 'CCtx' AND BB = 'BBfv') OR (CC = 'CCcn' AND BB = 'BBdz'))",
 "sqlResult": "{311} || {252} || {262} || {304} || {110} || {396}",
 "nlq": "What is the number of graduations with a AAmp, AAkp, or AAkz in CCtx in BBfv or in CCcn in BBdz?"},
{"name": "template 7",
 "sql": "SELECT max(Value),min(Value) FROM DBdata WHERE (AA IN ('AAkp')) AND ((CC = 'CChn' AND BB = 'BBdz') OR (CC = 'CCtx' AND BB = 'BBfv'))",
 "sqlResult": "{374 | 252}",
 "nlq": "What are the maximum and minimum numbers of graduations with a AAkp in CChn in BBdz or in CCtx in BBfv?"},
{"name": "template 8",
 "sql": "SELECT AA,min(Value),max(Value) FROM DBdata WHERE (AA IN ('AAmp','AAkz')) AND ((CC = 'CChn' AND BB = 'BBdz') OR (CC = 'CCkn' AND BB = 'BBfv') OR (CC = 'CCtx' AND BB = 'BBfv') OR (CC = 'CCtx' AND BB = 'BBdz')) GROUP BY AA",
 "sqlResult": "{AAmp | 275 | 407} || {AAkz | 262 | 394}",
 "nlq": "What are the minimum and maximum numbers of graduations for each AA, with a AAmp or AAkz in CChn or CCtx in BBdz or in CCtx or CCkn in BBfv? Please, report the corresponding AA."},
{"name": "template 9",
 "sql": "SELECT min(Value) FROM DBdata WHERE (AA IN ('AAkz')) AND (CC IN ('CChn','CCkn','CCtx','CCcn')) GROUP BY CC",
 "sqlResult": "{117} || {262} || {190} || {306}",
 "nlq": "What is the minimum number of graduations for each CC, with a AAkz in CChn, CCtx, CCcn, or CCkn?"},
{"name": "template 10",
 "sql": "SELECT CC,min(Value) FROM DBdata WHERE (AA IN ('AAkp')) AND (CC IN ('CChn','CCkn','CCtx','CCcn')) GROUP BY CC",
 "sqlResult": "{CChn | 58} || {CCtx | 252} || {CCcn | 110} || {CCkn | 209}",
 "nlq": "What is the minimum number of graduations for each CC, with a AAkp in CChn, CCtx, CCcn, or CCkn? Please, report the corresponding CC."},
{"name": "template 11",
 "sql": "SELECT CC,AA,avg(Value) FROM DBdata WHERE (AA IN ('AAmp','AAkp','AAkz')) AND (CC IN ('CChn','CCkn','CCtx','CCcn')) GROUP BY CC,AA",
 "sqlResult": "{CChn | AAmp | 301.33} || {CChn | AAkp | 178.33} || {CChn | AAkz | 234.67} || {CCtx | AAmp | 292.33} || {CCtx | AAkp | 354.33} || {CCtx | AAkz | 356} || {CCcn | AAmp | 269.33} || {CCcn | AAkp | 354} || {CCcn | AAkz | 356.67} || {CCkn | AAmp | 274.33} || {CCkn | AAkp | 335.67} || {CCkn | AAkz | 396.67}",
 "nlq": "What is the average number of graduations for each CC and AA, with a AAmp, AAkp, or AAkz in CChn, CCtx, CCcn, or CCkn? Please, report the corresponding CC and AA."},
{"name": "template 12",
 "sql": "SELECT Value FROM DBdata WHERE (AA IN ('AAkp')) AND (CC IN ('CChn','CCcn')) ORDER BY VALUE DESC LIMIT 4",
 "sqlResult": "{497} || {455} || {374} || {110}",
 "nlq": "What are the top 4 numbers of graduations with a AAkp in CChn or CCcn?"},
{"name": "template 13",
 "sql": "SELECT Value FROM DBdata WHERE (AA IN ('AAkp')) AND (CC IN ('CCtx','CCcn')) ORDER BY VALUE DESC",
 "sqlResult": "{497} || {460} || {455} || {351} || {252} || {110}",
 "nlq": "What are the numbers of graduations ordered by decreasing values with a AAkp in CCtx or CCcn?"},
{"name": "template 14",
 "sql": "SELECT CC,BB FROM DBdata WHERE (AA IN ('AAkz')) AND Value > 308.64",
 "sqlResult": "{CChn | BBdz} || {CCkn | BBfv} || {CCkn | BBwx} || {CCtx | BBwx} || {CCtx | BBdz} || {CCcn | BBwx} || {CCcn | BBdz}",
 "nlq": "What are the CC and BB for which the number of graduations with a AAkz is greater than 308.64?"},
{"name": "template 15",
 "sql": "SELECT CC,BB,Value FROM DBdata WHERE (AA IN ('AAkp')) AND (CC,BB) IN (SELECT CC,BB FROM DBdata WHERE (AA IN ('AAkz')) AND Value > 308.64)",
 "sqlResult": "{CChn | BBdz | 374} || {CCkn | BBfv | 358} || {CCkn | BBwx | 209} || {CCtx | BBwx | 351} || {CCtx | BBdz | 460} || {CCcn | BBwx | 455} || {CCcn | BBdz | 110}",
 "nlq": "What is the number of graduations with a AAkp in CC and in BB for which the number of graduations with a AAkz is greater than 308.64? Please, report the corresponding CC, BB, and number of graduations."}]
}

