{
"filename": "Number_of_graduations_set37_5_DB.csv",
"questions": [{"name": "template 1",
 "sql": "SELECT Value FROM DBdata WHERE (AA IN ('AAhl')) AND ((BB = 'BBmp' AND CC = 'CChj'))",
 "sqlResult": "{343}",
 "nlq": "What is the number of graduations with a AAhl in CChj in BBmp?"},
{"name": "template 2",
 "sql": "SELECT Value FROM DBdata WHERE (AA IN ('AAfr')) AND ((BB = 'BBcv' AND CC = 'CCsy') OR (BB = 'BBbr' AND CC = 'CCsy') OR (BB = 'BBcv' AND CC = 'CCmz') OR (BB = 'BBft' AND CC = 'CCmz') OR (BB = 'BBbr' AND CC = 'CCmz') OR (BB = 'BBcv' AND CC = 'CCqt') OR (BB = 'BBft' AND CC = 'CCqt') OR (BB = 'BBbr' AND CC = 'CCqt') OR (BB = 'BBbr' AND CC = 'CChj'))",
 "sqlResult": "{441} || {88} || {422} || {407} || {86} || {390} || {186} || {152} || {404}",
 "nlq": "What is the number of graduations with a AAfr in CCsy, CCmz, CCqt, or CChj in BBbr or in CCsy, CCmz, or CCqt in BBcv or in CCmz or CCqt in BBft?"},
{"name": "template 3",
 "sql": "SELECT Value FROM DBdata WHERE (AA IN ('AAhl','AAgx','AAfr')) AND ((BB = 'BBft' AND CC = 'CCqt'))",
 "sqlResult": "{306} || {396} || {186}",
 "nlq": "What is the number of graduations with a AAhl, AAgx, or AAfr in CCqt in BBft?"},
{"name": "template 4",
 "sql": "SELECT sum(Value),min(Value) FROM DBdata WHERE (AA IN ('AAhl','AAgx','AAfr')) AND ((BB = 'BBcv' AND CC = 'CCqt'))",
 "sqlResult": "{595 | 55}",
 "nlq": "What are the total and minimum numbers of graduations with a AAhl, AAgx, or AAfr in CCqt in BBcv?"},
{"name": "template 6",
 "sql": "SELECT Value FROM DBdata WHERE (AA IN ('AAhl','AAgx')) AND ((BB = 'BBcv' AND CC = 'CCmz') OR (BB = 'BBft' AND CC = 'CCmz'))",
 "sqlResult": "{189} || {114} || {101} || {419}",
 "nlq": "What is the number of graduations with a AAhl or AAgx in CCmz in BBcv or BBft?"},
{"name": "template 7",
 "sql": "SELECT avg(Value),max(Value) FROM DBdata WHERE (AA IN ('AAfr')) AND ((BB = 'BBbr' AND CC = 'CCsy') OR (BB = 'BBft' AND CC = 'CCqt'))",
 "sqlResult": "{137 | 186}",
 "nlq": "What are the average and maximum numbers of graduations with a AAfr in CCsy in BBbr or in CCqt in BBft?"},
{"name": "template 8",
 "sql": "SELECT AA,max(Value),sum(Value) FROM DBdata WHERE (AA IN ('AAhl','AAgx','AAfr')) AND ((BB = 'BBbr' AND CC = 'CCsy') OR (BB = 'BBmp' AND CC = 'CCsy') OR (BB = 'BBcv' AND CC = 'CCqt') OR (BB = 'BBmp' AND CC = 'CCqt') OR (BB = 'BBbr' AND CC = 'CChj')) GROUP BY AA",
 "sqlResult": "{AAhl | 322 | 928} || {AAgx | 296 | 791} || {AAfr | 483 | 1524}",
 "nlq": "What are the maximum and total numbers of graduations for each AA, with a AAhl, AAgx, or AAfr in CCsy or CCqt in BBmp or in CCsy or CChj in BBbr or in CCqt in BBcv? Please, report the corresponding AA."},
{"name": "template 9",
 "sql": "SELECT min(Value) FROM DBdata WHERE (AA IN ('AAgx')) AND (BB IN ('BBcv','BBft','BBbr','BBmp')) GROUP BY BB",
 "sqlResult": "{55} || {206} || {178} || {62}",
 "nlq": "What is the minimum number of graduations for each BB, with a AAgx in BBcv, BBft, BBbr, or BBmp?"},
{"name": "template 10",
 "sql": "SELECT BB,max(Value) FROM DBdata WHERE (AA IN ('AAfr')) AND (BB IN ('BBcv','BBft','BBbr','BBmp')) GROUP BY BB",
 "sqlResult": "{BBcv | 441} || {BBft | 459} || {BBbr | 404} || {BBmp | 483}",
 "nlq": "What is the maximum number of graduations for each BB, with a AAfr in BBcv, BBft, BBbr, or BBmp? Please, report the corresponding BB."},
{"name": "template 11",
 "sql": "SELECT BB,AA,sum(Value) FROM DBdata WHERE (AA IN ('AAhl','AAgx','AAfr')) AND (BB IN ('BBcv','BBft','BBbr','BBmp')) GROUP BY BB,AA",
 "sqlResult": "{BBcv | AAhl | 772} || {BBcv | AAgx | 814} || {BBcv | AAfr | 1359} || {BBft | AAhl | 1236} || {BBft | AAgx | 1324} || {BBft | AAfr | 1159} || {BBbr | AAhl | 1028} || {BBbr | AAgx | 1225} || {BBbr | AAfr | 730} || {BBmp | AAhl | 1219} || {BBmp | AAgx | 488} || {BBmp | AAfr | 1070}",
 "nlq": "What is the total number of graduations for each BB and AA, with a AAhl, AAgx, or AAfr in BBcv, BBft, BBbr, or BBmp? Please, report the corresponding BB and AA."},
{"name": "template 12",
 "sql": "SELECT Value FROM DBdata WHERE (AA IN ('AAhl')) AND (BB IN ('BBbr','BBmp')) ORDER BY VALUE ASC LIMIT 3",
 "sqlResult": "{59} || {123} || {216}",
 "nlq": "What are the bottom 3 numbers of graduations with a AAhl in BBbr or BBmp?"},
{"name": "template 13",
 "sql": "SELECT Value FROM DBdata WHERE (AA IN ('AAfr')) AND (BB IN ('BBft','BBbr')) ORDER BY VALUE ASC",
 "sqlResult": "{86} || {88} || {107} || {152} || {186} || {404} || {407} || {459}",
 "nlq": "What are the numbers of graduations ordered by increasing values with a AAfr in BBft or BBbr?"},
{"name": "template 14",
 "sql": "SELECT BB,CC FROM DBdata WHERE (AA IN ('AAhl')) AND Value > 258.83",
 "sqlResult": "{BBcv | CCsy} || {BBft | CCsy} || {BBbr | CCsy} || {BBmp | CCsy} || {BBbr | CCmz} || {BBmp | CCmz} || {BBft | CCqt} || {BBft | CChj} || {BBmp | CChj}",
 "nlq": "What are the BB and CC for which the number of graduations with a AAhl is greater than 258.83?"},
{"name": "template 15",
 "sql": "SELECT BB,CC,Value FROM DBdata WHERE (AA IN ('AAgx')) AND (BB,CC) IN (SELECT BB,CC FROM DBdata WHERE (AA IN ('AAhl')) AND Value > 258.83)",
 "sqlResult": "{BBcv | CCsy | 348} || {BBft | CCsy | 303} || {BBbr | CCsy | 296} || {BBmp | CCsy | 97} || {BBbr | CCmz | 178} || {BBmp | CCmz | 116} || {BBft | CCqt | 396} || {BBft | CChj | 206} || {BBmp | CChj | 213}",
 "nlq": "What is the number of graduations with a AAgx in BB and in CC for which the number of graduations with a AAhl is greater than 258.83? Please, report the corresponding BB, CC, and number of graduations."}]
}

