{
"filename": "Number_of_graduations_set2_5_DB.csv",
"questions": [{"name": "template 1",
 "sql": "SELECT Value FROM DBdata WHERE (AA IN ('AAhn')) AND (BB IN ('BBgq'))",
 "sqlResult": "{296}",
 "nlq": "What is the number of graduations with a AAhn in BBgq?"},
{"name": "template 2",
 "sql": "SELECT Value FROM DBdata WHERE (AA IN ('AAkx')) AND (BB IN ('BBgq','BBkl','BBrv','BBfp'))",
 "sqlResult": "{311} || {431} || {379} || {243}",
 "nlq": "What is the number of graduations with a AAkx in BBgq, BBkl, BBrv, or BBfp?"},
{"name": "template 3",
 "sql": "SELECT Value FROM DBdata WHERE (AA IN ('AAkx','AAgm','AAhn')) AND (BB IN ('BBfp'))",
 "sqlResult": "{243} || {349} || {74}",
 "nlq": "What is the number of graduations with a AAkx, AAgm, or AAhn in BBfp?"},
{"name": "template 4",
 "sql": "SELECT sum(Value),min(Value) FROM DBdata WHERE (AA IN ('AAgm','AAhn')) AND (BB IN ('BBkl'))",
 "sqlResult": "{856 | 356}",
 "nlq": "What are the total and minimum numbers of graduations with a AAgm or AAhn in BBkl?"},
{"name": "template 6",
 "sql": "SELECT Value FROM DBdata WHERE (AA IN ('AAkx','AAgm','AAhn')) AND (BB IN ('BBgq','BBkl','BBfp'))",
 "sqlResult": "{311} || {228} || {296} || {431} || {500} || {356} || {243} || {349} || {74}",
 "nlq": "What is the number of graduations with a AAkx, AAgm, or AAhn in BBgq, BBkl, or BBfp?"},
{"name": "template 7",
 "sql": "SELECT min(Value),sum(Value) FROM DBdata WHERE (AA IN ('AAhn')) AND (BB IN ('BBkl','BBfp'))",
 "sqlResult": "{74 | 430}",
 "nlq": "What are the minimum and total numbers of graduations with a AAhn in BBkl or BBfp?"},
{"name": "template 8",
 "sql": "SELECT AA,min(Value),sum(Value) FROM DBdata WHERE (AA IN ('AAkx','AAhn')) AND (BB IN ('BBgq','BBkl','BBrv','BBfp')) GROUP BY AA",
 "sqlResult": "{AAkx | 243 | 1364} || {AAhn | 74 | 1146}",
 "nlq": "What are the minimum and total numbers of graduations for each AA, with a AAkx or AAhn in BBgq, BBkl, BBrv, or BBfp? Please, report the corresponding AA."},
{"name": "template 9",
 "sql": "SELECT min(Value) FROM DBdata WHERE (AA IN ('AAkx')) AND (BB IN ('BBgq','BBkl','BBrv','BBfp')) GROUP BY BB",
 "sqlResult": "{311} || {431} || {379} || {243}",
 "nlq": "What is the minimum number of graduations for each BB, with a AAkx in BBgq, BBkl, BBrv, or BBfp?"},
{"name": "template 10",
 "sql": "SELECT BB,min(Value) FROM DBdata WHERE (AA IN ('AAhn')) AND (BB IN ('BBgq','BBkl','BBrv','BBfp')) GROUP BY BB",
 "sqlResult": "{BBgq | 296} || {BBkl | 356} || {BBrv | 420} || {BBfp | 74}",
 "nlq": "What is the minimum number of graduations for each BB, with a AAhn in BBgq, BBkl, BBrv, or BBfp? Please, report the corresponding BB."},
{"name": "template 11",
 "sql": "SELECT BB,AA,max(Value) FROM DBdata WHERE (AA IN ('AAkx','AAgm')) AND (BB IN ('BBgq','BBkl','BBrv','BBfp')) GROUP BY BB,AA",
 "sqlResult": "{BBgq | AAkx | 311} || {BBgq | AAgm | 228} || {BBkl | AAkx | 431} || {BBkl | AAgm | 500} || {BBrv | AAkx | 379} || {BBrv | AAgm | 395} || {BBfp | AAkx | 243} || {BBfp | AAgm | 349}",
 "nlq": "What is the maximum number of graduations for each BB and AA, with a AAkx or AAgm in BBgq, BBkl, BBrv, or BBfp? Please, report the corresponding BB and AA."},
{"name": "template 12",
 "sql": "SELECT Value FROM DBdata WHERE (AA IN ('AAhn')) AND (BB IN ('BBkl','BBrv')) ORDER BY VALUE DESC LIMIT 2",
 "sqlResult": "{420} || {356}",
 "nlq": "What are the top 2 numbers of graduations with a AAhn in BBkl or BBrv?"},
{"name": "template 13",
 "sql": "SELECT Value FROM DBdata WHERE (AA IN ('AAkx')) AND (BB IN ('BBgq','BBrv')) ORDER BY VALUE DESC",
 "sqlResult": "{379} || {311}",
 "nlq": "What are the numbers of graduations ordered by decreasing values with a AAkx in BBgq or BBrv?"},
{"name": "template 14",
 "sql": "SELECT BB FROM DBdata WHERE (AA IN ('AAgm')) AND Value > 331.83",
 "sqlResult": "{BBkl} || {BBrv} || {BBfp}",
 "nlq": "What is the BB for which the number of graduations with a AAgm is greater than 331.83?"},
{"name": "template 15",
 "sql": "SELECT BB,Value FROM DBdata WHERE (AA IN ('AAhn')) AND (BB) IN (SELECT BB FROM DBdata WHERE (AA IN ('AAgm')) AND Value > 331.83)",
 "sqlResult": "{BBkl | 356} || {BBrv | 420} || {BBfp | 74}",
 "nlq": "What is the number of graduations with a AAhn in BB for which the number of graduations with a AAgm is greater than 331.83? Please, report the corresponding BB and number of graduations."}]
}

