{
"filename": "Number_of_graduations_set3_2_DB.csv",
"questions": [{"name": "template 1",
 "sql": "SELECT Value FROM DBdata WHERE (Degree IN ('BSc')) AND (Year IN ('2015/2016'))",
 "sqlResult": "{383}",
 "nlq": "What is the number of graduations with a BSc in 2015/2016?"},
{"name": "template 2",
 "sql": "SELECT Value FROM DBdata WHERE (Degree IN ('PhD')) AND (Year IN ('2015/2016','2016/2017','2017/2018'))",
 "sqlResult": "{264} || {472} || {272}",
 "nlq": "What is the number of graduations with a PhD in 2015/2016, 2016/2017, or 2017/2018?"},
{"name": "template 3",
 "sql": "SELECT Value FROM DBdata WHERE (Degree IN ('BSc','MSc','PhD')) AND (Year IN ('2015/2016'))",
 "sqlResult": "{383} || {322} || {264}",
 "nlq": "What is the number of graduations with a BSc, MSc, or PhD in 2015/2016?"},
{"name": "template 4",
 "sql": "SELECT sum(Value),avg(Value) FROM DBdata WHERE (Degree IN ('BSc','MSc','PhD')) AND (Year IN ('2015/2016'))",
 "sqlResult": "{969 | 323}",
 "nlq": "What are the total and average numbers of graduations with a BSc, MSc, or PhD in 2015/2016?"},
{"name": "template 6",
 "sql": "SELECT Value FROM DBdata WHERE (Degree IN ('BSc','PhD')) AND (Year IN ('2015/2016','2017/2018'))",
 "sqlResult": "{383} || {264} || {236} || {272}",
 "nlq": "What is the number of graduations with a BSc or PhD in 2015/2016 or 2017/2018?"},
{"name": "template 7",
 "sql": "SELECT min(Value),sum(Value) FROM DBdata WHERE (Degree IN ('MSc')) AND (Year IN ('2015/2016','2016/2017'))",
 "sqlResult": "{244 | 566}",
 "nlq": "What are the minimum and total numbers of graduations with a MSc in 2015/2016 or 2016/2017?"},
{"name": "template 8",
 "sql": "SELECT Degree,max(Value),avg(Value) FROM DBdata WHERE (Degree IN ('BSc','PhD')) AND (Year IN ('2015/2016','2016/2017','2017/2018')) GROUP BY Degree",
 "sqlResult": "{BSc | 383 | 307} || {PhD | 472 | 336}",
 "nlq": "What are the maximum and average numbers of graduations for each Degree, with a BSc or PhD in 2015/2016, 2016/2017, or 2017/2018? Please, report the corresponding Degree."},
{"name": "template 9",
 "sql": "SELECT min(Value) FROM DBdata WHERE (Degree IN ('MSc')) AND (Year IN ('2015/2016','2016/2017','2017/2018')) GROUP BY Year",
 "sqlResult": "{322} || {244} || {189}",
 "nlq": "What is the minimum number of graduations for each Year, with a MSc in 2015/2016, 2016/2017, or 2017/2018?"},
{"name": "template 10",
 "sql": "SELECT Year,min(Value) FROM DBdata WHERE (Degree IN ('PhD')) AND (Year IN ('2015/2016','2016/2017','2017/2018')) GROUP BY Year",
 "sqlResult": "{2015/2016 | 264} || {2016/2017 | 472} || {2017/2018 | 272}",
 "nlq": "What is the minimum number of graduations for each Year, with a PhD in 2015/2016, 2016/2017, or 2017/2018? Please, report the corresponding Year."},
{"name": "template 11",
 "sql": "SELECT Year,Degree,max(Value) FROM DBdata WHERE (Degree IN ('BSc','PhD')) AND (Year IN ('2015/2016','2016/2017','2017/2018')) GROUP BY Year,Degree",
 "sqlResult": "{2015/2016 | BSc | 383} || {2015/2016 | PhD | 264} || {2016/2017 | BSc | 302} || {2016/2017 | PhD | 472} || {2017/2018 | BSc | 236} || {2017/2018 | PhD | 272}",
 "nlq": "What is the maximum number of graduations for each Year and Degree, with a BSc or PhD in 2015/2016, 2016/2017, or 2017/2018? Please, report the corresponding Year and Degree."},
{"name": "template 12",
 "sql": "SELECT Value FROM DBdata WHERE (Degree IN ('MSc')) AND (Year IN ('2015/2016','2016/2017')) ORDER BY VALUE DESC LIMIT 2",
 "sqlResult": "{322} || {244}",
 "nlq": "What are the top 2 numbers of graduations with a MSc in 2015/2016 or 2016/2017?"},
{"name": "template 13",
 "sql": "SELECT Value FROM DBdata WHERE (Degree IN ('BSc')) AND (Year IN ('2016/2017','2017/2018')) ORDER BY VALUE ASC",
 "sqlResult": "{236} || {302}",
 "nlq": "What are the numbers of graduations ordered by increasing values with a BSc in 2016/2017 or 2017/2018?"},
{"name": "template 14",
 "sql": "SELECT Year FROM DBdata WHERE (Degree IN ('BSc')) AND Value < 298.22",
 "sqlResult": "{2017/2018}",
 "nlq": "What is the Year for which the number of graduations with a BSc is lower than 298.22?"},
{"name": "template 15",
 "sql": "SELECT Year,Value FROM DBdata WHERE (Degree IN ('PhD')) AND (Year) IN (SELECT Year FROM DBdata WHERE (Degree IN ('BSc')) AND Value < 298.22)",
 "sqlResult": "{2017/2018 | 272}",
 "nlq": "What is the number of graduations with a PhD in Year for which the number of graduations with a BSc is lower than 298.22? Please, report the corresponding Year and number of graduations."}]
}
