Degree,Year,Language,Value
Degree,Year,Language,Value
BSc,2020/2021,Arabic,379
MSc,2020/2021,Arabic,210
PhD,2020/2021,Arabic,406
BSc,2021/2022,Arabic,156
MSc,2021/2022,Arabic,183
PhD,2021/2022,Arabic,70
BSc,2022/2023,Arabic,393
MSc,2022/2023,Arabic,125
PhD,2022/2023,Arabic,304
BSc,2020/2021,English,182
MSc,2020/2021,English,430
PhD,2020/2021,English,103
BSc,2021/2022,English,85
MSc,2021/2022,English,340
PhD,2021/2022,English,421
BSc,2022/2023,English,344
MSc,2022/2023,English,302
PhD,2022/2023,English,241
BSc,2020/2021,French,192
MSc,2020/2021,French,391
PhD,2020/2021,French,441
BSc,2021/2022,French,148
MSc,2021/2022,French,134
PhD,2021/2022,French,244
BSc,2022/2023,French,422
MSc,2022/2023,French,303
PhD,2022/2023,French,72
