{
"filename": "Number_of_graduations_set37_4_DB.csv",
"questions": [{"name": "template 1",
 "sql": "SELECT Value FROM DBdata WHERE (Degree IN ('MSc')) AND ((Year = '2020/2021' AND Language = 'Spanish'))",
 "sqlResult": "{131}",
 "nlq": "What is the number of graduations with a MSc in Spanish in 2020/2021?"},
{"name": "template 2",
 "sql": "SELECT Value FROM DBdata WHERE (Degree IN ('MSc')) AND ((Year = '2018/2019' AND Language = 'French') OR (Year = '2020/2021' AND Language = 'French') OR (Year = '2016/2017' AND Language = 'Spanish') OR (Year = '2017/2018' AND Language = 'Spanish') OR (Year = '2019/2020' AND Language = 'Spanish') OR (Year = '2016/2017' AND Language = 'German') OR (Year = '2016/2017' AND Language = 'Other') OR (Year = '2017/2018' AND Language = 'Other') OR (Year = '2020/2021' AND Language = 'Other'))",
 "sqlResult": "{410} || {127} || {201} || {298} || {183} || {234} || {458} || {88} || {58}",
 "nlq": "What is the number of graduations with a MSc in French in 2018/2019 or 2020/2021 or in German, Other, or Spanish in 2016/2017 or in Other in 2020/2021 or in Other or Spanish in 2017/2018 or in Spanish in 2019/2020?"},
{"name": "template 3",
 "sql": "SELECT Value FROM DBdata WHERE (Degree IN ('BSc','MSc','PhD')) AND ((Year = '2017/2018' AND Language = 'French'))",
 "sqlResult": "{307} || {81} || {134}",
 "nlq": "What is the number of graduations with a BSc, MSc, or PhD in French in 2017/2018?"},
{"name": "template 4",
 "sql": "SELECT sum(Value),min(Value) FROM DBdata WHERE (Degree IN ('BSc','MSc','PhD')) AND ((Year = '2017/2018' AND Language = 'German'))",
 "sqlResult": "{833 | 63}",
 "nlq": "What are the total and minimum numbers of graduations with a BSc, MSc, or PhD in German in 2017/2018?"},
{"name": "template 6",
 "sql": "SELECT Value FROM DBdata WHERE (Degree IN ('BSc','MSc','PhD')) AND ((Year = '2017/2018' AND Language = 'Spanish') OR (Year = '2017/2018' AND Language = 'German') OR (Year = '2020/2021' AND Language = 'Other'))",
 "sqlResult": "{200} || {298} || {251} || {416} || {354} || {63} || {326} || {58} || {204}",
 "nlq": "What is the number of graduations with a BSc, MSc, or PhD in German or Spanish in 2017/2018 or in Other in 2020/2021?"},
{"name": "template 7",
 "sql": "SELECT sum(Value),min(Value) FROM DBdata WHERE (Degree IN ('PhD')) AND ((Year = '2017/2018' AND Language = 'French') OR (Year = '2016/2017' AND Language = 'German') OR (Year = '2018/2019' AND Language = 'Other') OR (Year = '2019/2020' AND Language = 'Other'))",
 "sqlResult": "{610 | 134}",
 "nlq": "What are the total and minimum numbers of graduations with a PhD in French in 2017/2018 or in German in 2016/2017 or in Other in 2018/2019 or 2019/2020?"},
{"name": "template 8",
 "sql": "SELECT Degree,avg(Value),max(Value) FROM DBdata WHERE (Degree IN ('MSc','PhD')) AND ((Year = '2019/2020' AND Language = 'French') OR (Year = '2016/2017' AND Language = 'Spanish')) GROUP BY Degree",
 "sqlResult": "{MSc | 311 | 421} || {PhD | 297 | 365}",
 "nlq": "What are the average and maximum numbers of graduations for each Degree, with a MSc or PhD in French in 2019/2020 or in Spanish in 2016/2017? Please, report the corresponding Degree."},
{"name": "template 9",
 "sql": "SELECT min(Value) FROM DBdata WHERE (Degree IN ('MSc')) AND (Year IN ('2016/2017','2017/2018','2018/2019','2019/2020','2020/2021')) GROUP BY Year",
 "sqlResult": "{201} || {81} || {108} || {183} || {58}",
 "nlq": "What is the minimum number of graduations for each Year, with a MSc in 2016/2017, 2017/2018, 2018/2019, 2019/2020, or 2020/2021?"},
{"name": "template 10",
 "sql": "SELECT Year,avg(Value) FROM DBdata WHERE (Degree IN ('PhD')) AND (Year IN ('2016/2017','2017/2018','2018/2019','2019/2020','2020/2021')) GROUP BY Year",
 "sqlResult": "{2016/2017 | 276.5} || {2017/2018 | 141.5} || {2018/2019 | 204.75} || {2019/2020 | 215.75} || {2020/2021 | 227.5}",
 "nlq": "What is the average number of graduations for each Year, with a PhD in 2016/2017, 2017/2018, 2018/2019, 2019/2020, or 2020/2021? Please, report the corresponding Year."},
{"name": "template 11",
 "sql": "SELECT Year,Degree,sum(Value) FROM DBdata WHERE (Degree IN ('BSc','MSc','PhD')) AND (Year IN ('2016/2017','2017/2018','2018/2019','2019/2020','2020/2021')) GROUP BY Year,Degree",
 "sqlResult": "{2016/2017 | BSc | 860} || {2016/2017 | MSc | 1348} || {2016/2017 | PhD | 1106} || {2017/2018 | BSc | 1274} || {2017/2018 | MSc | 821} || {2017/2018 | PhD | 566} || {2018/2019 | BSc | 1088} || {2018/2019 | MSc | 1156} || {2018/2019 | PhD | 819} || {2019/2020 | BSc | 1480} || {2019/2020 | MSc | 1244} || {2019/2020 | PhD | 863} || {2020/2021 | BSc | 1458} || {2020/2021 | MSc | 562} || {2020/2021 | PhD | 910}",
 "nlq": "What is the total number of graduations for each Year and Degree, with a BSc, MSc, or PhD in 2016/2017, 2017/2018, 2018/2019, 2019/2020, or 2020/2021? Please, report the corresponding Year and Degree."},
{"name": "template 12",
 "sql": "SELECT Value FROM DBdata WHERE (Degree IN ('PhD')) AND (Year IN ('2019/2020','2020/2021')) ORDER BY VALUE DESC LIMIT 3",
 "sqlResult": "{434} || {385} || {229}",
 "nlq": "What are the top 3 numbers of graduations with a PhD in 2019/2020 or 2020/2021?"},
{"name": "template 13",
 "sql": "SELECT Value FROM DBdata WHERE (Degree IN ('MSc')) AND (Year IN ('2017/2018','2019/2020')) ORDER BY VALUE DESC",
 "sqlResult": "{447} || {421} || {354} || {298} || {193} || {183} || {88} || {81}",
 "nlq": "What are the numbers of graduations ordered by decreasing values with a MSc in 2017/2018 or 2019/2020?"},
{"name": "template 14",
 "sql": "SELECT Year,Language FROM DBdata WHERE (Degree IN ('MSc')) AND Value > 259.25",
 "sqlResult": "{2016/2017 | French} || {2018/2019 | French} || {2019/2020 | French} || {2017/2018 | Spanish} || {2017/2018 | German} || {2018/2019 | German} || {2016/2017 | Other} || {2018/2019 | Other} || {2019/2020 | Other}",
 "nlq": "What are the Year and Language for which the number of graduations with a MSc is greater than 259.25?"},
{"name": "template 15",
 "sql": "SELECT Year,Language,Value FROM DBdata WHERE (Degree IN ('BSc')) AND (Year,Language) IN (SELECT Year,Language FROM DBdata WHERE (Degree IN ('MSc')) AND Value > 259.25)",
 "sqlResult": "{2016/2017 | French | 64} || {2018/2019 | French | 381} || {2019/2020 | French | 495} || {2017/2018 | Spanish | 200} || {2017/2018 | German | 416} || {2018/2019 | German | 148} || {2016/2017 | Other | 242} || {2018/2019 | Other | 247} || {2019/2020 | Other | 433}",
 "nlq": "What is the number of graduations with a BSc in Year and in Language for which the number of graduations with a MSc is greater than 259.25? Please, report the corresponding Year, Language, and number of graduations."}]
}
