{
"filename": "Number_of_graduations_set1_2_DB.csv",
"questions": [{"name": "template 1",
 "sql": "SELECT Value FROM DBdata WHERE (AA IN ('AAfg')) AND (BB IN ('BBln'))",
 "sqlResult": "{405}",
 "nlq": "What is the number of graduations with a AAfg in BBln?"},
{"name": "template 2",
 "sql": "SELECT Value FROM DBdata WHERE (AA IN ('AAgq')) AND (BB IN ('BBhl','BBln','BBgl','BBsz'))",
 "sqlResult": "{485} || {269} || {97} || {389}",
 "nlq": "What is the number of graduations with a AAgq in BBhl, BBln, BBgl, or BBsz?"},
{"name": "template 3",
 "sql": "SELECT Value FROM DBdata WHERE (AA IN ('AAgq','AAfg','AAfx')) AND (BB IN ('BBcq'))",
 "sqlResult": "{447} || {77} || {300}",
 "nlq": "What is the number of graduations with a AAgq, AAfg, or AAfx in BBcq?"},
{"name": "template 4",
 "sql": "SELECT min(Value),sum(Value) FROM DBdata WHERE (AA IN ('AAgq','AAfg','AAfx')) AND (BB IN ('BBsz'))",
 "sqlResult": "{112 | 690}",
 "nlq": "What are the minimum and total numbers of graduations with a AAgq, AAfg, or AAfx in BBsz?"},
{"name": "template 6",
 "sql": "SELECT Value FROM DBdata WHERE (AA IN ('AAgq','AAfg','AAfx')) AND (BB IN ('BBhl','BBln','BBcq','BBgl'))",
 "sqlResult": "{485} || {73} || {168} || {269} || {405} || {397} || {447} || {77} || {300} || {97} || {425} || {483}",
 "nlq": "What is the number of graduations with a AAgq, AAfg, or AAfx in BBhl, BBln, BBcq, or BBgl?"},
{"name": "template 7",
 "sql": "SELECT avg(Value),sum(Value) FROM DBdata WHERE (AA IN ('AAfx')) AND (BB IN ('BBhl','BBln','BBcq','BBgl'))",
 "sqlResult": "{337 | 1348}",
 "nlq": "What are the average and total numbers of graduations with a AAfx in BBhl, BBln, BBcq, or BBgl?"},
{"name": "template 8",
 "sql": "SELECT AA,sum(Value),max(Value) FROM DBdata WHERE (AA IN ('AAgq','AAfg','AAfx')) AND (BB IN ('BBln','BBcq','BBgl','BBsz')) GROUP BY AA",
 "sqlResult": "{AAgq | 1202 | 447} || {AAfg | 1019 | 425} || {AAfx | 1369 | 483}",
 "nlq": "What are the total and maximum numbers of graduations for each AA, with a AAgq, AAfg, or AAfx in BBln, BBcq, BBgl, or BBsz? Please, report the corresponding AA."},
{"name": "template 9",
 "sql": "SELECT min(Value) FROM DBdata WHERE (AA IN ('AAgq')) AND (BB IN ('BBhl','BBln','BBcq','BBgl','BBsz')) GROUP BY BB",
 "sqlResult": "{485} || {269} || {447} || {97} || {389}",
 "nlq": "What is the minimum number of graduations for each BB, with a AAgq in BBhl, BBln, BBcq, BBgl, or BBsz?"},
{"name": "template 10",
 "sql": "SELECT BB,avg(Value) FROM DBdata WHERE (AA IN ('AAgq')) AND (BB IN ('BBhl','BBln','BBcq','BBgl','BBsz')) GROUP BY BB",
 "sqlResult": "{BBhl | 485} || {BBln | 269} || {BBcq | 447} || {BBgl | 97} || {BBsz | 389}",
 "nlq": "What is the average number of graduations for each BB, with a AAgq in BBhl, BBln, BBcq, BBgl, or BBsz? Please, report the corresponding BB."},
{"name": "template 11",
 "sql": "SELECT BB,AA,min(Value) FROM DBdata WHERE (AA IN ('AAgq','AAfg','AAfx')) AND (BB IN ('BBhl','BBln','BBcq','BBgl','BBsz')) GROUP BY BB,AA",
 "sqlResult": "{BBhl | AAgq | 485} || {BBhl | AAfg | 73} || {BBhl | AAfx | 168} || {BBln | AAgq | 269} || {BBln | AAfg | 405} || {BBln | AAfx | 397} || {BBcq | AAgq | 447} || {BBcq | AAfg | 77} || {BBcq | AAfx | 300} || {BBgl | AAgq | 97} || {BBgl | AAfg | 425} || {BBgl | AAfx | 483} || {BBsz | AAgq | 389} || {BBsz | AAfg | 112} || {BBsz | AAfx | 189}",
 "nlq": "What is the minimum number of graduations for each BB and AA, with a AAgq, AAfg, or AAfx in BBhl, BBln, BBcq, BBgl, or BBsz? Please, report the corresponding BB and AA."},
{"name": "template 12",
 "sql": "SELECT Value FROM DBdata WHERE (AA IN ('AAgq')) AND (BB IN ('BBcq','BBsz')) ORDER BY VALUE ASC LIMIT 2",
 "sqlResult": "{389} || {447}",
 "nlq": "What are the bottom 2 numbers of graduations with a AAgq in BBcq or BBsz?"},
{"name": "template 13",
 "sql": "SELECT Value FROM DBdata WHERE (AA IN ('AAgq')) AND (BB IN ('BBhl','BBsz')) ORDER BY VALUE ASC",
 "sqlResult": "{389} || {485}",
 "nlq": "What are the numbers of graduations ordered by increasing values with a AAgq in BBhl or BBsz?"},
{"name": "template 14",
 "sql": "SELECT BB FROM DBdata WHERE (AA IN ('AAgq')) AND Value < 287.73",
 "sqlResult": "{BBln} || {BBgl}",
 "nlq": "What is the BB for which the number of graduations with a AAgq is lower than 287.73?"},
{"name": "template 15",
 "sql": "SELECT BB,Value FROM DBdata WHERE (AA IN ('AAfg')) AND (BB) IN (SELECT BB FROM DBdata WHERE (AA IN ('AAgq')) AND Value < 287.73)",
 "sqlResult": "{BBln | 405} || {BBgl | 425}",
 "nlq": "What is the number of graduations with a AAfg in BB for which the number of graduations with a AAgq is lower than 287.73? Please, report the corresponding BB and number of graduations."}]
}

