{
"filename": "Number_of_graduations_set40_5_DB.csv",
"questions": [{"name": "template 1",
 "sql": "SELECT Value FROM DBdata WHERE (Degree IN ('MSc')) AND ((Year = '2020/2021' AND Language = 'English'))",
 "sqlResult": "{147}",
 "nlq": "What is the number of graduations with a MSc in English in 2020/2021?"},
{"name": "template 2",
 "sql": "SELECT Value FROM DBdata WHERE (Degree IN ('PhD')) AND ((Year = '2019/2020' AND Language = 'English') OR (Year = '2020/2021' AND Language = 'English') OR (Year = '2020/2021' AND Language = 'Spanish') OR (Year = '2021/2022' AND Language = 'Spanish'))",
 "sqlResult": "{299} || {241} || {237} || {200}",
 "nlq": "What is the number of graduations with a PhD in English in 2019/2020 or 2020/2021 or in Spanish in 2020/2021 or 2021/2022?"},
{"name": "template 3",
 "sql": "SELECT Value FROM DBdata WHERE (Degree IN ('BSc','MSc','PhD')) AND ((Year = '2021/2022' AND Language = 'Spanish'))",
 "sqlResult": "{412} || {467} || {200}",
 "nlq": "What is the number of graduations with a BSc, MSc, or PhD in Spanish in 2021/2022?"},
{"name": "template 4",
 "sql": "SELECT max(Value),min(Value) FROM DBdata WHERE (Degree IN ('BSc','MSc')) AND ((Year = '2021/2022' AND Language = 'Spanish'))",
 "sqlResult": "{467 | 412}",
 "nlq": "What are the maximum and minimum numbers of graduations with a BSc or MSc in Spanish in 2021/2022?"},
{"name": "template 6",
 "sql": "SELECT Value FROM DBdata WHERE (Degree IN ('BSc','MSc','PhD')) AND ((Year = '2019/2020' AND Language = 'English') OR (Year = '2019/2020' AND Language = 'French') OR (Year = '2019/2020' AND Language = 'Spanish') OR (Year = '2020/2021' AND Language = 'Spanish'))",
 "sqlResult": "{340} || {298} || {299} || {170} || {367} || {311} || {84} || {447} || {233} || {98} || {183} || {237}",
 "nlq": "What is the number of graduations with a BSc, MSc, or PhD in English, French, or Spanish in 2019/2020 or in Spanish in 2020/2021?"},
{"name": "template 7",
 "sql": "SELECT avg(Value),min(Value) FROM DBdata WHERE (Degree IN ('PhD')) AND ((Year = '2021/2022' AND Language = 'English') OR (Year = '2021/2022' AND Language = 'French') OR (Year = '2020/2021' AND Language = 'Spanish'))",
 "sqlResult": "{313.33 | 237}",
 "nlq": "What are the average and minimum numbers of graduations with a PhD in English or French in 2021/2022 or in Spanish in 2020/2021?"},
{"name": "template 8",
 "sql": "SELECT Degree,sum(Value),min(Value) FROM DBdata WHERE (Degree IN ('BSc','MSc')) AND ((Year = '2019/2020' AND Language = 'English') OR (Year = '2021/2022' AND Language = 'English') OR (Year = '2020/2021' AND Language = 'French') OR (Year = '2021/2022' AND Language = 'French') OR (Year = '2019/2020' AND Language = 'Spanish')) GROUP BY Degree",
 "sqlResult": "{BSc | 1362 | 84} || {MSc | 1541 | 129}",
 "nlq": "What are the total and minimum numbers of graduations for each Degree, with a BSc or MSc in English or French in 2021/2022 or in English or Spanish in 2019/2020 or in French in 2020/2021? Please, report the corresponding Degree."},
{"name": "template 9",
 "sql": "SELECT min(Value) FROM DBdata WHERE (Degree IN ('BSc')) AND (Year IN ('2019/2020','2020/2021','2021/2022')) GROUP BY Year",
 "sqlResult": "{84} || {98} || {271}",
 "nlq": "What is the minimum number of graduations for each Year, with a BSc in 2019/2020, 2020/2021, or 2021/2022?"},
{"name": "template 10",
 "sql": "SELECT Year,sum(Value) FROM DBdata WHERE (Degree IN ('MSc')) AND (Year IN ('2019/2020','2020/2021','2021/2022')) GROUP BY Year",
 "sqlResult": "{2019/2020 | 1112} || {2020/2021 | 459} || {2021/2022 | 1134}",
 "nlq": "What is the total number of graduations for each Year, with a MSc in 2019/2020, 2020/2021, or 2021/2022? Please, report the corresponding Year."},
{"name": "template 11",
 "sql": "SELECT Year,Degree,max(Value) FROM DBdata WHERE (Degree IN ('BSc','MSc','PhD')) AND (Year IN ('2019/2020','2020/2021','2021/2022')) GROUP BY Year,Degree",
 "sqlResult": "{2019/2020 | BSc | 340} || {2019/2020 | MSc | 447} || {2019/2020 | PhD | 311} || {2020/2021 | BSc | 378} || {2020/2021 | MSc | 183} || {2020/2021 | PhD | 492} || {2021/2022 | BSc | 412} || {2021/2022 | MSc | 467} || {2021/2022 | PhD | 353}",
 "nlq": "What is the maximum number of graduations for each Year and Degree, with a BSc, MSc, or PhD in 2019/2020, 2020/2021, or 2021/2022? Please, report the corresponding Year and Degree."},
{"name": "template 12",
 "sql": "SELECT Value FROM DBdata WHERE (Degree IN ('BSc')) AND (Year IN ('2020/2021','2021/2022')) ORDER BY VALUE ASC LIMIT 2",
 "sqlResult": "{98} || {271}",
 "nlq": "What are the bottom 2 numbers of graduations with a BSc in 2020/2021 or 2021/2022?"},
{"name": "template 13",
 "sql": "SELECT Value FROM DBdata WHERE (Degree IN ('BSc')) AND (Year IN ('2019/2020','2021/2022')) ORDER BY VALUE ASC",
 "sqlResult": "{84} || {170} || {271} || {289} || {340} || {412}",
 "nlq": "What are the numbers of graduations ordered by increasing values with a BSc in 2019/2020 or 2021/2022?"},
{"name": "template 14",
 "sql": "SELECT Year,Language FROM DBdata WHERE (Degree IN ('PhD')) AND Value > 287.63",
 "sqlResult": "{2019/2020 | English} || {2021/2022 | English} || {2019/2020 | French} || {2020/2021 | French} || {2021/2022 | French}",
 "nlq": "What are the Year and Language for which the number of graduations with a PhD is greater than 287.63?"},
{"name": "template 15",
 "sql": "SELECT Year,Language,Value FROM DBdata WHERE (Degree IN ('BSc')) AND (Year,Language) IN (SELECT Year,Language FROM DBdata WHERE (Degree IN ('PhD')) AND Value > 287.63)",
 "sqlResult": "{2019/2020 | English | 340} || {2021/2022 | English | 289} || {2019/2020 | French | 170} || {2020/2021 | French | 378} || {2021/2022 | French | 271}",
 "nlq": "What is the number of graduations with a BSc in Year and in Language for which the number of graduations with a PhD is greater than 287.63? Please, report the corresponding Year, Language, and number of graduations."}]
}
