{
"filename": "Number_of_graduations_set1_3_DB.csv",
"questions": [{"name": "template 1",
 "sql": "SELECT Value FROM DBdata WHERE (Degree IN ('BSc')) AND (Year IN ('2018/2019'))",
 "sqlResult": "{84}",
 "nlq": "What is the number of graduations with a BSc in 2018/2019?"},
{"name": "template 2",
 "sql": "SELECT Value FROM DBdata WHERE (Degree IN ('MSc')) AND (Year IN ('2016/2017','2017/2018','2018/2019','2019/2020','2020/2021'))",
 "sqlResult": "{422} || {467} || {274} || {155} || {99}",
 "nlq": "What is the number of graduations with a MSc in 2016/2017, 2017/2018, 2018/2019, 2019/2020, or 2020/2021?"},
{"name": "template 3",
 "sql": "SELECT Value FROM DBdata WHERE (Degree IN ('MSc','PhD')) AND (Year IN ('2016/2017'))",
 "sqlResult": "{422} || {68}",
 "nlq": "What is the number of graduations with a MSc or PhD in 2016/2017?"},
{"name": "template 4",
 "sql": "SELECT max(Value),sum(Value) FROM DBdata WHERE (Degree IN ('BSc','MSc','PhD')) AND (Year IN ('2016/2017'))",
 "sqlResult": "{422 | 583}",
 "nlq": "What are the maximum and total numbers of graduations with a BSc, MSc, or PhD in 2016/2017?"},
{"name": "template 6",
 "sql": "SELECT Value FROM DBdata WHERE (Degree IN ('BSc','MSc','PhD')) AND (Year IN ('2017/2018','2019/2020','2020/2021'))",
 "sqlResult": "{304} || {467} || {314} || {487} || {155} || {317} || {270} || {99} || {364}",
 "nlq": "What is the number of graduations with a BSc, MSc, or PhD in 2017/2018, 2019/2020, or 2020/2021?"},
{"name": "template 7",
 "sql": "SELECT max(Value),sum(Value) FROM DBdata WHERE (Degree IN ('MSc')) AND (Year IN ('2016/2017','2017/2018','2018/2019','2019/2020'))",
 "sqlResult": "{467 | 1318}",
 "nlq": "What are the maximum and total numbers of graduations with a MSc in 2016/2017, 2017/2018, 2018/2019, or 2019/2020?"},
{"name": "template 8",
 "sql": "SELECT Degree,max(Value),avg(Value) FROM DBdata WHERE (Degree IN ('BSc','MSc')) AND (Year IN ('2016/2017','2017/2018','2018/2019','2019/2020','2020/2021')) GROUP BY Degree",
 "sqlResult": "{BSc | 487 | 247.6} || {MSc | 467 | 283.4}",
 "nlq": "What are the maximum and average numbers of graduations for each Degree, with a BSc or MSc in 2016/2017, 2017/2018, 2018/2019, 2019/2020, or 2020/2021? Please, report the corresponding Degree."},
{"name": "template 9",
 "sql": "SELECT min(Value) FROM DBdata WHERE (Degree IN ('BSc')) AND (Year IN ('2016/2017','2017/2018','2018/2019','2019/2020','2020/2021')) GROUP BY Year",
 "sqlResult": "{93} || {304} || {84} || {487} || {270}",
 "nlq": "What is the minimum number of graduations for each Year, with a BSc in 2016/2017, 2017/2018, 2018/2019, 2019/2020, or 2020/2021?"},
{"name": "template 10",
 "sql": "SELECT Year,min(Value) FROM DBdata WHERE (Degree IN ('PhD')) AND (Year IN ('2016/2017','2017/2018','2018/2019','2019/2020','2020/2021')) GROUP BY Year",
 "sqlResult": "{2016/2017 | 68} || {2017/2018 | 314} || {2018/2019 | 107} || {2019/2020 | 317} || {2020/2021 | 364}",
 "nlq": "What is the minimum number of graduations for each Year, with a PhD in 2016/2017, 2017/2018, 2018/2019, 2019/2020, or 2020/2021? Please, report the corresponding Year."},
{"name": "template 11",
 "sql": "SELECT Year,Degree,sum(Value) FROM DBdata WHERE (Degree IN ('MSc','PhD')) AND (Year IN ('2016/2017','2017/2018','2018/2019','2019/2020','2020/2021')) GROUP BY Year,Degree",
 "sqlResult": "{2016/2017 | MSc | 422} || {2016/2017 | PhD | 68} || {2017/2018 | MSc | 467} || {2017/2018 | PhD | 314} || {2018/2019 | MSc | 274} || {2018/2019 | PhD | 107} || {2019/2020 | MSc | 155} || {2019/2020 | PhD | 317} || {2020/2021 | MSc | 99} || {2020/2021 | PhD | 364}",
 "nlq": "What is the total number of graduations for each Year and Degree, with a MSc or PhD in 2016/2017, 2017/2018, 2018/2019, 2019/2020, or 2020/2021? Please, report the corresponding Year and Degree."},
{"name": "template 12",
 "sql": "SELECT Value FROM DBdata WHERE (Degree IN ('MSc')) AND (Year IN ('2017/2018','2018/2019')) ORDER BY VALUE ASC LIMIT 2",
 "sqlResult": "{274} || {467}",
 "nlq": "What are the bottom 2 numbers of graduations with a MSc in 2017/2018 or 2018/2019?"},
{"name": "template 13",
 "sql": "SELECT Value FROM DBdata WHERE (Degree IN ('MSc')) AND (Year IN ('2017/2018','2018/2019')) ORDER BY VALUE DESC",
 "sqlResult": "{467} || {274}",
 "nlq": "What are the numbers of graduations ordered by decreasing values with a MSc in 2017/2018 or 2018/2019?"},
{"name": "template 14",
 "sql": "SELECT Year FROM DBdata WHERE (Degree IN ('BSc')) AND Value > 255",
 "sqlResult": "{2017/2018} || {2019/2020} || {2020/2021}",
 "nlq": "What is the Year for which the number of graduations with a BSc is greater than 255?"},
{"name": "template 15",
 "sql": "SELECT Year,Value FROM DBdata WHERE (Degree IN ('PhD')) AND (Year) IN (SELECT Year FROM DBdata WHERE (Degree IN ('BSc')) AND Value > 255)",
 "sqlResult": "{2017/2018 | 314} || {2019/2020 | 317} || {2020/2021 | 364}",
 "nlq": "What is the number of graduations with a PhD in Year for which the number of graduations with a BSc is greater than 255? Please, report the corresponding Year and number of graduations."}]
}
