{
"filename": "Number_of_graduations_set30_4_DB.csv",
"questions": [{"name": "template 1",
 "sql": "SELECT Value FROM DBdata WHERE (Degree IN ('BSc')) AND (Year IN ('2021/2022'))",
 "sqlResult": "{428}",
 "nlq": "What is the number of graduations with a BSc in 2021/2022?"},
{"name": "template 2",
 "sql": "SELECT Value FROM DBdata WHERE (Degree IN ('PhD')) AND (Year IN ('2019/2020','2020/2021','2022/2023'))",
 "sqlResult": "{133} || {271} || {59}",
 "nlq": "What is the number of graduations with a PhD in 2019/2020, 2020/2021, or 2022/2023?"},
{"name": "template 3",
 "sql": "SELECT Value FROM DBdata WHERE (Degree IN ('BSc','MSc','PhD')) AND (Year IN ('2019/2020'))",
 "sqlResult": "{282} || {355} || {133}",
 "nlq": "What is the number of graduations with a BSc, MSc, or PhD in 2019/2020?"},
{"name": "template 4",
 "sql": "SELECT min(Value),max(Value) FROM DBdata WHERE (Degree IN ('BSc','MSc','PhD')) AND (Year IN ('2020/2021'))",
 "sqlResult": "{82 | 271}",
 "nlq": "What are the minimum and maximum numbers of graduations with a BSc, MSc, or PhD in 2020/2021?"},
{"name": "template 5",
 "sql": "SELECT sum(Value) FROM DBdata WHERE (Degree IN ('BSc','MSc','PhD')) AND (Year IN ('2020/2021'))",
 "sqlResult": "{496}",
 "nlq": "What is the total number of graduations with a BSc, MSc, or PhD in 2020/2021?"},
{"name": "template 6",
 "sql": "SELECT Value FROM DBdata WHERE (Degree IN ('MSc','PhD')) AND (Year IN ('2020/2021','2021/2022','2022/2023'))",
 "sqlResult": "{143} || {271} || {420} || {78} || {205} || {59}",
 "nlq": "What is the number of graduations with a MSc or PhD in 2020/2021, 2021/2022, or 2022/2023?"},
{"name": "template 7",
 "sql": "SELECT min(Value),max(Value) FROM DBdata WHERE (Degree IN ('PhD')) AND (Year IN ('2020/2021','2022/2023'))",
 "sqlResult": "{59 | 271}",
 "nlq": "What are the minimum and maximum numbers of graduations with a PhD in 2020/2021 or 2022/2023?"},
{"name": "template 8",
 "sql": "SELECT Degree,min(Value),max(Value) FROM DBdata WHERE (Degree IN ('BSc','MSc','PhD')) AND (Year IN ('2020/2021','2021/2022','2022/2023')) GROUP BY Degree",
 "sqlResult": "{BSc | 82 | 428} || {MSc | 143 | 420} || {PhD | 59 | 271}",
 "nlq": "What are the minimum and maximum numbers of graduations for each Degree, with a BSc, MSc, or PhD in 2020/2021, 2021/2022, or 2022/2023? Please, report the corresponding Degree."},
{"name": "template 9",
 "sql": "SELECT min(Value) FROM DBdata WHERE (Degree IN ('PhD')) AND (Year IN ('2019/2020','2020/2021','2021/2022','2022/2023')) GROUP BY Year",
 "sqlResult": "{133} || {271} || {78} || {59}",
 "nlq": "What is the minimum number of graduations for each Year, with a PhD in 2019/2020, 2020/2021, 2021/2022, or 2022/2023?"},
{"name": "template 10",
 "sql": "SELECT Year,sum(Value) FROM DBdata WHERE (Degree IN ('MSc')) AND (Year IN ('2019/2020','2020/2021','2021/2022','2022/2023')) GROUP BY Year",
 "sqlResult": "{2019/2020 | 355} || {2020/2021 | 143} || {2021/2022 | 420} || {2022/2023 | 205}",
 "nlq": "What is the total number of graduations for each Year, with a MSc in 2019/2020, 2020/2021, 2021/2022, or 2022/2023? Please, report the corresponding Year."},
{"name": "template 11",
 "sql": "SELECT Year,Degree,avg(Value) FROM DBdata WHERE (Degree IN ('BSc','PhD')) AND (Year IN ('2019/2020','2020/2021','2021/2022','2022/2023')) GROUP BY Year,Degree",
 "sqlResult": "{2019/2020 | BSc | 282} || {2019/2020 | PhD | 133} || {2020/2021 | BSc | 82} || {2020/2021 | PhD | 271} || {2021/2022 | BSc | 428} || {2021/2022 | PhD | 78} || {2022/2023 | BSc | 209} || {2022/2023 | PhD | 59}",
 "nlq": "What is the average number of graduations for each Year and Degree, with a BSc or PhD in 2019/2020, 2020/2021, 2021/2022, or 2022/2023? Please, report the corresponding Year and Degree."},
{"name": "template 12",
 "sql": "SELECT Value FROM DBdata WHERE (Degree IN ('PhD')) AND (Year IN ('2019/2020','2021/2022')) ORDER BY VALUE ASC LIMIT 2",
 "sqlResult": "{78} || {133}",
 "nlq": "What are the bottom 2 numbers of graduations with a PhD in 2019/2020 or 2021/2022?"},
{"name": "template 13",
 "sql": "SELECT Value FROM DBdata WHERE (Degree IN ('BSc')) AND (Year IN ('2019/2020','2022/2023')) ORDER BY VALUE DESC",
 "sqlResult": "{282} || {209}",
 "nlq": "What are the numbers of graduations ordered by decreasing values with a BSc in 2019/2020 or 2022/2023?"},
{"name": "template 14",
 "sql": "SELECT Year FROM DBdata WHERE (Degree IN ('BSc')) AND Value < 222.08",
 "sqlResult": "{2020/2021} || {2022/2023}",
 "nlq": "What is the Year for which the number of graduations with a BSc is lower than 222.08?"},
{"name": "template 15",
 "sql": "SELECT Year,Value FROM DBdata WHERE (Degree IN ('PhD')) AND (Year) IN (SELECT Year FROM DBdata WHERE (Degree IN ('BSc')) AND Value < 222.08)",
 "sqlResult": "{2020/2021 | 271} || {2022/2023 | 59}",
 "nlq": "What is the number of graduations with a PhD in Year for which the number of graduations with a BSc is lower than 222.08? Please, report the corresponding Year and number of graduations."}]
}
