{
"filename": "Number_of_graduations_set39_4_DB.csv",
"questions": [{"name": "template 1",
 "sql": "SELECT Value FROM DBdata WHERE (Degree IN ('MSc')) AND ((Year = '2020/2021' AND Language = 'English'))",
 "sqlResult": "{428}",
 "nlq": "What is the number of graduations with a MSc in English in 2020/2021?"},
{"name": "template 2",
 "sql": "SELECT Value FROM DBdata WHERE (Degree IN ('BSc')) AND ((Year = '2018/2019' AND Language = 'English') OR (Year = '2021/2022' AND Language = 'English'))",
 "sqlResult": "{68} || {253}",
 "nlq": "What is the number of graduations with a BSc in English in 2018/2019 or 2021/2022?"},
{"name": "template 3",
 "sql": "SELECT Value FROM DBdata WHERE (Degree IN ('BSc','MSc','PhD')) AND ((Year = '2020/2021' AND Language = 'French'))",
 "sqlResult": "{407} || {132} || {450}",
 "nlq": "What is the number of graduations with a BSc, MSc, or PhD in French in 2020/2021?"},
{"name": "template 4",
 "sql": "SELECT max(Value),sum(Value) FROM DBdata WHERE (Degree IN ('BSc','MSc','PhD')) AND ((Year = '2021/2022' AND Language = 'English'))",
 "sqlResult": "{492 | 1221}",
 "nlq": "What are the maximum and total numbers of graduations with a BSc, MSc, or PhD in English in 2021/2022?"},
{"name": "template 6",
 "sql": "SELECT Value FROM DBdata WHERE (Degree IN ('BSc','MSc')) AND ((Year = '2018/2019' AND Language = 'English') OR (Year = '2022/2023' AND Language = 'French'))",
 "sqlResult": "{68} || {486} || {400} || {449}",
 "nlq": "What is the number of graduations with a BSc or MSc in English in 2018/2019 or in French in 2022/2023?"},
{"name": "template 7",
 "sql": "SELECT sum(Value),max(Value) FROM DBdata WHERE (Degree IN ('BSc')) AND ((Year = '2020/2021' AND Language = 'English') OR (Year = '2021/2022' AND Language = 'English'))",
 "sqlResult": "{447 | 253}",
 "nlq": "What are the total and maximum numbers of graduations with a BSc in English in 2020/2021 or 2021/2022?"},
{"name": "template 8",
 "sql": "SELECT Degree,avg(Value),max(Value) FROM DBdata WHERE (Degree IN ('BSc','MSc','PhD')) AND ((Year = '2018/2019' AND Language = 'English') OR (Year = '2019/2020' AND Language = 'French') OR (Year = '2020/2021' AND Language = 'French') OR (Year = '2022/2023' AND Language = 'French')) GROUP BY Degree",
 "sqlResult": "{BSc | 240.75 | 407} || {MSc | 343 | 486} || {PhD | 349.75 | 450}",
 "nlq": "What are the average and maximum numbers of graduations for each Degree, with a BSc, MSc, or PhD in English in 2018/2019 or in French in 2019/2020, 2020/2021, or 2022/2023? Please, report the corresponding Degree."},
{"name": "template 9",
 "sql": "SELECT min(Value) FROM DBdata WHERE (Degree IN ('MSc')) AND (Year IN ('2018/2019','2019/2020','2020/2021','2021/2022','2022/2023')) GROUP BY Year",
 "sqlResult": "{83} || {198} || {132} || {160} || {257}",
 "nlq": "What is the minimum number of graduations for each Year, with a MSc in 2018/2019, 2019/2020, 2020/2021, 2021/2022, or 2022/2023?"},
{"name": "template 10",
 "sql": "SELECT Year,max(Value) FROM DBdata WHERE (Degree IN ('MSc')) AND (Year IN ('2018/2019','2019/2020','2020/2021','2021/2022','2022/2023')) GROUP BY Year",
 "sqlResult": "{2018/2019 | 486} || {2019/2020 | 305} || {2020/2021 | 428} || {2021/2022 | 492} || {2022/2023 | 449}",
 "nlq": "What is the maximum number of graduations for each Year, with a MSc in 2018/2019, 2019/2020, 2020/2021, 2021/2022, or 2022/2023? Please, report the corresponding Year."},
{"name": "template 11",
 "sql": "SELECT Year,Degree,avg(Value) FROM DBdata WHERE (Degree IN ('BSc','MSc','PhD')) AND (Year IN ('2018/2019','2019/2020','2020/2021','2021/2022','2022/2023')) GROUP BY Year,Degree",
 "sqlResult": "{2018/2019 | BSc | 225} || {2018/2019 | MSc | 284.5} || {2018/2019 | PhD | 236.5} || {2019/2020 | BSc | 120.5} || {2019/2020 | MSc | 251.5} || {2019/2020 | PhD | 249} || {2020/2021 | BSc | 300.5} || {2020/2021 | MSc | 280} || {2020/2021 | PhD | 435} || {2021/2022 | BSc | 187.5} || {2021/2022 | MSc | 326} || {2021/2022 | PhD | 380} || {2022/2023 | BSc | 274} || {2022/2023 | MSc | 353} || {2022/2023 | PhD | 235.5}",
 "nlq": "What is the average number of graduations for each Year and Degree, with a BSc, MSc, or PhD in 2018/2019, 2019/2020, 2020/2021, 2021/2022, or 2022/2023? Please, report the corresponding Year and Degree."},
{"name": "template 12",
 "sql": "SELECT Value FROM DBdata WHERE (Degree IN ('PhD')) AND (Year IN ('2020/2021','2021/2022')) ORDER BY VALUE ASC LIMIT 3",
 "sqlResult": "{284} || {420} || {450}",
 "nlq": "What are the bottom 3 numbers of graduations with a PhD in 2020/2021 or 2021/2022?"},
{"name": "template 13",
 "sql": "SELECT Value FROM DBdata WHERE (Degree IN ('BSc')) AND (Year IN ('2018/2019','2022/2023')) ORDER BY VALUE ASC",
 "sqlResult": "{68} || {148} || {382} || {400}",
 "nlq": "What are the numbers of graduations ordered by increasing values with a BSc in 2018/2019 or 2022/2023?"},
{"name": "template 14",
 "sql": "SELECT Year,Language FROM DBdata WHERE (Degree IN ('MSc')) AND Value < 275.9",
 "sqlResult": "{2019/2020 | English} || {2022/2023 | English} || {2018/2019 | French} || {2020/2021 | French} || {2021/2022 | French}",
 "nlq": "What are the Year and Language for which the number of graduations with a MSc is lower than 275.9?"},
{"name": "template 15",
 "sql": "SELECT Year,Language,Value FROM DBdata WHERE (Degree IN ('PhD')) AND (Year,Language) IN (SELECT Year,Language FROM DBdata WHERE (Degree IN ('MSc')) AND Value < 275.9)",
 "sqlResult": "{2019/2020 | English | 56} || {2022/2023 | English | 328} || {2018/2019 | French | 109} || {2020/2021 | French | 450} || {2021/2022 | French | 284}",
 "nlq": "What is the number of graduations with a PhD in Year and in Language for which the number of graduations with a MSc is lower than 275.9? Please, report the corresponding Year, Language, and number of graduations."}]
}
