{
"filename": "Number_of_graduations_set41_1_DB.csv",
"questions": [{"name": "template 1",
 "sql": "SELECT Value FROM DBdata WHERE (Degree IN ('MSc')) AND ((Year = '2019/2020' AND Language = 'French'))",
 "sqlResult": "{307}",
 "nlq": "What is the number of graduations with a MSc in French in 2019/2020?"},
{"name": "template 2",
 "sql": "SELECT Value FROM DBdata WHERE (Degree IN ('BSc')) AND ((Year = '2018/2019' AND Language = 'French') OR (Year = '2020/2021' AND Language = 'French') OR (Year = '2021/2022' AND Language = 'French') OR (Year = '2018/2019' AND Language = 'Spanish') OR (Year = '2020/2021' AND Language = 'Spanish') OR (Year = '2021/2022' AND Language = 'Spanish') OR (Year = '2018/2019' AND Language = 'German') OR (Year = '2019/2020' AND Language = 'German'))",
 "sqlResult": "{189} || {181} || {65} || {252} || {320} || {70} || {130} || {96}",
 "nlq": "What is the number of graduations with a BSc in French or Spanish in 2020/2021 or 2021/2022 or in French, German, or Spanish in 2018/2019 or in German in 2019/2020?"},
{"name": "template 3",
 "sql": "SELECT Value FROM DBdata WHERE (Degree IN ('BSc','MSc','PhD')) AND ((Year = '2018/2019' AND Language = 'Spanish'))",
 "sqlResult": "{252} || {437} || {146}",
 "nlq": "What is the number of graduations with a BSc, MSc, or PhD in Spanish in 2018/2019?"},
{"name": "template 4",
 "sql": "SELECT sum(Value),avg(Value) FROM DBdata WHERE (Degree IN ('BSc','MSc','PhD')) AND ((Year = '2020/2021' AND Language = 'Spanish'))",
 "sqlResult": "{535 | 178.33}",
 "nlq": "What are the total and average numbers of graduations with a BSc, MSc, or PhD in Spanish in 2020/2021?"},
{"name": "template 6",
 "sql": "SELECT Value FROM DBdata WHERE (Degree IN ('BSc','MSc','PhD')) AND ((Year = '2021/2022' AND Language = 'Spanish') OR (Year = '2018/2019' AND Language = 'German'))",
 "sqlResult": "{70} || {356} || {191} || {130} || {333} || {109}",
 "nlq": "What is the number of graduations with a BSc, MSc, or PhD in German in 2018/2019 or in Spanish in 2021/2022?"},
{"name": "template 7",
 "sql": "SELECT min(Value),max(Value) FROM DBdata WHERE (Degree IN ('MSc')) AND ((Year = '2020/2021' AND Language = 'French') OR (Year = '2018/2019' AND Language = 'Spanish') OR (Year = '2019/2020' AND Language = 'Spanish') OR (Year = '2021/2022' AND Language = 'Spanish') OR (Year = '2018/2019' AND Language = 'German'))",
 "sqlResult": "{90 | 481}",
 "nlq": "What are the minimum and maximum numbers of graduations with a MSc in French in 2020/2021 or in German in 2018/2019 or in Spanish in 2018/2019, 2019/2020, or 2021/2022?"},
{"name": "template 8",
 "sql": "SELECT Degree,max(Value),avg(Value) FROM DBdata WHERE (Degree IN ('BSc','MSc','PhD')) AND ((Year = '2018/2019' AND Language = 'French') OR (Year = '2019/2020' AND Language = 'French') OR (Year = '2020/2021' AND Language = 'French') OR (Year = '2020/2021' AND Language = 'Spanish') OR (Year = '2020/2021' AND Language = 'German')) GROUP BY Degree",
 "sqlResult": "{BSc | 403 | 283.6} || {MSc | 488 | 315.8} || {PhD | 476 | 246.8}",
 "nlq": "What are the maximum and average numbers of graduations for each Degree, with a BSc, MSc, or PhD in French in 2018/2019, 2019/2020, or 2020/2021 or in German or Spanish in 2020/2021? Please, report the corresponding Degree."},
{"name": "template 9",
 "sql": "SELECT min(Value) FROM DBdata WHERE (Degree IN ('MSc')) AND (Year IN ('2018/2019','2019/2020','2020/2021','2021/2022')) GROUP BY Year",
 "sqlResult": "{333} || {90} || {117} || {128}",
 "nlq": "What is the minimum number of graduations for each Year, with a MSc in 2018/2019, 2019/2020, 2020/2021, or 2021/2022?"},
{"name": "template 10",
 "sql": "SELECT Year,max(Value) FROM DBdata WHERE (Degree IN ('PhD')) AND (Year IN ('2018/2019','2019/2020','2020/2021','2021/2022')) GROUP BY Year",
 "sqlResult": "{2018/2019 | 476} || {2019/2020 | 256} || {2020/2021 | 285} || {2021/2022 | 191}",
 "nlq": "What is the maximum number of graduations for each Year, with a PhD in 2018/2019, 2019/2020, 2020/2021, or 2021/2022? Please, report the corresponding Year."},
{"name": "template 11",
 "sql": "SELECT Year,Degree,max(Value) FROM DBdata WHERE (Degree IN ('BSc','MSc','PhD')) AND (Year IN ('2018/2019','2019/2020','2020/2021','2021/2022')) GROUP BY Year,Degree",
 "sqlResult": "{2018/2019 | BSc | 252} || {2018/2019 | MSc | 488} || {2018/2019 | PhD | 476} || {2019/2020 | BSc | 403} || {2019/2020 | MSc | 307} || {2019/2020 | PhD | 256} || {2020/2021 | BSc | 325} || {2020/2021 | MSc | 481} || {2020/2021 | PhD | 285} || {2021/2022 | BSc | 280} || {2021/2022 | MSc | 494} || {2021/2022 | PhD | 191}",
 "nlq": "What is the maximum number of graduations for each Year and Degree, with a BSc, MSc, or PhD in 2018/2019, 2019/2020, 2020/2021, or 2021/2022? Please, report the corresponding Year and Degree."},
{"name": "template 12",
 "sql": "SELECT Value FROM DBdata WHERE (Degree IN ('BSc')) AND (Year IN ('2019/2020','2020/2021')) ORDER BY VALUE ASC LIMIT 5",
 "sqlResult": "{96} || {181} || {194} || {320} || {325}",
 "nlq": "What are the bottom 5 numbers of graduations with a BSc in 2019/2020 or 2020/2021?"},
{"name": "template 13",
 "sql": "SELECT Value FROM DBdata WHERE (Degree IN ('MSc')) AND (Year IN ('2019/2020','2021/2022')) ORDER BY VALUE DESC",
 "sqlResult": "{494} || {356} || {307} || {254} || {128} || {90}",
 "nlq": "What are the numbers of graduations ordered by decreasing values with a MSc in 2019/2020 or 2021/2022?"},
{"name": "template 14",
 "sql": "SELECT Year,Language FROM DBdata WHERE (Degree IN ('MSc')) AND Value > 233.19",
 "sqlResult": "{2018/2019 | French} || {2019/2020 | French} || {2020/2021 | French} || {2018/2019 | Spanish} || {2021/2022 | Spanish} || {2018/2019 | German} || {2019/2020 | German} || {2021/2022 | German}",
 "nlq": "What are the Year and Language for which the number of graduations with a MSc is greater than 233.19?"},
{"name": "template 15",
 "sql": "SELECT Year,Language,Value FROM DBdata WHERE (Degree IN ('BSc')) AND (Year,Language) IN (SELECT Year,Language FROM DBdata WHERE (Degree IN ('MSc')) AND Value > 233.19)",
 "sqlResult": "{2018/2019 | French | 189} || {2019/2020 | French | 403} || {2020/2021 | French | 181} || {2018/2019 | Spanish | 252} || {2021/2022 | Spanish | 70} || {2018/2019 | German | 130} || {2019/2020 | German | 96} || {2021/2022 | German | 280}",
 "nlq": "What is the number of graduations with a BSc in Year and in Language for which the number of graduations with a MSc is greater than 233.19? Please, report the corresponding Year, Language, and number of graduations."}]
}
