AA,BB,CC,Value
AA,BB,CC,Value
AAgv,BBcy,CCft,88
AAjn,BBcy,CCft,200
AAkl,BBcy,CCft,237
AAgv,BBkr,CCft,413
AAjn,BBkr,CCft,275
AAkl,BBkr,CCft,387
AAgv,BBfr,CCft,258
AAjn,BBfr,CCft,329
AAkl,BBfr,CCft,123
AAgv,BBfh,CCft,454
AAjn,BBfh,CCft,209
AAkl,BBfh,CCft,99
AAgv,BBgn,CCft,63
AAjn,BBgn,CCft,406
AAkl,BBgn,CCft,162
AAgv,BBcy,CCmv,87
AAjn,BBcy,CCmv,122
AAkl,BBcy,CCmv,355
AAgv,BBkr,CCmv,172
AAjn,BBkr,CCmv,210
AAkl,BBkr,CCmv,134
AAgv,BBfr,CCmv,194
AAjn,BBfr,CCmv,98
AAkl,BBfr,CCmv,199
AAgv,BBfh,CCmv,300
AAjn,BBfh,CCmv,173
AAkl,BBfh,CCmv,424
AAgv,BBgn,CCmv,282
AAjn,BBgn,CCmv,440
AAkl,BBgn,CCmv,297
AAgv,BBcy,CCrz,368
AAjn,BBcy,CCrz,383
AAkl,BBcy,CCrz,168
AAgv,BBkr,CCrz,384
AAjn,BBkr,CCrz,247
AAkl,BBkr,CCrz,283
AAgv,BBfr,CCrz,456
AAjn,BBfr,CCrz,80
AAkl,BBfr,CCrz,143
AAgv,BBfh,CCrz,443
AAjn,BBfh,CCrz,438
AAkl,BBfh,CCrz,299
AAgv,BBgn,CCrz,96
AAjn,BBgn,CCrz,197
AAkl,BBgn,CCrz,325

