{
"filename": "Number_of_graduations_set6_3_DB.csv",
"questions": [{"name": "template 1",
 "sql": "SELECT Value FROM DBdata WHERE (Degree IN ('PhD')) AND (Year IN ('2019/2020'))",
 "sqlResult": "{261}",
 "nlq": "What is the number of graduations with a PhD in 2019/2020?"},
{"name": "template 2",
 "sql": "SELECT Value FROM DBdata WHERE (Degree IN ('MSc')) AND (Year IN ('2018/2019','2019/2020','2020/2021'))",
 "sqlResult": "{202} || {372} || {428}",
 "nlq": "What is the number of graduations with a MSc in 2018/2019, 2019/2020, or 2020/2021?"},
{"name": "template 3",
 "sql": "SELECT Value FROM DBdata WHERE (Degree IN ('BSc','MSc','PhD')) AND (Year IN ('2019/2020'))",
 "sqlResult": "{433} || {372} || {261}",
 "nlq": "What is the number of graduations with a BSc, MSc, or PhD in 2019/2020?"},
{"name": "template 4",
 "sql": "SELECT max(Value),sum(Value) FROM DBdata WHERE (Degree IN ('MSc','PhD')) AND (Year IN ('2018/2019'))",
 "sqlResult": "{353 | 555}",
 "nlq": "What are the maximum and total numbers of graduations with a MSc or PhD in 2018/2019?"},
{"name": "template 6",
 "sql": "SELECT Value FROM DBdata WHERE (Degree IN ('BSc','MSc','PhD')) AND (Year IN ('2017/2018','2018/2019','2021/2022'))",
 "sqlResult": "{495} || {92} || {362} || {480} || {202} || {353} || {415} || {403} || {383}",
 "nlq": "What is the number of graduations with a BSc, MSc, or PhD in 2017/2018, 2018/2019, or 2021/2022?"},
{"name": "template 7",
 "sql": "SELECT max(Value),min(Value) FROM DBdata WHERE (Degree IN ('PhD')) AND (Year IN ('2017/2018','2019/2020','2021/2022'))",
 "sqlResult": "{383 | 261}",
 "nlq": "What are the maximum and minimum numbers of graduations with a PhD in 2017/2018, 2019/2020, or 2021/2022?"},
{"name": "template 8",
 "sql": "SELECT Degree,max(Value),avg(Value) FROM DBdata WHERE (Degree IN ('BSc','MSc','PhD')) AND (Year IN ('2017/2018','2018/2019','2019/2020','2021/2022')) GROUP BY Degree",
 "sqlResult": "{BSc | 495 | 455.75} || {MSc | 403 | 267.25} || {PhD | 383 | 339.75}",
 "nlq": "What are the maximum and average numbers of graduations for each Degree, with a BSc, MSc, or PhD in 2017/2018, 2018/2019, 2019/2020, or 2021/2022? Please, report the corresponding Degree."},
{"name": "template 9",
 "sql": "SELECT min(Value) FROM DBdata WHERE (Degree IN ('PhD')) AND (Year IN ('2017/2018','2018/2019','2019/2020','2020/2021','2021/2022')) GROUP BY Year",
 "sqlResult": "{362} || {353} || {261} || {329} || {383}",
 "nlq": "What is the minimum number of graduations for each Year, with a PhD in 2017/2018, 2018/2019, 2019/2020, 2020/2021, or 2021/2022?"},
{"name": "template 10",
 "sql": "SELECT Year,avg(Value) FROM DBdata WHERE (Degree IN ('BSc')) AND (Year IN ('2017/2018','2018/2019','2019/2020','2020/2021','2021/2022')) GROUP BY Year",
 "sqlResult": "{2017/2018 | 495} || {2018/2019 | 480} || {2019/2020 | 433} || {2020/2021 | 486} || {2021/2022 | 415}",
 "nlq": "What is the average number of graduations for each Year, with a BSc in 2017/2018, 2018/2019, 2019/2020, 2020/2021, or 2021/2022? Please, report the corresponding Year."},
{"name": "template 11",
 "sql": "SELECT Year,Degree,max(Value) FROM DBdata WHERE (Degree IN ('MSc','PhD')) AND (Year IN ('2017/2018','2018/2019','2019/2020','2020/2021','2021/2022')) GROUP BY Year,Degree",
 "sqlResult": "{2017/2018 | MSc | 92} || {2017/2018 | PhD | 362} || {2018/2019 | MSc | 202} || {2018/2019 | PhD | 353} || {2019/2020 | MSc | 372} || {2019/2020 | PhD | 261} || {2020/2021 | MSc | 428} || {2020/2021 | PhD | 329} || {2021/2022 | MSc | 403} || {2021/2022 | PhD | 383}",
 "nlq": "What is the maximum number of graduations for each Year and Degree, with a MSc or PhD in 2017/2018, 2018/2019, 2019/2020, 2020/2021, or 2021/2022? Please, report the corresponding Year and Degree."},
{"name": "template 12",
 "sql": "SELECT Value FROM DBdata WHERE (Degree IN ('MSc')) AND (Year IN ('2018/2019','2021/2022')) ORDER BY VALUE ASC LIMIT 2",
 "sqlResult": "{202} || {403}",
 "nlq": "What are the bottom 2 numbers of graduations with a MSc in 2018/2019 or 2021/2022?"},
{"name": "template 13",
 "sql": "SELECT Value FROM DBdata WHERE (Degree IN ('PhD')) AND (Year IN ('2018/2019','2021/2022')) ORDER BY VALUE DESC",
 "sqlResult": "{383} || {353}",
 "nlq": "What are the numbers of graduations ordered by decreasing values with a PhD in 2018/2019 or 2021/2022?"},
{"name": "template 14",
 "sql": "SELECT Year FROM DBdata WHERE (Degree IN ('PhD')) AND Value > 366.27",
 "sqlResult": "{2021/2022}",
 "nlq": "What is the Year for which the number of graduations with a PhD is greater than 366.27?"},
{"name": "template 15",
 "sql": "SELECT Year,Value FROM DBdata WHERE (Degree IN ('BSc')) AND (Year) IN (SELECT Year FROM DBdata WHERE (Degree IN ('PhD')) AND Value > 366.27)",
 "sqlResult": "{2021/2022 | 415}",
 "nlq": "What is the number of graduations with a BSc in Year for which the number of graduations with a PhD is greater than 366.27? Please, report the corresponding Year and number of graduations."}]
}
