{
"filename": "Number_of_graduations_set10_5_DB.csv",
"questions": [{"name": "template 1",
 "sql": "SELECT Value FROM DBdata WHERE (Degree IN ('MSc')) AND (Year IN ('2017/2018'))",
 "sqlResult": "{413}",
 "nlq": "What is the number of graduations with a MSc in 2017/2018?"},
{"name": "template 2",
 "sql": "SELECT Value FROM DBdata WHERE (Degree IN ('MSc')) AND (Year IN ('2016/2017','2017/2018','2018/2019'))",
 "sqlResult": "{323} || {413} || {325}",
 "nlq": "What is the number of graduations with a MSc in 2016/2017, 2017/2018, or 2018/2019?"},
{"name": "template 3",
 "sql": "SELECT Value FROM DBdata WHERE (Degree IN ('BSc','PhD')) AND (Year IN ('2017/2018'))",
 "sqlResult": "{67} || {457}",
 "nlq": "What is the number of graduations with a BSc or PhD in 2017/2018?"},
{"name": "template 4",
 "sql": "SELECT min(Value),sum(Value) FROM DBdata WHERE (Degree IN ('BSc','MSc')) AND (Year IN ('2016/2017'))",
 "sqlResult": "{167 | 490}",
 "nlq": "What are the minimum and total numbers of graduations with a BSc or MSc in 2016/2017?"},
{"name": "template 6",
 "sql": "SELECT Value FROM DBdata WHERE (Degree IN ('BSc','MSc','PhD')) AND (Year IN ('2016/2017','2017/2018'))",
 "sqlResult": "{167} || {323} || {287} || {67} || {413} || {457}",
 "nlq": "What is the number of graduations with a BSc, MSc, or PhD in 2016/2017 or 2017/2018?"},
{"name": "template 7",
 "sql": "SELECT sum(Value),max(Value) FROM DBdata WHERE (Degree IN ('PhD')) AND (Year IN ('2016/2017','2017/2018','2018/2019'))",
 "sqlResult": "{870 | 457}",
 "nlq": "What are the total and maximum numbers of graduations with a PhD in 2016/2017, 2017/2018, or 2018/2019?"},
{"name": "template 8",
 "sql": "SELECT Degree,min(Value),sum(Value) FROM DBdata WHERE (Degree IN ('BSc','MSc','PhD')) AND (Year IN ('2016/2017','2017/2018','2018/2019')) GROUP BY Degree",
 "sqlResult": "{BSc | 67 | 623} || {MSc | 323 | 1061} || {PhD | 126 | 870}",
 "nlq": "What are the minimum and total numbers of graduations for each Degree, with a BSc, MSc, or PhD in 2016/2017, 2017/2018, or 2018/2019? Please, report the corresponding Degree."},
{"name": "template 9",
 "sql": "SELECT min(Value) FROM DBdata WHERE (Degree IN ('MSc')) AND (Year IN ('2016/2017','2017/2018','2018/2019')) GROUP BY Year",
 "sqlResult": "{323} || {413} || {325}",
 "nlq": "What is the minimum number of graduations for each Year, with a MSc in 2016/2017, 2017/2018, or 2018/2019?"},
{"name": "template 10",
 "sql": "SELECT Year,sum(Value) FROM DBdata WHERE (Degree IN ('PhD')) AND (Year IN ('2016/2017','2017/2018','2018/2019')) GROUP BY Year",
 "sqlResult": "{2016/2017 | 287} || {2017/2018 | 457} || {2018/2019 | 126}",
 "nlq": "What is the total number of graduations for each Year, with a PhD in 2016/2017, 2017/2018, or 2018/2019? Please, report the corresponding Year."},
{"name": "template 11",
 "sql": "SELECT Year,Degree,max(Value) FROM DBdata WHERE (Degree IN ('BSc','PhD')) AND (Year IN ('2016/2017','2017/2018','2018/2019')) GROUP BY Year,Degree",
 "sqlResult": "{2016/2017 | BSc | 167} || {2016/2017 | PhD | 287} || {2017/2018 | BSc | 67} || {2017/2018 | PhD | 457} || {2018/2019 | BSc | 389} || {2018/2019 | PhD | 126}",
 "nlq": "What is the maximum number of graduations for each Year and Degree, with a BSc or PhD in 2016/2017, 2017/2018, or 2018/2019? Please, report the corresponding Year and Degree."},
{"name": "template 12",
 "sql": "SELECT Value FROM DBdata WHERE (Degree IN ('BSc')) AND (Year IN ('2016/2017','2018/2019')) ORDER BY VALUE DESC LIMIT 2",
 "sqlResult": "{389} || {167}",
 "nlq": "What are the top 2 numbers of graduations with a BSc in 2016/2017 or 2018/2019?"},
{"name": "template 13",
 "sql": "SELECT Value FROM DBdata WHERE (Degree IN ('BSc')) AND (Year IN ('2017/2018','2018/2019')) ORDER BY VALUE DESC",
 "sqlResult": "{389} || {67}",
 "nlq": "What are the numbers of graduations ordered by decreasing values with a BSc in 2017/2018 or 2018/2019?"},
{"name": "template 14",
 "sql": "SELECT Year FROM DBdata WHERE (Degree IN ('BSc')) AND Value < 283.78",
 "sqlResult": "{2016/2017} || {2017/2018}",
 "nlq": "What is the Year for which the number of graduations with a BSc is lower than 283.78?"},
{"name": "template 15",
 "sql": "SELECT Year,Value FROM DBdata WHERE (Degree IN ('PhD')) AND (Year) IN (SELECT Year FROM DBdata WHERE (Degree IN ('BSc')) AND Value < 283.78)",
 "sqlResult": "{2016/2017 | 287} || {2017/2018 | 457}",
 "nlq": "What is the number of graduations with a PhD in Year for which the number of graduations with a BSc is lower than 283.78? Please, report the corresponding Year and number of graduations."}]
}
