AA,BB,CC,Value
AA,BB,CC,Value
AAhp,BBcw,CCbn,68
AAlv,BBcw,CCbn,486
AAfx,BBcw,CCbn,364
AAhp,BBns,CCbn,153
AAlv,BBns,CCbn,198
AAfx,BBns,CCbn,56
AAhp,BBbv,CCbn,194
AAlv,BBbv,CCbn,428
AAfx,BBbv,CCbn,420
AAhp,BBvw,CCbn,253
AAlv,BBvw,CCbn,492
AAfx,BBvw,CCbn,476
AAhp,BBbk,CCbn,148
AAlv,BBbk,CCbn,257
AAfx,BBbk,CCbn,328
AAhp,BBcw,CCfz,382
AAlv,BBcw,CCfz,83
AAfx,BBcw,CCfz,109
AAhp,BBns,CCfz,88
AAlv,BBns,CCfz,305
AAfx,BBns,CCfz,442
AAhp,BBbv,CCfz,407
AAlv,BBbv,CCfz,132
AAfx,BBbv,CCfz,450
AAhp,BBvw,CCfz,122
AAlv,BBvw,CCfz,160
AAfx,BBvw,CCfz,284
AAhp,BBbk,CCfz,400
AAlv,BBbk,CCfz,449
AAfx,BBbk,CCfz,143

