Degree,Year,Language,Value
Degree,Year,Language,Value
BSc,2016/2017,French,421
MSc,2016/2017,French,273
PhD,2016/2017,French,424
BSc,2017/2018,French,226
MSc,2017/2018,French,106
PhD,2017/2018,French,304
BSc,2018/2019,French,446
MSc,2018/2019,French,368
PhD,2018/2019,French,429
BSc,2019/2020,French,420
MSc,2019/2020,French,490
PhD,2019/2020,French,218
BSc,2016/2017,Spanish,292
MSc,2016/2017,Spanish,114
PhD,2016/2017,Spanish,316
BSc,2017/2018,Spanish,468
MSc,2017/2018,Spanish,182
PhD,2017/2018,Spanish,113
BSc,2018/2019,Spanish,84
MSc,2018/2019,Spanish,219
PhD,2018/2019,Spanish,463
BSc,2019/2020,Spanish,54
MSc,2019/2020,Spanish,311
PhD,2019/2020,Spanish,245
BSc,2016/2017,German,338
MSc,2016/2017,German,487
PhD,2016/2017,German,408
BSc,2017/2018,German,177
MSc,2017/2018,German,172
PhD,2017/2018,German,60
BSc,2018/2019,German,337
MSc,2018/2019,German,315
PhD,2018/2019,German,183
BSc,2019/2020,German,495
MSc,2019/2020,German,360
PhD,2019/2020,German,413
BSc,2016/2017,Other,152
MSc,2016/2017,Other,129
PhD,2016/2017,Other,89
BSc,2017/2018,Other,352
MSc,2017/2018,Other,274
PhD,2017/2018,Other,416
BSc,2018/2019,Other,253
MSc,2018/2019,Other,63
PhD,2018/2019,Other,51
BSc,2019/2020,Other,185
MSc,2019/2020,Other,493
PhD,2019/2020,Other,228
