Degree,Year,Language,Value
Degree,Year,Language,Value
BSc,2016/2017,German,430
MSc,2016/2017,German,266
PhD,2016/2017,German,86
BSc,2017/2018,German,363
MSc,2017/2018,German,51
PhD,2017/2018,German,492
BSc,2018/2019,German,247
MSc,2018/2019,German,335
PhD,2018/2019,German,119
BSc,2019/2020,German,382
MSc,2019/2020,German,223
PhD,2019/2020,German,112
BSc,2020/2021,German,142
MSc,2020/2021,German,158
PhD,2020/2021,German,216
BSc,2016/2017,Other,434
MSc,2016/2017,Other,450
PhD,2016/2017,Other,296
BSc,2017/2018,Other,272
MSc,2017/2018,Other,415
PhD,2017/2018,Other,197
BSc,2018/2019,Other,444
MSc,2018/2019,Other,121
PhD,2018/2019,Other,104
BSc,2019/2020,Other,376
MSc,2019/2020,Other,165
PhD,2019/2020,Other,396
BSc,2020/2021,Other,371
MSc,2020/2021,Other,466
PhD,2020/2021,Other,322
