{
"filename": "Number_of_graduations_set11_1_DB.csv",
"questions": [{"name": "template 1",
 "sql": "SELECT Value FROM DBdata WHERE (Degree IN ('MSc')) AND (Year IN ('2020/2021'))",
 "sqlResult": "{417}",
 "nlq": "What is the number of graduations with a MSc in 2020/2021?"},
{"name": "template 2",
 "sql": "SELECT Value FROM DBdata WHERE (Degree IN ('BSc')) AND (Year IN ('2021/2022','2022/2023'))",
 "sqlResult": "{224} || {259}",
 "nlq": "What is the number of graduations with a BSc in 2021/2022 or 2022/2023?"},
{"name": "template 3",
 "sql": "SELECT Value FROM DBdata WHERE (Degree IN ('BSc','PhD')) AND (Year IN ('2021/2022'))",
 "sqlResult": "{224} || {68}",
 "nlq": "What is the number of graduations with a BSc or PhD in 2021/2022?"},
{"name": "template 4",
 "sql": "SELECT avg(Value),sum(Value) FROM DBdata WHERE (Degree IN ('BSc','MSc','PhD')) AND (Year IN ('2020/2021'))",
 "sqlResult": "{367.33 | 1102}",
 "nlq": "What are the average and total numbers of graduations with a BSc, MSc, or PhD in 2020/2021?"},
{"name": "template 6",
 "sql": "SELECT Value FROM DBdata WHERE (Degree IN ('BSc','MSc','PhD')) AND (Year IN ('2020/2021','2021/2022','2022/2023'))",
 "sqlResult": "{208} || {417} || {477} || {224} || {161} || {68} || {259} || {362} || {152}",
 "nlq": "What is the number of graduations with a BSc, MSc, or PhD in 2020/2021, 2021/2022, or 2022/2023?"},
{"name": "template 7",
 "sql": "SELECT avg(Value),max(Value) FROM DBdata WHERE (Degree IN ('PhD')) AND (Year IN ('2019/2020','2020/2021','2021/2022','2022/2023'))",
 "sqlResult": "{284 | 477}",
 "nlq": "What are the average and maximum numbers of graduations with a PhD in 2019/2020, 2020/2021, 2021/2022, or 2022/2023?"},
{"name": "template 8",
 "sql": "SELECT Degree,max(Value),sum(Value) FROM DBdata WHERE (Degree IN ('BSc','MSc','PhD')) AND (Year IN ('2019/2020','2020/2021','2021/2022')) GROUP BY Degree",
 "sqlResult": "{BSc | 353 | 785} || {MSc | 417 | 692} || {PhD | 477 | 984}",
 "nlq": "What are the maximum and total numbers of graduations for each Degree, with a BSc, MSc, or PhD in 2019/2020, 2020/2021, or 2021/2022? Please, report the corresponding Degree."},
{"name": "template 9",
 "sql": "SELECT min(Value) FROM DBdata WHERE (Degree IN ('MSc')) AND (Year IN ('2019/2020','2020/2021','2021/2022','2022/2023')) GROUP BY Year",
 "sqlResult": "{114} || {417} || {161} || {362}",
 "nlq": "What is the minimum number of graduations for each Year, with a MSc in 2019/2020, 2020/2021, 2021/2022, or 2022/2023?"},
{"name": "template 10",
 "sql": "SELECT Year,max(Value) FROM DBdata WHERE (Degree IN ('BSc')) AND (Year IN ('2019/2020','2020/2021','2021/2022','2022/2023')) GROUP BY Year",
 "sqlResult": "{2019/2020 | 353} || {2020/2021 | 208} || {2021/2022 | 224} || {2022/2023 | 259}",
 "nlq": "What is the maximum number of graduations for each Year, with a BSc in 2019/2020, 2020/2021, 2021/2022, or 2022/2023? Please, report the corresponding Year."},
{"name": "template 11",
 "sql": "SELECT Year,Degree,avg(Value) FROM DBdata WHERE (Degree IN ('BSc','MSc')) AND (Year IN ('2019/2020','2020/2021','2021/2022','2022/2023')) GROUP BY Year,Degree",
 "sqlResult": "{2019/2020 | BSc | 353} || {2019/2020 | MSc | 114} || {2020/2021 | BSc | 208} || {2020/2021 | MSc | 417} || {2021/2022 | BSc | 224} || {2021/2022 | MSc | 161} || {2022/2023 | BSc | 259} || {2022/2023 | MSc | 362}",
 "nlq": "What is the average number of graduations for each Year and Degree, with a BSc or MSc in 2019/2020, 2020/2021, 2021/2022, or 2022/2023? Please, report the corresponding Year and Degree."},
{"name": "template 12",
 "sql": "SELECT Value FROM DBdata WHERE (Degree IN ('MSc')) AND (Year IN ('2020/2021','2021/2022')) ORDER BY VALUE ASC LIMIT 2",
 "sqlResult": "{161} || {417}",
 "nlq": "What are the bottom 2 numbers of graduations with a MSc in 2020/2021 or 2021/2022?"},
{"name": "template 13",
 "sql": "SELECT Value FROM DBdata WHERE (Degree IN ('PhD')) AND (Year IN ('2020/2021','2021/2022')) ORDER BY VALUE ASC",
 "sqlResult": "{68} || {477}",
 "nlq": "What are the numbers of graduations ordered by increasing values with a PhD in 2020/2021 or 2021/2022?"},
{"name": "template 14",
 "sql": "SELECT Year FROM DBdata WHERE (Degree IN ('MSc')) AND Value > 269.5",
 "sqlResult": "{2020/2021} || {2022/2023}",
 "nlq": "What is the Year for which the number of graduations with a MSc is greater than 269.5?"},
{"name": "template 15",
 "sql": "SELECT Year,Value FROM DBdata WHERE (Degree IN ('BSc')) AND (Year) IN (SELECT Year FROM DBdata WHERE (Degree IN ('MSc')) AND Value > 269.5)",
 "sqlResult": "{2020/2021 | 208} || {2022/2023 | 259}",
 "nlq": "What is the number of graduations with a BSc in Year for which the number of graduations with a MSc is greater than 269.5? Please, report the corresponding Year and number of graduations."}]
}
