{
"filename": "Number_of_graduations_set4_2_DB.csv",
"questions": [{"name": "template 1",
 "sql": "SELECT Value FROM DBdata WHERE (Degree IN ('PhD')) AND (Year IN ('2017/2018'))",
 "sqlResult": "{477}",
 "nlq": "What is the number of graduations with a PhD in 2017/2018?"},
{"name": "template 2",
 "sql": "SELECT Value FROM DBdata WHERE (Degree IN ('PhD')) AND (Year IN ('2018/2019','2019/2020'))",
 "sqlResult": "{333} || {237}",
 "nlq": "What is the number of graduations with a PhD in 2018/2019 or 2019/2020?"},
{"name": "template 3",
 "sql": "SELECT Value FROM DBdata WHERE (Degree IN ('BSc','MSc','PhD')) AND (Year IN ('2017/2018'))",
 "sqlResult": "{219} || {500} || {477}",
 "nlq": "What is the number of graduations with a BSc, MSc, or PhD in 2017/2018?"},
{"name": "template 4",
 "sql": "SELECT avg(Value),min(Value) FROM DBdata WHERE (Degree IN ('BSc','MSc','PhD')) AND (Year IN ('2016/2017'))",
 "sqlResult": "{187 | 114}",
 "nlq": "What are the average and minimum numbers of graduations with a BSc, MSc, or PhD in 2016/2017?"},
{"name": "template 6",
 "sql": "SELECT Value FROM DBdata WHERE (Degree IN ('MSc','PhD')) AND (Year IN ('2016/2017','2018/2019','2019/2020'))",
 "sqlResult": "{227} || {220} || {148} || {333} || {106} || {237}",
 "nlq": "What is the number of graduations with a MSc or PhD in 2016/2017, 2018/2019, or 2019/2020?"},
{"name": "template 7",
 "sql": "SELECT max(Value),sum(Value) FROM DBdata WHERE (Degree IN ('BSc')) AND (Year IN ('2016/2017','2017/2018','2018/2019','2019/2020'))",
 "sqlResult": "{410 | 839}",
 "nlq": "What are the maximum and total numbers of graduations with a BSc in 2016/2017, 2017/2018, 2018/2019, or 2019/2020?"},
{"name": "template 8",
 "sql": "SELECT Degree,max(Value),min(Value) FROM DBdata WHERE (Degree IN ('BSc','MSc','PhD')) AND (Year IN ('2016/2017','2017/2018','2019/2020')) GROUP BY Degree",
 "sqlResult": "{BSc | 219 | 96} || {MSc | 500 | 106} || {PhD | 477 | 220}",
 "nlq": "What are the maximum and minimum numbers of graduations for each Degree, with a BSc, MSc, or PhD in 2016/2017, 2017/2018, or 2019/2020? Please, report the corresponding Degree."},
{"name": "template 9",
 "sql": "SELECT min(Value) FROM DBdata WHERE (Degree IN ('BSc')) AND (Year IN ('2016/2017','2017/2018','2018/2019','2019/2020')) GROUP BY Year",
 "sqlResult": "{114} || {219} || {410} || {96}",
 "nlq": "What is the minimum number of graduations for each Year, with a BSc in 2016/2017, 2017/2018, 2018/2019, or 2019/2020?"},
{"name": "template 10",
 "sql": "SELECT Year,min(Value) FROM DBdata WHERE (Degree IN ('MSc')) AND (Year IN ('2016/2017','2017/2018','2018/2019','2019/2020')) GROUP BY Year",
 "sqlResult": "{2016/2017 | 227} || {2017/2018 | 500} || {2018/2019 | 148} || {2019/2020 | 106}",
 "nlq": "What is the minimum number of graduations for each Year, with a MSc in 2016/2017, 2017/2018, 2018/2019, or 2019/2020? Please, report the corresponding Year."},
{"name": "template 11",
 "sql": "SELECT Year,Degree,sum(Value) FROM DBdata WHERE (Degree IN ('BSc','MSc','PhD')) AND (Year IN ('2016/2017','2017/2018','2018/2019','2019/2020')) GROUP BY Year,Degree",
 "sqlResult": "{2016/2017 | BSc | 114} || {2016/2017 | MSc | 227} || {2016/2017 | PhD | 220} || {2017/2018 | BSc | 219} || {2017/2018 | MSc | 500} || {2017/2018 | PhD | 477} || {2018/2019 | BSc | 410} || {2018/2019 | MSc | 148} || {2018/2019 | PhD | 333} || {2019/2020 | BSc | 96} || {2019/2020 | MSc | 106} || {2019/2020 | PhD | 237}",
 "nlq": "What is the total number of graduations for each Year and Degree, with a BSc, MSc, or PhD in 2016/2017, 2017/2018, 2018/2019, or 2019/2020? Please, report the corresponding Year and Degree."},
{"name": "template 12",
 "sql": "SELECT Value FROM DBdata WHERE (Degree IN ('PhD')) AND (Year IN ('2016/2017','2019/2020')) ORDER BY VALUE DESC LIMIT 2",
 "sqlResult": "{237} || {220}",
 "nlq": "What are the top 2 numbers of graduations with a PhD in 2016/2017 or 2019/2020?"},
{"name": "template 13",
 "sql": "SELECT Value FROM DBdata WHERE (Degree IN ('MSc')) AND (Year IN ('2018/2019','2019/2020')) ORDER BY VALUE DESC",
 "sqlResult": "{148} || {106}",
 "nlq": "What are the numbers of graduations ordered by decreasing values with a MSc in 2018/2019 or 2019/2020?"},
{"name": "template 14",
 "sql": "SELECT Year FROM DBdata WHERE (Degree IN ('MSc')) AND Value < 257.25",
 "sqlResult": "{2016/2017} || {2018/2019} || {2019/2020}",
 "nlq": "What is the Year for which the number of graduations with a MSc is lower than 257.25?"},
{"name": "template 15",
 "sql": "SELECT Year,Value FROM DBdata WHERE (Degree IN ('BSc')) AND (Year) IN (SELECT Year FROM DBdata WHERE (Degree IN ('MSc')) AND Value < 257.25)",
 "sqlResult": "{2016/2017 | 114} || {2018/2019 | 410} || {2019/2020 | 96}",
 "nlq": "What is the number of graduations with a BSc in Year for which the number of graduations with a MSc is lower than 257.25? Please, report the corresponding Year and number of graduations."}]
}
