{
"filename": "Number_of_graduations_set2_3_DB.csv",
"questions": [{"name": "template 1",
 "sql": "SELECT Value FROM DBdata WHERE (Degree IN ('MSc')) AND (Year IN ('2018/2019'))",
 "sqlResult": "{430}",
 "nlq": "What is the number of graduations with a MSc in 2018/2019?"},
{"name": "template 2",
 "sql": "SELECT Value FROM DBdata WHERE (Degree IN ('BSc')) AND (Year IN ('2017/2018','2018/2019','2019/2020'))",
 "sqlResult": "{215} || {165} || {92}",
 "nlq": "What is the number of graduations with a BSc in 2017/2018, 2018/2019, or 2019/2020?"},
{"name": "template 3",
 "sql": "SELECT Value FROM DBdata WHERE (Degree IN ('BSc','PhD')) AND (Year IN ('2019/2020'))",
 "sqlResult": "{92} || {485}",
 "nlq": "What is the number of graduations with a BSc or PhD in 2019/2020?"},
{"name": "template 4",
 "sql": "SELECT sum(Value),min(Value) FROM DBdata WHERE (Degree IN ('BSc','MSc','PhD')) AND (Year IN ('2017/2018'))",
 "sqlResult": "{663 | 195}",
 "nlq": "What are the total and minimum numbers of graduations with a BSc, MSc, or PhD in 2017/2018?"},
{"name": "template 6",
 "sql": "SELECT Value FROM DBdata WHERE (Degree IN ('MSc','PhD')) AND (Year IN ('2017/2018','2018/2019','2019/2020'))",
 "sqlResult": "{253} || {195} || {430} || {98} || {374} || {485}",
 "nlq": "What is the number of graduations with a MSc or PhD in 2017/2018, 2018/2019, or 2019/2020?"},
{"name": "template 7",
 "sql": "SELECT min(Value),avg(Value) FROM DBdata WHERE (Degree IN ('PhD')) AND (Year IN ('2017/2018','2018/2019'))",
 "sqlResult": "{98 | 146.5}",
 "nlq": "What are the minimum and average numbers of graduations with a PhD in 2017/2018 or 2018/2019?"},
{"name": "template 8",
 "sql": "SELECT Degree,avg(Value),max(Value) FROM DBdata WHERE (Degree IN ('BSc','MSc','PhD')) AND (Year IN ('2017/2018','2019/2020')) GROUP BY Degree",
 "sqlResult": "{BSc | 153.5 | 215} || {MSc | 313.5 | 374} || {PhD | 340 | 485}",
 "nlq": "What are the average and maximum numbers of graduations for each Degree, with a BSc, MSc, or PhD in 2017/2018 or 2019/2020? Please, report the corresponding Degree."},
{"name": "template 9",
 "sql": "SELECT min(Value) FROM DBdata WHERE (Degree IN ('BSc')) AND (Year IN ('2017/2018','2018/2019','2019/2020')) GROUP BY Year",
 "sqlResult": "{215} || {165} || {92}",
 "nlq": "What is the minimum number of graduations for each Year, with a BSc in 2017/2018, 2018/2019, or 2019/2020?"},
{"name": "template 10",
 "sql": "SELECT Year,avg(Value) FROM DBdata WHERE (Degree IN ('PhD')) AND (Year IN ('2017/2018','2018/2019','2019/2020')) GROUP BY Year",
 "sqlResult": "{2017/2018 | 195} || {2018/2019 | 98} || {2019/2020 | 485}",
 "nlq": "What is the average number of graduations for each Year, with a PhD in 2017/2018, 2018/2019, or 2019/2020? Please, report the corresponding Year."},
{"name": "template 11",
 "sql": "SELECT Year,Degree,sum(Value) FROM DBdata WHERE (Degree IN ('BSc','PhD')) AND (Year IN ('2017/2018','2018/2019','2019/2020')) GROUP BY Year,Degree",
 "sqlResult": "{2017/2018 | BSc | 215} || {2017/2018 | PhD | 195} || {2018/2019 | BSc | 165} || {2018/2019 | PhD | 98} || {2019/2020 | BSc | 92} || {2019/2020 | PhD | 485}",
 "nlq": "What is the total number of graduations for each Year and Degree, with a BSc or PhD in 2017/2018, 2018/2019, or 2019/2020? Please, report the corresponding Year and Degree."},
{"name": "template 12",
 "sql": "SELECT Value FROM DBdata WHERE (Degree IN ('BSc')) AND (Year IN ('2017/2018','2019/2020')) ORDER BY VALUE DESC LIMIT 2",
 "sqlResult": "{215} || {92}",
 "nlq": "What are the top 2 numbers of graduations with a BSc in 2017/2018 or 2019/2020?"},
{"name": "template 13",
 "sql": "SELECT Value FROM DBdata WHERE (Degree IN ('MSc')) AND (Year IN ('2017/2018','2019/2020')) ORDER BY VALUE ASC",
 "sqlResult": "{253} || {374}",
 "nlq": "What are the numbers of graduations ordered by increasing values with a MSc in 2017/2018 or 2019/2020?"},
{"name": "template 14",
 "sql": "SELECT Year FROM DBdata WHERE (Degree IN ('PhD')) AND Value < 256.33",
 "sqlResult": "{2017/2018} || {2018/2019}",
 "nlq": "What is the Year for which the number of graduations with a PhD is lower than 256.33?"},
{"name": "template 15",
 "sql": "SELECT Year,Value FROM DBdata WHERE (Degree IN ('BSc')) AND (Year) IN (SELECT Year FROM DBdata WHERE (Degree IN ('PhD')) AND Value < 256.33)",
 "sqlResult": "{2017/2018 | 215} || {2018/2019 | 165}",
 "nlq": "What is the number of graduations with a BSc in Year for which the number of graduations with a PhD is lower than 256.33? Please, report the corresponding Year and number of graduations."}]
}
