{
"filename": "Number_of_graduations_set38_1_DB.csv",
"questions": [{"name": "template 1",
 "sql": "SELECT Value FROM DBdata WHERE (AA IN ('AAkp')) AND ((CC = 'CCdn' AND BB = 'BBpx'))",
 "sqlResult": "{184}",
 "nlq": "What is the number of graduations with a AAkp in CCdn in BBpx?"},
{"name": "template 2",
 "sql": "SELECT Value FROM DBdata WHERE (AA IN ('AAjt')) AND ((CC = 'CCqz' AND BB = 'BBky') OR (CC = 'CCqz' AND BB = 'BBpx') OR (CC = 'CCqz' AND BB = 'BBgr') OR (CC = 'CCqz' AND BB = 'BBdj') OR (CC = 'CCqz' AND BB = 'BBbf') OR (CC = 'CCdn' AND BB = 'BBky') OR (CC = 'CCdn' AND BB = 'BBpx') OR (CC = 'CCdn' AND BB = 'BBdj') OR (CC = 'CCdn' AND BB = 'BBbf'))",
 "sqlResult": "{227} || {149} || {450} || {295} || {343} || {154} || {83} || {324} || {294}",
 "nlq": "What is the number of graduations with a AAjt in CCqz in BBky, BBpx, BBgr, BBdj, or BBbf or in CCdn in BBky, BBpx, BBdj, or BBbf?"},
{"name": "template 3",
 "sql": "SELECT Value FROM DBdata WHERE (AA IN ('AAjt','AAkp')) AND ((CC = 'CCqz' AND BB = 'BBbf'))",
 "sqlResult": "{343} || {500}",
 "nlq": "What is the number of graduations with a AAjt or AAkp in CCqz in BBbf?"},
{"name": "template 4",
 "sql": "SELECT avg(Value),sum(Value) FROM DBdata WHERE (AA IN ('AAjt','AAkw','AAkp')) AND ((CC = 'CCdn' AND BB = 'BBpx'))",
 "sqlResult": "{134 | 402}",
 "nlq": "What are the average and total numbers of graduations with a AAjt, AAkw, or AAkp in CCdn in BBpx?"},
{"name": "template 6",
 "sql": "SELECT Value FROM DBdata WHERE (AA IN ('AAjt','AAkw','AAkp')) AND ((CC = 'CCqz' AND BB = 'BBky') OR (CC = 'CCqz' AND BB = 'BBbf') OR (CC = 'CCdn' AND BB = 'BBbf'))",
 "sqlResult": "{227} || {315} || {401} || {343} || {261} || {500} || {294} || {429} || {152}",
 "nlq": "What is the number of graduations with a AAjt, AAkw, or AAkp in CCqz in BBky or BBbf or in CCdn in BBbf?"},
{"name": "template 7",
 "sql": "SELECT min(Value),sum(Value) FROM DBdata WHERE (AA IN ('AAjt')) AND ((CC = 'CCqz' AND BB = 'BBdj') OR (CC = 'CCqz' AND BB = 'BBbf') OR (CC = 'CCdn' AND BB = 'BBpx'))",
 "sqlResult": "{83 | 721}",
 "nlq": "What are the minimum and total numbers of graduations with a AAjt in CCqz in BBdj or BBbf or in CCdn in BBpx?"},
{"name": "template 8",
 "sql": "SELECT AA,max(Value),sum(Value) FROM DBdata WHERE (AA IN ('AAjt','AAkw','AAkp')) AND ((CC = 'CCqz' AND BB = 'BBky') OR (CC = 'CCqz' AND BB = 'BBbf') OR (CC = 'CCdn' AND BB = 'BBky') OR (CC = 'CCdn' AND BB = 'BBgr') OR (CC = 'CCdn' AND BB = 'BBdj')) GROUP BY AA",
 "sqlResult": "{AAjt | 376 | 1424} || {AAkw | 459 | 1275} || {AAkp | 500 | 1744}",
 "nlq": "What are the maximum and total numbers of graduations for each AA, with a AAjt, AAkw, or AAkp in CCqz in BBbf or in CCqz or CCdn in BBky or in CCdn in BBgr or BBdj? Please, report the corresponding AA."},
{"name": "template 9",
 "sql": "SELECT min(Value) FROM DBdata WHERE (AA IN ('AAjt')) AND (CC IN ('CCqz','CCdn')) GROUP BY CC",
 "sqlResult": "{149} || {83}",
 "nlq": "What is the minimum number of graduations for each CC, with a AAjt in CCqz or CCdn?"},
{"name": "template 10",
 "sql": "SELECT CC,avg(Value) FROM DBdata WHERE (AA IN ('AAkp')) AND (CC IN ('CCqz','CCdn')) GROUP BY CC",
 "sqlResult": "{CCqz | 253.6} || {CCdn | 235.8}",
 "nlq": "What is the average number of graduations for each CC, with a AAkp in CCqz or CCdn? Please, report the corresponding CC."},
{"name": "template 11",
 "sql": "SELECT CC,AA,sum(Value) FROM DBdata WHERE (AA IN ('AAjt','AAkp')) AND (CC IN ('CCqz','CCdn')) GROUP BY CC,AA",
 "sqlResult": "{CCqz | AAjt | 1464} || {CCqz | AAkp | 1268} || {CCdn | AAjt | 1231} || {CCdn | AAkp | 1179}",
 "nlq": "What is the total number of graduations for each CC and AA, with a AAjt or AAkp in CCqz or CCdn? Please, report the corresponding CC and AA."},
{"name": "template 12",
 "sql": "SELECT Value FROM DBdata WHERE (AA IN ('AAkp')) AND (CC IN ('CCqz','CCdn')) ORDER BY VALUE DESC LIMIT 3",
 "sqlResult": "{500} || {433} || {401}",
 "nlq": "What are the top 3 numbers of graduations with a AAkp in CCqz or CCdn?"},
{"name": "template 13",
 "sql": "SELECT Value FROM DBdata WHERE (AA IN ('AAkw')) AND (CC IN ('CCqz','CCdn')) ORDER BY VALUE ASC",
 "sqlResult": "{57} || {108} || {132} || {135} || {208} || {261} || {315} || {356} || {429} || {459}",
 "nlq": "What are the numbers of graduations ordered by increasing values with a AAkw in CCqz or CCdn?"},
{"name": "template 14",
 "sql": "SELECT CC,BB FROM DBdata WHERE (AA IN ('AAkw')) AND Value < 253.4",
 "sqlResult": "{CCqz | BBpx} || {CCqz | BBgr} || {CCdn | BBpx} || {CCdn | BBgr} || {CCdn | BBdj}",
 "nlq": "What are the CC and BB for which the number of graduations with a AAkw is lower than 253.4?"},
{"name": "template 15",
 "sql": "SELECT CC,BB,Value FROM DBdata WHERE (AA IN ('AAjt')) AND (CC,BB) IN (SELECT CC,BB FROM DBdata WHERE (AA IN ('AAkw')) AND Value < 253.4)",
 "sqlResult": "{CCqz | BBpx | 149} || {CCqz | BBgr | 450} || {CCdn | BBpx | 83} || {CCdn | BBgr | 376} || {CCdn | BBdj | 324}",
 "nlq": "What is the number of graduations with a AAjt in CC and in BB for which the number of graduations with a AAkw is lower than 253.4? Please, report the corresponding CC, BB, and number of graduations."}]
}

