{
"filename": "Number_of_graduations_set37_1_DB.csv",
"questions": [{"name": "template 1",
 "sql": "SELECT Value FROM DBdata WHERE (Degree IN ('BSc')) AND ((Year = '2019/2020' AND Language = 'German'))",
 "sqlResult": "{398}",
 "nlq": "What is the number of graduations with a BSc in German in 2019/2020?"},
{"name": "template 2",
 "sql": "SELECT Value FROM DBdata WHERE (Degree IN ('PhD')) AND ((Year = '2017/2018' AND Language = 'Spanish') OR (Year = '2018/2019' AND Language = 'German'))",
 "sqlResult": "{112} || {351}",
 "nlq": "What is the number of graduations with a PhD in German in 2018/2019 or in Spanish in 2017/2018?"},
{"name": "template 3",
 "sql": "SELECT Value FROM DBdata WHERE (Degree IN ('BSc','PhD')) AND ((Year = '2018/2019' AND Language = 'Spanish'))",
 "sqlResult": "{223} || {290}",
 "nlq": "What is the number of graduations with a BSc or PhD in Spanish in 2018/2019?"},
{"name": "template 4",
 "sql": "SELECT max(Value),min(Value) FROM DBdata WHERE (Degree IN ('BSc','PhD')) AND ((Year = '2018/2019' AND Language = 'Spanish'))",
 "sqlResult": "{290 | 223}",
 "nlq": "What are the maximum and minimum numbers of graduations with a BSc or PhD in Spanish in 2018/2019?"},
{"name": "template 6",
 "sql": "SELECT Value FROM DBdata WHERE (Degree IN ('BSc','MSc')) AND ((Year = '2017/2018' AND Language = 'Spanish') OR (Year = '2019/2020' AND Language = 'Spanish') OR (Year = '2017/2018' AND Language = 'German') OR (Year = '2018/2019' AND Language = 'German'))",
 "sqlResult": "{189} || {148} || {251} || {68} || {311} || {458} || {185} || {208}",
 "nlq": "What is the number of graduations with a BSc or MSc in German in 2018/2019 or in German or Spanish in 2017/2018 or in Spanish in 2019/2020?"},
{"name": "template 7",
 "sql": "SELECT min(Value),max(Value) FROM DBdata WHERE (Degree IN ('PhD')) AND ((Year = '2017/2018' AND Language = 'Spanish') OR (Year = '2018/2019' AND Language = 'Spanish') OR (Year = '2019/2020' AND Language = 'Spanish') OR (Year = '2017/2018' AND Language = 'German') OR (Year = '2019/2020' AND Language = 'German'))",
 "sqlResult": "{112 | 385}",
 "nlq": "What are the minimum and maximum numbers of graduations with a PhD in German in 2017/2018 or 2019/2020 or in Spanish in 2017/2018, 2018/2019, or 2019/2020?"},
{"name": "template 8",
 "sql": "SELECT Degree,avg(Value),min(Value) FROM DBdata WHERE (Degree IN ('MSc','PhD')) AND ((Year = '2017/2018' AND Language = 'Spanish') OR (Year = '2018/2019' AND Language = 'Spanish')) GROUP BY Degree",
 "sqlResult": "{MSc | 160 | 148} || {PhD | 201 | 112}",
 "nlq": "What are the average and minimum numbers of graduations for each Degree, with a MSc or PhD in Spanish in 2017/2018 or 2018/2019? Please, report the corresponding Degree."},
{"name": "template 9",
 "sql": "SELECT min(Value) FROM DBdata WHERE (Degree IN ('BSc')) AND (Year IN ('2017/2018','2018/2019','2019/2020')) GROUP BY Year",
 "sqlResult": "{189} || {185} || {251}",
 "nlq": "What is the minimum number of graduations for each Year, with a BSc in 2017/2018, 2018/2019, or 2019/2020?"},
{"name": "template 10",
 "sql": "SELECT Year,avg(Value) FROM DBdata WHERE (Degree IN ('PhD')) AND (Year IN ('2017/2018','2018/2019','2019/2020')) GROUP BY Year",
 "sqlResult": "{2017/2018 | 189} || {2018/2019 | 320.5} || {2019/2020 | 277}",
 "nlq": "What is the average number of graduations for each Year, with a PhD in 2017/2018, 2018/2019, or 2019/2020? Please, report the corresponding Year."},
{"name": "template 11",
 "sql": "SELECT Year,Degree,sum(Value) FROM DBdata WHERE (Degree IN ('BSc','MSc','PhD')) AND (Year IN ('2017/2018','2018/2019','2019/2020')) GROUP BY Year,Degree",
 "sqlResult": "{2017/2018 | BSc | 500} || {2017/2018 | MSc | 606} || {2017/2018 | PhD | 378} || {2018/2019 | BSc | 408} || {2018/2019 | MSc | 380} || {2018/2019 | PhD | 641} || {2019/2020 | BSc | 649} || {2019/2020 | MSc | 380} || {2019/2020 | PhD | 554}",
 "nlq": "What is the total number of graduations for each Year and Degree, with a BSc, MSc, or PhD in 2017/2018, 2018/2019, or 2019/2020? Please, report the corresponding Year and Degree."},
{"name": "template 12",
 "sql": "SELECT Value FROM DBdata WHERE (Degree IN ('PhD')) AND (Year IN ('2017/2018','2018/2019')) ORDER BY VALUE ASC LIMIT 2",
 "sqlResult": "{112} || {266}",
 "nlq": "What are the bottom 2 numbers of graduations with a PhD in 2017/2018 or 2018/2019?"},
{"name": "template 13",
 "sql": "SELECT Value FROM DBdata WHERE (Degree IN ('PhD')) AND (Year IN ('2017/2018','2018/2019')) ORDER BY VALUE DESC",
 "sqlResult": "{351} || {290} || {266} || {112}",
 "nlq": "What are the numbers of graduations ordered by decreasing values with a PhD in 2017/2018 or 2018/2019?"},
{"name": "template 14",
 "sql": "SELECT Year,Language FROM DBdata WHERE (Degree IN ('BSc')) AND Value > 249.78",
 "sqlResult": "{2019/2020 | Spanish} || {2017/2018 | German} || {2019/2020 | German}",
 "nlq": "What are the Year and Language for which the number of graduations with a BSc is greater than 249.78?"},
{"name": "template 15",
 "sql": "SELECT Year,Language,Value FROM DBdata WHERE (Degree IN ('PhD')) AND (Year,Language) IN (SELECT Year,Language FROM DBdata WHERE (Degree IN ('BSc')) AND Value > 249.78)",
 "sqlResult": "{2019/2020 | Spanish | 385} || {2017/2018 | German | 266} || {2019/2020 | German | 169}",
 "nlq": "What is the number of graduations with a PhD in Year and in Language for which the number of graduations with a BSc is greater than 249.78? Please, report the corresponding Year, Language, and number of graduations."}]
}
