{
"filename": "Number_of_graduations_set39_3_DB.csv",
"questions": [{"name": "template 1",
 "sql": "SELECT Value FROM DBdata WHERE (AA IN ('AAjq')) AND ((BB = 'BBpw' AND CC = 'CCns'))",
 "sqlResult": "{344}",
 "nlq": "What is the number of graduations with a AAjq in CCns in BBpw?"},
{"name": "template 2",
 "sql": "SELECT Value FROM DBdata WHERE (AA IN ('AAbf')) AND ((BB = 'BBrs' AND CC = 'CCht') OR (BB = 'BBnx' AND CC = 'CCht') OR (BB = 'BBpw' AND CC = 'CCht') OR (BB = 'BBrs' AND CC = 'CCns') OR (BB = 'BBnx' AND CC = 'CCns') OR (BB = 'BBpw' AND CC = 'CCns') OR (BB = 'BBrs' AND CC = 'CCbl') OR (BB = 'BBnx' AND CC = 'CCbl') OR (BB = 'BBpw' AND CC = 'CCbl'))",
 "sqlResult": "{210} || {183} || {125} || {430} || {340} || {302} || {391} || {134} || {303}",
 "nlq": "What is the number of graduations with a AAbf in CCht, CCns, or CCbl in BBrs, BBnx, or BBpw?"},
{"name": "template 3",
 "sql": "SELECT Value FROM DBdata WHERE (AA IN ('AAjq','AAbf','AAnp')) AND ((BB = 'BBpw' AND CC = 'CCht'))",
 "sqlResult": "{393} || {125} || {304}",
 "nlq": "What is the number of graduations with a AAjq, AAbf, or AAnp in CCht in BBpw?"},
{"name": "template 4",
 "sql": "SELECT min(Value),max(Value) FROM DBdata WHERE (AA IN ('AAjq','AAnp')) AND ((BB = 'BBnx' AND CC = 'CCht'))",
 "sqlResult": "{70 | 156}",
 "nlq": "What are the minimum and maximum numbers of graduations with a AAjq or AAnp in CCht in BBnx?"},
{"name": "template 6",
 "sql": "SELECT Value FROM DBdata WHERE (AA IN ('AAjq','AAbf')) AND ((BB = 'BBrs' AND CC = 'CCht') OR (BB = 'BBpw' AND CC = 'CCht') OR (BB = 'BBnx' AND CC = 'CCbl'))",
 "sqlResult": "{379} || {210} || {393} || {125} || {148} || {134}",
 "nlq": "What is the number of graduations with a AAjq or AAbf in CCht in BBrs or BBpw or in CCbl in BBnx?"},
{"name": "template 7",
 "sql": "SELECT max(Value),min(Value) FROM DBdata WHERE (AA IN ('AAbf')) AND ((BB = 'BBrs' AND CC = 'CCht') OR (BB = 'BBrs' AND CC = 'CCns') OR (BB = 'BBnx' AND CC = 'CCbl'))",
 "sqlResult": "{430 | 134}",
 "nlq": "What are the maximum and minimum numbers of graduations with a AAbf in CCht or CCns in BBrs or in CCbl in BBnx?"},
{"name": "template 8",
 "sql": "SELECT AA,max(Value),sum(Value) FROM DBdata WHERE (AA IN ('AAjq','AAbf','AAnp')) AND ((BB = 'BBnx' AND CC = 'CCht') OR (BB = 'BBnx' AND CC = 'CCns') OR (BB = 'BBnx' AND CC = 'CCbl')) GROUP BY AA",
 "sqlResult": "{AAjq | 156 | 389} || {AAbf | 340 | 657} || {AAnp | 421 | 735}",
 "nlq": "What are the maximum and total numbers of graduations for each AA, with a AAjq, AAbf, or AAnp in CCht, CCns, or CCbl in BBnx? Please, report the corresponding AA."},
{"name": "template 9",
 "sql": "SELECT min(Value) FROM DBdata WHERE (AA IN ('AAbf')) AND (BB IN ('BBrs','BBnx','BBpw')) GROUP BY BB",
 "sqlResult": "{210} || {134} || {125}",
 "nlq": "What is the minimum number of graduations for each BB, with a AAbf in BBrs, BBnx, or BBpw?"},
{"name": "template 10",
 "sql": "SELECT BB,max(Value) FROM DBdata WHERE (AA IN ('AAnp')) AND (BB IN ('BBrs','BBnx','BBpw')) GROUP BY BB",
 "sqlResult": "{BBrs | 441} || {BBnx | 421} || {BBpw | 304}",
 "nlq": "What is the maximum number of graduations for each BB, with a AAnp in BBrs, BBnx, or BBpw? Please, report the corresponding BB."},
{"name": "template 11",
 "sql": "SELECT BB,AA,max(Value) FROM DBdata WHERE (AA IN ('AAjq','AAbf','AAnp')) AND (BB IN ('BBrs','BBnx','BBpw')) GROUP BY BB,AA",
 "sqlResult": "{BBrs | AAjq | 379} || {BBrs | AAbf | 430} || {BBrs | AAnp | 441} || {BBnx | AAjq | 156} || {BBnx | AAbf | 340} || {BBnx | AAnp | 421} || {BBpw | AAjq | 422} || {BBpw | AAbf | 303} || {BBpw | AAnp | 304}",
 "nlq": "What is the maximum number of graduations for each BB and AA, with a AAjq, AAbf, or AAnp in BBrs, BBnx, or BBpw? Please, report the corresponding BB and AA."},
{"name": "template 12",
 "sql": "SELECT Value FROM DBdata WHERE (AA IN ('AAnp')) AND (BB IN ('BBnx','BBpw')) ORDER BY VALUE DESC LIMIT 4",
 "sqlResult": "{421} || {304} || {244} || {241}",
 "nlq": "What are the top 4 numbers of graduations with a AAnp in BBnx or BBpw?"},
{"name": "template 13",
 "sql": "SELECT Value FROM DBdata WHERE (AA IN ('AAnp')) AND (BB IN ('BBnx','BBpw')) ORDER BY VALUE DESC",
 "sqlResult": "{421} || {304} || {244} || {241} || {72} || {70}",
 "nlq": "What are the numbers of graduations ordered by decreasing values with a AAnp in BBnx or BBpw?"},
{"name": "template 14",
 "sql": "SELECT BB,CC FROM DBdata WHERE (AA IN ('AAbf')) AND Value > 260.04",
 "sqlResult": "{BBrs | CCns} || {BBnx | CCns} || {BBpw | CCns} || {BBrs | CCbl} || {BBpw | CCbl}",
 "nlq": "What are the BB and CC for which the number of graduations with a AAbf is greater than 260.04?"},
{"name": "template 15",
 "sql": "SELECT BB,CC,Value FROM DBdata WHERE (AA IN ('AAnp')) AND (BB,CC) IN (SELECT BB,CC FROM DBdata WHERE (AA IN ('AAbf')) AND Value > 260.04)",
 "sqlResult": "{BBrs | CCns | 103} || {BBnx | CCns | 421} || {BBpw | CCns | 241} || {BBrs | CCbl | 441} || {BBpw | CCbl | 72}",
 "nlq": "What is the number of graduations with a AAnp in BB and in CC for which the number of graduations with a AAbf is greater than 260.04? Please, report the corresponding BB, CC, and number of graduations."}]
}

