{
"filename": "Number_of_graduations_set40_2_DB.csv",
"questions": [{"name": "template 1",
 "sql": "SELECT Value FROM DBdata WHERE (Degree IN ('BSc')) AND ((Language = 'French' AND Year = '2018/2019'))",
 "sqlResult": "{275}",
 "nlq": "What is the number of graduations with a BSc in French in 2018/2019?"},
{"name": "template 2",
 "sql": "SELECT Value FROM DBdata WHERE (Degree IN ('MSc')) AND ((Language = 'French' AND Year = '2016/2017') OR (Language = 'French' AND Year = '2017/2018') OR (Language = 'French' AND Year = '2018/2019') OR (Language = 'Other' AND Year = '2017/2018'))",
 "sqlResult": "{58} || {103} || {374} || {455}",
 "nlq": "What is the number of graduations with a MSc in French in 2016/2017, 2017/2018, or 2018/2019 or in Other in 2017/2018?"},
{"name": "template 3",
 "sql": "SELECT Value FROM DBdata WHERE (Degree IN ('BSc','MSc','PhD')) AND ((Language = 'German' AND Year = '2017/2018'))",
 "sqlResult": "{159} || {351} || {412}",
 "nlq": "What is the number of graduations with a BSc, MSc, or PhD in German in 2017/2018?"},
{"name": "template 4",
 "sql": "SELECT max(Value),avg(Value) FROM DBdata WHERE (Degree IN ('BSc','MSc')) AND ((Language = 'French' AND Year = '2018/2019'))",
 "sqlResult": "{374 | 324.5}",
 "nlq": "What are the maximum and average numbers of graduations with a BSc or MSc in French in 2018/2019?"},
{"name": "template 6",
 "sql": "SELECT Value FROM DBdata WHERE (Degree IN ('BSc','MSc','PhD')) AND ((Language = 'German' AND Year = '2016/2017') OR (Language = 'Other' AND Year = '2018/2019'))",
 "sqlResult": "{311} || {252} || {262} || {304} || {110} || {396}",
 "nlq": "What is the number of graduations with a BSc, MSc, or PhD in German in 2016/2017 or in Other in 2018/2019?"},
{"name": "template 7",
 "sql": "SELECT max(Value),min(Value) FROM DBdata WHERE (Degree IN ('MSc')) AND ((Language = 'French' AND Year = '2018/2019') OR (Language = 'German' AND Year = '2016/2017'))",
 "sqlResult": "{374 | 252}",
 "nlq": "What are the maximum and minimum numbers of graduations with a MSc in French in 2018/2019 or in German in 2016/2017?"},
{"name": "template 8",
 "sql": "SELECT Degree,min(Value),max(Value) FROM DBdata WHERE (Degree IN ('BSc','PhD')) AND ((Language = 'French' AND Year = '2018/2019') OR (Language = 'Spanish' AND Year = '2016/2017') OR (Language = 'German' AND Year = '2016/2017') OR (Language = 'German' AND Year = '2018/2019')) GROUP BY Degree",
 "sqlResult": "{BSc | 275 | 407} || {PhD | 262 | 394}",
 "nlq": "What are the minimum and maximum numbers of graduations for each Degree, with a BSc or PhD in French or German in 2018/2019 or in German or Spanish in 2016/2017? Please, report the corresponding Degree."},
{"name": "template 9",
 "sql": "SELECT min(Value) FROM DBdata WHERE (Degree IN ('PhD')) AND (Language IN ('French','Spanish','German','Other')) GROUP BY Language",
 "sqlResult": "{117} || {262} || {190} || {306}",
 "nlq": "What is the minimum number of graduations for each Language, with a PhD in French, German, Other, or Spanish?"},
{"name": "template 10",
 "sql": "SELECT Language,min(Value) FROM DBdata WHERE (Degree IN ('MSc')) AND (Language IN ('French','Spanish','German','Other')) GROUP BY Language",
 "sqlResult": "{French | 58} || {German | 252} || {Other | 110} || {Spanish | 209}",
 "nlq": "What is the minimum number of graduations for each Language, with a MSc in French, German, Other, or Spanish? Please, report the corresponding Language."},
{"name": "template 11",
 "sql": "SELECT Language,Degree,avg(Value) FROM DBdata WHERE (Degree IN ('BSc','MSc','PhD')) AND (Language IN ('French','Spanish','German','Other')) GROUP BY Language,Degree",
 "sqlResult": "{French | BSc | 301.33} || {French | MSc | 178.33} || {French | PhD | 234.67} || {German | BSc | 292.33} || {German | MSc | 354.33} || {German | PhD | 356} || {Other | BSc | 269.33} || {Other | MSc | 354} || {Other | PhD | 356.67} || {Spanish | BSc | 274.33} || {Spanish | MSc | 335.67} || {Spanish | PhD | 396.67}",
 "nlq": "What is the average number of graduations for each Language and Degree, with a BSc, MSc, or PhD in French, German, Other, or Spanish? Please, report the corresponding Language and Degree."},
{"name": "template 12",
 "sql": "SELECT Value FROM DBdata WHERE (Degree IN ('MSc')) AND (Language IN ('French','Other')) ORDER BY VALUE DESC LIMIT 4",
 "sqlResult": "{497} || {455} || {374} || {110}",
 "nlq": "What are the top 4 numbers of graduations with a MSc in French or Other?"},
{"name": "template 13",
 "sql": "SELECT Value FROM DBdata WHERE (Degree IN ('MSc')) AND (Language IN ('German','Other')) ORDER BY VALUE DESC",
 "sqlResult": "{497} || {460} || {455} || {351} || {252} || {110}",
 "nlq": "What are the numbers of graduations ordered by decreasing values with a MSc in German or Other?"},
{"name": "template 14",
 "sql": "SELECT Language,Year FROM DBdata WHERE (Degree IN ('PhD')) AND Value > 308.64",
 "sqlResult": "{French | 2018/2019} || {Spanish | 2016/2017} || {Spanish | 2017/2018} || {German | 2017/2018} || {German | 2018/2019} || {Other | 2017/2018} || {Other | 2018/2019}",
 "nlq": "What are the Language and Year for which the number of graduations with a PhD is greater than 308.64?"},
{"name": "template 15",
 "sql": "SELECT Language,Year,Value FROM DBdata WHERE (Degree IN ('MSc')) AND (Language,Year) IN (SELECT Language,Year FROM DBdata WHERE (Degree IN ('PhD')) AND Value > 308.64)",
 "sqlResult": "{French | 2018/2019 | 374} || {Spanish | 2016/2017 | 358} || {Spanish | 2017/2018 | 209} || {German | 2017/2018 | 351} || {German | 2018/2019 | 460} || {Other | 2017/2018 | 455} || {Other | 2018/2019 | 110}",
 "nlq": "What is the number of graduations with a MSc in Language and in Year for which the number of graduations with a PhD is greater than 308.64? Please, report the corresponding Language, Year, and number of graduations."}]
}
