Degree,Year,Language,Value
Degree,Year,Language,Value
BSc,2018/2019,French,189
MSc,2018/2019,French,488
PhD,2018/2019,French,476
BSc,2019/2020,French,403
MSc,2019/2020,French,307
PhD,2019/2020,French,256
BSc,2020/2021,French,181
MSc,2020/2021,French,481
PhD,2020/2021,French,285
BSc,2021/2022,French,65
MSc,2021/2022,French,128
PhD,2021/2022,French,67
BSc,2018/2019,Spanish,252
MSc,2018/2019,Spanish,437
PhD,2018/2019,Spanish,146
BSc,2019/2020,Spanish,194
MSc,2019/2020,Spanish,90
PhD,2019/2020,Spanish,209
BSc,2020/2021,Spanish,320
MSc,2020/2021,Spanish,117
PhD,2020/2021,Spanish,98
BSc,2021/2022,Spanish,70
MSc,2021/2022,Spanish,356
PhD,2021/2022,Spanish,191
BSc,2018/2019,German,130
MSc,2018/2019,German,333
PhD,2018/2019,German,109
BSc,2019/2020,German,96
MSc,2019/2020,German,254
PhD,2019/2020,German,158
BSc,2020/2021,German,325
MSc,2020/2021,German,186
PhD,2020/2021,German,119
BSc,2021/2022,German,280
MSc,2021/2022,German,494
PhD,2021/2022,German,105
