{
"filename": "Number_of_graduations_set40_3_DB.csv",
"questions": [{"name": "template 1",
 "sql": "SELECT Value FROM DBdata WHERE (AA IN ('AAkq')) AND ((BB = 'BBny' AND CC = 'CCjm'))",
 "sqlResult": "{63}",
 "nlq": "What is the number of graduations with a AAkq in CCjm in BBny?"},
{"name": "template 2",
 "sql": "SELECT Value FROM DBdata WHERE (AA IN ('AAkq')) AND ((BB = 'BBsz' AND CC = 'CClr') OR (BB = 'BBpv' AND CC = 'CClr') OR (BB = 'BBny' AND CC = 'CClr') OR (BB = 'BBsz' AND CC = 'CCjm') OR (BB = 'BBpv' AND CC = 'CCjm') OR (BB = 'BBny' AND CC = 'CCjm') OR (BB = 'BBpv' AND CC = 'CCwz') OR (BB = 'BBny' AND CC = 'CCwz') OR (BB = 'BBpv' AND CC = 'CCvw') OR (BB = 'BBny' AND CC = 'CCvw'))",
 "sqlResult": "{223} || {252} || {487} || {142} || {127} || {63} || {51} || {68} || {107} || {368}",
 "nlq": "What is the number of graduations with a AAkq in CClr or CCjm in BBsz, BBpv, or BBny or in CCvw or CCwz in BBpv or BBny?"},
{"name": "template 3",
 "sql": "SELECT Value FROM DBdata WHERE (AA IN ('AAkq','AAqy')) AND ((BB = 'BBpv' AND CC = 'CCjm'))",
 "sqlResult": "{127} || {399}",
 "nlq": "What is the number of graduations with a AAkq or AAqy in CCjm in BBpv?"},
{"name": "template 4",
 "sql": "SELECT min(Value),max(Value) FROM DBdata WHERE (AA IN ('AAkq','AAks','AAqy')) AND ((BB = 'BBny' AND CC = 'CCwz'))",
 "sqlResult": "{68 | 478}",
 "nlq": "What are the minimum and maximum numbers of graduations with a AAkq, AAks, or AAqy in CCwz in BBny?"},
{"name": "template 6",
 "sql": "SELECT Value FROM DBdata WHERE (AA IN ('AAkq','AAks','AAqy')) AND ((BB = 'BBpv' AND CC = 'CClr') OR (BB = 'BBny' AND CC = 'CCjm') OR (BB = 'BBsz' AND CC = 'CCwz') OR (BB = 'BBsz' AND CC = 'CCvw'))",
 "sqlResult": "{252} || {346} || {150} || {63} || {287} || {440} || {273} || {166} || {270} || {104} || {50} || {322}",
 "nlq": "What is the number of graduations with a AAkq, AAks, or AAqy in CClr in BBpv or in CCjm in BBny or in CCvw or CCwz in BBsz?"},
{"name": "template 7",
 "sql": "SELECT min(Value),sum(Value) FROM DBdata WHERE (AA IN ('AAks')) AND ((BB = 'BBpv' AND CC = 'CClr') OR (BB = 'BBpv' AND CC = 'CCvw'))",
 "sqlResult": "{168 | 514}",
 "nlq": "What are the minimum and total numbers of graduations with a AAks in CClr or CCvw in BBpv?"},
{"name": "template 8",
 "sql": "SELECT AA,max(Value),avg(Value) FROM DBdata WHERE (AA IN ('AAkq','AAks','AAqy')) AND ((BB = 'BBpv' AND CC = 'CClr') OR (BB = 'BBpv' AND CC = 'CCwz')) GROUP BY AA",
 "sqlResult": "{AAkq | 252 | 151.5} || {AAks | 436 | 391} || {AAqy | 271 | 210.5}",
 "nlq": "What are the maximum and average numbers of graduations for each AA, with a AAkq, AAks, or AAqy in CClr or CCwz in BBpv? Please, report the corresponding AA."},
{"name": "template 9",
 "sql": "SELECT min(Value) FROM DBdata WHERE (AA IN ('AAkq')) AND (BB IN ('BBsz','BBpv','BBny')) GROUP BY BB",
 "sqlResult": "{104} || {51} || {63}",
 "nlq": "What is the minimum number of graduations for each BB, with a AAkq in BBsz, BBpv, or BBny?"},
{"name": "template 10",
 "sql": "SELECT BB,min(Value) FROM DBdata WHERE (AA IN ('AAqy')) AND (BB IN ('BBsz','BBpv','BBny')) GROUP BY BB",
 "sqlResult": "{BBsz | 80} || {BBpv | 150} || {BBny | 90}",
 "nlq": "What is the minimum number of graduations for each BB, with a AAqy in BBsz, BBpv, or BBny? Please, report the corresponding BB."},
{"name": "template 11",
 "sql": "SELECT BB,AA,avg(Value) FROM DBdata WHERE (AA IN ('AAkq','AAks','AAqy')) AND (BB IN ('BBsz','BBpv','BBny')) GROUP BY BB,AA",
 "sqlResult": "{BBsz | AAkq | 185.5} || {BBsz | AAks | 267.5} || {BBsz | AAqy | 268.25} || {BBpv | AAkq | 134.25} || {BBpv | AAks | 304.75} || {BBpv | AAqy | 301.25} || {BBny | AAkq | 246.5} || {BBny | AAks | 401.25} || {BBny | AAqy | 227.75}",
 "nlq": "What is the average number of graduations for each BB and AA, with a AAkq, AAks, or AAqy in BBsz, BBpv, or BBny? Please, report the corresponding BB and AA."},
{"name": "template 12",
 "sql": "SELECT Value FROM DBdata WHERE (AA IN ('AAkq')) AND (BB IN ('BBsz','BBny')) ORDER BY VALUE ASC LIMIT 3",
 "sqlResult": "{63} || {68} || {104}",
 "nlq": "What are the bottom 3 numbers of graduations with a AAkq in BBsz or BBny?"},
{"name": "template 13",
 "sql": "SELECT Value FROM DBdata WHERE (AA IN ('AAqy')) AND (BB IN ('BBpv','BBny')) ORDER BY VALUE DESC",
 "sqlResult": "{440} || {399} || {385} || {271} || {261} || {150} || {120} || {90}",
 "nlq": "What are the numbers of graduations ordered by decreasing values with a AAqy in BBpv or BBny?"},
{"name": "template 14",
 "sql": "SELECT BB,CC FROM DBdata WHERE (AA IN ('AAqy')) AND Value < 259.67",
 "sqlResult": "{BBsz | CClr} || {BBpv | CClr} || {BBny | CCwz} || {BBny | CCvw}",
 "nlq": "What are the BB and CC for which the number of graduations with a AAqy is lower than 259.67?"},
{"name": "template 15",
 "sql": "SELECT BB,CC,Value FROM DBdata WHERE (AA IN ('AAkq')) AND (BB,CC) IN (SELECT BB,CC FROM DBdata WHERE (AA IN ('AAqy')) AND Value < 259.67)",
 "sqlResult": "{BBsz | CClr | 223} || {BBpv | CClr | 252} || {BBny | CCwz | 68} || {BBny | CCvw | 368}",
 "nlq": "What is the number of graduations with a AAkq in BB and in CC for which the number of graduations with a AAqy is lower than 259.67? Please, report the corresponding BB, CC, and number of graduations."}]
}

