AA,BB,CC,Value
AA,BB,CC,Value
AAty,BBqx,CCpy,430
AAls,BBqx,CCpy,266
AAft,BBqx,CCpy,86
AAty,BBhs,CCpy,363
AAls,BBhs,CCpy,51
AAft,BBhs,CCpy,492
AAty,BBvw,CCpy,247
AAls,BBvw,CCpy,335
AAft,BBvw,CCpy,119
AAty,BBfh,CCpy,382
AAls,BBfh,CCpy,223
AAft,BBfh,CCpy,112
AAty,BBct,CCpy,142
AAls,BBct,CCpy,158
AAft,BBct,CCpy,216
AAty,BBqx,CCtv,434
AAls,BBqx,CCtv,450
AAft,BBqx,CCtv,296
AAty,BBhs,CCtv,272
AAls,BBhs,CCtv,415
AAft,BBhs,CCtv,197
AAty,BBvw,CCtv,444
AAls,BBvw,CCtv,121
AAft,BBvw,CCtv,104
AAty,BBfh,CCtv,376
AAls,BBfh,CCtv,165
AAft,BBfh,CCtv,396
AAty,BBct,CCtv,371
AAls,BBct,CCtv,466
AAft,BBct,CCtv,322

