{
"filename": "Number_of_graduations_set40_3_DB.csv",
"questions": [{"name": "template 1",
 "sql": "SELECT Value FROM DBdata WHERE (Degree IN ('BSc')) AND ((Year = '2022/2023' AND Language = 'French'))",
 "sqlResult": "{63}",
 "nlq": "What is the number of graduations with a BSc in French in 2022/2023?"},
{"name": "template 2",
 "sql": "SELECT Value FROM DBdata WHERE (Degree IN ('BSc')) AND ((Year = '2020/2021' AND Language = 'English') OR (Year = '2021/2022' AND Language = 'English') OR (Year = '2022/2023' AND Language = 'English') OR (Year = '2020/2021' AND Language = 'French') OR (Year = '2021/2022' AND Language = 'French') OR (Year = '2022/2023' AND Language = 'French') OR (Year = '2021/2022' AND Language = 'Spanish') OR (Year = '2022/2023' AND Language = 'Spanish') OR (Year = '2021/2022' AND Language = 'German') OR (Year = '2022/2023' AND Language = 'German'))",
 "sqlResult": "{223} || {252} || {487} || {142} || {127} || {63} || {51} || {68} || {107} || {368}",
 "nlq": "What is the number of graduations with a BSc in English or French in 2020/2021, 2021/2022, or 2022/2023 or in German or Spanish in 2021/2022 or 2022/2023?"},
{"name": "template 3",
 "sql": "SELECT Value FROM DBdata WHERE (Degree IN ('BSc','PhD')) AND ((Year = '2021/2022' AND Language = 'French'))",
 "sqlResult": "{127} || {399}",
 "nlq": "What is the number of graduations with a BSc or PhD in French in 2021/2022?"},
{"name": "template 4",
 "sql": "SELECT min(Value),max(Value) FROM DBdata WHERE (Degree IN ('BSc','MSc','PhD')) AND ((Year = '2022/2023' AND Language = 'Spanish'))",
 "sqlResult": "{68 | 478}",
 "nlq": "What are the minimum and maximum numbers of graduations with a BSc, MSc, or PhD in Spanish in 2022/2023?"},
{"name": "template 6",
 "sql": "SELECT Value FROM DBdata WHERE (Degree IN ('BSc','MSc','PhD')) AND ((Year = '2021/2022' AND Language = 'English') OR (Year = '2022/2023' AND Language = 'French') OR (Year = '2020/2021' AND Language = 'Spanish') OR (Year = '2020/2021' AND Language = 'German'))",
 "sqlResult": "{252} || {346} || {150} || {63} || {287} || {440} || {273} || {166} || {270} || {104} || {50} || {322}",
 "nlq": "What is the number of graduations with a BSc, MSc, or PhD in English in 2021/2022 or in French in 2022/2023 or in German or Spanish in 2020/2021?"},
{"name": "template 7",
 "sql": "SELECT min(Value),sum(Value) FROM DBdata WHERE (Degree IN ('MSc')) AND ((Year = '2021/2022' AND Language = 'English') OR (Year = '2021/2022' AND Language = 'German'))",
 "sqlResult": "{168 | 514}",
 "nlq": "What are the minimum and total numbers of graduations with a MSc in English or German in 2021/2022?"},
{"name": "template 8",
 "sql": "SELECT Degree,max(Value),avg(Value) FROM DBdata WHERE (Degree IN ('BSc','MSc','PhD')) AND ((Year = '2021/2022' AND Language = 'English') OR (Year = '2021/2022' AND Language = 'Spanish')) GROUP BY Degree",
 "sqlResult": "{BSc | 252 | 151.5} || {MSc | 436 | 391} || {PhD | 271 | 210.5}",
 "nlq": "What are the maximum and average numbers of graduations for each Degree, with a BSc, MSc, or PhD in English or Spanish in 2021/2022? Please, report the corresponding Degree."},
{"name": "template 9",
 "sql": "SELECT min(Value) FROM DBdata WHERE (Degree IN ('BSc')) AND (Year IN ('2020/2021','2021/2022','2022/2023')) GROUP BY Year",
 "sqlResult": "{104} || {51} || {63}",
 "nlq": "What is the minimum number of graduations for each Year, with a BSc in 2020/2021, 2021/2022, or 2022/2023?"},
{"name": "template 10",
 "sql": "SELECT Year,min(Value) FROM DBdata WHERE (Degree IN ('PhD')) AND (Year IN ('2020/2021','2021/2022','2022/2023')) GROUP BY Year",
 "sqlResult": "{2020/2021 | 80} || {2021/2022 | 150} || {2022/2023 | 90}",
 "nlq": "What is the minimum number of graduations for each Year, with a PhD in 2020/2021, 2021/2022, or 2022/2023? Please, report the corresponding Year."},
{"name": "template 11",
 "sql": "SELECT Year,Degree,avg(Value) FROM DBdata WHERE (Degree IN ('BSc','MSc','PhD')) AND (Year IN ('2020/2021','2021/2022','2022/2023')) GROUP BY Year,Degree",
 "sqlResult": "{2020/2021 | BSc | 185.5} || {2020/2021 | MSc | 267.5} || {2020/2021 | PhD | 268.25} || {2021/2022 | BSc | 134.25} || {2021/2022 | MSc | 304.75} || {2021/2022 | PhD | 301.25} || {2022/2023 | BSc | 246.5} || {2022/2023 | MSc | 401.25} || {2022/2023 | PhD | 227.75}",
 "nlq": "What is the average number of graduations for each Year and Degree, with a BSc, MSc, or PhD in 2020/2021, 2021/2022, or 2022/2023? Please, report the corresponding Year and Degree."},
{"name": "template 12",
 "sql": "SELECT Value FROM DBdata WHERE (Degree IN ('BSc')) AND (Year IN ('2020/2021','2022/2023')) ORDER BY VALUE ASC LIMIT 3",
 "sqlResult": "{63} || {68} || {104}",
 "nlq": "What are the bottom 3 numbers of graduations with a BSc in 2020/2021 or 2022/2023?"},
{"name": "template 13",
 "sql": "SELECT Value FROM DBdata WHERE (Degree IN ('PhD')) AND (Year IN ('2021/2022','2022/2023')) ORDER BY VALUE DESC",
 "sqlResult": "{440} || {399} || {385} || {271} || {261} || {150} || {120} || {90}",
 "nlq": "What are the numbers of graduations ordered by decreasing values with a PhD in 2021/2022 or 2022/2023?"},
{"name": "template 14",
 "sql": "SELECT Year,Language FROM DBdata WHERE (Degree IN ('PhD')) AND Value < 259.67",
 "sqlResult": "{2020/2021 | English} || {2021/2022 | English} || {2022/2023 | Spanish} || {2022/2023 | German}",
 "nlq": "What are the Year and Language for which the number of graduations with a PhD is lower than 259.67?"},
{"name": "template 15",
 "sql": "SELECT Year,Language,Value FROM DBdata WHERE (Degree IN ('BSc')) AND (Year,Language) IN (SELECT Year,Language FROM DBdata WHERE (Degree IN ('PhD')) AND Value < 259.67)",
 "sqlResult": "{2020/2021 | English | 223} || {2021/2022 | English | 252} || {2022/2023 | Spanish | 68} || {2022/2023 | German | 368}",
 "nlq": "What is the number of graduations with a BSc in Year and in Language for which the number of graduations with a PhD is lower than 259.67? Please, report the corresponding Year, Language, and number of graduations."}]
}
