{
"filename": "Number_of_graduations_set39_5_DB.csv",
"questions": [{"name": "template 1",
 "sql": "SELECT Value FROM DBdata WHERE (AA IN ('AAdm')) AND ((BB = 'BBcj' AND CC = 'CCdh'))",
 "sqlResult": "{302}",
 "nlq": "What is the number of graduations with a AAdm in CCdh in BBcj?"},
{"name": "template 2",
 "sql": "SELECT Value FROM DBdata WHERE (AA IN ('AArw')) AND ((BB = 'BBmy' AND CC = 'CCdh') OR (BB = 'BBqw' AND CC = 'CCdr'))",
 "sqlResult": "{134} || {315}",
 "nlq": "What is the number of graduations with a AArw in CCdh in BBmy or in CCdr in BBqw?"},
{"name": "template 3",
 "sql": "SELECT Value FROM DBdata WHERE (AA IN ('AAjk','AAdm')) AND ((BB = 'BBcj' AND CC = 'CCdr'))",
 "sqlResult": "{105} || {200}",
 "nlq": "What is the number of graduations with a AAjk or AAdm in CCdr in BBcj?"},
{"name": "template 4",
 "sql": "SELECT min(Value),max(Value) FROM DBdata WHERE (AA IN ('AAjk','AArw','AAdm')) AND ((BB = 'BBqw' AND CC = 'CCfy'))",
 "sqlResult": "{232 | 286}",
 "nlq": "What are the minimum and maximum numbers of graduations with a AAjk, AArw, or AAdm in CCfy in BBqw?"},
{"name": "template 6",
 "sql": "SELECT Value FROM DBdata WHERE (AA IN ('AAjk','AArw','AAdm')) AND ((BB = 'BBmy' AND CC = 'CCdh') OR (BB = 'BBqw' AND CC = 'CCdr'))",
 "sqlResult": "{194} || {134} || {304} || {161} || {315} || {485}",
 "nlq": "What is the number of graduations with a AAjk, AArw, or AAdm in CCdh in BBmy or in CCdr in BBqw?"},
{"name": "template 7",
 "sql": "SELECT min(Value),sum(Value) FROM DBdata WHERE (AA IN ('AAjk')) AND ((BB = 'BBqw' AND CC = 'CCfy') OR (BB = 'BBqw' AND CC = 'CCdh') OR (BB = 'BBqw' AND CC = 'CCdr') OR (BB = 'BBcj' AND CC = 'CCdr') OR (BB = 'BBmy' AND CC = 'CCdr'))",
 "sqlResult": "{105 | 1053}",
 "nlq": "What are the minimum and total numbers of graduations with a AAjk in CCfy, CCdh, or CCdr in BBqw or in CCdr in BBcj or BBmy?"},
{"name": "template 8",
 "sql": "SELECT AA,max(Value),min(Value) FROM DBdata WHERE (AA IN ('AArw','AAdm')) AND ((BB = 'BBqw' AND CC = 'CCdh') OR (BB = 'BBcj' AND CC = 'CCdh') OR (BB = 'BBmy' AND CC = 'CCdh') OR (BB = 'BBqw' AND CC = 'CCdr')) GROUP BY AA",
 "sqlResult": "{AArw | 363 | 115} || {AAdm | 485 | 108}",
 "nlq": "What are the maximum and minimum numbers of graduations for each AA, with a AArw or AAdm in CCdh in BBqw, BBcj, or BBmy or in CCdr in BBqw? Please, report the corresponding AA."},
{"name": "template 9",
 "sql": "SELECT min(Value) FROM DBdata WHERE (AA IN ('AAdm')) AND (BB IN ('BBqw','BBcj','BBmy')) GROUP BY BB",
 "sqlResult": "{108} || {200} || {167}",
 "nlq": "What is the minimum number of graduations for each BB, with a AAdm in BBqw, BBcj, or BBmy?"},
{"name": "template 10",
 "sql": "SELECT BB,min(Value) FROM DBdata WHERE (AA IN ('AAjk')) AND (BB IN ('BBqw','BBcj','BBmy')) GROUP BY BB",
 "sqlResult": "{BBqw | 161} || {BBcj | 89} || {BBmy | 181}",
 "nlq": "What is the minimum number of graduations for each BB, with a AAjk in BBqw, BBcj, or BBmy? Please, report the corresponding BB."},
{"name": "template 11",
 "sql": "SELECT BB,AA,min(Value) FROM DBdata WHERE (AA IN ('AAjk','AArw','AAdm')) AND (BB IN ('BBqw','BBcj','BBmy')) GROUP BY BB,AA",
 "sqlResult": "{BBqw | AAjk | 161} || {BBqw | AArw | 286} || {BBqw | AAdm | 108} || {BBcj | AAjk | 89} || {BBcj | AArw | 100} || {BBcj | AAdm | 200} || {BBmy | AAjk | 181} || {BBmy | AArw | 80} || {BBmy | AAdm | 167}",
 "nlq": "What is the minimum number of graduations for each BB and AA, with a AAjk, AArw, or AAdm in BBqw, BBcj, or BBmy? Please, report the corresponding BB and AA."},
{"name": "template 12",
 "sql": "SELECT Value FROM DBdata WHERE (AA IN ('AArw')) AND (BB IN ('BBqw','BBcj')) ORDER BY VALUE DESC LIMIT 4",
 "sqlResult": "{484} || {363} || {315} || {286}",
 "nlq": "What are the top 4 numbers of graduations with a AArw in BBqw or BBcj?"},
{"name": "template 13",
 "sql": "SELECT Value FROM DBdata WHERE (AA IN ('AAjk')) AND (BB IN ('BBqw','BBcj')) ORDER BY VALUE ASC",
 "sqlResult": "{89} || {105} || {161} || {232} || {334} || {359}",
 "nlq": "What are the numbers of graduations ordered by increasing values with a AAjk in BBqw or BBcj?"},
{"name": "template 14",
 "sql": "SELECT BB,CC FROM DBdata WHERE (AA IN ('AArw')) AND Value > 241.15",
 "sqlResult": "{BBqw | CCfy} || {BBcj | CCfy} || {BBmy | CCfy} || {BBqw | CCdh} || {BBqw | CCdr}",
 "nlq": "What are the BB and CC for which the number of graduations with a AArw is greater than 241.15?"},
{"name": "template 15",
 "sql": "SELECT BB,CC,Value FROM DBdata WHERE (AA IN ('AAjk')) AND (BB,CC) IN (SELECT BB,CC FROM DBdata WHERE (AA IN ('AArw')) AND Value > 241.15)",
 "sqlResult": "{BBqw | CCfy | 232} || {BBcj | CCfy | 89} || {BBmy | CCfy | 181} || {BBqw | CCdh | 334} || {BBqw | CCdr | 161}",
 "nlq": "What is the number of graduations with a AAjk in BB and in CC for which the number of graduations with a AArw is greater than 241.15? Please, report the corresponding BB, CC, and number of graduations."}]
}

