AA,BB,CC,Value
AA,BB,CC,Value
AAfv,BBdg,CCby,421
AAhm,BBdg,CCby,273
AAgt,BBdg,CCby,424
AAfv,BBck,CCby,226
AAhm,BBck,CCby,106
AAgt,BBck,CCby,304
AAfv,BBgz,CCby,446
AAhm,BBgz,CCby,368
AAgt,BBgz,CCby,429
AAfv,BBjy,CCby,420
AAhm,BBjy,CCby,490
AAgt,BBjy,CCby,218
AAfv,BBdg,CChx,292
AAhm,BBdg,CChx,114
AAgt,BBdg,CChx,316
AAfv,BBck,CChx,468
AAhm,BBck,CChx,182
AAgt,BBck,CChx,113
AAfv,BBgz,CChx,84
AAhm,BBgz,CChx,219
AAgt,BBgz,CChx,463
AAfv,BBjy,CChx,54
AAhm,BBjy,CChx,311
AAgt,BBjy,CChx,245
AAfv,BBdg,CCqw,338
AAhm,BBdg,CCqw,487
AAgt,BBdg,CCqw,408
AAfv,BBck,CCqw,177
AAhm,BBck,CCqw,172
AAgt,BBck,CCqw,60
AAfv,BBgz,CCqw,337
AAhm,BBgz,CCqw,315
AAgt,BBgz,CCqw,183
AAfv,BBjy,CCqw,495
AAhm,BBjy,CCqw,360
AAgt,BBjy,CCqw,413
AAfv,BBdg,CCtv,152
AAhm,BBdg,CCtv,129
AAgt,BBdg,CCtv,89
AAfv,BBck,CCtv,352
AAhm,BBck,CCtv,274
AAgt,BBck,CCtv,416
AAfv,BBgz,CCtv,253
AAhm,BBgz,CCtv,63
AAgt,BBgz,CCtv,51
AAfv,BBjy,CCtv,185
AAhm,BBjy,CCtv,493
AAgt,BBjy,CCtv,228

