{
"filename": "Number_of_graduations_set6_3_DB.csv",
"questions": [{"name": "template 1",
 "sql": "SELECT Value FROM DBdata WHERE (AA IN ('AAmq')) AND (BB IN ('BBkv'))",
 "sqlResult": "{261}",
 "nlq": "What is the number of graduations with a AAmq in BBkv?"},
{"name": "template 2",
 "sql": "SELECT Value FROM DBdata WHERE (AA IN ('AAdq')) AND (BB IN ('BBdt','BBkv','BBdz'))",
 "sqlResult": "{202} || {372} || {428}",
 "nlq": "What is the number of graduations with a AAdq in BBdt, BBkv, or BBdz?"},
{"name": "template 3",
 "sql": "SELECT Value FROM DBdata WHERE (AA IN ('AAhx','AAdq','AAmq')) AND (BB IN ('BBkv'))",
 "sqlResult": "{433} || {372} || {261}",
 "nlq": "What is the number of graduations with a AAhx, AAdq, or AAmq in BBkv?"},
{"name": "template 4",
 "sql": "SELECT max(Value),sum(Value) FROM DBdata WHERE (AA IN ('AAdq','AAmq')) AND (BB IN ('BBdt'))",
 "sqlResult": "{353 | 555}",
 "nlq": "What are the maximum and total numbers of graduations with a AAdq or AAmq in BBdt?"},
{"name": "template 6",
 "sql": "SELECT Value FROM DBdata WHERE (AA IN ('AAhx','AAdq','AAmq')) AND (BB IN ('BBjt','BBdt','BBdj'))",
 "sqlResult": "{495} || {92} || {362} || {480} || {202} || {353} || {415} || {403} || {383}",
 "nlq": "What is the number of graduations with a AAhx, AAdq, or AAmq in BBjt, BBdt, or BBdj?"},
{"name": "template 7",
 "sql": "SELECT max(Value),min(Value) FROM DBdata WHERE (AA IN ('AAmq')) AND (BB IN ('BBjt','BBkv','BBdj'))",
 "sqlResult": "{383 | 261}",
 "nlq": "What are the maximum and minimum numbers of graduations with a AAmq in BBjt, BBkv, or BBdj?"},
{"name": "template 8",
 "sql": "SELECT AA,max(Value),avg(Value) FROM DBdata WHERE (AA IN ('AAhx','AAdq','AAmq')) AND (BB IN ('BBjt','BBdt','BBkv','BBdj')) GROUP BY AA",
 "sqlResult": "{AAhx | 495 | 455.75} || {AAdq | 403 | 267.25} || {AAmq | 383 | 339.75}",
 "nlq": "What are the maximum and average numbers of graduations for each AA, with a AAhx, AAdq, or AAmq in BBjt, BBdt, BBkv, or BBdj? Please, report the corresponding AA."},
{"name": "template 9",
 "sql": "SELECT min(Value) FROM DBdata WHERE (AA IN ('AAmq')) AND (BB IN ('BBjt','BBdt','BBkv','BBdz','BBdj')) GROUP BY BB",
 "sqlResult": "{362} || {353} || {261} || {329} || {383}",
 "nlq": "What is the minimum number of graduations for each BB, with a AAmq in BBjt, BBdt, BBkv, BBdz, or BBdj?"},
{"name": "template 10",
 "sql": "SELECT BB,avg(Value) FROM DBdata WHERE (AA IN ('AAhx')) AND (BB IN ('BBjt','BBdt','BBkv','BBdz','BBdj')) GROUP BY BB",
 "sqlResult": "{BBjt | 495} || {BBdt | 480} || {BBkv | 433} || {BBdz | 486} || {BBdj | 415}",
 "nlq": "What is the average number of graduations for each BB, with a AAhx in BBjt, BBdt, BBkv, BBdz, or BBdj? Please, report the corresponding BB."},
{"name": "template 11",
 "sql": "SELECT BB,AA,max(Value) FROM DBdata WHERE (AA IN ('AAdq','AAmq')) AND (BB IN ('BBjt','BBdt','BBkv','BBdz','BBdj')) GROUP BY BB,AA",
 "sqlResult": "{BBjt | AAdq | 92} || {BBjt | AAmq | 362} || {BBdt | AAdq | 202} || {BBdt | AAmq | 353} || {BBkv | AAdq | 372} || {BBkv | AAmq | 261} || {BBdz | AAdq | 428} || {BBdz | AAmq | 329} || {BBdj | AAdq | 403} || {BBdj | AAmq | 383}",
 "nlq": "What is the maximum number of graduations for each BB and AA, with a AAdq or AAmq in BBjt, BBdt, BBkv, BBdz, or BBdj? Please, report the corresponding BB and AA."},
{"name": "template 12",
 "sql": "SELECT Value FROM DBdata WHERE (AA IN ('AAdq')) AND (BB IN ('BBdt','BBdj')) ORDER BY VALUE ASC LIMIT 2",
 "sqlResult": "{202} || {403}",
 "nlq": "What are the bottom 2 numbers of graduations with a AAdq in BBdt or BBdj?"},
{"name": "template 13",
 "sql": "SELECT Value FROM DBdata WHERE (AA IN ('AAmq')) AND (BB IN ('BBdt','BBdj')) ORDER BY VALUE DESC",
 "sqlResult": "{383} || {353}",
 "nlq": "What are the numbers of graduations ordered by decreasing values with a AAmq in BBdt or BBdj?"},
{"name": "template 14",
 "sql": "SELECT BB FROM DBdata WHERE (AA IN ('AAmq')) AND Value > 366.27",
 "sqlResult": "{BBdj}",
 "nlq": "What is the BB for which the number of graduations with a AAmq is greater than 366.27?"},
{"name": "template 15",
 "sql": "SELECT BB,Value FROM DBdata WHERE (AA IN ('AAhx')) AND (BB) IN (SELECT BB FROM DBdata WHERE (AA IN ('AAmq')) AND Value > 366.27)",
 "sqlResult": "{BBdj | 415}",
 "nlq": "What is the number of graduations with a AAhx in BB for which the number of graduations with a AAmq is greater than 366.27? Please, report the corresponding BB and number of graduations."}]
}

