{
"filename": "Number_of_graduations_set10_5_DB.csv",
"questions": [{"name": "template 1",
 "sql": "SELECT Value FROM DBdata WHERE (AA IN ('AAvw')) AND (BB IN ('BBpz'))",
 "sqlResult": "{413}",
 "nlq": "What is the number of graduations with a AAvw in BBpz?"},
{"name": "template 2",
 "sql": "SELECT Value FROM DBdata WHERE (AA IN ('AAvw')) AND (BB IN ('BBrv','BBpz','BBlr'))",
 "sqlResult": "{323} || {413} || {325}",
 "nlq": "What is the number of graduations with a AAvw in BBrv, BBpz, or BBlr?"},
{"name": "template 3",
 "sql": "SELECT Value FROM DBdata WHERE (AA IN ('AAfm','AAkn')) AND (BB IN ('BBpz'))",
 "sqlResult": "{67} || {457}",
 "nlq": "What is the number of graduations with a AAfm or AAkn in BBpz?"},
{"name": "template 4",
 "sql": "SELECT min(Value),sum(Value) FROM DBdata WHERE (AA IN ('AAfm','AAvw')) AND (BB IN ('BBrv'))",
 "sqlResult": "{167 | 490}",
 "nlq": "What are the minimum and total numbers of graduations with a AAfm or AAvw in BBrv?"},
{"name": "template 6",
 "sql": "SELECT Value FROM DBdata WHERE (AA IN ('AAfm','AAvw','AAkn')) AND (BB IN ('BBrv','BBpz'))",
 "sqlResult": "{167} || {323} || {287} || {67} || {413} || {457}",
 "nlq": "What is the number of graduations with a AAfm, AAvw, or AAkn in BBrv or BBpz?"},
{"name": "template 7",
 "sql": "SELECT sum(Value),max(Value) FROM DBdata WHERE (AA IN ('AAkn')) AND (BB IN ('BBrv','BBpz','BBlr'))",
 "sqlResult": "{870 | 457}",
 "nlq": "What are the total and maximum numbers of graduations with a AAkn in BBrv, BBpz, or BBlr?"},
{"name": "template 8",
 "sql": "SELECT AA,min(Value),sum(Value) FROM DBdata WHERE (AA IN ('AAfm','AAvw','AAkn')) AND (BB IN ('BBrv','BBpz','BBlr')) GROUP BY AA",
 "sqlResult": "{AAfm | 67 | 623} || {AAvw | 323 | 1061} || {AAkn | 126 | 870}",
 "nlq": "What are the minimum and total numbers of graduations for each AA, with a AAfm, AAvw, or AAkn in BBrv, BBpz, or BBlr? Please, report the corresponding AA."},
{"name": "template 9",
 "sql": "SELECT min(Value) FROM DBdata WHERE (AA IN ('AAvw')) AND (BB IN ('BBrv','BBpz','BBlr')) GROUP BY BB",
 "sqlResult": "{323} || {413} || {325}",
 "nlq": "What is the minimum number of graduations for each BB, with a AAvw in BBrv, BBpz, or BBlr?"},
{"name": "template 10",
 "sql": "SELECT BB,sum(Value) FROM DBdata WHERE (AA IN ('AAkn')) AND (BB IN ('BBrv','BBpz','BBlr')) GROUP BY BB",
 "sqlResult": "{BBrv | 287} || {BBpz | 457} || {BBlr | 126}",
 "nlq": "What is the total number of graduations for each BB, with a AAkn in BBrv, BBpz, or BBlr? Please, report the corresponding BB."},
{"name": "template 11",
 "sql": "SELECT BB,AA,max(Value) FROM DBdata WHERE (AA IN ('AAfm','AAkn')) AND (BB IN ('BBrv','BBpz','BBlr')) GROUP BY BB,AA",
 "sqlResult": "{BBrv | AAfm | 167} || {BBrv | AAkn | 287} || {BBpz | AAfm | 67} || {BBpz | AAkn | 457} || {BBlr | AAfm | 389} || {BBlr | AAkn | 126}",
 "nlq": "What is the maximum number of graduations for each BB and AA, with a AAfm or AAkn in BBrv, BBpz, or BBlr? Please, report the corresponding BB and AA."},
{"name": "template 12",
 "sql": "SELECT Value FROM DBdata WHERE (AA IN ('AAfm')) AND (BB IN ('BBrv','BBlr')) ORDER BY VALUE DESC LIMIT 2",
 "sqlResult": "{389} || {167}",
 "nlq": "What are the top 2 numbers of graduations with a AAfm in BBrv or BBlr?"},
{"name": "template 13",
 "sql": "SELECT Value FROM DBdata WHERE (AA IN ('AAfm')) AND (BB IN ('BBpz','BBlr')) ORDER BY VALUE DESC",
 "sqlResult": "{389} || {67}",
 "nlq": "What are the numbers of graduations ordered by decreasing values with a AAfm in BBpz or BBlr?"},
{"name": "template 14",
 "sql": "SELECT BB FROM DBdata WHERE (AA IN ('AAfm')) AND Value < 283.78",
 "sqlResult": "{BBrv} || {BBpz}",
 "nlq": "What is the BB for which the number of graduations with a AAfm is lower than 283.78?"},
{"name": "template 15",
 "sql": "SELECT BB,Value FROM DBdata WHERE (AA IN ('AAkn')) AND (BB) IN (SELECT BB FROM DBdata WHERE (AA IN ('AAfm')) AND Value < 283.78)",
 "sqlResult": "{BBrv | 287} || {BBpz | 457}",
 "nlq": "What is the number of graduations with a AAkn in BB for which the number of graduations with a AAfm is lower than 283.78? Please, report the corresponding BB and number of graduations."}]
}

