{
"filename": "Number_of_graduations_set8_3_DB.csv",
"questions": [{"name": "template 1",
 "sql": "SELECT Value FROM DBdata WHERE (AA IN ('AAgl')) AND (BB IN ('BBfk'))",
 "sqlResult": "{436}",
 "nlq": "What is the number of graduations with a AAgl in BBfk?"},
{"name": "template 2",
 "sql": "SELECT Value FROM DBdata WHERE (AA IN ('AAgl')) AND (BB IN ('BBlr','BBcs','BBfk','BBdp','BBvw'))",
 "sqlResult": "{264} || {170} || {436} || {239} || {370}",
 "nlq": "What is the number of graduations with a AAgl in BBlr, BBcs, BBfk, BBdp, or BBvw?"},
{"name": "template 3",
 "sql": "SELECT Value FROM DBdata WHERE (AA IN ('AAgl','AAnw')) AND (BB IN ('BBcs'))",
 "sqlResult": "{170} || {306}",
 "nlq": "What is the number of graduations with a AAgl or AAnw in BBcs?"},
{"name": "template 4",
 "sql": "SELECT sum(Value),min(Value) FROM DBdata WHERE (AA IN ('AAgl','AAnw','AAmn')) AND (BB IN ('BBfk'))",
 "sqlResult": "{1202 | 307}",
 "nlq": "What are the total and minimum numbers of graduations with a AAgl, AAnw, or AAmn in BBfk?"},
{"name": "template 6",
 "sql": "SELECT Value FROM DBdata WHERE (AA IN ('AAgl','AAnw','AAmn')) AND (BB IN ('BBlr','BBfk','BBvw'))",
 "sqlResult": "{264} || {426} || {343} || {436} || {307} || {459} || {370} || {481} || {458}",
 "nlq": "What is the number of graduations with a AAgl, AAnw, or AAmn in BBlr, BBfk, or BBvw?"},
{"name": "template 7",
 "sql": "SELECT min(Value),avg(Value) FROM DBdata WHERE (AA IN ('AAgl')) AND (BB IN ('BBlr','BBcs','BBfk','BBdp','BBvw'))",
 "sqlResult": "{170 | 295.8}",
 "nlq": "What are the minimum and average numbers of graduations with a AAgl in BBlr, BBcs, BBfk, BBdp, or BBvw?"},
{"name": "template 8",
 "sql": "SELECT AA,avg(Value),min(Value) FROM DBdata WHERE (AA IN ('AAgl','AAmn')) AND (BB IN ('BBlr','BBcs','BBdp')) GROUP BY AA",
 "sqlResult": "{AAgl | 224.33 | 170} || {AAmn | 324.33 | 145}",
 "nlq": "What are the average and minimum numbers of graduations for each AA, with a AAgl or AAmn in BBlr, BBcs, or BBdp? Please, report the corresponding AA."},
{"name": "template 9",
 "sql": "SELECT min(Value) FROM DBdata WHERE (AA IN ('AAnw')) AND (BB IN ('BBlr','BBcs','BBfk','BBdp','BBvw')) GROUP BY BB",
 "sqlResult": "{426} || {306} || {307} || {86} || {481}",
 "nlq": "What is the minimum number of graduations for each BB, with a AAnw in BBlr, BBcs, BBfk, BBdp, or BBvw?"},
{"name": "template 10",
 "sql": "SELECT BB,sum(Value) FROM DBdata WHERE (AA IN ('AAnw')) AND (BB IN ('BBlr','BBcs','BBfk','BBdp','BBvw')) GROUP BY BB",
 "sqlResult": "{BBlr | 426} || {BBcs | 306} || {BBfk | 307} || {BBdp | 86} || {BBvw | 481}",
 "nlq": "What is the total number of graduations for each BB, with a AAnw in BBlr, BBcs, BBfk, BBdp, or BBvw? Please, report the corresponding BB."},
{"name": "template 11",
 "sql": "SELECT BB,AA,avg(Value) FROM DBdata WHERE (AA IN ('AAnw','AAmn')) AND (BB IN ('BBlr','BBcs','BBfk','BBdp','BBvw')) GROUP BY BB,AA",
 "sqlResult": "{BBlr | AAnw | 426} || {BBlr | AAmn | 343} || {BBcs | AAnw | 306} || {BBcs | AAmn | 485} || {BBfk | AAnw | 307} || {BBfk | AAmn | 459} || {BBdp | AAnw | 86} || {BBdp | AAmn | 145} || {BBvw | AAnw | 481} || {BBvw | AAmn | 458}",
 "nlq": "What is the average number of graduations for each BB and AA, with a AAnw or AAmn in BBlr, BBcs, BBfk, BBdp, or BBvw? Please, report the corresponding BB and AA."},
{"name": "template 12",
 "sql": "SELECT Value FROM DBdata WHERE (AA IN ('AAgl')) AND (BB IN ('BBfk','BBdp')) ORDER BY VALUE DESC LIMIT 2",
 "sqlResult": "{436} || {239}",
 "nlq": "What are the top 2 numbers of graduations with a AAgl in BBfk or BBdp?"},
{"name": "template 13",
 "sql": "SELECT Value FROM DBdata WHERE (AA IN ('AAgl')) AND (BB IN ('BBcs','BBfk')) ORDER BY VALUE DESC",
 "sqlResult": "{436} || {170}",
 "nlq": "What are the numbers of graduations ordered by decreasing values with a AAgl in BBcs or BBfk?"},
{"name": "template 14",
 "sql": "SELECT BB FROM DBdata WHERE (AA IN ('AAnw')) AND Value > 331.67",
 "sqlResult": "{BBlr} || {BBvw}",
 "nlq": "What is the BB for which the number of graduations with a AAnw is greater than 331.67?"},
{"name": "template 15",
 "sql": "SELECT BB,Value FROM DBdata WHERE (AA IN ('AAgl')) AND (BB) IN (SELECT BB FROM DBdata WHERE (AA IN ('AAnw')) AND Value > 331.67)",
 "sqlResult": "{BBlr | 264} || {BBvw | 370}",
 "nlq": "What is the number of graduations with a AAgl in BB for which the number of graduations with a AAnw is greater than 331.67? Please, report the corresponding BB and number of graduations."}]
}

