Degree,Year,Language,Value
Degree,Year,Language,Value
BSc,2016/2017,French,482
MSc,2016/2017,French,89
PhD,2016/2017,French,496
BSc,2017/2018,French,167
MSc,2017/2018,French,352
PhD,2017/2018,French,195
BSc,2018/2019,French,304
MSc,2018/2019,French,419
PhD,2018/2019,French,495
BSc,2019/2020,French,100
MSc,2019/2020,French,176
PhD,2019/2020,French,320
BSc,2016/2017,Spanish,376
MSc,2016/2017,Spanish,404
PhD,2016/2017,Spanish,101
BSc,2017/2018,Spanish,273
MSc,2017/2018,Spanish,493
PhD,2017/2018,Spanish,123
BSc,2018/2019,Spanish,246
MSc,2018/2019,Spanish,364
PhD,2018/2019,Spanish,253
BSc,2019/2020,Spanish,300
MSc,2019/2020,Spanish,118
PhD,2019/2020,Spanish,165
BSc,2016/2017,German,267
MSc,2016/2017,German,387
PhD,2016/2017,German,370
BSc,2017/2018,German,232
MSc,2017/2018,German,415
PhD,2017/2018,German,489
BSc,2018/2019,German,429
MSc,2018/2019,German,199
PhD,2018/2019,German,463
BSc,2019/2020,German,219
MSc,2019/2020,German,383
PhD,2019/2020,German,114
