{
"filename": "Number_of_graduations_set1_4_DB.csv",
"questions": [{"name": "template 1",
 "sql": "SELECT Value FROM DBdata WHERE (Degree IN ('PhD')) AND (Year IN ('2019/2020'))",
 "sqlResult": "{71}",
 "nlq": "What is the number of graduations with a PhD in 2019/2020?"},
{"name": "template 2",
 "sql": "SELECT Value FROM DBdata WHERE (Degree IN ('MSc')) AND (Year IN ('2019/2020','2020/2021','2021/2022'))",
 "sqlResult": "{57} || {325} || {408}",
 "nlq": "What is the number of graduations with a MSc in 2019/2020, 2020/2021, or 2021/2022?"},
{"name": "template 3",
 "sql": "SELECT Value FROM DBdata WHERE (Degree IN ('BSc','MSc','PhD')) AND (Year IN ('2019/2020'))",
 "sqlResult": "{364} || {57} || {71}",
 "nlq": "What is the number of graduations with a BSc, MSc, or PhD in 2019/2020?"},
{"name": "template 4",
 "sql": "SELECT min(Value),sum(Value) FROM DBdata WHERE (Degree IN ('BSc','MSc','PhD')) AND (Year IN ('2019/2020'))",
 "sqlResult": "{57 | 492}",
 "nlq": "What are the minimum and total numbers of graduations with a BSc, MSc, or PhD in 2019/2020?"},
{"name": "template 6",
 "sql": "SELECT Value FROM DBdata WHERE (Degree IN ('BSc','PhD')) AND (Year IN ('2020/2021','2021/2022'))",
 "sqlResult": "{168} || {184} || {338} || {238}",
 "nlq": "What is the number of graduations with a BSc or PhD in 2020/2021 or 2021/2022?"},
{"name": "template 7",
 "sql": "SELECT avg(Value),min(Value) FROM DBdata WHERE (Degree IN ('PhD')) AND (Year IN ('2019/2020','2020/2021','2021/2022'))",
 "sqlResult": "{164.33 | 71}",
 "nlq": "What are the average and minimum numbers of graduations with a PhD in 2019/2020, 2020/2021, or 2021/2022?"},
{"name": "template 8",
 "sql": "SELECT Degree,max(Value),min(Value) FROM DBdata WHERE (Degree IN ('BSc','MSc','PhD')) AND (Year IN ('2019/2020','2020/2021','2021/2022')) GROUP BY Degree",
 "sqlResult": "{BSc | 364 | 168} || {MSc | 408 | 57} || {PhD | 238 | 71}",
 "nlq": "What are the maximum and minimum numbers of graduations for each Degree, with a BSc, MSc, or PhD in 2019/2020, 2020/2021, or 2021/2022? Please, report the corresponding Degree."},
{"name": "template 9",
 "sql": "SELECT min(Value) FROM DBdata WHERE (Degree IN ('BSc')) AND (Year IN ('2019/2020','2020/2021','2021/2022')) GROUP BY Year",
 "sqlResult": "{364} || {168} || {338}",
 "nlq": "What is the minimum number of graduations for each Year, with a BSc in 2019/2020, 2020/2021, or 2021/2022?"},
{"name": "template 10",
 "sql": "SELECT Year,avg(Value) FROM DBdata WHERE (Degree IN ('BSc')) AND (Year IN ('2019/2020','2020/2021','2021/2022')) GROUP BY Year",
 "sqlResult": "{2019/2020 | 364} || {2020/2021 | 168} || {2021/2022 | 338}",
 "nlq": "What is the average number of graduations for each Year, with a BSc in 2019/2020, 2020/2021, or 2021/2022? Please, report the corresponding Year."},
{"name": "template 11",
 "sql": "SELECT Year,Degree,max(Value) FROM DBdata WHERE (Degree IN ('MSc','PhD')) AND (Year IN ('2019/2020','2020/2021','2021/2022')) GROUP BY Year,Degree",
 "sqlResult": "{2019/2020 | MSc | 57} || {2019/2020 | PhD | 71} || {2020/2021 | MSc | 325} || {2020/2021 | PhD | 184} || {2021/2022 | MSc | 408} || {2021/2022 | PhD | 238}",
 "nlq": "What is the maximum number of graduations for each Year and Degree, with a MSc or PhD in 2019/2020, 2020/2021, or 2021/2022? Please, report the corresponding Year and Degree."},
{"name": "template 12",
 "sql": "SELECT Value FROM DBdata WHERE (Degree IN ('BSc')) AND (Year IN ('2019/2020','2021/2022')) ORDER BY VALUE DESC LIMIT 2",
 "sqlResult": "{364} || {338}",
 "nlq": "What are the top 2 numbers of graduations with a BSc in 2019/2020 or 2021/2022?"},
{"name": "template 13",
 "sql": "SELECT Value FROM DBdata WHERE (Degree IN ('MSc')) AND (Year IN ('2020/2021','2021/2022')) ORDER BY VALUE ASC",
 "sqlResult": "{325} || {408}",
 "nlq": "What are the numbers of graduations ordered by increasing values with a MSc in 2020/2021 or 2021/2022?"},
{"name": "template 14",
 "sql": "SELECT Year FROM DBdata WHERE (Degree IN ('MSc')) AND Value > 239.22",
 "sqlResult": "{2020/2021} || {2021/2022}",
 "nlq": "What is the Year for which the number of graduations with a MSc is greater than 239.22?"},
{"name": "template 15",
 "sql": "SELECT Year,Value FROM DBdata WHERE (Degree IN ('BSc')) AND (Year) IN (SELECT Year FROM DBdata WHERE (Degree IN ('MSc')) AND Value > 239.22)",
 "sqlResult": "{2020/2021 | 168} || {2021/2022 | 338}",
 "nlq": "What is the number of graduations with a BSc in Year for which the number of graduations with a MSc is greater than 239.22? Please, report the corresponding Year and number of graduations."}]
}
