{
"filename": "Number_of_graduations_set4_2_DB.csv",
"questions": [{"name": "template 1",
 "sql": "SELECT Value FROM DBdata WHERE (AA IN ('AAck')) AND (BB IN ('BBnr'))",
 "sqlResult": "{477}",
 "nlq": "What is the number of graduations with a AAck in BBnr?"},
{"name": "template 2",
 "sql": "SELECT Value FROM DBdata WHERE (AA IN ('AAck')) AND (BB IN ('BBlv','BBjr'))",
 "sqlResult": "{333} || {237}",
 "nlq": "What is the number of graduations with a AAck in BBlv or BBjr?"},
{"name": "template 3",
 "sql": "SELECT Value FROM DBdata WHERE (AA IN ('AAkz','AAls','AAck')) AND (BB IN ('BBnr'))",
 "sqlResult": "{219} || {500} || {477}",
 "nlq": "What is the number of graduations with a AAkz, AAls, or AAck in BBnr?"},
{"name": "template 4",
 "sql": "SELECT avg(Value),min(Value) FROM DBdata WHERE (AA IN ('AAkz','AAls','AAck')) AND (BB IN ('BBqv'))",
 "sqlResult": "{187 | 114}",
 "nlq": "What are the average and minimum numbers of graduations with a AAkz, AAls, or AAck in BBqv?"},
{"name": "template 6",
 "sql": "SELECT Value FROM DBdata WHERE (AA IN ('AAls','AAck')) AND (BB IN ('BBqv','BBlv','BBjr'))",
 "sqlResult": "{227} || {220} || {148} || {333} || {106} || {237}",
 "nlq": "What is the number of graduations with a AAls or AAck in BBqv, BBlv, or BBjr?"},
{"name": "template 7",
 "sql": "SELECT max(Value),sum(Value) FROM DBdata WHERE (AA IN ('AAkz')) AND (BB IN ('BBqv','BBnr','BBlv','BBjr'))",
 "sqlResult": "{410 | 839}",
 "nlq": "What are the maximum and total numbers of graduations with a AAkz in BBqv, BBnr, BBlv, or BBjr?"},
{"name": "template 8",
 "sql": "SELECT AA,max(Value),min(Value) FROM DBdata WHERE (AA IN ('AAkz','AAls','AAck')) AND (BB IN ('BBqv','BBnr','BBjr')) GROUP BY AA",
 "sqlResult": "{AAkz | 219 | 96} || {AAls | 500 | 106} || {AAck | 477 | 220}",
 "nlq": "What are the maximum and minimum numbers of graduations for each AA, with a AAkz, AAls, or AAck in BBqv, BBnr, or BBjr? Please, report the corresponding AA."},
{"name": "template 9",
 "sql": "SELECT min(Value) FROM DBdata WHERE (AA IN ('AAkz')) AND (BB IN ('BBqv','BBnr','BBlv','BBjr')) GROUP BY BB",
 "sqlResult": "{114} || {219} || {410} || {96}",
 "nlq": "What is the minimum number of graduations for each BB, with a AAkz in BBqv, BBnr, BBlv, or BBjr?"},
{"name": "template 10",
 "sql": "SELECT BB,min(Value) FROM DBdata WHERE (AA IN ('AAls')) AND (BB IN ('BBqv','BBnr','BBlv','BBjr')) GROUP BY BB",
 "sqlResult": "{BBqv | 227} || {BBnr | 500} || {BBlv | 148} || {BBjr | 106}",
 "nlq": "What is the minimum number of graduations for each BB, with a AAls in BBqv, BBnr, BBlv, or BBjr? Please, report the corresponding BB."},
{"name": "template 11",
 "sql": "SELECT BB,AA,sum(Value) FROM DBdata WHERE (AA IN ('AAkz','AAls','AAck')) AND (BB IN ('BBqv','BBnr','BBlv','BBjr')) GROUP BY BB,AA",
 "sqlResult": "{BBqv | AAkz | 114} || {BBqv | AAls | 227} || {BBqv | AAck | 220} || {BBnr | AAkz | 219} || {BBnr | AAls | 500} || {BBnr | AAck | 477} || {BBlv | AAkz | 410} || {BBlv | AAls | 148} || {BBlv | AAck | 333} || {BBjr | AAkz | 96} || {BBjr | AAls | 106} || {BBjr | AAck | 237}",
 "nlq": "What is the total number of graduations for each BB and AA, with a AAkz, AAls, or AAck in BBqv, BBnr, BBlv, or BBjr? Please, report the corresponding BB and AA."},
{"name": "template 12",
 "sql": "SELECT Value FROM DBdata WHERE (AA IN ('AAck')) AND (BB IN ('BBqv','BBjr')) ORDER BY VALUE DESC LIMIT 2",
 "sqlResult": "{237} || {220}",
 "nlq": "What are the top 2 numbers of graduations with a AAck in BBqv or BBjr?"},
{"name": "template 13",
 "sql": "SELECT Value FROM DBdata WHERE (AA IN ('AAls')) AND (BB IN ('BBlv','BBjr')) ORDER BY VALUE DESC",
 "sqlResult": "{148} || {106}",
 "nlq": "What are the numbers of graduations ordered by decreasing values with a AAls in BBlv or BBjr?"},
{"name": "template 14",
 "sql": "SELECT BB FROM DBdata WHERE (AA IN ('AAls')) AND Value < 257.25",
 "sqlResult": "{BBqv} || {BBlv} || {BBjr}",
 "nlq": "What is the BB for which the number of graduations with a AAls is lower than 257.25?"},
{"name": "template 15",
 "sql": "SELECT BB,Value FROM DBdata WHERE (AA IN ('AAkz')) AND (BB) IN (SELECT BB FROM DBdata WHERE (AA IN ('AAls')) AND Value < 257.25)",
 "sqlResult": "{BBqv | 114} || {BBlv | 410} || {BBjr | 96}",
 "nlq": "What is the number of graduations with a AAkz in BB for which the number of graduations with a AAls is lower than 257.25? Please, report the corresponding BB and number of graduations."}]
}

