{
"filename": "Number_of_graduations_set39_1_DB.csv",
"questions": [{"name": "template 1",
 "sql": "SELECT Value FROM DBdata WHERE (Degree IN ('BSc')) AND ((Year = '2018/2019' AND Language = 'French'))",
 "sqlResult": "{262}",
 "nlq": "What is the number of graduations with a BSc in French in 2018/2019?"},
{"name": "template 2",
 "sql": "SELECT Value FROM DBdata WHERE (Degree IN ('PhD')) AND ((Year = '2015/2016' AND Language = 'English') OR (Year = '2018/2019' AND Language = 'English') OR (Year = '2015/2016' AND Language = 'French') OR (Year = '2016/2017' AND Language = 'French') OR (Year = '2017/2018' AND Language = 'French') OR (Year = '2018/2019' AND Language = 'French') OR (Year = '2019/2020' AND Language = 'French') OR (Year = '2015/2016' AND Language = 'Spanish') OR (Year = '2016/2017' AND Language = 'Spanish') OR (Year = '2017/2018' AND Language = 'Spanish'))",
 "sqlResult": "{363} || {293} || {70} || {278} || {445} || {139} || {135} || {87} || {426} || {211}",
 "nlq": "What is the number of graduations with a PhD in English or French in 2018/2019 or in English, French, or Spanish in 2015/2016 or in French in 2016/2017, 2017/2018, or 2019/2020 or in Spanish in 2016/2017 or 2017/2018?"},
{"name": "template 3",
 "sql": "SELECT Value FROM DBdata WHERE (Degree IN ('BSc','MSc','PhD')) AND ((Year = '2017/2018' AND Language = 'French'))",
 "sqlResult": "{232} || {378} || {445}",
 "nlq": "What is the number of graduations with a BSc, MSc, or PhD in French in 2017/2018?"},
{"name": "template 4",
 "sql": "SELECT max(Value),avg(Value) FROM DBdata WHERE (Degree IN ('BSc','MSc')) AND ((Year = '2016/2017' AND Language = 'Spanish'))",
 "sqlResult": "{382 | 378.5}",
 "nlq": "What are the maximum and average numbers of graduations with a BSc or MSc in Spanish in 2016/2017?"},
{"name": "template 6",
 "sql": "SELECT Value FROM DBdata WHERE (Degree IN ('BSc','MSc','PhD')) AND ((Year = '2015/2016' AND Language = 'English') OR (Year = '2019/2020' AND Language = 'Spanish'))",
 "sqlResult": "{169} || {442} || {363} || {90} || {128} || {101}",
 "nlq": "What is the number of graduations with a BSc, MSc, or PhD in English in 2015/2016 or in Spanish in 2019/2020?"},
{"name": "template 7",
 "sql": "SELECT max(Value),sum(Value) FROM DBdata WHERE (Degree IN ('BSc')) AND ((Year = '2016/2017' AND Language = 'French') OR (Year = '2015/2016' AND Language = 'Spanish'))",
 "sqlResult": "{258 | 482}",
 "nlq": "What are the maximum and total numbers of graduations with a BSc in French in 2016/2017 or in Spanish in 2015/2016?"},
{"name": "template 8",
 "sql": "SELECT Degree,sum(Value),avg(Value) FROM DBdata WHERE (Degree IN ('MSc','PhD')) AND ((Year = '2016/2017' AND Language = 'French') OR (Year = '2019/2020' AND Language = 'French') OR (Year = '2018/2019' AND Language = 'Spanish')) GROUP BY Degree",
 "sqlResult": "{MSc | 1021 | 340.33} || {PhD | 533 | 177.67}",
 "nlq": "What are the total and average numbers of graduations for each Degree, with a MSc or PhD in French in 2016/2017 or 2019/2020 or in Spanish in 2018/2019? Please, report the corresponding Degree."},
{"name": "template 9",
 "sql": "SELECT min(Value) FROM DBdata WHERE (Degree IN ('MSc')) AND (Year IN ('2015/2016','2016/2017','2017/2018','2018/2019','2019/2020')) GROUP BY Year",
 "sqlResult": "{321} || {202} || {216} || {134} || {128}",
 "nlq": "What is the minimum number of graduations for each Year, with a MSc in 2015/2016, 2016/2017, 2017/2018, 2018/2019, or 2019/2020?"},
{"name": "template 10",
 "sql": "SELECT Year,max(Value) FROM DBdata WHERE (Degree IN ('MSc')) AND (Year IN ('2015/2016','2016/2017','2017/2018','2018/2019','2019/2020')) GROUP BY Year",
 "sqlResult": "{2015/2016 | 442} || {2016/2017 | 375} || {2017/2018 | 378} || {2018/2019 | 428} || {2019/2020 | 449}",
 "nlq": "What is the maximum number of graduations for each Year, with a MSc in 2015/2016, 2016/2017, 2017/2018, 2018/2019, or 2019/2020? Please, report the corresponding Year."},
{"name": "template 11",
 "sql": "SELECT Year,Degree,max(Value) FROM DBdata WHERE (Degree IN ('BSc','MSc')) AND (Year IN ('2015/2016','2016/2017','2017/2018','2018/2019','2019/2020')) GROUP BY Year,Degree",
 "sqlResult": "{2015/2016 | BSc | 261} || {2015/2016 | MSc | 442} || {2016/2017 | BSc | 429} || {2016/2017 | MSc | 375} || {2017/2018 | BSc | 400} || {2017/2018 | MSc | 378} || {2018/2019 | BSc | 456} || {2018/2019 | MSc | 428} || {2019/2020 | BSc | 361} || {2019/2020 | MSc | 449}",
 "nlq": "What is the maximum number of graduations for each Year and Degree, with a BSc or MSc in 2015/2016, 2016/2017, 2017/2018, 2018/2019, or 2019/2020? Please, report the corresponding Year and Degree."},
{"name": "template 12",
 "sql": "SELECT Value FROM DBdata WHERE (Degree IN ('BSc')) AND (Year IN ('2017/2018','2018/2019')) ORDER BY VALUE DESC LIMIT 2",
 "sqlResult": "{456} || {400}",
 "nlq": "What are the top 2 numbers of graduations with a BSc in 2017/2018 or 2018/2019?"},
{"name": "template 13",
 "sql": "SELECT Value FROM DBdata WHERE (Degree IN ('MSc')) AND (Year IN ('2015/2016','2016/2017')) ORDER BY VALUE DESC",
 "sqlResult": "{442} || {377} || {375} || {321} || {316} || {202}",
 "nlq": "What are the numbers of graduations ordered by decreasing values with a MSc in 2015/2016 or 2016/2017?"},
{"name": "template 14",
 "sql": "SELECT Year,Language FROM DBdata WHERE (Degree IN ('PhD')) AND Value > 273.91",
 "sqlResult": "{2015/2016 | English} || {2018/2019 | English} || {2019/2020 | English} || {2016/2017 | French} || {2017/2018 | French} || {2016/2017 | Spanish}",
 "nlq": "What are the Year and Language for which the number of graduations with a PhD is greater than 273.91?"},
{"name": "template 15",
 "sql": "SELECT Year,Language,Value FROM DBdata WHERE (Degree IN ('MSc')) AND (Year,Language) IN (SELECT Year,Language FROM DBdata WHERE (Degree IN ('PhD')) AND Value > 273.91)",
 "sqlResult": "{2015/2016 | English | 442} || {2018/2019 | English | 134} || {2019/2020 | English | 449} || {2016/2017 | French | 316} || {2017/2018 | French | 378} || {2016/2017 | Spanish | 375}",
 "nlq": "What is the number of graduations with a MSc in Year and in Language for which the number of graduations with a PhD is greater than 273.91? Please, report the corresponding Year, Language, and number of graduations."}]
}
