{
"filename": "Number_of_graduations_set12_3_DB.csv",
"questions": [{"name": "template 1",
 "sql": "SELECT Value FROM DBdata WHERE (AA IN ('AAnv')) AND (BB IN ('BBjt'))",
 "sqlResult": "{128}",
 "nlq": "What is the number of graduations with a AAnv in BBjt?"},
{"name": "template 2",
 "sql": "SELECT Value FROM DBdata WHERE (AA IN ('AAqt')) AND (BB IN ('BBcw','BBrw'))",
 "sqlResult": "{148} || {258}",
 "nlq": "What is the number of graduations with a AAqt in BBcw or BBrw?"},
{"name": "template 3",
 "sql": "SELECT Value FROM DBdata WHERE (AA IN ('AAmn','AAnv')) AND (BB IN ('BBlq'))",
 "sqlResult": "{50} || {119}",
 "nlq": "What is the number of graduations with a AAmn or AAnv in BBlq?"},
{"name": "template 4",
 "sql": "SELECT avg(Value),max(Value) FROM DBdata WHERE (AA IN ('AAqt','AAmn')) AND (BB IN ('BBjt'))",
 "sqlResult": "{215 | 372}",
 "nlq": "What are the average and maximum numbers of graduations with a AAqt or AAmn in BBjt?"},
{"name": "template 6",
 "sql": "SELECT Value FROM DBdata WHERE (AA IN ('AAqt','AAmn','AAnv')) AND (BB IN ('BBlq','BBjt'))",
 "sqlResult": "{157} || {50} || {119} || {372} || {58} || {128}",
 "nlq": "What is the number of graduations with a AAqt, AAmn, or AAnv in BBlq or BBjt?"},
{"name": "template 7",
 "sql": "SELECT min(Value),max(Value) FROM DBdata WHERE (AA IN ('AAmn')) AND (BB IN ('BBcw','BBrw','BBlq'))",
 "sqlResult": "{50 | 331}",
 "nlq": "What are the minimum and maximum numbers of graduations with a AAmn in BBcw, BBrw, or BBlq?"},
{"name": "template 8",
 "sql": "SELECT AA,max(Value),avg(Value) FROM DBdata WHERE (AA IN ('AAqt','AAmn','AAnv')) AND (BB IN ('BBrw','BBlq')) GROUP BY AA",
 "sqlResult": "{AAqt | 258 | 207.5} || {AAmn | 85 | 67.5} || {AAnv | 351 | 235}",
 "nlq": "What are the maximum and average numbers of graduations for each AA, with a AAqt, AAmn, or AAnv in BBrw or BBlq? Please, report the corresponding AA."},
{"name": "template 9",
 "sql": "SELECT min(Value) FROM DBdata WHERE (AA IN ('AAnv')) AND (BB IN ('BBcw','BBrw','BBlq','BBjt')) GROUP BY BB",
 "sqlResult": "{315} || {351} || {119} || {128}",
 "nlq": "What is the minimum number of graduations for each BB, with a AAnv in BBcw, BBrw, BBlq, or BBjt?"},
{"name": "template 10",
 "sql": "SELECT BB,min(Value) FROM DBdata WHERE (AA IN ('AAnv')) AND (BB IN ('BBcw','BBrw','BBlq','BBjt')) GROUP BY BB",
 "sqlResult": "{BBcw | 315} || {BBrw | 351} || {BBlq | 119} || {BBjt | 128}",
 "nlq": "What is the minimum number of graduations for each BB, with a AAnv in BBcw, BBrw, BBlq, or BBjt? Please, report the corresponding BB."},
{"name": "template 11",
 "sql": "SELECT BB,AA,sum(Value) FROM DBdata WHERE (AA IN ('AAqt','AAmn','AAnv')) AND (BB IN ('BBcw','BBrw','BBlq','BBjt')) GROUP BY BB,AA",
 "sqlResult": "{BBcw | AAqt | 148} || {BBcw | AAmn | 331} || {BBcw | AAnv | 315} || {BBrw | AAqt | 258} || {BBrw | AAmn | 85} || {BBrw | AAnv | 351} || {BBlq | AAqt | 157} || {BBlq | AAmn | 50} || {BBlq | AAnv | 119} || {BBjt | AAqt | 372} || {BBjt | AAmn | 58} || {BBjt | AAnv | 128}",
 "nlq": "What is the total number of graduations for each BB and AA, with a AAqt, AAmn, or AAnv in BBcw, BBrw, BBlq, or BBjt? Please, report the corresponding BB and AA."},
{"name": "template 12",
 "sql": "SELECT Value FROM DBdata WHERE (AA IN ('AAnv')) AND (BB IN ('BBcw','BBrw')) ORDER BY VALUE DESC LIMIT 2",
 "sqlResult": "{351} || {315}",
 "nlq": "What are the top 2 numbers of graduations with a AAnv in BBcw or BBrw?"},
{"name": "template 13",
 "sql": "SELECT Value FROM DBdata WHERE (AA IN ('AAqt')) AND (BB IN ('BBrw','BBlq')) ORDER BY VALUE ASC",
 "sqlResult": "{157} || {258}",
 "nlq": "What are the numbers of graduations ordered by increasing values with a AAqt in BBrw or BBlq?"},
{"name": "template 14",
 "sql": "SELECT BB FROM DBdata WHERE (AA IN ('AAnv')) AND Value < 197.67",
 "sqlResult": "{BBlq} || {BBjt}",
 "nlq": "What is the BB for which the number of graduations with a AAnv is lower than 197.67?"},
{"name": "template 15",
 "sql": "SELECT BB,Value FROM DBdata WHERE (AA IN ('AAqt')) AND (BB) IN (SELECT BB FROM DBdata WHERE (AA IN ('AAnv')) AND Value < 197.67)",
 "sqlResult": "{BBlq | 157} || {BBjt | 372}",
 "nlq": "What is the number of graduations with a AAqt in BB for which the number of graduations with a AAnv is lower than 197.67? Please, report the corresponding BB and number of graduations."}]
}

