AA,BB,CC,Value
AA,BB,CC,Value
AAmp,BBfv,CChn,264
AAkp,BBfv,CChn,58
AAkz,BBfv,CChn,117
AAmp,BBwx,CChn,365
AAkp,BBwx,CChn,103
AAkz,BBwx,CChn,224
AAmp,BBdz,CChn,275
AAkp,BBdz,CChn,374
AAkz,BBdz,CChn,363
AAmp,BBfv,CCkn,382
AAkp,BBfv,CCkn,358
AAkz,BBfv,CCkn,391
AAmp,BBwx,CCkn,131
AAkp,BBwx,CCkn,209
AAkz,BBwx,CCkn,493
AAmp,BBdz,CCkn,310
AAkp,BBdz,CCkn,440
AAkz,BBdz,CCkn,306
AAmp,BBfv,CCtx,311
AAkp,BBfv,CCtx,252
AAkz,BBfv,CCtx,262
AAmp,BBwx,CCtx,159
AAkp,BBwx,CCtx,351
AAkz,BBwx,CCtx,412
AAmp,BBdz,CCtx,407
AAkp,BBdz,CCtx,460
AAkz,BBdz,CCtx,394
AAmp,BBfv,CCcn,323
AAkp,BBfv,CCcn,497
AAkz,BBfv,CCcn,190
AAmp,BBwx,CCcn,181
AAkp,BBwx,CCcn,455
AAkz,BBwx,CCcn,484
AAmp,BBdz,CCcn,304
AAkp,BBdz,CCcn,110
AAkz,BBdz,CCcn,396

