{
"filename": "Number_of_graduations_set40_1_DB.csv",
"questions": [{"name": "template 1",
 "sql": "SELECT Value FROM DBdata WHERE (Degree IN ('BSc')) AND ((Language = 'Spanish' AND Year = '2017/2018'))",
 "sqlResult": "{389}",
 "nlq": "What is the number of graduations with a BSc in Spanish in 2017/2018?"},
{"name": "template 2",
 "sql": "SELECT Value FROM DBdata WHERE (Degree IN ('MSc')) AND ((Language = 'French' AND Year = '2017/2018') OR (Language = 'French' AND Year = '2018/2019') OR (Language = 'French' AND Year = '2019/2020') OR (Language = 'Spanish' AND Year = '2018/2019') OR (Language = 'Spanish' AND Year = '2019/2020') OR (Language = 'German' AND Year = '2018/2019') OR (Language = 'German' AND Year = '2019/2020') OR (Language = 'Other' AND Year = '2017/2018') OR (Language = 'Other' AND Year = '2018/2019') OR (Language = 'Other' AND Year = '2019/2020'))",
 "sqlResult": "{335} || {168} || {191} || {203} || {354} || {138} || {378} || {277} || {159} || {104}",
 "nlq": "What is the number of graduations with a MSc in French in 2017/2018, 2018/2019, or 2019/2020 or in German, Other, or Spanish in 2018/2019 or 2019/2020 or in Other in 2017/2018?"},
{"name": "template 3",
 "sql": "SELECT Value FROM DBdata WHERE (Degree IN ('BSc','PhD')) AND ((Language = 'Other' AND Year = '2017/2018'))",
 "sqlResult": "{232} || {239}",
 "nlq": "What is the number of graduations with a BSc or PhD in Other in 2017/2018?"},
{"name": "template 4",
 "sql": "SELECT min(Value),sum(Value) FROM DBdata WHERE (Degree IN ('BSc','MSc','PhD')) AND ((Language = 'Other' AND Year = '2018/2019'))",
 "sqlResult": "{133 | 767}",
 "nlq": "What are the minimum and total numbers of graduations with a BSc, MSc, or PhD in Other in 2018/2019?"},
{"name": "template 6",
 "sql": "SELECT Value FROM DBdata WHERE (Degree IN ('BSc','MSc','PhD')) AND ((Language = 'French' AND Year = '2019/2020') OR (Language = 'Spanish' AND Year = '2019/2020') OR (Language = 'German' AND Year = '2017/2018'))",
 "sqlResult": "{472} || {191} || {346} || {393} || {354} || {70} || {320} || {174} || {242}",
 "nlq": "What is the number of graduations with a BSc, MSc, or PhD in French or Spanish in 2019/2020 or in German in 2017/2018?"},
{"name": "template 7",
 "sql": "SELECT min(Value),sum(Value) FROM DBdata WHERE (Degree IN ('PhD')) AND ((Language = 'French' AND Year = '2017/2018') OR (Language = 'French' AND Year = '2019/2020') OR (Language = 'Spanish' AND Year = '2017/2018') OR (Language = 'Other' AND Year = '2019/2020'))",
 "sqlResult": "{139 | 1073}",
 "nlq": "What are the minimum and total numbers of graduations with a PhD in French or Other in 2019/2020 or in French or Spanish in 2017/2018?"},
{"name": "template 8",
 "sql": "SELECT Degree,avg(Value),max(Value) FROM DBdata WHERE (Degree IN ('BSc','PhD')) AND ((Language = 'French' AND Year = '2017/2018') OR (Language = 'French' AND Year = '2018/2019') OR (Language = 'Spanish' AND Year = '2019/2020') OR (Language = 'Other' AND Year = '2017/2018') OR (Language = 'Other' AND Year = '2019/2020')) GROUP BY Degree",
 "sqlResult": "{BSc | 327.2 | 438} || {PhD | 217.2 | 425}",
 "nlq": "What are the average and maximum numbers of graduations for each Degree, with a BSc or PhD in French in 2018/2019 or in French or Other in 2017/2018 or in Other or Spanish in 2019/2020? Please, report the corresponding Degree."},
{"name": "template 9",
 "sql": "SELECT min(Value) FROM DBdata WHERE (Degree IN ('PhD')) AND (Language IN ('French','Spanish','German','Other')) GROUP BY Language",
 "sqlResult": "{213} || {242} || {139} || {70}",
 "nlq": "What is the minimum number of graduations for each Language, with a PhD in French, German, Other, or Spanish?"},
{"name": "template 10",
 "sql": "SELECT Language,sum(Value) FROM DBdata WHERE (Degree IN ('MSc')) AND (Language IN ('French','Spanish','German','Other')) GROUP BY Language",
 "sqlResult": "{French | 694} || {German | 690} || {Other | 540} || {Spanish | 888}",
 "nlq": "What is the total number of graduations for each Language, with a MSc in French, German, Other, or Spanish? Please, report the corresponding Language."},
{"name": "template 11",
 "sql": "SELECT Language,Degree,min(Value) FROM DBdata WHERE (Degree IN ('BSc','PhD')) AND (Language IN ('French','Spanish','German','Other')) GROUP BY Language,Degree",
 "sqlResult": "{French | BSc | 245} || {French | PhD | 213} || {German | BSc | 266} || {German | PhD | 242} || {Other | BSc | 133} || {Other | PhD | 139} || {Spanish | BSc | 389} || {Spanish | PhD | 70}",
 "nlq": "What is the minimum number of graduations for each Language and Degree, with a BSc or PhD in French, German, Other, or Spanish? Please, report the corresponding Language and Degree."},
{"name": "template 12",
 "sql": "SELECT Value FROM DBdata WHERE (Degree IN ('MSc')) AND (Language IN ('German','Other')) ORDER BY VALUE ASC LIMIT 2",
 "sqlResult": "{104} || {138}",
 "nlq": "What are the bottom 2 numbers of graduations with a MSc in German or Other?"},
{"name": "template 13",
 "sql": "SELECT Value FROM DBdata WHERE (Degree IN ('PhD')) AND (Language IN ('Spanish','German')) ORDER BY VALUE ASC",
 "sqlResult": "{70} || {163} || {242} || {284} || {368} || {374}",
 "nlq": "What are the numbers of graduations ordered by increasing values with a PhD in German or Spanish?"},
{"name": "template 14",
 "sql": "SELECT Language,Year FROM DBdata WHERE (Degree IN ('BSc')) AND Value > 286.22",
 "sqlResult": "{French | 2018/2019} || {French | 2019/2020} || {Spanish | 2017/2018} || {Spanish | 2018/2019} || {Spanish | 2019/2020} || {German | 2017/2018} || {German | 2019/2020} || {Other | 2019/2020}",
 "nlq": "What are the Language and Year for which the number of graduations with a BSc is greater than 286.22?"},
{"name": "template 15",
 "sql": "SELECT Language,Year,Value FROM DBdata WHERE (Degree IN ('PhD')) AND (Language,Year) IN (SELECT Language,Year FROM DBdata WHERE (Degree IN ('BSc')) AND Value > 286.22)",
 "sqlResult": "{French | 2018/2019 | 213} || {French | 2019/2020 | 346} || {Spanish | 2017/2018 | 163} || {Spanish | 2018/2019 | 374} || {Spanish | 2019/2020 | 70} || {German | 2017/2018 | 242} || {German | 2019/2020 | 368} || {Other | 2019/2020 | 139}",
 "nlq": "What is the number of graduations with a PhD in Language and in Year for which the number of graduations with a BSc is greater than 286.22? Please, report the corresponding Language, Year, and number of graduations."}]
}
