{
"filename": "Number_of_graduations_set1_1_DB.csv",
"questions": [{"name": "template 1",
 "sql": "SELECT Value FROM DBdata WHERE (AA IN ('AAmq')) AND (BB IN ('BBkw'))",
 "sqlResult": "{235}",
 "nlq": "What is the number of graduations with a AAmq in BBkw?"},
{"name": "template 2",
 "sql": "SELECT Value FROM DBdata WHERE (AA IN ('AAkq')) AND (BB IN ('BBkw','BBlp','BBfw'))",
 "sqlResult": "{147} || {136} || {272}",
 "nlq": "What is the number of graduations with a AAkq in BBkw, BBlp, or BBfw?"},
{"name": "template 3",
 "sql": "SELECT Value FROM DBdata WHERE (AA IN ('AAmq','AAch','AAkq')) AND (BB IN ('BBcr'))",
 "sqlResult": "{92} || {216} || {332}",
 "nlq": "What is the number of graduations with a AAmq, AAch, or AAkq in BBcr?"},
{"name": "template 4",
 "sql": "SELECT avg(Value),sum(Value) FROM DBdata WHERE (AA IN ('AAmq','AAch')) AND (BB IN ('BBlp'))",
 "sqlResult": "{187.5 | 375}",
 "nlq": "What are the average and total numbers of graduations with a AAmq or AAch in BBlp?"},
{"name": "template 6",
 "sql": "SELECT Value FROM DBdata WHERE (AA IN ('AAmq','AAch')) AND (BB IN ('BBkw','BBcr','BBfw'))",
 "sqlResult": "{235} || {97} || {92} || {216} || {406} || {418}",
 "nlq": "What is the number of graduations with a AAmq or AAch in BBkw, BBcr, or BBfw?"},
{"name": "template 7",
 "sql": "SELECT max(Value),avg(Value) FROM DBdata WHERE (AA IN ('AAch')) AND (BB IN ('BBkw','BBcr','BBlp','BBfw'))",
 "sqlResult": "{418 | 228.5}",
 "nlq": "What are the maximum and average numbers of graduations with a AAch in BBkw, BBcr, BBlp, or BBfw?"},
{"name": "template 8",
 "sql": "SELECT AA,avg(Value),sum(Value) FROM DBdata WHERE (AA IN ('AAmq','AAch','AAkq')) AND (BB IN ('BBkw','BBcr','BBlp','BBfw')) GROUP BY AA",
 "sqlResult": "{AAmq | 231.25 | 925} || {AAch | 228.5 | 914} || {AAkq | 221.75 | 887}",
 "nlq": "What are the average and total numbers of graduations for each AA, with a AAmq, AAch, or AAkq in BBkw, BBcr, BBlp, or BBfw? Please, report the corresponding AA."},
{"name": "template 9",
 "sql": "SELECT min(Value) FROM DBdata WHERE (AA IN ('AAmq')) AND (BB IN ('BBkw','BBcr','BBlp','BBfw')) GROUP BY BB",
 "sqlResult": "{235} || {92} || {192} || {406}",
 "nlq": "What is the minimum number of graduations for each BB, with a AAmq in BBkw, BBcr, BBlp, or BBfw?"},
{"name": "template 10",
 "sql": "SELECT BB,avg(Value) FROM DBdata WHERE (AA IN ('AAch')) AND (BB IN ('BBkw','BBcr','BBlp','BBfw')) GROUP BY BB",
 "sqlResult": "{BBkw | 97} || {BBcr | 216} || {BBlp | 183} || {BBfw | 418}",
 "nlq": "What is the average number of graduations for each BB, with a AAch in BBkw, BBcr, BBlp, or BBfw? Please, report the corresponding BB."},
{"name": "template 11",
 "sql": "SELECT BB,AA,max(Value) FROM DBdata WHERE (AA IN ('AAch','AAkq')) AND (BB IN ('BBkw','BBcr','BBlp','BBfw')) GROUP BY BB,AA",
 "sqlResult": "{BBkw | AAch | 97} || {BBkw | AAkq | 147} || {BBcr | AAch | 216} || {BBcr | AAkq | 332} || {BBlp | AAch | 183} || {BBlp | AAkq | 136} || {BBfw | AAch | 418} || {BBfw | AAkq | 272}",
 "nlq": "What is the maximum number of graduations for each BB and AA, with a AAch or AAkq in BBkw, BBcr, BBlp, or BBfw? Please, report the corresponding BB and AA."},
{"name": "template 12",
 "sql": "SELECT Value FROM DBdata WHERE (AA IN ('AAmq')) AND (BB IN ('BBkw','BBfw')) ORDER BY VALUE ASC LIMIT 2",
 "sqlResult": "{235} || {406}",
 "nlq": "What are the bottom 2 numbers of graduations with a AAmq in BBkw or BBfw?"},
{"name": "template 13",
 "sql": "SELECT Value FROM DBdata WHERE (AA IN ('AAkq')) AND (BB IN ('BBkw','BBlp')) ORDER BY VALUE ASC",
 "sqlResult": "{136} || {147}",
 "nlq": "What are the numbers of graduations ordered by increasing values with a AAkq in BBkw or BBlp?"},
{"name": "template 14",
 "sql": "SELECT BB FROM DBdata WHERE (AA IN ('AAch')) AND Value > 227.17",
 "sqlResult": "{BBfw}",
 "nlq": "What is the BB for which the number of graduations with a AAch is greater than 227.17?"},
{"name": "template 15",
 "sql": "SELECT BB,Value FROM DBdata WHERE (AA IN ('AAkq')) AND (BB) IN (SELECT BB FROM DBdata WHERE (AA IN ('AAch')) AND Value > 227.17)",
 "sqlResult": "{BBfw | 272}",
 "nlq": "What is the number of graduations with a AAkq in BB for which the number of graduations with a AAch is greater than 227.17? Please, report the corresponding BB and number of graduations."}]
}

