AA,BB,CC,Value
AA,BB,CC,Value
AAjq,BBrs,CCht,379
AAbf,BBrs,CCht,210
AAnp,BBrs,CCht,406
AAjq,BBnx,CCht,156
AAbf,BBnx,CCht,183
AAnp,BBnx,CCht,70
AAjq,BBpw,CCht,393
AAbf,BBpw,CCht,125
AAnp,BBpw,CCht,304
AAjq,BBrs,CCns,182
AAbf,BBrs,CCns,430
AAnp,BBrs,CCns,103
AAjq,BBnx,CCns,85
AAbf,BBnx,CCns,340
AAnp,BBnx,CCns,421
AAjq,BBpw,CCns,344
AAbf,BBpw,CCns,302
AAnp,BBpw,CCns,241
AAjq,BBrs,CCbl,192
AAbf,BBrs,CCbl,391
AAnp,BBrs,CCbl,441
AAjq,BBnx,CCbl,148
AAbf,BBnx,CCbl,134
AAnp,BBnx,CCbl,244
AAjq,BBpw,CCbl,422
AAbf,BBpw,CCbl,303
AAnp,BBpw,CCbl,72

