{
"filename": "Number_of_graduations_set38_5_DB.csv",
"questions": [{"name": "template 1",
 "sql": "SELECT Value FROM DBdata WHERE (AA IN ('AAcz')) AND ((CC = 'CCxy' AND BB = 'BBgx'))",
 "sqlResult": "{404}",
 "nlq": "What is the number of graduations with a AAcz in CCxy in BBgx?"},
{"name": "template 2",
 "sql": "SELECT Value FROM DBdata WHERE (AA IN ('AAgt')) AND ((CC = 'CCbd' AND BB = 'BBgx') OR (CC = 'CCxy' AND BB = 'BBhk') OR (CC = 'CCbs' AND BB = 'BBfv') OR (CC = 'CCbs' AND BB = 'BBtz'))",
 "sqlResult": "{496} || {123} || {463} || {114}",
 "nlq": "What is the number of graduations with a AAgt in CCbd in BBgx or in CCbs in BBfv or BBtz or in CCxy in BBhk?"},
{"name": "template 3",
 "sql": "SELECT Value FROM DBdata WHERE (AA IN ('AAcz','AAgt')) AND ((CC = 'CCxy' AND BB = 'BBfv'))",
 "sqlResult": "{364} || {253}",
 "nlq": "What is the number of graduations with a AAcz or AAgt in CCxy in BBfv?"},
{"name": "template 4",
 "sql": "SELECT min(Value),max(Value) FROM DBdata WHERE (AA IN ('AAdt','AAcz','AAgt')) AND ((CC = 'CCxy' AND BB = 'BBgx'))",
 "sqlResult": "{101 | 404}",
 "nlq": "What are the minimum and maximum numbers of graduations with a AAdt, AAcz, or AAgt in CCxy in BBgx?"},
{"name": "template 6",
 "sql": "SELECT Value FROM DBdata WHERE (AA IN ('AAdt','AAcz','AAgt')) AND ((CC = 'CCbd' AND BB = 'BBhk') OR (CC = 'CCxy' AND BB = 'BBhk') OR (CC = 'CCxy' AND BB = 'BBfv') OR (CC = 'CCbs' AND BB = 'BBhk'))",
 "sqlResult": "{167} || {352} || {195} || {273} || {493} || {123} || {246} || {364} || {253} || {232} || {415} || {489}",
 "nlq": "What is the number of graduations with a AAdt, AAcz, or AAgt in CCbd, CCbs, or CCxy in BBhk or in CCxy in BBfv?"},
{"name": "template 7",
 "sql": "SELECT sum(Value),min(Value) FROM DBdata WHERE (AA IN ('AAdt')) AND ((CC = 'CCbd' AND BB = 'BBfv') OR (CC = 'CCbs' AND BB = 'BBhk') OR (CC = 'CCbs' AND BB = 'BBfv'))",
 "sqlResult": "{965 | 232}",
 "nlq": "What are the total and minimum numbers of graduations with a AAdt in CCbd or CCbs in BBfv or in CCbs in BBhk?"},
{"name": "template 8",
 "sql": "SELECT AA,sum(Value),avg(Value) FROM DBdata WHERE (AA IN ('AAdt','AAgt')) AND ((CC = 'CCbd' AND BB = 'BBgx') OR (CC = 'CCxy' AND BB = 'BBgx')) GROUP BY AA",
 "sqlResult": "{AAdt | 858 | 429} || {AAgt | 597 | 298.5}",
 "nlq": "What are the total and average numbers of graduations for each AA, with a AAdt or AAgt in CCbd or CCxy in BBgx? Please, report the corresponding AA."},
{"name": "template 9",
 "sql": "SELECT min(Value) FROM DBdata WHERE (AA IN ('AAgt')) AND (CC IN ('CCbd','CCxy','CCbs')) GROUP BY CC",
 "sqlResult": "{195} || {114} || {101}",
 "nlq": "What is the minimum number of graduations for each CC, with a AAgt in CCbd, CCbs, or CCxy?"},
{"name": "template 10",
 "sql": "SELECT CC,avg(Value) FROM DBdata WHERE (AA IN ('AAgt')) AND (CC IN ('CCbd','CCxy','CCbs')) GROUP BY CC",
 "sqlResult": "{CCbd | 376.5} || {CCbs | 359} || {CCxy | 160.5}",
 "nlq": "What is the average number of graduations for each CC, with a AAgt in CCbd, CCbs, or CCxy? Please, report the corresponding CC."},
{"name": "template 11",
 "sql": "SELECT CC,AA,avg(Value) FROM DBdata WHERE (AA IN ('AAdt','AAgt')) AND (CC IN ('CCbd','CCxy','CCbs')) GROUP BY CC,AA",
 "sqlResult": "{CCbd | AAdt | 263.25} || {CCbd | AAgt | 376.5} || {CCbs | AAdt | 286.75} || {CCbs | AAgt | 359} || {CCxy | AAdt | 298.75} || {CCxy | AAgt | 160.5}",
 "nlq": "What is the average number of graduations for each CC and AA, with a AAdt or AAgt in CCbd, CCbs, or CCxy? Please, report the corresponding CC and AA."},
{"name": "template 12",
 "sql": "SELECT Value FROM DBdata WHERE (AA IN ('AAcz')) AND (CC IN ('CCbd','CCbs')) ORDER BY VALUE ASC LIMIT 4",
 "sqlResult": "{89} || {176} || {199} || {352}",
 "nlq": "What are the bottom 4 numbers of graduations with a AAcz in CCbd or CCbs?"},
{"name": "template 13",
 "sql": "SELECT Value FROM DBdata WHERE (AA IN ('AAcz')) AND (CC IN ('CCxy','CCbs')) ORDER BY VALUE ASC",
 "sqlResult": "{118} || {199} || {364} || {383} || {387} || {404} || {415} || {493}",
 "nlq": "What are the numbers of graduations ordered by increasing values with a AAcz in CCbs or CCxy?"},
{"name": "template 14",
 "sql": "SELECT CC,BB FROM DBdata WHERE (AA IN ('AAgt')) AND Value < 299.39",
 "sqlResult": "{CCbd | BBhk} || {CCxy | BBgx} || {CCxy | BBhk} || {CCxy | BBfv} || {CCxy | BBtz} || {CCbs | BBtz}",
 "nlq": "What are the CC and BB for which the number of graduations with a AAgt is lower than 299.39?"},
{"name": "template 15",
 "sql": "SELECT CC,BB,Value FROM DBdata WHERE (AA IN ('AAcz')) AND (CC,BB) IN (SELECT CC,BB FROM DBdata WHERE (AA IN ('AAgt')) AND Value < 299.39)",
 "sqlResult": "{CCbd | BBhk | 352} || {CCxy | BBgx | 404} || {CCxy | BBhk | 493} || {CCxy | BBfv | 364} || {CCxy | BBtz | 118} || {CCbs | BBtz | 383}",
 "nlq": "What is the number of graduations with a AAcz in CC and in BB for which the number of graduations with a AAgt is lower than 299.39? Please, report the corresponding CC, BB, and number of graduations."}]
}

