Degree,Year,Language,Value
Degree,Year,Language,Value
BSc,2015/2016,Arabic,284
MSc,2015/2016,Arabic,348
PhD,2015/2016,Arabic,441
BSc,2016/2017,Arabic,460
MSc,2016/2017,Arabic,303
PhD,2016/2017,Arabic,459
BSc,2017/2018,Arabic,274
MSc,2017/2018,Arabic,296
PhD,2017/2018,Arabic,88
BSc,2018/2019,Arabic,322
MSc,2018/2019,Arabic,97
PhD,2018/2019,Arabic,159
BSc,2015/2016,English,189
MSc,2015/2016,English,114
PhD,2015/2016,English,422
BSc,2016/2017,English,101
MSc,2016/2017,English,419
PhD,2016/2017,English,407
BSc,2017/2018,English,479
MSc,2017/2018,English,178
PhD,2017/2018,English,86
BSc,2018/2019,English,431
MSc,2018/2019,English,116
PhD,2018/2019,English,315
BSc,2015/2016,French,150
MSc,2015/2016,French,55
PhD,2015/2016,French,390
BSc,2016/2017,French,306
MSc,2016/2017,French,396
PhD,2016/2017,French,186
BSc,2017/2018,French,216
MSc,2017/2018,French,470
PhD,2017/2018,French,152
BSc,2018/2019,French,123
MSc,2018/2019,French,62
PhD,2018/2019,French,483
BSc,2015/2016,Spanish,149
MSc,2015/2016,Spanish,297
PhD,2015/2016,Spanish,106
BSc,2016/2017,Spanish,369
MSc,2016/2017,Spanish,206
PhD,2016/2017,Spanish,107
BSc,2017/2018,Spanish,59
MSc,2017/2018,Spanish,281
PhD,2017/2018,Spanish,404
BSc,2018/2019,Spanish,343
MSc,2018/2019,Spanish,213
PhD,2018/2019,Spanish,113
