{
"filename": "Number_of_graduations_set11_1_DB.csv",
"questions": [{"name": "template 1",
 "sql": "SELECT Value FROM DBdata WHERE (AA IN ('AAqz')) AND (BB IN ('BBhq'))",
 "sqlResult": "{417}",
 "nlq": "What is the number of graduations with a AAqz in BBhq?"},
{"name": "template 2",
 "sql": "SELECT Value FROM DBdata WHERE (AA IN ('AArs')) AND (BB IN ('BBcp','BBbd'))",
 "sqlResult": "{224} || {259}",
 "nlq": "What is the number of graduations with a AArs in BBcp or BBbd?"},
{"name": "template 3",
 "sql": "SELECT Value FROM DBdata WHERE (AA IN ('AArs','AAkm')) AND (BB IN ('BBcp'))",
 "sqlResult": "{224} || {68}",
 "nlq": "What is the number of graduations with a AArs or AAkm in BBcp?"},
{"name": "template 4",
 "sql": "SELECT avg(Value),sum(Value) FROM DBdata WHERE (AA IN ('AArs','AAqz','AAkm')) AND (BB IN ('BBhq'))",
 "sqlResult": "{367.33 | 1102}",
 "nlq": "What are the average and total numbers of graduations with a AArs, AAqz, or AAkm in BBhq?"},
{"name": "template 6",
 "sql": "SELECT Value FROM DBdata WHERE (AA IN ('AArs','AAqz','AAkm')) AND (BB IN ('BBhq','BBcp','BBbd'))",
 "sqlResult": "{208} || {417} || {477} || {224} || {161} || {68} || {259} || {362} || {152}",
 "nlq": "What is the number of graduations with a AArs, AAqz, or AAkm in BBhq, BBcp, or BBbd?"},
{"name": "template 7",
 "sql": "SELECT avg(Value),max(Value) FROM DBdata WHERE (AA IN ('AAkm')) AND (BB IN ('BBlt','BBhq','BBcp','BBbd'))",
 "sqlResult": "{284 | 477}",
 "nlq": "What are the average and maximum numbers of graduations with a AAkm in BBlt, BBhq, BBcp, or BBbd?"},
{"name": "template 8",
 "sql": "SELECT AA,max(Value),sum(Value) FROM DBdata WHERE (AA IN ('AArs','AAqz','AAkm')) AND (BB IN ('BBlt','BBhq','BBcp')) GROUP BY AA",
 "sqlResult": "{AArs | 353 | 785} || {AAqz | 417 | 692} || {AAkm | 477 | 984}",
 "nlq": "What are the maximum and total numbers of graduations for each AA, with a AArs, AAqz, or AAkm in BBlt, BBhq, or BBcp? Please, report the corresponding AA."},
{"name": "template 9",
 "sql": "SELECT min(Value) FROM DBdata WHERE (AA IN ('AAqz')) AND (BB IN ('BBlt','BBhq','BBcp','BBbd')) GROUP BY BB",
 "sqlResult": "{114} || {417} || {161} || {362}",
 "nlq": "What is the minimum number of graduations for each BB, with a AAqz in BBlt, BBhq, BBcp, or BBbd?"},
{"name": "template 10",
 "sql": "SELECT BB,max(Value) FROM DBdata WHERE (AA IN ('AArs')) AND (BB IN ('BBlt','BBhq','BBcp','BBbd')) GROUP BY BB",
 "sqlResult": "{BBlt | 353} || {BBhq | 208} || {BBcp | 224} || {BBbd | 259}",
 "nlq": "What is the maximum number of graduations for each BB, with a AArs in BBlt, BBhq, BBcp, or BBbd? Please, report the corresponding BB."},
{"name": "template 11",
 "sql": "SELECT BB,AA,avg(Value) FROM DBdata WHERE (AA IN ('AArs','AAqz')) AND (BB IN ('BBlt','BBhq','BBcp','BBbd')) GROUP BY BB,AA",
 "sqlResult": "{BBlt | AArs | 353} || {BBlt | AAqz | 114} || {BBhq | AArs | 208} || {BBhq | AAqz | 417} || {BBcp | AArs | 224} || {BBcp | AAqz | 161} || {BBbd | AArs | 259} || {BBbd | AAqz | 362}",
 "nlq": "What is the average number of graduations for each BB and AA, with a AArs or AAqz in BBlt, BBhq, BBcp, or BBbd? Please, report the corresponding BB and AA."},
{"name": "template 12",
 "sql": "SELECT Value FROM DBdata WHERE (AA IN ('AAqz')) AND (BB IN ('BBhq','BBcp')) ORDER BY VALUE ASC LIMIT 2",
 "sqlResult": "{161} || {417}",
 "nlq": "What are the bottom 2 numbers of graduations with a AAqz in BBhq or BBcp?"},
{"name": "template 13",
 "sql": "SELECT Value FROM DBdata WHERE (AA IN ('AAkm')) AND (BB IN ('BBhq','BBcp')) ORDER BY VALUE ASC",
 "sqlResult": "{68} || {477}",
 "nlq": "What are the numbers of graduations ordered by increasing values with a AAkm in BBhq or BBcp?"},
{"name": "template 14",
 "sql": "SELECT BB FROM DBdata WHERE (AA IN ('AAqz')) AND Value > 269.5",
 "sqlResult": "{BBhq} || {BBbd}",
 "nlq": "What is the BB for which the number of graduations with a AAqz is greater than 269.5?"},
{"name": "template 15",
 "sql": "SELECT BB,Value FROM DBdata WHERE (AA IN ('AArs')) AND (BB) IN (SELECT BB FROM DBdata WHERE (AA IN ('AAqz')) AND Value > 269.5)",
 "sqlResult": "{BBhq | 208} || {BBbd | 259}",
 "nlq": "What is the number of graduations with a AArs in BB for which the number of graduations with a AAqz is greater than 269.5? Please, report the corresponding BB and number of graduations."}]
}

