{
"filename": "Number_of_graduations_set10_2_DB.csv",
"questions": [{"name": "template 1",
 "sql": "SELECT Value FROM DBdata WHERE (Degree IN ('MSc')) AND (Year IN ('2017/2018'))",
 "sqlResult": "{367}",
 "nlq": "What is the number of graduations with a MSc in 2017/2018?"},
{"name": "template 2",
 "sql": "SELECT Value FROM DBdata WHERE (Degree IN ('PhD')) AND (Year IN ('2017/2018','2018/2019','2019/2020','2020/2021'))",
 "sqlResult": "{346} || {418} || {454} || {378}",
 "nlq": "What is the number of graduations with a PhD in 2017/2018, 2018/2019, 2019/2020, or 2020/2021?"},
{"name": "template 3",
 "sql": "SELECT Value FROM DBdata WHERE (Degree IN ('BSc','PhD')) AND (Year IN ('2017/2018'))",
 "sqlResult": "{133} || {346}",
 "nlq": "What is the number of graduations with a BSc or PhD in 2017/2018?"},
{"name": "template 4",
 "sql": "SELECT min(Value),max(Value) FROM DBdata WHERE (Degree IN ('BSc','MSc','PhD')) AND (Year IN ('2019/2020'))",
 "sqlResult": "{366 | 454}",
 "nlq": "What are the minimum and maximum numbers of graduations with a BSc, MSc, or PhD in 2019/2020?"},
{"name": "template 6",
 "sql": "SELECT Value FROM DBdata WHERE (Degree IN ('BSc','PhD')) AND (Year IN ('2018/2019','2019/2020'))",
 "sqlResult": "{494} || {418} || {440} || {454}",
 "nlq": "What is the number of graduations with a BSc or PhD in 2018/2019 or 2019/2020?"},
{"name": "template 7",
 "sql": "SELECT avg(Value),sum(Value) FROM DBdata WHERE (Degree IN ('PhD')) AND (Year IN ('2017/2018','2018/2019','2019/2020','2020/2021'))",
 "sqlResult": "{399 | 1596}",
 "nlq": "What are the average and total numbers of graduations with a PhD in 2017/2018, 2018/2019, 2019/2020, or 2020/2021?"},
{"name": "template 8",
 "sql": "SELECT Degree,min(Value),avg(Value) FROM DBdata WHERE (Degree IN ('MSc','PhD')) AND (Year IN ('2017/2018','2018/2019')) GROUP BY Degree",
 "sqlResult": "{MSc | 152 | 259.5} || {PhD | 346 | 382}",
 "nlq": "What are the minimum and average numbers of graduations for each Degree, with a MSc or PhD in 2017/2018 or 2018/2019? Please, report the corresponding Degree."},
{"name": "template 9",
 "sql": "SELECT min(Value) FROM DBdata WHERE (Degree IN ('BSc')) AND (Year IN ('2017/2018','2018/2019','2019/2020','2020/2021')) GROUP BY Year",
 "sqlResult": "{133} || {494} || {440} || {281}",
 "nlq": "What is the minimum number of graduations for each Year, with a BSc in 2017/2018, 2018/2019, 2019/2020, or 2020/2021?"},
{"name": "template 10",
 "sql": "SELECT Year,min(Value) FROM DBdata WHERE (Degree IN ('BSc')) AND (Year IN ('2017/2018','2018/2019','2019/2020','2020/2021')) GROUP BY Year",
 "sqlResult": "{2017/2018 | 133} || {2018/2019 | 494} || {2019/2020 | 440} || {2020/2021 | 281}",
 "nlq": "What is the minimum number of graduations for each Year, with a BSc in 2017/2018, 2018/2019, 2019/2020, or 2020/2021? Please, report the corresponding Year."},
{"name": "template 11",
 "sql": "SELECT Year,Degree,min(Value) FROM DBdata WHERE (Degree IN ('BSc','MSc','PhD')) AND (Year IN ('2017/2018','2018/2019','2019/2020','2020/2021')) GROUP BY Year,Degree",
 "sqlResult": "{2017/2018 | BSc | 133} || {2017/2018 | MSc | 367} || {2017/2018 | PhD | 346} || {2018/2019 | BSc | 494} || {2018/2019 | MSc | 152} || {2018/2019 | PhD | 418} || {2019/2020 | BSc | 440} || {2019/2020 | MSc | 366} || {2019/2020 | PhD | 454} || {2020/2021 | BSc | 281} || {2020/2021 | MSc | 239} || {2020/2021 | PhD | 378}",
 "nlq": "What is the minimum number of graduations for each Year and Degree, with a BSc, MSc, or PhD in 2017/2018, 2018/2019, 2019/2020, or 2020/2021? Please, report the corresponding Year and Degree."},
{"name": "template 12",
 "sql": "SELECT Value FROM DBdata WHERE (Degree IN ('PhD')) AND (Year IN ('2017/2018','2019/2020')) ORDER BY VALUE ASC LIMIT 2",
 "sqlResult": "{346} || {454}",
 "nlq": "What are the bottom 2 numbers of graduations with a PhD in 2017/2018 or 2019/2020?"},
{"name": "template 13",
 "sql": "SELECT Value FROM DBdata WHERE (Degree IN ('MSc')) AND (Year IN ('2018/2019','2020/2021')) ORDER BY VALUE DESC",
 "sqlResult": "{239} || {152}",
 "nlq": "What are the numbers of graduations ordered by decreasing values with a MSc in 2018/2019 or 2020/2021?"},
{"name": "template 14",
 "sql": "SELECT Year FROM DBdata WHERE (Degree IN ('PhD')) AND Value > 339",
 "sqlResult": "{2017/2018} || {2018/2019} || {2019/2020} || {2020/2021}",
 "nlq": "What is the Year for which the number of graduations with a PhD is greater than 339?"},
{"name": "template 15",
 "sql": "SELECT Year,Value FROM DBdata WHERE (Degree IN ('MSc')) AND (Year) IN (SELECT Year FROM DBdata WHERE (Degree IN ('PhD')) AND Value > 339)",
 "sqlResult": "{2017/2018 | 367} || {2018/2019 | 152} || {2019/2020 | 366} || {2020/2021 | 239}",
 "nlq": "What is the number of graduations with a MSc in Year for which the number of graduations with a PhD is greater than 339? Please, report the corresponding Year and number of graduations."}]
}
