{
"filename": "Number_of_graduations_set9_5_DB.csv",
"questions": [{"name": "template 1",
 "sql": "SELECT Value FROM DBdata WHERE (AA IN ('AAqv')) AND (BB IN ('BBkm'))",
 "sqlResult": "{498}",
 "nlq": "What is the number of graduations with a AAqv in BBkm?"},
{"name": "template 2",
 "sql": "SELECT Value FROM DBdata WHERE (AA IN ('AAbr')) AND (BB IN ('BBkm','BBmp'))",
 "sqlResult": "{461} || {291}",
 "nlq": "What is the number of graduations with a AAbr in BBkm or BBmp?"},
{"name": "template 3",
 "sql": "SELECT Value FROM DBdata WHERE (AA IN ('AAqv','AAbr','AAhr')) AND (BB IN ('BBmp'))",
 "sqlResult": "{135} || {291} || {383}",
 "nlq": "What is the number of graduations with a AAqv, AAbr, or AAhr in BBmp?"},
{"name": "template 4",
 "sql": "SELECT sum(Value),min(Value) FROM DBdata WHERE (AA IN ('AAqv','AAbr','AAhr')) AND (BB IN ('BBkm'))",
 "sqlResult": "{1367 | 408}",
 "nlq": "What are the total and minimum numbers of graduations with a AAqv, AAbr, or AAhr in BBkm?"},
{"name": "template 6",
 "sql": "SELECT Value FROM DBdata WHERE (AA IN ('AAbr','AAhr')) AND (BB IN ('BBkm','BBpy'))",
 "sqlResult": "{461} || {408} || {174} || {275}",
 "nlq": "What is the number of graduations with a AAbr or AAhr in BBkm or BBpy?"},
{"name": "template 7",
 "sql": "SELECT avg(Value),sum(Value) FROM DBdata WHERE (AA IN ('AAbr')) AND (BB IN ('BBkm','BBpy'))",
 "sqlResult": "{317.5 | 635}",
 "nlq": "What are the average and total numbers of graduations with a AAbr in BBkm or BBpy?"},
{"name": "template 8",
 "sql": "SELECT AA,avg(Value),min(Value) FROM DBdata WHERE (AA IN ('AAqv','AAbr','AAhr')) AND (BB IN ('BBkm','BBmp','BBpy')) GROUP BY AA",
 "sqlResult": "{AAqv | 341.67 | 135} || {AAbr | 308.67 | 174} || {AAhr | 355.33 | 275}",
 "nlq": "What are the average and minimum numbers of graduations for each AA, with a AAqv, AAbr, or AAhr in BBkm, BBmp, or BBpy? Please, report the corresponding AA."},
{"name": "template 9",
 "sql": "SELECT min(Value) FROM DBdata WHERE (AA IN ('AAqv')) AND (BB IN ('BBkm','BBmp','BBpy')) GROUP BY BB",
 "sqlResult": "{498} || {135} || {392}",
 "nlq": "What is the minimum number of graduations for each BB, with a AAqv in BBkm, BBmp, or BBpy?"},
{"name": "template 10",
 "sql": "SELECT BB,min(Value) FROM DBdata WHERE (AA IN ('AAbr')) AND (BB IN ('BBkm','BBmp','BBpy')) GROUP BY BB",
 "sqlResult": "{BBkm | 461} || {BBmp | 291} || {BBpy | 174}",
 "nlq": "What is the minimum number of graduations for each BB, with a AAbr in BBkm, BBmp, or BBpy? Please, report the corresponding BB."},
{"name": "template 11",
 "sql": "SELECT BB,AA,max(Value) FROM DBdata WHERE (AA IN ('AAqv','AAbr')) AND (BB IN ('BBkm','BBmp','BBpy')) GROUP BY BB,AA",
 "sqlResult": "{BBkm | AAqv | 498} || {BBkm | AAbr | 461} || {BBmp | AAqv | 135} || {BBmp | AAbr | 291} || {BBpy | AAqv | 392} || {BBpy | AAbr | 174}",
 "nlq": "What is the maximum number of graduations for each BB and AA, with a AAqv or AAbr in BBkm, BBmp, or BBpy? Please, report the corresponding BB and AA."},
{"name": "template 12",
 "sql": "SELECT Value FROM DBdata WHERE (AA IN ('AAhr')) AND (BB IN ('BBkm','BBmp')) ORDER BY VALUE DESC LIMIT 2",
 "sqlResult": "{408} || {383}",
 "nlq": "What are the top 2 numbers of graduations with a AAhr in BBkm or BBmp?"},
{"name": "template 13",
 "sql": "SELECT Value FROM DBdata WHERE (AA IN ('AAqv')) AND (BB IN ('BBkm','BBpy')) ORDER BY VALUE ASC",
 "sqlResult": "{392} || {498}",
 "nlq": "What are the numbers of graduations ordered by increasing values with a AAqv in BBkm or BBpy?"},
{"name": "template 14",
 "sql": "SELECT BB FROM DBdata WHERE (AA IN ('AAhr')) AND Value < 335.22",
 "sqlResult": "{BBpy}",
 "nlq": "What is the BB for which the number of graduations with a AAhr is lower than 335.22?"},
{"name": "template 15",
 "sql": "SELECT BB,Value FROM DBdata WHERE (AA IN ('AAbr')) AND (BB) IN (SELECT BB FROM DBdata WHERE (AA IN ('AAhr')) AND Value < 335.22)",
 "sqlResult": "{BBpy | 174}",
 "nlq": "What is the number of graduations with a AAbr in BB for which the number of graduations with a AAhr is lower than 335.22? Please, report the corresponding BB and number of graduations."}]
}

