{
"filename": "Number_of_graduations_set37_4_DB.csv",
"questions": [{"name": "template 1",
 "sql": "SELECT Value FROM DBdata WHERE (AA IN ('AAhk')) AND ((BB = 'BBly' AND CC = 'CCsx'))",
 "sqlResult": "{131}",
 "nlq": "What is the number of graduations with a AAhk in CCsx in BBly?"},
{"name": "template 2",
 "sql": "SELECT Value FROM DBdata WHERE (AA IN ('AAhk')) AND ((BB = 'BBlx' AND CC = 'CCry') OR (BB = 'BBly' AND CC = 'CCry') OR (BB = 'BBhz' AND CC = 'CCsx') OR (BB = 'BBbj' AND CC = 'CCsx') OR (BB = 'BBgt' AND CC = 'CCsx') OR (BB = 'BBhz' AND CC = 'CCsz') OR (BB = 'BBhz' AND CC = 'CCdh') OR (BB = 'BBbj' AND CC = 'CCdh') OR (BB = 'BBly' AND CC = 'CCdh'))",
 "sqlResult": "{410} || {127} || {201} || {298} || {183} || {234} || {458} || {88} || {58}",
 "nlq": "What is the number of graduations with a AAhk in CCry in BBlx or BBly or in CCsz, CCdh, or CCsx in BBhz or in CCdh in BBly or in CCdh or CCsx in BBbj or in CCsx in BBgt?"},
{"name": "template 3",
 "sql": "SELECT Value FROM DBdata WHERE (AA IN ('AAqr','AAhk','AAnq')) AND ((BB = 'BBbj' AND CC = 'CCry'))",
 "sqlResult": "{307} || {81} || {134}",
 "nlq": "What is the number of graduations with a AAqr, AAhk, or AAnq in CCry in BBbj?"},
{"name": "template 4",
 "sql": "SELECT sum(Value),min(Value) FROM DBdata WHERE (AA IN ('AAqr','AAhk','AAnq')) AND ((BB = 'BBbj' AND CC = 'CCsz'))",
 "sqlResult": "{833 | 63}",
 "nlq": "What are the total and minimum numbers of graduations with a AAqr, AAhk, or AAnq in CCsz in BBbj?"},
{"name": "template 6",
 "sql": "SELECT Value FROM DBdata WHERE (AA IN ('AAqr','AAhk','AAnq')) AND ((BB = 'BBbj' AND CC = 'CCsx') OR (BB = 'BBbj' AND CC = 'CCsz') OR (BB = 'BBly' AND CC = 'CCdh'))",
 "sqlResult": "{200} || {298} || {251} || {416} || {354} || {63} || {326} || {58} || {204}",
 "nlq": "What is the number of graduations with a AAqr, AAhk, or AAnq in CCsz or CCsx in BBbj or in CCdh in BBly?"},
{"name": "template 7",
 "sql": "SELECT sum(Value),min(Value) FROM DBdata WHERE (AA IN ('AAnq')) AND ((BB = 'BBbj' AND CC = 'CCry') OR (BB = 'BBhz' AND CC = 'CCsz') OR (BB = 'BBlx' AND CC = 'CCdh') OR (BB = 'BBgt' AND CC = 'CCdh'))",
 "sqlResult": "{610 | 134}",
 "nlq": "What are the total and minimum numbers of graduations with a AAnq in CCry in BBbj or in CCsz in BBhz or in CCdh in BBlx or BBgt?"},
{"name": "template 8",
 "sql": "SELECT AA,avg(Value),max(Value) FROM DBdata WHERE (AA IN ('AAhk','AAnq')) AND ((BB = 'BBgt' AND CC = 'CCry') OR (BB = 'BBhz' AND CC = 'CCsx')) GROUP BY AA",
 "sqlResult": "{AAhk | 311 | 421} || {AAnq | 297 | 365}",
 "nlq": "What are the average and maximum numbers of graduations for each AA, with a AAhk or AAnq in CCry in BBgt or in CCsx in BBhz? Please, report the corresponding AA."},
{"name": "template 9",
 "sql": "SELECT min(Value) FROM DBdata WHERE (AA IN ('AAhk')) AND (BB IN ('BBhz','BBbj','BBlx','BBgt','BBly')) GROUP BY BB",
 "sqlResult": "{201} || {81} || {108} || {183} || {58}",
 "nlq": "What is the minimum number of graduations for each BB, with a AAhk in BBhz, BBbj, BBlx, BBgt, or BBly?"},
{"name": "template 10",
 "sql": "SELECT BB,avg(Value) FROM DBdata WHERE (AA IN ('AAnq')) AND (BB IN ('BBhz','BBbj','BBlx','BBgt','BBly')) GROUP BY BB",
 "sqlResult": "{BBhz | 276.5} || {BBbj | 141.5} || {BBlx | 204.75} || {BBgt | 215.75} || {BBly | 227.5}",
 "nlq": "What is the average number of graduations for each BB, with a AAnq in BBhz, BBbj, BBlx, BBgt, or BBly? Please, report the corresponding BB."},
{"name": "template 11",
 "sql": "SELECT BB,AA,sum(Value) FROM DBdata WHERE (AA IN ('AAqr','AAhk','AAnq')) AND (BB IN ('BBhz','BBbj','BBlx','BBgt','BBly')) GROUP BY BB,AA",
 "sqlResult": "{BBhz | AAqr | 860} || {BBhz | AAhk | 1348} || {BBhz | AAnq | 1106} || {BBbj | AAqr | 1274} || {BBbj | AAhk | 821} || {BBbj | AAnq | 566} || {BBlx | AAqr | 1088} || {BBlx | AAhk | 1156} || {BBlx | AAnq | 819} || {BBgt | AAqr | 1480} || {BBgt | AAhk | 1244} || {BBgt | AAnq | 863} || {BBly | AAqr | 1458} || {BBly | AAhk | 562} || {BBly | AAnq | 910}",
 "nlq": "What is the total number of graduations for each BB and AA, with a AAqr, AAhk, or AAnq in BBhz, BBbj, BBlx, BBgt, or BBly? Please, report the corresponding BB and AA."},
{"name": "template 12",
 "sql": "SELECT Value FROM DBdata WHERE (AA IN ('AAnq')) AND (BB IN ('BBgt','BBly')) ORDER BY VALUE DESC LIMIT 3",
 "sqlResult": "{434} || {385} || {229}",
 "nlq": "What are the top 3 numbers of graduations with a AAnq in BBgt or BBly?"},
{"name": "template 13",
 "sql": "SELECT Value FROM DBdata WHERE (AA IN ('AAhk')) AND (BB IN ('BBbj','BBgt')) ORDER BY VALUE DESC",
 "sqlResult": "{447} || {421} || {354} || {298} || {193} || {183} || {88} || {81}",
 "nlq": "What are the numbers of graduations ordered by decreasing values with a AAhk in BBbj or BBgt?"},
{"name": "template 14",
 "sql": "SELECT BB,CC FROM DBdata WHERE (AA IN ('AAhk')) AND Value > 259.25",
 "sqlResult": "{BBhz | CCry} || {BBlx | CCry} || {BBgt | CCry} || {BBbj | CCsx} || {BBbj | CCsz} || {BBlx | CCsz} || {BBhz | CCdh} || {BBlx | CCdh} || {BBgt | CCdh}",
 "nlq": "What are the BB and CC for which the number of graduations with a AAhk is greater than 259.25?"},
{"name": "template 15",
 "sql": "SELECT BB,CC,Value FROM DBdata WHERE (AA IN ('AAqr')) AND (BB,CC) IN (SELECT BB,CC FROM DBdata WHERE (AA IN ('AAhk')) AND Value > 259.25)",
 "sqlResult": "{BBhz | CCry | 64} || {BBlx | CCry | 381} || {BBgt | CCry | 495} || {BBbj | CCsx | 200} || {BBbj | CCsz | 416} || {BBlx | CCsz | 148} || {BBhz | CCdh | 242} || {BBlx | CCdh | 247} || {BBgt | CCdh | 433}",
 "nlq": "What is the number of graduations with a AAqr in BB and in CC for which the number of graduations with a AAhk is greater than 259.25? Please, report the corresponding BB, CC, and number of graduations."}]
}

