{
"filename": "Number_of_graduations_set2_4_DB.csv",
"questions": [{"name": "template 1",
 "sql": "SELECT Value FROM DBdata WHERE (AA IN ('AAgp')) AND (BB IN ('BBch'))",
 "sqlResult": "{69}",
 "nlq": "What is the number of graduations with a AAgp in BBch?"},
{"name": "template 2",
 "sql": "SELECT Value FROM DBdata WHERE (AA IN ('AAbk')) AND (BB IN ('BBch','BBbh'))",
 "sqlResult": "{59} || {120}",
 "nlq": "What is the number of graduations with a AAbk in BBch or BBbh?"},
{"name": "template 3",
 "sql": "SELECT Value FROM DBdata WHERE (AA IN ('AAdt','AAgp')) AND (BB IN ('BBch'))",
 "sqlResult": "{459} || {69}",
 "nlq": "What is the number of graduations with a AAdt or AAgp in BBch?"},
{"name": "template 4",
 "sql": "SELECT avg(Value),sum(Value) FROM DBdata WHERE (AA IN ('AAdt','AAgp')) AND (BB IN ('BBbh'))",
 "sqlResult": "{352.5 | 705}",
 "nlq": "What are the average and total numbers of graduations with a AAdt or AAgp in BBbh?"},
{"name": "template 6",
 "sql": "SELECT Value FROM DBdata WHERE (AA IN ('AAbk','AAgp')) AND (BB IN ('BBch','BBbh','BBwx'))",
 "sqlResult": "{59} || {69} || {120} || {252} || {390} || {350}",
 "nlq": "What is the number of graduations with a AAbk or AAgp in BBch, BBbh, or BBwx?"},
{"name": "template 7",
 "sql": "SELECT sum(Value),max(Value) FROM DBdata WHERE (AA IN ('AAbk')) AND (BB IN ('BBch','BBwx'))",
 "sqlResult": "{449 | 390}",
 "nlq": "What are the total and maximum numbers of graduations with a AAbk in BBch or BBwx?"},
{"name": "template 8",
 "sql": "SELECT AA,sum(Value),avg(Value) FROM DBdata WHERE (AA IN ('AAbk','AAdt','AAgp')) AND (BB IN ('BBch','BBbh')) GROUP BY AA",
 "sqlResult": "{AAbk | 179 | 89.5} || {AAdt | 912 | 456} || {AAgp | 321 | 160.5}",
 "nlq": "What are the total and average numbers of graduations for each AA, with a AAbk, AAdt, or AAgp in BBch or BBbh? Please, report the corresponding AA."},
{"name": "template 9",
 "sql": "SELECT min(Value) FROM DBdata WHERE (AA IN ('AAdt')) AND (BB IN ('BBch','BBbh','BBwx')) GROUP BY BB",
 "sqlResult": "{459} || {453} || {232}",
 "nlq": "What is the minimum number of graduations for each BB, with a AAdt in BBch, BBbh, or BBwx?"},
{"name": "template 10",
 "sql": "SELECT BB,sum(Value) FROM DBdata WHERE (AA IN ('AAbk')) AND (BB IN ('BBch','BBbh','BBwx')) GROUP BY BB",
 "sqlResult": "{BBch | 59} || {BBbh | 120} || {BBwx | 390}",
 "nlq": "What is the total number of graduations for each BB, with a AAbk in BBch, BBbh, or BBwx? Please, report the corresponding BB."},
{"name": "template 11",
 "sql": "SELECT BB,AA,min(Value) FROM DBdata WHERE (AA IN ('AAbk','AAgp')) AND (BB IN ('BBch','BBbh','BBwx')) GROUP BY BB,AA",
 "sqlResult": "{BBch | AAbk | 59} || {BBch | AAgp | 69} || {BBbh | AAbk | 120} || {BBbh | AAgp | 252} || {BBwx | AAbk | 390} || {BBwx | AAgp | 350}",
 "nlq": "What is the minimum number of graduations for each BB and AA, with a AAbk or AAgp in BBch, BBbh, or BBwx? Please, report the corresponding BB and AA."},
{"name": "template 12",
 "sql": "SELECT Value FROM DBdata WHERE (AA IN ('AAgp')) AND (BB IN ('BBbh','BBwx')) ORDER BY VALUE ASC LIMIT 2",
 "sqlResult": "{252} || {350}",
 "nlq": "What are the bottom 2 numbers of graduations with a AAgp in BBbh or BBwx?"},
{"name": "template 13",
 "sql": "SELECT Value FROM DBdata WHERE (AA IN ('AAdt')) AND (BB IN ('BBch','BBwx')) ORDER BY VALUE DESC",
 "sqlResult": "{459} || {232}",
 "nlq": "What are the numbers of graduations ordered by decreasing values with a AAdt in BBch or BBwx?"},
{"name": "template 14",
 "sql": "SELECT BB FROM DBdata WHERE (AA IN ('AAbk')) AND Value > 264.89",
 "sqlResult": "{BBwx}",
 "nlq": "What is the BB for which the number of graduations with a AAbk is greater than 264.89?"},
{"name": "template 15",
 "sql": "SELECT BB,Value FROM DBdata WHERE (AA IN ('AAgp')) AND (BB) IN (SELECT BB FROM DBdata WHERE (AA IN ('AAbk')) AND Value > 264.89)",
 "sqlResult": "{BBwx | 350}",
 "nlq": "What is the number of graduations with a AAgp in BB for which the number of graduations with a AAbk is greater than 264.89? Please, report the corresponding BB and number of graduations."}]
}

