Degree,Year,Language,Value
Degree,Year,Language,Value
BSc,2017/2018,French,245
MSc,2017/2018,French,335
PhD,2017/2018,French,425
BSc,2018/2019,French,438
MSc,2018/2019,French,168
PhD,2018/2019,French,213
BSc,2019/2020,French,472
MSc,2019/2020,French,191
PhD,2019/2020,French,346
BSc,2017/2018,Spanish,389
MSc,2017/2018,Spanish,331
PhD,2017/2018,Spanish,163
BSc,2018/2019,Spanish,453
MSc,2018/2019,Spanish,203
PhD,2018/2019,Spanish,374
BSc,2019/2020,Spanish,393
MSc,2019/2020,Spanish,354
PhD,2019/2020,Spanish,70
BSc,2017/2018,German,320
MSc,2017/2018,German,174
PhD,2017/2018,German,242
BSc,2018/2019,German,266
MSc,2018/2019,German,138
PhD,2018/2019,German,284
BSc,2019/2020,German,485
MSc,2019/2020,German,378
PhD,2019/2020,German,368
BSc,2017/2018,Other,232
MSc,2017/2018,Other,277
PhD,2017/2018,Other,239
BSc,2018/2019,Other,133
MSc,2018/2019,Other,159
PhD,2018/2019,Other,475
BSc,2019/2020,Other,328
MSc,2019/2020,Other,104
PhD,2019/2020,Other,139
