AA,BB,CC,Value
AA,BB,CC,Value
AAhw,BBbx,CCbq,245
AAnx,BBbx,CCbq,335
AAkw,BBbx,CCbq,425
AAhw,BBfl,CCbq,438
AAnx,BBfl,CCbq,168
AAkw,BBfl,CCbq,213
AAhw,BBcy,CCbq,472
AAnx,BBcy,CCbq,191
AAkw,BBcy,CCbq,346
AAhw,BBbx,CCpx,389
AAnx,BBbx,CCpx,331
AAkw,BBbx,CCpx,163
AAhw,BBfl,CCpx,453
AAnx,BBfl,CCpx,203
AAkw,BBfl,CCpx,374
AAhw,BBcy,CCpx,393
AAnx,BBcy,CCpx,354
AAkw,BBcy,CCpx,70
AAhw,BBbx,CCjy,320
AAnx,BBbx,CCjy,174
AAkw,BBbx,CCjy,242
AAhw,BBfl,CCjy,266
AAnx,BBfl,CCjy,138
AAkw,BBfl,CCjy,284
AAhw,BBcy,CCjy,485
AAnx,BBcy,CCjy,378
AAkw,BBcy,CCjy,368
AAhw,BBbx,CCmq,232
AAnx,BBbx,CCmq,277
AAkw,BBbx,CCmq,239
AAhw,BBfl,CCmq,133
AAnx,BBfl,CCmq,159
AAkw,BBfl,CCmq,475
AAhw,BBcy,CCmq,328
AAnx,BBcy,CCmq,104
AAkw,BBcy,CCmq,139

