{
"filename": "Number_of_graduations_set6_1_DB.csv",
"questions": [{"name": "template 1",
 "sql": "SELECT Value FROM DBdata WHERE (Degree IN ('BSc')) AND (Year IN ('2016/2017'))",
 "sqlResult": "{168}",
 "nlq": "What is the number of graduations with a BSc in 2016/2017?"},
{"name": "template 2",
 "sql": "SELECT Value FROM DBdata WHERE (Degree IN ('BSc')) AND (Year IN ('2016/2017','2017/2018','2018/2019','2019/2020'))",
 "sqlResult": "{168} || {302} || {226} || {83}",
 "nlq": "What is the number of graduations with a BSc in 2016/2017, 2017/2018, 2018/2019, or 2019/2020?"},
{"name": "template 3",
 "sql": "SELECT Value FROM DBdata WHERE (Degree IN ('MSc','PhD')) AND (Year IN ('2019/2020'))",
 "sqlResult": "{82} || {310}",
 "nlq": "What is the number of graduations with a MSc or PhD in 2019/2020?"},
{"name": "template 4",
 "sql": "SELECT avg(Value),min(Value) FROM DBdata WHERE (Degree IN ('BSc','MSc')) AND (Year IN ('2016/2017'))",
 "sqlResult": "{213 | 168}",
 "nlq": "What are the average and minimum numbers of graduations with a BSc or MSc in 2016/2017?"},
{"name": "template 6",
 "sql": "SELECT Value FROM DBdata WHERE (Degree IN ('BSc','MSc','PhD')) AND (Year IN ('2016/2017','2017/2018','2018/2019','2019/2020'))",
 "sqlResult": "{168} || {258} || {246} || {302} || {128} || {330} || {226} || {278} || {437} || {83} || {82} || {310}",
 "nlq": "What is the number of graduations with a BSc, MSc, or PhD in 2016/2017, 2017/2018, 2018/2019, or 2019/2020?"},
{"name": "template 7",
 "sql": "SELECT sum(Value),max(Value) FROM DBdata WHERE (Degree IN ('PhD')) AND (Year IN ('2016/2017','2017/2018','2018/2019','2019/2020'))",
 "sqlResult": "{1323 | 437}",
 "nlq": "What are the total and maximum numbers of graduations with a PhD in 2016/2017, 2017/2018, 2018/2019, or 2019/2020?"},
{"name": "template 8",
 "sql": "SELECT Degree,min(Value),avg(Value) FROM DBdata WHERE (Degree IN ('BSc','MSc','PhD')) AND (Year IN ('2016/2017','2017/2018','2018/2019','2019/2020')) GROUP BY Degree",
 "sqlResult": "{BSc | 83 | 194.75} || {MSc | 82 | 186.5} || {PhD | 246 | 330.75}",
 "nlq": "What are the minimum and average numbers of graduations for each Degree, with a BSc, MSc, or PhD in 2016/2017, 2017/2018, 2018/2019, or 2019/2020? Please, report the corresponding Degree."},
{"name": "template 9",
 "sql": "SELECT min(Value) FROM DBdata WHERE (Degree IN ('PhD')) AND (Year IN ('2016/2017','2017/2018','2018/2019','2019/2020')) GROUP BY Year",
 "sqlResult": "{246} || {330} || {437} || {310}",
 "nlq": "What is the minimum number of graduations for each Year, with a PhD in 2016/2017, 2017/2018, 2018/2019, or 2019/2020?"},
{"name": "template 10",
 "sql": "SELECT Year,sum(Value) FROM DBdata WHERE (Degree IN ('BSc')) AND (Year IN ('2016/2017','2017/2018','2018/2019','2019/2020')) GROUP BY Year",
 "sqlResult": "{2016/2017 | 168} || {2017/2018 | 302} || {2018/2019 | 226} || {2019/2020 | 83}",
 "nlq": "What is the total number of graduations for each Year, with a BSc in 2016/2017, 2017/2018, 2018/2019, or 2019/2020? Please, report the corresponding Year."},
{"name": "template 11",
 "sql": "SELECT Year,Degree,min(Value) FROM DBdata WHERE (Degree IN ('MSc','PhD')) AND (Year IN ('2016/2017','2017/2018','2018/2019','2019/2020')) GROUP BY Year,Degree",
 "sqlResult": "{2016/2017 | MSc | 258} || {2016/2017 | PhD | 246} || {2017/2018 | MSc | 128} || {2017/2018 | PhD | 330} || {2018/2019 | MSc | 278} || {2018/2019 | PhD | 437} || {2019/2020 | MSc | 82} || {2019/2020 | PhD | 310}",
 "nlq": "What is the minimum number of graduations for each Year and Degree, with a MSc or PhD in 2016/2017, 2017/2018, 2018/2019, or 2019/2020? Please, report the corresponding Year and Degree."},
{"name": "template 12",
 "sql": "SELECT Value FROM DBdata WHERE (Degree IN ('BSc')) AND (Year IN ('2016/2017','2018/2019')) ORDER BY VALUE DESC LIMIT 2",
 "sqlResult": "{226} || {168}",
 "nlq": "What are the top 2 numbers of graduations with a BSc in 2016/2017 or 2018/2019?"},
{"name": "template 13",
 "sql": "SELECT Value FROM DBdata WHERE (Degree IN ('MSc')) AND (Year IN ('2016/2017','2018/2019')) ORDER BY VALUE ASC",
 "sqlResult": "{258} || {278}",
 "nlq": "What are the numbers of graduations ordered by increasing values with a MSc in 2016/2017 or 2018/2019?"},
{"name": "template 14",
 "sql": "SELECT Year FROM DBdata WHERE (Degree IN ('PhD')) AND Value > 237.33",
 "sqlResult": "{2016/2017} || {2017/2018} || {2018/2019} || {2019/2020}",
 "nlq": "What is the Year for which the number of graduations with a PhD is greater than 237.33?"},
{"name": "template 15",
 "sql": "SELECT Year,Value FROM DBdata WHERE (Degree IN ('MSc')) AND (Year) IN (SELECT Year FROM DBdata WHERE (Degree IN ('PhD')) AND Value > 237.33)",
 "sqlResult": "{2016/2017 | 258} || {2017/2018 | 128} || {2018/2019 | 278} || {2019/2020 | 82}",
 "nlq": "What is the number of graduations with a MSc in Year for which the number of graduations with a PhD is greater than 237.33? Please, report the corresponding Year and number of graduations."}]
}
