Degree,Year,Language,Value
Degree,Year,Language,Value
BSc,2017/2018,French,248
MSc,2017/2018,French,334
PhD,2017/2018,French,180
BSc,2018/2019,French,413
MSc,2018/2019,French,206
PhD,2018/2019,French,94
BSc,2019/2020,French,175
MSc,2019/2020,French,439
PhD,2019/2020,French,394
BSc,2020/2021,French,465
MSc,2020/2021,French,271
PhD,2020/2021,French,424
BSc,2017/2018,Spanish,214
MSc,2017/2018,Spanish,483
PhD,2017/2018,Spanish,240
BSc,2018/2019,Spanish,89
MSc,2018/2019,Spanish,326
PhD,2018/2019,Spanish,396
BSc,2019/2020,Spanish,233
MSc,2019/2020,Spanish,343
PhD,2019/2020,Spanish,138
BSc,2020/2021,Spanish,381
MSc,2020/2021,Spanish,101
PhD,2020/2021,Spanish,150
BSc,2017/2018,German,187
MSc,2017/2018,German,80
PhD,2017/2018,German,313
BSc,2018/2019,German,90
MSc,2018/2019,German,409
PhD,2018/2019,German,451
BSc,2019/2020,German,114
MSc,2019/2020,German,307
PhD,2019/2020,German,55
BSc,2020/2021,German,290
MSc,2020/2021,German,341
PhD,2020/2021,German,417
BSc,2017/2018,Other,142
MSc,2017/2018,Other,171
PhD,2017/2018,Other,283
BSc,2018/2019,Other,365
MSc,2018/2019,Other,202
PhD,2018/2019,Other,389
BSc,2019/2020,Other,207
MSc,2019/2020,Other,208
PhD,2019/2020,Other,286
BSc,2020/2021,Other,86
MSc,2020/2021,Other,129
PhD,2020/2021,Other,74
