Degree,Year,Language,Value
Degree,Year,Language,Value
BSc,2017/2018,Arabic,232
MSc,2017/2018,Arabic,286
PhD,2017/2018,Arabic,240
BSc,2018/2019,Arabic,89
MSc,2018/2019,Arabic,484
PhD,2018/2019,Arabic,219
BSc,2019/2020,Arabic,181
MSc,2019/2020,Arabic,476
PhD,2019/2020,Arabic,167
BSc,2017/2018,English,334
MSc,2017/2018,English,363
PhD,2017/2018,English,108
BSc,2018/2019,English,359
MSc,2018/2019,English,115
PhD,2018/2019,English,302
BSc,2019/2020,English,194
MSc,2019/2020,English,134
PhD,2019/2020,English,304
BSc,2017/2018,French,161
MSc,2017/2018,French,315
PhD,2017/2018,French,485
BSc,2018/2019,French,105
MSc,2018/2019,French,100
PhD,2018/2019,French,200
BSc,2019/2020,French,221
MSc,2019/2020,French,80
PhD,2019/2020,French,257
