{
"filename": "Number_of_graduations_set37_2_DB.csv",
"questions": [{"name": "template 1",
 "sql": "SELECT Value FROM DBdata WHERE (AA IN ('AAgt')) AND ((BB = 'BBgz' AND CC = 'CCqw'))",
 "sqlResult": "{183}",
 "nlq": "What is the number of graduations with a AAgt in CCqw in BBgz?"},
{"name": "template 2",
 "sql": "SELECT Value FROM DBdata WHERE (AA IN ('AAhm')) AND ((BB = 'BBdg' AND CC = 'CCby') OR (BB = 'BBgz' AND CC = 'CCby') OR (BB = 'BBjy' AND CC = 'CCby') OR (BB = 'BBjy' AND CC = 'CChx') OR (BB = 'BBgz' AND CC = 'CCqw') OR (BB = 'BBck' AND CC = 'CCtv'))",
 "sqlResult": "{273} || {368} || {490} || {311} || {315} || {274}",
 "nlq": "What is the number of graduations with a AAhm in CCby in BBdg, BBgz, or BBjy or in CCqw in BBgz or in CCtv in BBck or in CChx in BBjy?"},
{"name": "template 3",
 "sql": "SELECT Value FROM DBdata WHERE (AA IN ('AAfv','AAhm','AAgt')) AND ((BB = 'BBdg' AND CC = 'CCqw'))",
 "sqlResult": "{338} || {487} || {408}",
 "nlq": "What is the number of graduations with a AAfv, AAhm, or AAgt in CCqw in BBdg?"},
{"name": "template 4",
 "sql": "SELECT max(Value),min(Value) FROM DBdata WHERE (AA IN ('AAfv','AAhm','AAgt')) AND ((BB = 'BBck' AND CC = 'CCtv'))",
 "sqlResult": "{416 | 274}",
 "nlq": "What are the maximum and minimum numbers of graduations with a AAfv, AAhm, or AAgt in CCtv in BBck?"},
{"name": "template 6",
 "sql": "SELECT Value FROM DBdata WHERE (AA IN ('AAfv','AAhm','AAgt')) AND ((BB = 'BBdg' AND CC = 'CCby') OR (BB = 'BBck' AND CC = 'CCqw') OR (BB = 'BBck' AND CC = 'CCtv'))",
 "sqlResult": "{421} || {273} || {424} || {177} || {172} || {60} || {352} || {274} || {416}",
 "nlq": "What is the number of graduations with a AAfv, AAhm, or AAgt in CCby in BBdg or in CCqw or CCtv in BBck?"},
{"name": "template 7",
 "sql": "SELECT max(Value),avg(Value) FROM DBdata WHERE (AA IN ('AAgt')) AND ((BB = 'BBdg' AND CC = 'CCqw') OR (BB = 'BBgz' AND CC = 'CCqw') OR (BB = 'BBjy' AND CC = 'CCqw'))",
 "sqlResult": "{413 | 334.67}",
 "nlq": "What are the maximum and average numbers of graduations with a AAgt in CCqw in BBdg, BBgz, or BBjy?"},
{"name": "template 8",
 "sql": "SELECT AA,max(Value),min(Value) FROM DBdata WHERE (AA IN ('AAfv','AAgt')) AND ((BB = 'BBck' AND CC = 'CCby') OR (BB = 'BBck' AND CC = 'CCqw') OR (BB = 'BBgz' AND CC = 'CCqw') OR (BB = 'BBjy' AND CC = 'CCqw') OR (BB = 'BBjy' AND CC = 'CCtv')) GROUP BY AA",
 "sqlResult": "{AAfv | 495 | 177} || {AAgt | 413 | 60}",
 "nlq": "What are the maximum and minimum numbers of graduations for each AA, with a AAfv or AAgt in CCby in BBck or in CCqw in BBck, BBgz, or BBjy or in CCtv in BBjy? Please, report the corresponding AA."},
{"name": "template 9",
 "sql": "SELECT min(Value) FROM DBdata WHERE (AA IN ('AAgt')) AND (BB IN ('BBdg','BBck','BBgz','BBjy')) GROUP BY BB",
 "sqlResult": "{89} || {60} || {51} || {218}",
 "nlq": "What is the minimum number of graduations for each BB, with a AAgt in BBdg, BBck, BBgz, or BBjy?"},
{"name": "template 10",
 "sql": "SELECT BB,max(Value) FROM DBdata WHERE (AA IN ('AAhm')) AND (BB IN ('BBdg','BBck','BBgz','BBjy')) GROUP BY BB",
 "sqlResult": "{BBdg | 487} || {BBck | 274} || {BBgz | 368} || {BBjy | 493}",
 "nlq": "What is the maximum number of graduations for each BB, with a AAhm in BBdg, BBck, BBgz, or BBjy? Please, report the corresponding BB."},
{"name": "template 11",
 "sql": "SELECT BB,AA,avg(Value) FROM DBdata WHERE (AA IN ('AAfv','AAhm','AAgt')) AND (BB IN ('BBdg','BBck','BBgz','BBjy')) GROUP BY BB,AA",
 "sqlResult": "{BBdg | AAfv | 300.75} || {BBdg | AAhm | 250.75} || {BBdg | AAgt | 309.25} || {BBck | AAfv | 305.75} || {BBck | AAhm | 183.5} || {BBck | AAgt | 223.25} || {BBgz | AAfv | 280} || {BBgz | AAhm | 241.25} || {BBgz | AAgt | 281.5} || {BBjy | AAfv | 288.5} || {BBjy | AAhm | 413.5} || {BBjy | AAgt | 276}",
 "nlq": "What is the average number of graduations for each BB and AA, with a AAfv, AAhm, or AAgt in BBdg, BBck, BBgz, or BBjy? Please, report the corresponding BB and AA."},
{"name": "template 12",
 "sql": "SELECT Value FROM DBdata WHERE (AA IN ('AAgt')) AND (BB IN ('BBdg','BBck')) ORDER BY VALUE DESC LIMIT 4",
 "sqlResult": "{424} || {416} || {408} || {316}",
 "nlq": "What are the top 4 numbers of graduations with a AAgt in BBdg or BBck?"},
{"name": "template 13",
 "sql": "SELECT Value FROM DBdata WHERE (AA IN ('AAhm')) AND (BB IN ('BBdg','BBgz')) ORDER BY VALUE ASC",
 "sqlResult": "{63} || {114} || {129} || {219} || {273} || {315} || {368} || {487}",
 "nlq": "What are the numbers of graduations ordered by increasing values with a AAhm in BBdg or BBgz?"},
{"name": "template 14",
 "sql": "SELECT BB,CC FROM DBdata WHERE (AA IN ('AAgt')) AND Value > 279.5",
 "sqlResult": "{BBdg | CCby} || {BBck | CCby} || {BBgz | CCby} || {BBdg | CChx} || {BBgz | CChx} || {BBdg | CCqw} || {BBjy | CCqw} || {BBck | CCtv}",
 "nlq": "What are the BB and CC for which the number of graduations with a AAgt is greater than 279.5?"},
{"name": "template 15",
 "sql": "SELECT BB,CC,Value FROM DBdata WHERE (AA IN ('AAfv')) AND (BB,CC) IN (SELECT BB,CC FROM DBdata WHERE (AA IN ('AAgt')) AND Value > 279.5)",
 "sqlResult": "{BBdg | CCby | 421} || {BBck | CCby | 226} || {BBgz | CCby | 446} || {BBdg | CChx | 292} || {BBgz | CChx | 84} || {BBdg | CCqw | 338} || {BBjy | CCqw | 495} || {BBck | CCtv | 352}",
 "nlq": "What is the number of graduations with a AAfv in BB and in CC for which the number of graduations with a AAgt is greater than 279.5? Please, report the corresponding BB, CC, and number of graduations."}]
}

