{
"filename": "Number_of_graduations_set38_2_DB.csv",
"questions": [{"name": "template 1",
 "sql": "SELECT Value FROM DBdata WHERE (Degree IN ('MSc')) AND ((Language = 'Other' AND Year = '2019/2020'))",
 "sqlResult": "{208}",
 "nlq": "What is the number of graduations with a MSc in Other in 2019/2020?"},
{"name": "template 2",
 "sql": "SELECT Value FROM DBdata WHERE (Degree IN ('MSc')) AND ((Language = 'German' AND Year = '2020/2021') OR (Language = 'Other' AND Year = '2018/2019'))",
 "sqlResult": "{341} || {202}",
 "nlq": "What is the number of graduations with a MSc in German in 2020/2021 or in Other in 2018/2019?"},
{"name": "template 3",
 "sql": "SELECT Value FROM DBdata WHERE (Degree IN ('BSc','MSc')) AND ((Language = 'Other' AND Year = '2017/2018'))",
 "sqlResult": "{142} || {171}",
 "nlq": "What is the number of graduations with a BSc or MSc in Other in 2017/2018?"},
{"name": "template 4",
 "sql": "SELECT avg(Value),sum(Value) FROM DBdata WHERE (Degree IN ('BSc','PhD')) AND ((Language = 'Spanish' AND Year = '2019/2020'))",
 "sqlResult": "{185.5 | 371}",
 "nlq": "What are the average and total numbers of graduations with a BSc or PhD in Spanish in 2019/2020?"},
{"name": "template 6",
 "sql": "SELECT Value FROM DBdata WHERE (Degree IN ('BSc','PhD')) AND ((Language = 'French' AND Year = '2019/2020') OR (Language = 'Spanish' AND Year = '2019/2020') OR (Language = 'German' AND Year = '2017/2018'))",
 "sqlResult": "{175} || {394} || {233} || {138} || {187} || {313}",
 "nlq": "What is the number of graduations with a BSc or PhD in French or Spanish in 2019/2020 or in German in 2017/2018?"},
{"name": "template 7",
 "sql": "SELECT avg(Value),sum(Value) FROM DBdata WHERE (Degree IN ('MSc')) AND ((Language = 'French' AND Year = '2020/2021') OR (Language = 'Spanish' AND Year = '2017/2018') OR (Language = 'German' AND Year = '2017/2018') OR (Language = 'German' AND Year = '2020/2021') OR (Language = 'Other' AND Year = '2017/2018'))",
 "sqlResult": "{269.2 | 1346}",
 "nlq": "What are the average and total numbers of graduations with a MSc in French or German in 2020/2021 or in German, Other, or Spanish in 2017/2018?"},
{"name": "template 8",
 "sql": "SELECT Degree,avg(Value),max(Value) FROM DBdata WHERE (Degree IN ('BSc','MSc','PhD')) AND ((Language = 'French' AND Year = '2017/2018') OR (Language = 'French' AND Year = '2018/2019') OR (Language = 'French' AND Year = '2020/2021') OR (Language = 'Spanish' AND Year = '2017/2018') OR (Language = 'German' AND Year = '2017/2018')) GROUP BY Degree",
 "sqlResult": "{BSc | 305.4 | 465} || {MSc | 274.8 | 483} || {PhD | 250.2 | 424}",
 "nlq": "What are the average and maximum numbers of graduations for each Degree, with a BSc, MSc, or PhD in French in 2018/2019 or 2020/2021 or in French, German, or Spanish in 2017/2018? Please, report the corresponding Degree."},
{"name": "template 9",
 "sql": "SELECT min(Value) FROM DBdata WHERE (Degree IN ('BSc')) AND (Language IN ('French','Spanish','German','Other')) GROUP BY Language",
 "sqlResult": "{175} || {90} || {86} || {89}",
 "nlq": "What is the minimum number of graduations for each Language, with a BSc in French, German, Other, or Spanish?"},
{"name": "template 10",
 "sql": "SELECT Language,min(Value) FROM DBdata WHERE (Degree IN ('MSc')) AND (Language IN ('French','Spanish','German','Other')) GROUP BY Language",
 "sqlResult": "{French | 206} || {German | 80} || {Other | 129} || {Spanish | 101}",
 "nlq": "What is the minimum number of graduations for each Language, with a MSc in French, German, Other, or Spanish? Please, report the corresponding Language."},
{"name": "template 11",
 "sql": "SELECT Language,Degree,max(Value) FROM DBdata WHERE (Degree IN ('BSc','MSc')) AND (Language IN ('French','Spanish','German','Other')) GROUP BY Language,Degree",
 "sqlResult": "{French | BSc | 465} || {French | MSc | 439} || {German | BSc | 290} || {German | MSc | 409} || {Other | BSc | 365} || {Other | MSc | 208} || {Spanish | BSc | 381} || {Spanish | MSc | 483}",
 "nlq": "What is the maximum number of graduations for each Language and Degree, with a BSc or MSc in French, German, Other, or Spanish? Please, report the corresponding Language and Degree."},
{"name": "template 12",
 "sql": "SELECT Value FROM DBdata WHERE (Degree IN ('MSc')) AND (Language IN ('French','Other')) ORDER BY VALUE DESC LIMIT 2",
 "sqlResult": "{439} || {334}",
 "nlq": "What are the top 2 numbers of graduations with a MSc in French or Other?"},
{"name": "template 13",
 "sql": "SELECT Value FROM DBdata WHERE (Degree IN ('BSc')) AND (Language IN ('Spanish','German')) ORDER BY VALUE DESC",
 "sqlResult": "{381} || {290} || {233} || {214} || {187} || {114} || {90} || {89}",
 "nlq": "What are the numbers of graduations ordered by decreasing values with a BSc in German or Spanish?"},
{"name": "template 14",
 "sql": "SELECT Language,Year FROM DBdata WHERE (Degree IN ('BSc')) AND Value < 256.94",
 "sqlResult": "{French | 2017/2018} || {French | 2019/2020} || {Spanish | 2017/2018} || {Spanish | 2018/2019} || {Spanish | 2019/2020} || {German | 2017/2018} || {German | 2018/2019} || {German | 2019/2020} || {Other | 2017/2018} || {Other | 2019/2020} || {Other | 2020/2021}",
 "nlq": "What are the Language and Year for which the number of graduations with a BSc is lower than 256.94?"},
{"name": "template 15",
 "sql": "SELECT Language,Year,Value FROM DBdata WHERE (Degree IN ('PhD')) AND (Language,Year) IN (SELECT Language,Year FROM DBdata WHERE (Degree IN ('BSc')) AND Value < 256.94)",
 "sqlResult": "{French | 2017/2018 | 180} || {French | 2019/2020 | 394} || {Spanish | 2017/2018 | 240} || {Spanish | 2018/2019 | 396} || {Spanish | 2019/2020 | 138} || {German | 2017/2018 | 313} || {German | 2018/2019 | 451} || {German | 2019/2020 | 55} || {Other | 2017/2018 | 283} || {Other | 2019/2020 | 286} || {Other | 2020/2021 | 74}",
 "nlq": "What is the number of graduations with a PhD in Language and in Year for which the number of graduations with a BSc is lower than 256.94? Please, report the corresponding Language, Year, and number of graduations."}]
}
