{
"filename": "Number_of_graduations_set38_4_DB.csv",
"questions": [{"name": "template 1",
 "sql": "SELECT Value FROM DBdata WHERE (Degree IN ('BSc')) AND ((Language = 'Spanish' AND Year = '2018/2019'))",
 "sqlResult": "{300}",
 "nlq": "What is the number of graduations with a BSc in Spanish in 2018/2019?"},
{"name": "template 2",
 "sql": "SELECT Value FROM DBdata WHERE (Degree IN ('PhD')) AND ((Language = 'Spanish' AND Year = '2017/2018') OR (Language = 'German' AND Year = '2019/2020'))",
 "sqlResult": "{199} || {325}",
 "nlq": "What is the number of graduations with a PhD in German in 2019/2020 or in Spanish in 2017/2018?"},
{"name": "template 3",
 "sql": "SELECT Value FROM DBdata WHERE (Degree IN ('BSc','MSc','PhD')) AND ((Language = 'Spanish' AND Year = '2018/2019'))",
 "sqlResult": "{300} || {173} || {424}",
 "nlq": "What is the number of graduations with a BSc, MSc, or PhD in Spanish in 2018/2019?"},
{"name": "template 4",
 "sql": "SELECT sum(Value),avg(Value) FROM DBdata WHERE (Degree IN ('BSc','PhD')) AND ((Language = 'Spanish' AND Year = '2015/2016'))",
 "sqlResult": "{442 | 221}",
 "nlq": "What are the total and average numbers of graduations with a BSc or PhD in Spanish in 2015/2016?"},
{"name": "template 6",
 "sql": "SELECT Value FROM DBdata WHERE (Degree IN ('BSc','MSc')) AND ((Language = 'French' AND Year = '2015/2016') OR (Language = 'French' AND Year = '2018/2019') OR (Language = 'Spanish' AND Year = '2015/2016'))",
 "sqlResult": "{88} || {200} || {454} || {209} || {87} || {122}",
 "nlq": "What is the number of graduations with a BSc or MSc in French in 2018/2019 or in French or Spanish in 2015/2016?"},
{"name": "template 7",
 "sql": "SELECT min(Value),max(Value) FROM DBdata WHERE (Degree IN ('MSc')) AND ((Language = 'French' AND Year = '2015/2016') OR (Language = 'French' AND Year = '2017/2018') OR (Language = 'French' AND Year = '2018/2019') OR (Language = 'Spanish' AND Year = '2018/2019') OR (Language = 'German' AND Year = '2015/2016'))",
 "sqlResult": "{173 | 383}",
 "nlq": "What are the minimum and maximum numbers of graduations with a MSc in French in 2015/2016, 2017/2018, or 2018/2019 or in German in 2015/2016 or in Spanish in 2018/2019?"},
{"name": "template 8",
 "sql": "SELECT Degree,min(Value),sum(Value) FROM DBdata WHERE (Degree IN ('BSc','MSc','PhD')) AND ((Language = 'French' AND Year = '2015/2016') OR (Language = 'Spanish' AND Year = '2018/2019') OR (Language = 'German' AND Year = '2017/2018')) GROUP BY Degree",
 "sqlResult": "{BSc | 88 | 844} || {MSc | 80 | 453} || {PhD | 143 | 804}",
 "nlq": "What are the minimum and total numbers of graduations for each Degree, with a BSc, MSc, or PhD in French in 2015/2016 or in German in 2017/2018 or in Spanish in 2018/2019? Please, report the corresponding Degree."},
{"name": "template 9",
 "sql": "SELECT min(Value) FROM DBdata WHERE (Degree IN ('PhD')) AND (Language IN ('French','Spanish','German')) GROUP BY Language",
 "sqlResult": "{99} || {143} || {134}",
 "nlq": "What is the minimum number of graduations for each Language, with a PhD in French, German, or Spanish?"},
{"name": "template 10",
 "sql": "SELECT Language,sum(Value) FROM DBdata WHERE (Degree IN ('BSc')) AND (Language IN ('French','Spanish','German')) GROUP BY Language",
 "sqlResult": "{French | 1276} || {German | 1747} || {Spanish | 1035}",
 "nlq": "What is the total number of graduations for each Language, with a BSc in French, German, or Spanish? Please, report the corresponding Language."},
{"name": "template 11",
 "sql": "SELECT Language,Degree,max(Value) FROM DBdata WHERE (Degree IN ('BSc','MSc','PhD')) AND (Language IN ('French','Spanish','German')) GROUP BY Language,Degree",
 "sqlResult": "{French | BSc | 454} || {French | MSc | 406} || {French | PhD | 387} || {German | BSc | 456} || {German | MSc | 438} || {German | PhD | 325} || {Spanish | BSc | 300} || {Spanish | MSc | 440} || {Spanish | PhD | 424}",
 "nlq": "What is the maximum number of graduations for each Language and Degree, with a BSc, MSc, or PhD in French, German, or Spanish? Please, report the corresponding Language and Degree."},
{"name": "template 12",
 "sql": "SELECT Value FROM DBdata WHERE (Degree IN ('PhD')) AND (Language IN ('Spanish','German')) ORDER BY VALUE DESC LIMIT 3",
 "sqlResult": "{424} || {355} || {325}",
 "nlq": "What are the top 3 numbers of graduations with a PhD in German or Spanish?"},
{"name": "template 13",
 "sql": "SELECT Value FROM DBdata WHERE (Degree IN ('MSc')) AND (Language IN ('Spanish','German')) ORDER BY VALUE ASC",
 "sqlResult": "{80} || {98} || {122} || {173} || {197} || {210} || {247} || {383} || {438} || {440}",
 "nlq": "What are the numbers of graduations ordered by increasing values with a MSc in German or Spanish?"},
{"name": "template 14",
 "sql": "SELECT Language,Year FROM DBdata WHERE (Degree IN ('BSc')) AND Value < 255.56",
 "sqlResult": "{French | 2015/2016} || {French | 2019/2020} || {Spanish | 2015/2016} || {Spanish | 2016/2017} || {Spanish | 2017/2018} || {German | 2019/2020}",
 "nlq": "What are the Language and Year for which the number of graduations with a BSc is lower than 255.56?"},
{"name": "template 15",
 "sql": "SELECT Language,Year,Value FROM DBdata WHERE (Degree IN ('MSc')) AND (Language,Year) IN (SELECT Language,Year FROM DBdata WHERE (Degree IN ('BSc')) AND Value < 255.56)",
 "sqlResult": "{French | 2015/2016 | 200} || {French | 2019/2020 | 406} || {Spanish | 2015/2016 | 122} || {Spanish | 2016/2017 | 210} || {Spanish | 2017/2018 | 98} || {German | 2019/2020 | 197}",
 "nlq": "What is the number of graduations with a MSc in Language and in Year for which the number of graduations with a BSc is lower than 255.56? Please, report the corresponding Language, Year, and number of graduations."}]
}
