Degree,Year,Language,Value
Degree,Year,Language,Value
BSc,2020/2021,English,223
MSc,2020/2021,English,361
PhD,2020/2021,English,80
BSc,2021/2022,English,252
MSc,2021/2022,English,346
PhD,2021/2022,English,150
BSc,2022/2023,English,487
MSc,2022/2023,English,344
PhD,2022/2023,English,261
BSc,2020/2021,French,142
MSc,2020/2021,French,493
PhD,2020/2021,French,401
BSc,2021/2022,French,127
MSc,2021/2022,French,269
PhD,2021/2022,French,399
BSc,2022/2023,French,63
MSc,2022/2023,French,287
PhD,2022/2023,French,440
BSc,2020/2021,Spanish,273
MSc,2020/2021,Spanish,166
PhD,2020/2021,Spanish,270
BSc,2021/2022,Spanish,51
MSc,2021/2022,Spanish,436
PhD,2021/2022,Spanish,271
BSc,2022/2023,Spanish,68
MSc,2022/2023,Spanish,478
PhD,2022/2023,Spanish,120
BSc,2020/2021,German,104
MSc,2020/2021,German,50
PhD,2020/2021,German,322
BSc,2021/2022,German,107
MSc,2021/2022,German,168
PhD,2021/2022,German,385
BSc,2022/2023,German,368
MSc,2022/2023,German,496
PhD,2022/2023,German,90
