{
"filename": "Number_of_graduations_set7_1_DB.csv",
"questions": [{"name": "template 1",
 "sql": "SELECT Value FROM DBdata WHERE (Degree IN ('PhD')) AND (Year IN ('2015/2016'))",
 "sqlResult": "{98}",
 "nlq": "What is the number of graduations with a PhD in 2015/2016?"},
{"name": "template 2",
 "sql": "SELECT Value FROM DBdata WHERE (Degree IN ('MSc')) AND (Year IN ('2015/2016','2016/2017','2018/2019'))",
 "sqlResult": "{61} || {160} || {463}",
 "nlq": "What is the number of graduations with a MSc in 2015/2016, 2016/2017, or 2018/2019?"},
{"name": "template 3",
 "sql": "SELECT Value FROM DBdata WHERE (Degree IN ('BSc','MSc','PhD')) AND (Year IN ('2015/2016'))",
 "sqlResult": "{305} || {61} || {98}",
 "nlq": "What is the number of graduations with a BSc, MSc, or PhD in 2015/2016?"},
{"name": "template 4",
 "sql": "SELECT min(Value),max(Value) FROM DBdata WHERE (Degree IN ('MSc','PhD')) AND (Year IN ('2015/2016'))",
 "sqlResult": "{61 | 98}",
 "nlq": "What are the minimum and maximum numbers of graduations with a MSc or PhD in 2015/2016?"},
{"name": "template 6",
 "sql": "SELECT Value FROM DBdata WHERE (Degree IN ('BSc','MSc','PhD')) AND (Year IN ('2016/2017','2017/2018'))",
 "sqlResult": "{207} || {160} || {309} || {437} || {456} || {173}",
 "nlq": "What is the number of graduations with a BSc, MSc, or PhD in 2016/2017 or 2017/2018?"},
{"name": "template 7",
 "sql": "SELECT avg(Value),min(Value) FROM DBdata WHERE (Degree IN ('MSc')) AND (Year IN ('2015/2016','2016/2017','2018/2019'))",
 "sqlResult": "{228 | 61}",
 "nlq": "What are the average and minimum numbers of graduations with a MSc in 2015/2016, 2016/2017, or 2018/2019?"},
{"name": "template 8",
 "sql": "SELECT Degree,sum(Value),min(Value) FROM DBdata WHERE (Degree IN ('BSc','MSc')) AND (Year IN ('2016/2017','2017/2018')) GROUP BY Degree",
 "sqlResult": "{BSc | 644 | 207} || {MSc | 616 | 160}",
 "nlq": "What are the total and minimum numbers of graduations for each Degree, with a BSc or MSc in 2016/2017 or 2017/2018? Please, report the corresponding Degree."},
{"name": "template 9",
 "sql": "SELECT min(Value) FROM DBdata WHERE (Degree IN ('MSc')) AND (Year IN ('2015/2016','2016/2017','2017/2018','2018/2019')) GROUP BY Year",
 "sqlResult": "{61} || {160} || {456} || {463}",
 "nlq": "What is the minimum number of graduations for each Year, with a MSc in 2015/2016, 2016/2017, 2017/2018, or 2018/2019?"},
{"name": "template 10",
 "sql": "SELECT Year,sum(Value) FROM DBdata WHERE (Degree IN ('PhD')) AND (Year IN ('2015/2016','2016/2017','2017/2018','2018/2019')) GROUP BY Year",
 "sqlResult": "{2015/2016 | 98} || {2016/2017 | 309} || {2017/2018 | 173} || {2018/2019 | 241}",
 "nlq": "What is the total number of graduations for each Year, with a PhD in 2015/2016, 2016/2017, 2017/2018, or 2018/2019? Please, report the corresponding Year."},
{"name": "template 11",
 "sql": "SELECT Year,Degree,sum(Value) FROM DBdata WHERE (Degree IN ('MSc','PhD')) AND (Year IN ('2015/2016','2016/2017','2017/2018','2018/2019')) GROUP BY Year,Degree",
 "sqlResult": "{2015/2016 | MSc | 61} || {2015/2016 | PhD | 98} || {2016/2017 | MSc | 160} || {2016/2017 | PhD | 309} || {2017/2018 | MSc | 456} || {2017/2018 | PhD | 173} || {2018/2019 | MSc | 463} || {2018/2019 | PhD | 241}",
 "nlq": "What is the total number of graduations for each Year and Degree, with a MSc or PhD in 2015/2016, 2016/2017, 2017/2018, or 2018/2019? Please, report the corresponding Year and Degree."},
{"name": "template 12",
 "sql": "SELECT Value FROM DBdata WHERE (Degree IN ('BSc')) AND (Year IN ('2015/2016','2017/2018')) ORDER BY VALUE DESC LIMIT 2",
 "sqlResult": "{437} || {305}",
 "nlq": "What are the top 2 numbers of graduations with a BSc in 2015/2016 or 2017/2018?"},
{"name": "template 13",
 "sql": "SELECT Value FROM DBdata WHERE (Degree IN ('MSc')) AND (Year IN ('2016/2017','2018/2019')) ORDER BY VALUE ASC",
 "sqlResult": "{160} || {463}",
 "nlq": "What are the numbers of graduations ordered by increasing values with a MSc in 2016/2017 or 2018/2019?"},
{"name": "template 14",
 "sql": "SELECT Year FROM DBdata WHERE (Degree IN ('PhD')) AND Value > 270.75",
 "sqlResult": "{2016/2017}",
 "nlq": "What is the Year for which the number of graduations with a PhD is greater than 270.75?"},
{"name": "template 15",
 "sql": "SELECT Year,Value FROM DBdata WHERE (Degree IN ('BSc')) AND (Year) IN (SELECT Year FROM DBdata WHERE (Degree IN ('PhD')) AND Value > 270.75)",
 "sqlResult": "{2016/2017 | 207}",
 "nlq": "What is the number of graduations with a BSc in Year for which the number of graduations with a PhD is greater than 270.75? Please, report the corresponding Year and number of graduations."}]
}
