{
"filename": "Number_of_graduations_set2_4_DB.csv",
"questions": [{"name": "template 1",
 "sql": "SELECT Value FROM DBdata WHERE (Degree IN ('PhD')) AND (Year IN ('2020/2021'))",
 "sqlResult": "{69}",
 "nlq": "What is the number of graduations with a PhD in 2020/2021?"},
{"name": "template 2",
 "sql": "SELECT Value FROM DBdata WHERE (Degree IN ('BSc')) AND (Year IN ('2020/2021','2021/2022'))",
 "sqlResult": "{59} || {120}",
 "nlq": "What is the number of graduations with a BSc in 2020/2021 or 2021/2022?"},
{"name": "template 3",
 "sql": "SELECT Value FROM DBdata WHERE (Degree IN ('MSc','PhD')) AND (Year IN ('2020/2021'))",
 "sqlResult": "{459} || {69}",
 "nlq": "What is the number of graduations with a MSc or PhD in 2020/2021?"},
{"name": "template 4",
 "sql": "SELECT avg(Value),sum(Value) FROM DBdata WHERE (Degree IN ('MSc','PhD')) AND (Year IN ('2021/2022'))",
 "sqlResult": "{352.5 | 705}",
 "nlq": "What are the average and total numbers of graduations with a MSc or PhD in 2021/2022?"},
{"name": "template 6",
 "sql": "SELECT Value FROM DBdata WHERE (Degree IN ('BSc','PhD')) AND (Year IN ('2020/2021','2021/2022','2022/2023'))",
 "sqlResult": "{59} || {69} || {120} || {252} || {390} || {350}",
 "nlq": "What is the number of graduations with a BSc or PhD in 2020/2021, 2021/2022, or 2022/2023?"},
{"name": "template 7",
 "sql": "SELECT sum(Value),max(Value) FROM DBdata WHERE (Degree IN ('BSc')) AND (Year IN ('2020/2021','2022/2023'))",
 "sqlResult": "{449 | 390}",
 "nlq": "What are the total and maximum numbers of graduations with a BSc in 2020/2021 or 2022/2023?"},
{"name": "template 8",
 "sql": "SELECT Degree,sum(Value),avg(Value) FROM DBdata WHERE (Degree IN ('BSc','MSc','PhD')) AND (Year IN ('2020/2021','2021/2022')) GROUP BY Degree",
 "sqlResult": "{BSc | 179 | 89.5} || {MSc | 912 | 456} || {PhD | 321 | 160.5}",
 "nlq": "What are the total and average numbers of graduations for each Degree, with a BSc, MSc, or PhD in 2020/2021 or 2021/2022? Please, report the corresponding Degree."},
{"name": "template 9",
 "sql": "SELECT min(Value) FROM DBdata WHERE (Degree IN ('MSc')) AND (Year IN ('2020/2021','2021/2022','2022/2023')) GROUP BY Year",
 "sqlResult": "{459} || {453} || {232}",
 "nlq": "What is the minimum number of graduations for each Year, with a MSc in 2020/2021, 2021/2022, or 2022/2023?"},
{"name": "template 10",
 "sql": "SELECT Year,sum(Value) FROM DBdata WHERE (Degree IN ('BSc')) AND (Year IN ('2020/2021','2021/2022','2022/2023')) GROUP BY Year",
 "sqlResult": "{2020/2021 | 59} || {2021/2022 | 120} || {2022/2023 | 390}",
 "nlq": "What is the total number of graduations for each Year, with a BSc in 2020/2021, 2021/2022, or 2022/2023? Please, report the corresponding Year."},
{"name": "template 11",
 "sql": "SELECT Year,Degree,min(Value) FROM DBdata WHERE (Degree IN ('BSc','PhD')) AND (Year IN ('2020/2021','2021/2022','2022/2023')) GROUP BY Year,Degree",
 "sqlResult": "{2020/2021 | BSc | 59} || {2020/2021 | PhD | 69} || {2021/2022 | BSc | 120} || {2021/2022 | PhD | 252} || {2022/2023 | BSc | 390} || {2022/2023 | PhD | 350}",
 "nlq": "What is the minimum number of graduations for each Year and Degree, with a BSc or PhD in 2020/2021, 2021/2022, or 2022/2023? Please, report the corresponding Year and Degree."},
{"name": "template 12",
 "sql": "SELECT Value FROM DBdata WHERE (Degree IN ('PhD')) AND (Year IN ('2021/2022','2022/2023')) ORDER BY VALUE ASC LIMIT 2",
 "sqlResult": "{252} || {350}",
 "nlq": "What are the bottom 2 numbers of graduations with a PhD in 2021/2022 or 2022/2023?"},
{"name": "template 13",
 "sql": "SELECT Value FROM DBdata WHERE (Degree IN ('MSc')) AND (Year IN ('2020/2021','2022/2023')) ORDER BY VALUE DESC",
 "sqlResult": "{459} || {232}",
 "nlq": "What are the numbers of graduations ordered by decreasing values with a MSc in 2020/2021 or 2022/2023?"},
{"name": "template 14",
 "sql": "SELECT Year FROM DBdata WHERE (Degree IN ('BSc')) AND Value > 264.89",
 "sqlResult": "{2022/2023}",
 "nlq": "What is the Year for which the number of graduations with a BSc is greater than 264.89?"},
{"name": "template 15",
 "sql": "SELECT Year,Value FROM DBdata WHERE (Degree IN ('PhD')) AND (Year) IN (SELECT Year FROM DBdata WHERE (Degree IN ('BSc')) AND Value > 264.89)",
 "sqlResult": "{2022/2023 | 350}",
 "nlq": "What is the number of graduations with a PhD in Year for which the number of graduations with a BSc is greater than 264.89? Please, report the corresponding Year and number of graduations."}]
}
