{
"filename": "Number_of_graduations_set1_1_DB.csv",
"questions": [{"name": "template 1",
 "sql": "SELECT Value FROM DBdata WHERE (Degree IN ('BSc')) AND (Year IN ('2018/2019'))",
 "sqlResult": "{235}",
 "nlq": "What is the number of graduations with a BSc in 2018/2019?"},
{"name": "template 2",
 "sql": "SELECT Value FROM DBdata WHERE (Degree IN ('PhD')) AND (Year IN ('2018/2019','2020/2021','2021/2022'))",
 "sqlResult": "{147} || {136} || {272}",
 "nlq": "What is the number of graduations with a PhD in 2018/2019, 2020/2021, or 2021/2022?"},
{"name": "template 3",
 "sql": "SELECT Value FROM DBdata WHERE (Degree IN ('BSc','MSc','PhD')) AND (Year IN ('2019/2020'))",
 "sqlResult": "{92} || {216} || {332}",
 "nlq": "What is the number of graduations with a BSc, MSc, or PhD in 2019/2020?"},
{"name": "template 4",
 "sql": "SELECT avg(Value),sum(Value) FROM DBdata WHERE (Degree IN ('BSc','MSc')) AND (Year IN ('2020/2021'))",
 "sqlResult": "{187.5 | 375}",
 "nlq": "What are the average and total numbers of graduations with a BSc or MSc in 2020/2021?"},
{"name": "template 6",
 "sql": "SELECT Value FROM DBdata WHERE (Degree IN ('BSc','MSc')) AND (Year IN ('2018/2019','2019/2020','2021/2022'))",
 "sqlResult": "{235} || {97} || {92} || {216} || {406} || {418}",
 "nlq": "What is the number of graduations with a BSc or MSc in 2018/2019, 2019/2020, or 2021/2022?"},
{"name": "template 7",
 "sql": "SELECT max(Value),avg(Value) FROM DBdata WHERE (Degree IN ('MSc')) AND (Year IN ('2018/2019','2019/2020','2020/2021','2021/2022'))",
 "sqlResult": "{418 | 228.5}",
 "nlq": "What are the maximum and average numbers of graduations with a MSc in 2018/2019, 2019/2020, 2020/2021, or 2021/2022?"},
{"name": "template 8",
 "sql": "SELECT Degree,avg(Value),sum(Value) FROM DBdata WHERE (Degree IN ('BSc','MSc','PhD')) AND (Year IN ('2018/2019','2019/2020','2020/2021','2021/2022')) GROUP BY Degree",
 "sqlResult": "{BSc | 231.25 | 925} || {MSc | 228.5 | 914} || {PhD | 221.75 | 887}",
 "nlq": "What are the average and total numbers of graduations for each Degree, with a BSc, MSc, or PhD in 2018/2019, 2019/2020, 2020/2021, or 2021/2022? Please, report the corresponding Degree."},
{"name": "template 9",
 "sql": "SELECT min(Value) FROM DBdata WHERE (Degree IN ('BSc')) AND (Year IN ('2018/2019','2019/2020','2020/2021','2021/2022')) GROUP BY Year",
 "sqlResult": "{235} || {92} || {192} || {406}",
 "nlq": "What is the minimum number of graduations for each Year, with a BSc in 2018/2019, 2019/2020, 2020/2021, or 2021/2022?"},
{"name": "template 10",
 "sql": "SELECT Year,avg(Value) FROM DBdata WHERE (Degree IN ('MSc')) AND (Year IN ('2018/2019','2019/2020','2020/2021','2021/2022')) GROUP BY Year",
 "sqlResult": "{2018/2019 | 97} || {2019/2020 | 216} || {2020/2021 | 183} || {2021/2022 | 418}",
 "nlq": "What is the average number of graduations for each Year, with a MSc in 2018/2019, 2019/2020, 2020/2021, or 2021/2022? Please, report the corresponding Year."},
{"name": "template 11",
 "sql": "SELECT Year,Degree,max(Value) FROM DBdata WHERE (Degree IN ('MSc','PhD')) AND (Year IN ('2018/2019','2019/2020','2020/2021','2021/2022')) GROUP BY Year,Degree",
 "sqlResult": "{2018/2019 | MSc | 97} || {2018/2019 | PhD | 147} || {2019/2020 | MSc | 216} || {2019/2020 | PhD | 332} || {2020/2021 | MSc | 183} || {2020/2021 | PhD | 136} || {2021/2022 | MSc | 418} || {2021/2022 | PhD | 272}",
 "nlq": "What is the maximum number of graduations for each Year and Degree, with a MSc or PhD in 2018/2019, 2019/2020, 2020/2021, or 2021/2022? Please, report the corresponding Year and Degree."},
{"name": "template 12",
 "sql": "SELECT Value FROM DBdata WHERE (Degree IN ('BSc')) AND (Year IN ('2018/2019','2021/2022')) ORDER BY VALUE ASC LIMIT 2",
 "sqlResult": "{235} || {406}",
 "nlq": "What are the bottom 2 numbers of graduations with a BSc in 2018/2019 or 2021/2022?"},
{"name": "template 13",
 "sql": "SELECT Value FROM DBdata WHERE (Degree IN ('PhD')) AND (Year IN ('2018/2019','2020/2021')) ORDER BY VALUE ASC",
 "sqlResult": "{136} || {147}",
 "nlq": "What are the numbers of graduations ordered by increasing values with a PhD in 2018/2019 or 2020/2021?"},
{"name": "template 14",
 "sql": "SELECT Year FROM DBdata WHERE (Degree IN ('MSc')) AND Value > 227.17",
 "sqlResult": "{2021/2022}",
 "nlq": "What is the Year for which the number of graduations with a MSc is greater than 227.17?"},
{"name": "template 15",
 "sql": "SELECT Year,Value FROM DBdata WHERE (Degree IN ('PhD')) AND (Year) IN (SELECT Year FROM DBdata WHERE (Degree IN ('MSc')) AND Value > 227.17)",
 "sqlResult": "{2021/2022 | 272}",
 "nlq": "What is the number of graduations with a PhD in Year for which the number of graduations with a MSc is greater than 227.17? Please, report the corresponding Year and number of graduations."}]
}
