{
"filename": "Number_of_graduations_set10_3_DB.csv",
"questions": [{"name": "template 1",
 "sql": "SELECT Value FROM DBdata WHERE (AA IN ('AAbc')) AND (BB IN ('BBpw'))",
 "sqlResult": "{72}",
 "nlq": "What is the number of graduations with a AAbc in BBpw?"},
{"name": "template 2",
 "sql": "SELECT Value FROM DBdata WHERE (AA IN ('AAdx')) AND (BB IN ('BBpw','BBcw','BBhj','BBns'))",
 "sqlResult": "{191} || {214} || {130} || {227}",
 "nlq": "What is the number of graduations with a AAdx in BBpw, BBcw, BBhj, or BBns?"},
{"name": "template 3",
 "sql": "SELECT Value FROM DBdata WHERE (AA IN ('AAdx','AAwx','AAbc')) AND (BB IN ('BBpw'))",
 "sqlResult": "{191} || {410} || {72}",
 "nlq": "What is the number of graduations with a AAdx, AAwx, or AAbc in BBpw?"},
{"name": "template 4",
 "sql": "SELECT max(Value),sum(Value) FROM DBdata WHERE (AA IN ('AAwx','AAbc')) AND (BB IN ('BBpw'))",
 "sqlResult": "{410 | 482}",
 "nlq": "What are the maximum and total numbers of graduations with a AAwx or AAbc in BBpw?"},
{"name": "template 6",
 "sql": "SELECT Value FROM DBdata WHERE (AA IN ('AAdx','AAbc')) AND (BB IN ('BBrv','BBpw','BBcw','BBns'))",
 "sqlResult": "{361} || {124} || {191} || {72} || {214} || {74} || {227} || {268}",
 "nlq": "What is the number of graduations with a AAdx or AAbc in BBrv, BBpw, BBcw, or BBns?"},
{"name": "template 7",
 "sql": "SELECT sum(Value),avg(Value) FROM DBdata WHERE (AA IN ('AAwx')) AND (BB IN ('BBcw','BBns'))",
 "sqlResult": "{779 | 389.5}",
 "nlq": "What are the total and average numbers of graduations with a AAwx in BBcw or BBns?"},
{"name": "template 8",
 "sql": "SELECT AA,sum(Value),avg(Value) FROM DBdata WHERE (AA IN ('AAdx','AAwx','AAbc')) AND (BB IN ('BBrv','BBpw','BBcw','BBhj','BBns')) GROUP BY AA",
 "sqlResult": "{AAdx | 1123 | 224.6} || {AAwx | 1804 | 360.8} || {AAbc | 683 | 136.6}",
 "nlq": "What are the total and average numbers of graduations for each AA, with a AAdx, AAwx, or AAbc in BBrv, BBpw, BBcw, BBhj, or BBns? Please, report the corresponding AA."},
{"name": "template 9",
 "sql": "SELECT min(Value) FROM DBdata WHERE (AA IN ('AAwx')) AND (BB IN ('BBrv','BBpw','BBcw','BBhj','BBns')) GROUP BY BB",
 "sqlResult": "{277} || {410} || {455} || {338} || {324}",
 "nlq": "What is the minimum number of graduations for each BB, with a AAwx in BBrv, BBpw, BBcw, BBhj, or BBns?"},
{"name": "template 10",
 "sql": "SELECT BB,max(Value) FROM DBdata WHERE (AA IN ('AAwx')) AND (BB IN ('BBrv','BBpw','BBcw','BBhj','BBns')) GROUP BY BB",
 "sqlResult": "{BBrv | 277} || {BBpw | 410} || {BBcw | 455} || {BBhj | 338} || {BBns | 324}",
 "nlq": "What is the maximum number of graduations for each BB, with a AAwx in BBrv, BBpw, BBcw, BBhj, or BBns? Please, report the corresponding BB."},
{"name": "template 11",
 "sql": "SELECT BB,AA,avg(Value) FROM DBdata WHERE (AA IN ('AAdx','AAwx','AAbc')) AND (BB IN ('BBrv','BBpw','BBcw','BBhj','BBns')) GROUP BY BB,AA",
 "sqlResult": "{BBrv | AAdx | 361} || {BBrv | AAwx | 277} || {BBrv | AAbc | 124} || {BBpw | AAdx | 191} || {BBpw | AAwx | 410} || {BBpw | AAbc | 72} || {BBcw | AAdx | 214} || {BBcw | AAwx | 455} || {BBcw | AAbc | 74} || {BBhj | AAdx | 130} || {BBhj | AAwx | 338} || {BBhj | AAbc | 145} || {BBns | AAdx | 227} || {BBns | AAwx | 324} || {BBns | AAbc | 268}",
 "nlq": "What is the average number of graduations for each BB and AA, with a AAdx, AAwx, or AAbc in BBrv, BBpw, BBcw, BBhj, or BBns? Please, report the corresponding BB and AA."},
{"name": "template 12",
 "sql": "SELECT Value FROM DBdata WHERE (AA IN ('AAdx')) AND (BB IN ('BBpw','BBcw')) ORDER BY VALUE DESC LIMIT 2",
 "sqlResult": "{214} || {191}",
 "nlq": "What are the top 2 numbers of graduations with a AAdx in BBpw or BBcw?"},
{"name": "template 13",
 "sql": "SELECT Value FROM DBdata WHERE (AA IN ('AAbc')) AND (BB IN ('BBrv','BBcw')) ORDER BY VALUE DESC",
 "sqlResult": "{124} || {74}",
 "nlq": "What are the numbers of graduations ordered by decreasing values with a AAbc in BBrv or BBcw?"},
{"name": "template 14",
 "sql": "SELECT BB FROM DBdata WHERE (AA IN ('AAdx')) AND Value > 240.67",
 "sqlResult": "{BBrv}",
 "nlq": "What is the BB for which the number of graduations with a AAdx is greater than 240.67?"},
{"name": "template 15",
 "sql": "SELECT BB,Value FROM DBdata WHERE (AA IN ('AAwx')) AND (BB) IN (SELECT BB FROM DBdata WHERE (AA IN ('AAdx')) AND Value > 240.67)",
 "sqlResult": "{BBrv | 277}",
 "nlq": "What is the number of graduations with a AAwx in BB for which the number of graduations with a AAdx is greater than 240.67? Please, report the corresponding BB and number of graduations."}]
}

