{
"filename": "Number_of_graduations_set38_2_DB.csv",
"questions": [{"name": "template 1",
 "sql": "SELECT Value FROM DBdata WHERE (AA IN ('AAdp')) AND ((CC = 'CCgp' AND BB = 'BBnw'))",
 "sqlResult": "{208}",
 "nlq": "What is the number of graduations with a AAdp in CCgp in BBnw?"},
{"name": "template 2",
 "sql": "SELECT Value FROM DBdata WHERE (AA IN ('AAdp')) AND ((CC = 'CCdg' AND BB = 'BBjv') OR (CC = 'CCgp' AND BB = 'BBds'))",
 "sqlResult": "{341} || {202}",
 "nlq": "What is the number of graduations with a AAdp in CCdg in BBjv or in CCgp in BBds?"},
{"name": "template 3",
 "sql": "SELECT Value FROM DBdata WHERE (AA IN ('AAdj','AAdp')) AND ((CC = 'CCgp' AND BB = 'BBgl'))",
 "sqlResult": "{142} || {171}",
 "nlq": "What is the number of graduations with a AAdj or AAdp in CCgp in BBgl?"},
{"name": "template 4",
 "sql": "SELECT avg(Value),sum(Value) FROM DBdata WHERE (AA IN ('AAdj','AAdt')) AND ((CC = 'CCrv' AND BB = 'BBnw'))",
 "sqlResult": "{185.5 | 371}",
 "nlq": "What are the average and total numbers of graduations with a AAdj or AAdt in CCrv in BBnw?"},
{"name": "template 6",
 "sql": "SELECT Value FROM DBdata WHERE (AA IN ('AAdj','AAdt')) AND ((CC = 'CChz' AND BB = 'BBnw') OR (CC = 'CCrv' AND BB = 'BBnw') OR (CC = 'CCdg' AND BB = 'BBgl'))",
 "sqlResult": "{175} || {394} || {233} || {138} || {187} || {313}",
 "nlq": "What is the number of graduations with a AAdj or AAdt in CChz or CCrv in BBnw or in CCdg in BBgl?"},
{"name": "template 7",
 "sql": "SELECT avg(Value),sum(Value) FROM DBdata WHERE (AA IN ('AAdp')) AND ((CC = 'CChz' AND BB = 'BBjv') OR (CC = 'CCrv' AND BB = 'BBgl') OR (CC = 'CCdg' AND BB = 'BBgl') OR (CC = 'CCdg' AND BB = 'BBjv') OR (CC = 'CCgp' AND BB = 'BBgl'))",
 "sqlResult": "{269.2 | 1346}",
 "nlq": "What are the average and total numbers of graduations with a AAdp in CChz or CCdg in BBjv or in CCdg, CCgp, or CCrv in BBgl?"},
{"name": "template 8",
 "sql": "SELECT AA,avg(Value),max(Value) FROM DBdata WHERE (AA IN ('AAdj','AAdp','AAdt')) AND ((CC = 'CChz' AND BB = 'BBgl') OR (CC = 'CChz' AND BB = 'BBds') OR (CC = 'CChz' AND BB = 'BBjv') OR (CC = 'CCrv' AND BB = 'BBgl') OR (CC = 'CCdg' AND BB = 'BBgl')) GROUP BY AA",
 "sqlResult": "{AAdj | 305.4 | 465} || {AAdp | 274.8 | 483} || {AAdt | 250.2 | 424}",
 "nlq": "What are the average and maximum numbers of graduations for each AA, with a AAdj, AAdp, or AAdt in CChz in BBds or BBjv or in CChz, CCdg, or CCrv in BBgl? Please, report the corresponding AA."},
{"name": "template 9",
 "sql": "SELECT min(Value) FROM DBdata WHERE (AA IN ('AAdj')) AND (CC IN ('CChz','CCrv','CCdg','CCgp')) GROUP BY CC",
 "sqlResult": "{175} || {90} || {86} || {89}",
 "nlq": "What is the minimum number of graduations for each CC, with a AAdj in CChz, CCdg, CCgp, or CCrv?"},
{"name": "template 10",
 "sql": "SELECT CC,min(Value) FROM DBdata WHERE (AA IN ('AAdp')) AND (CC IN ('CChz','CCrv','CCdg','CCgp')) GROUP BY CC",
 "sqlResult": "{CChz | 206} || {CCdg | 80} || {CCgp | 129} || {CCrv | 101}",
 "nlq": "What is the minimum number of graduations for each CC, with a AAdp in CChz, CCdg, CCgp, or CCrv? Please, report the corresponding CC."},
{"name": "template 11",
 "sql": "SELECT CC,AA,max(Value) FROM DBdata WHERE (AA IN ('AAdj','AAdp')) AND (CC IN ('CChz','CCrv','CCdg','CCgp')) GROUP BY CC,AA",
 "sqlResult": "{CChz | AAdj | 465} || {CChz | AAdp | 439} || {CCdg | AAdj | 290} || {CCdg | AAdp | 409} || {CCgp | AAdj | 365} || {CCgp | AAdp | 208} || {CCrv | AAdj | 381} || {CCrv | AAdp | 483}",
 "nlq": "What is the maximum number of graduations for each CC and AA, with a AAdj or AAdp in CChz, CCdg, CCgp, or CCrv? Please, report the corresponding CC and AA."},
{"name": "template 12",
 "sql": "SELECT Value FROM DBdata WHERE (AA IN ('AAdp')) AND (CC IN ('CChz','CCgp')) ORDER BY VALUE DESC LIMIT 2",
 "sqlResult": "{439} || {334}",
 "nlq": "What are the top 2 numbers of graduations with a AAdp in CChz or CCgp?"},
{"name": "template 13",
 "sql": "SELECT Value FROM DBdata WHERE (AA IN ('AAdj')) AND (CC IN ('CCrv','CCdg')) ORDER BY VALUE DESC",
 "sqlResult": "{381} || {290} || {233} || {214} || {187} || {114} || {90} || {89}",
 "nlq": "What are the numbers of graduations ordered by decreasing values with a AAdj in CCdg or CCrv?"},
{"name": "template 14",
 "sql": "SELECT CC,BB FROM DBdata WHERE (AA IN ('AAdj')) AND Value < 256.94",
 "sqlResult": "{CChz | BBgl} || {CChz | BBnw} || {CCrv | BBgl} || {CCrv | BBds} || {CCrv | BBnw} || {CCdg | BBgl} || {CCdg | BBds} || {CCdg | BBnw} || {CCgp | BBgl} || {CCgp | BBnw} || {CCgp | BBjv}",
 "nlq": "What are the CC and BB for which the number of graduations with a AAdj is lower than 256.94?"},
{"name": "template 15",
 "sql": "SELECT CC,BB,Value FROM DBdata WHERE (AA IN ('AAdt')) AND (CC,BB) IN (SELECT CC,BB FROM DBdata WHERE (AA IN ('AAdj')) AND Value < 256.94)",
 "sqlResult": "{CChz | BBgl | 180} || {CChz | BBnw | 394} || {CCrv | BBgl | 240} || {CCrv | BBds | 396} || {CCrv | BBnw | 138} || {CCdg | BBgl | 313} || {CCdg | BBds | 451} || {CCdg | BBnw | 55} || {CCgp | BBgl | 283} || {CCgp | BBnw | 286} || {CCgp | BBjv | 74}",
 "nlq": "What is the number of graduations with a AAdt in CC and in BB for which the number of graduations with a AAdj is lower than 256.94? Please, report the corresponding CC, BB, and number of graduations."}]
}

