Degree,Year,Language,Value
Degree,Year,Language,Value
BSc,2016/2017,Spanish,393
MSc,2016/2017,Spanish,452
PhD,2016/2017,Spanish,54
BSc,2017/2018,Spanish,275
MSc,2017/2018,Spanish,147
PhD,2017/2018,Spanish,492
BSc,2018/2019,Spanish,100
MSc,2018/2019,Spanish,245
PhD,2018/2019,Spanish,431
BSc,2016/2017,German,92
MSc,2016/2017,German,225
PhD,2016/2017,German,141
BSc,2017/2018,German,319
MSc,2017/2018,German,309
PhD,2017/2018,German,170
BSc,2018/2019,German,271
MSc,2018/2019,German,187
PhD,2018/2019,German,482
