{
"filename": "Number_of_graduations_set8_2_DB.csv",
"questions": [{"name": "template 1",
 "sql": "SELECT Value FROM DBdata WHERE (AA IN ('AAkv')) AND (BB IN ('BBcz'))",
 "sqlResult": "{183}",
 "nlq": "What is the number of graduations with a AAkv in BBcz?"},
{"name": "template 2",
 "sql": "SELECT Value FROM DBdata WHERE (AA IN ('AAbn')) AND (BB IN ('BBcz','BBfx','BBfm','BBpz','BBbq'))",
 "sqlResult": "{495} || {81} || {454} || {71} || {231}",
 "nlq": "What is the number of graduations with a AAbn in BBcz, BBfx, BBfm, BBpz, or BBbq?"},
{"name": "template 3",
 "sql": "SELECT Value FROM DBdata WHERE (AA IN ('AAkv','AAln')) AND (BB IN ('BBcz'))",
 "sqlResult": "{183} || {265}",
 "nlq": "What is the number of graduations with a AAkv or AAln in BBcz?"},
{"name": "template 4",
 "sql": "SELECT avg(Value),min(Value) FROM DBdata WHERE (AA IN ('AAkv','AAln','AAbn')) AND (BB IN ('BBfm'))",
 "sqlResult": "{289.33 | 187}",
 "nlq": "What are the average and minimum numbers of graduations with a AAkv, AAln, or AAbn in BBfm?"},
{"name": "template 6",
 "sql": "SELECT Value FROM DBdata WHERE (AA IN ('AAkv','AAbn')) AND (BB IN ('BBfx','BBfm','BBpz','BBbq'))",
 "sqlResult": "{256} || {81} || {187} || {454} || {197} || {71} || {110} || {231}",
 "nlq": "What is the number of graduations with a AAkv or AAbn in BBfx, BBfm, BBpz, or BBbq?"},
{"name": "template 7",
 "sql": "SELECT sum(Value),avg(Value) FROM DBdata WHERE (AA IN ('AAkv')) AND (BB IN ('BBcz','BBfx','BBpz','BBbq'))",
 "sqlResult": "{746 | 186.5}",
 "nlq": "What are the total and average numbers of graduations with a AAkv in BBcz, BBfx, BBpz, or BBbq?"},
{"name": "template 8",
 "sql": "SELECT AA,avg(Value),max(Value) FROM DBdata WHERE (AA IN ('AAkv','AAln','AAbn')) AND (BB IN ('BBcz','BBfx','BBfm','BBbq')) GROUP BY AA",
 "sqlResult": "{AAkv | 184 | 256} || {AAln | 254.75 | 462} || {AAbn | 315.25 | 495}",
 "nlq": "What are the average and maximum numbers of graduations for each AA, with a AAkv, AAln, or AAbn in BBcz, BBfx, BBfm, or BBbq? Please, report the corresponding AA."},
{"name": "template 9",
 "sql": "SELECT min(Value) FROM DBdata WHERE (AA IN ('AAln')) AND (BB IN ('BBcz','BBfx','BBfm','BBpz','BBbq')) GROUP BY BB",
 "sqlResult": "{265} || {462} || {227} || {57} || {65}",
 "nlq": "What is the minimum number of graduations for each BB, with a AAln in BBcz, BBfx, BBfm, BBpz, or BBbq?"},
{"name": "template 10",
 "sql": "SELECT BB,sum(Value) FROM DBdata WHERE (AA IN ('AAln')) AND (BB IN ('BBcz','BBfx','BBfm','BBpz','BBbq')) GROUP BY BB",
 "sqlResult": "{BBcz | 265} || {BBfx | 462} || {BBfm | 227} || {BBpz | 57} || {BBbq | 65}",
 "nlq": "What is the total number of graduations for each BB, with a AAln in BBcz, BBfx, BBfm, BBpz, or BBbq? Please, report the corresponding BB."},
{"name": "template 11",
 "sql": "SELECT BB,AA,max(Value) FROM DBdata WHERE (AA IN ('AAkv','AAln','AAbn')) AND (BB IN ('BBcz','BBfx','BBfm','BBpz','BBbq')) GROUP BY BB,AA",
 "sqlResult": "{BBcz | AAkv | 183} || {BBcz | AAln | 265} || {BBcz | AAbn | 495} || {BBfx | AAkv | 256} || {BBfx | AAln | 462} || {BBfx | AAbn | 81} || {BBfm | AAkv | 187} || {BBfm | AAln | 227} || {BBfm | AAbn | 454} || {BBpz | AAkv | 197} || {BBpz | AAln | 57} || {BBpz | AAbn | 71} || {BBbq | AAkv | 110} || {BBbq | AAln | 65} || {BBbq | AAbn | 231}",
 "nlq": "What is the maximum number of graduations for each BB and AA, with a AAkv, AAln, or AAbn in BBcz, BBfx, BBfm, BBpz, or BBbq? Please, report the corresponding BB and AA."},
{"name": "template 12",
 "sql": "SELECT Value FROM DBdata WHERE (AA IN ('AAln')) AND (BB IN ('BBcz','BBbq')) ORDER BY VALUE DESC LIMIT 2",
 "sqlResult": "{265} || {65}",
 "nlq": "What are the top 2 numbers of graduations with a AAln in BBcz or BBbq?"},
{"name": "template 13",
 "sql": "SELECT Value FROM DBdata WHERE (AA IN ('AAln')) AND (BB IN ('BBcz','BBfx')) ORDER BY VALUE ASC",
 "sqlResult": "{265} || {462}",
 "nlq": "What are the numbers of graduations ordered by increasing values with a AAln in BBcz or BBfx?"},
{"name": "template 14",
 "sql": "SELECT BB FROM DBdata WHERE (AA IN ('AAln')) AND Value > 222.73",
 "sqlResult": "{BBcz} || {BBfx} || {BBfm}",
 "nlq": "What is the BB for which the number of graduations with a AAln is greater than 222.73?"},
{"name": "template 15",
 "sql": "SELECT BB,Value FROM DBdata WHERE (AA IN ('AAbn')) AND (BB) IN (SELECT BB FROM DBdata WHERE (AA IN ('AAln')) AND Value > 222.73)",
 "sqlResult": "{BBcz | 495} || {BBfx | 81} || {BBfm | 454}",
 "nlq": "What is the number of graduations with a AAbn in BB for which the number of graduations with a AAln is greater than 222.73? Please, report the corresponding BB and number of graduations."}]
}

