{
"filename": "Number_of_graduations_set6_1_DB.csv",
"questions": [{"name": "template 1",
 "sql": "SELECT Value FROM DBdata WHERE (AA IN ('AAqs')) AND (BB IN ('BBgq'))",
 "sqlResult": "{168}",
 "nlq": "What is the number of graduations with a AAqs in BBgq?"},
{"name": "template 2",
 "sql": "SELECT Value FROM DBdata WHERE (AA IN ('AAqs')) AND (BB IN ('BBgq','BBry','BBbl','BBhw'))",
 "sqlResult": "{168} || {302} || {226} || {83}",
 "nlq": "What is the number of graduations with a AAqs in BBgq, BBry, BBbl, or BBhw?"},
{"name": "template 3",
 "sql": "SELECT Value FROM DBdata WHERE (AA IN ('AAct','AAcl')) AND (BB IN ('BBhw'))",
 "sqlResult": "{82} || {310}",
 "nlq": "What is the number of graduations with a AAct or AAcl in BBhw?"},
{"name": "template 4",
 "sql": "SELECT avg(Value),min(Value) FROM DBdata WHERE (AA IN ('AAqs','AAct')) AND (BB IN ('BBgq'))",
 "sqlResult": "{213 | 168}",
 "nlq": "What are the average and minimum numbers of graduations with a AAqs or AAct in BBgq?"},
{"name": "template 6",
 "sql": "SELECT Value FROM DBdata WHERE (AA IN ('AAqs','AAct','AAcl')) AND (BB IN ('BBgq','BBry','BBbl','BBhw'))",
 "sqlResult": "{168} || {258} || {246} || {302} || {128} || {330} || {226} || {278} || {437} || {83} || {82} || {310}",
 "nlq": "What is the number of graduations with a AAqs, AAct, or AAcl in BBgq, BBry, BBbl, or BBhw?"},
{"name": "template 7",
 "sql": "SELECT sum(Value),max(Value) FROM DBdata WHERE (AA IN ('AAcl')) AND (BB IN ('BBgq','BBry','BBbl','BBhw'))",
 "sqlResult": "{1323 | 437}",
 "nlq": "What are the total and maximum numbers of graduations with a AAcl in BBgq, BBry, BBbl, or BBhw?"},
{"name": "template 8",
 "sql": "SELECT AA,min(Value),avg(Value) FROM DBdata WHERE (AA IN ('AAqs','AAct','AAcl')) AND (BB IN ('BBgq','BBry','BBbl','BBhw')) GROUP BY AA",
 "sqlResult": "{AAqs | 83 | 194.75} || {AAct | 82 | 186.5} || {AAcl | 246 | 330.75}",
 "nlq": "What are the minimum and average numbers of graduations for each AA, with a AAqs, AAct, or AAcl in BBgq, BBry, BBbl, or BBhw? Please, report the corresponding AA."},
{"name": "template 9",
 "sql": "SELECT min(Value) FROM DBdata WHERE (AA IN ('AAcl')) AND (BB IN ('BBgq','BBry','BBbl','BBhw')) GROUP BY BB",
 "sqlResult": "{246} || {330} || {437} || {310}",
 "nlq": "What is the minimum number of graduations for each BB, with a AAcl in BBgq, BBry, BBbl, or BBhw?"},
{"name": "template 10",
 "sql": "SELECT BB,sum(Value) FROM DBdata WHERE (AA IN ('AAqs')) AND (BB IN ('BBgq','BBry','BBbl','BBhw')) GROUP BY BB",
 "sqlResult": "{BBgq | 168} || {BBry | 302} || {BBbl | 226} || {BBhw | 83}",
 "nlq": "What is the total number of graduations for each BB, with a AAqs in BBgq, BBry, BBbl, or BBhw? Please, report the corresponding BB."},
{"name": "template 11",
 "sql": "SELECT BB,AA,min(Value) FROM DBdata WHERE (AA IN ('AAct','AAcl')) AND (BB IN ('BBgq','BBry','BBbl','BBhw')) GROUP BY BB,AA",
 "sqlResult": "{BBgq | AAct | 258} || {BBgq | AAcl | 246} || {BBry | AAct | 128} || {BBry | AAcl | 330} || {BBbl | AAct | 278} || {BBbl | AAcl | 437} || {BBhw | AAct | 82} || {BBhw | AAcl | 310}",
 "nlq": "What is the minimum number of graduations for each BB and AA, with a AAct or AAcl in BBgq, BBry, BBbl, or BBhw? Please, report the corresponding BB and AA."},
{"name": "template 12",
 "sql": "SELECT Value FROM DBdata WHERE (AA IN ('AAqs')) AND (BB IN ('BBgq','BBbl')) ORDER BY VALUE DESC LIMIT 2",
 "sqlResult": "{226} || {168}",
 "nlq": "What are the top 2 numbers of graduations with a AAqs in BBgq or BBbl?"},
{"name": "template 13",
 "sql": "SELECT Value FROM DBdata WHERE (AA IN ('AAct')) AND (BB IN ('BBgq','BBbl')) ORDER BY VALUE ASC",
 "sqlResult": "{258} || {278}",
 "nlq": "What are the numbers of graduations ordered by increasing values with a AAct in BBgq or BBbl?"},
{"name": "template 14",
 "sql": "SELECT BB FROM DBdata WHERE (AA IN ('AAcl')) AND Value > 237.33",
 "sqlResult": "{BBgq} || {BBry} || {BBbl} || {BBhw}",
 "nlq": "What is the BB for which the number of graduations with a AAcl is greater than 237.33?"},
{"name": "template 15",
 "sql": "SELECT BB,Value FROM DBdata WHERE (AA IN ('AAct')) AND (BB) IN (SELECT BB FROM DBdata WHERE (AA IN ('AAcl')) AND Value > 237.33)",
 "sqlResult": "{BBgq | 258} || {BBry | 128} || {BBbl | 278} || {BBhw | 82}",
 "nlq": "What is the number of graduations with a AAct in BB for which the number of graduations with a AAcl is greater than 237.33? Please, report the corresponding BB and number of graduations."}]
}

