AA,BB,CC,Value
AA,BB,CC,Value
AAlv,BBqs,CCtz,189
AAnx,BBqs,CCtz,488
AAst,BBqs,CCtz,476
AAlv,BBms,CCtz,403
AAnx,BBms,CCtz,307
AAst,BBms,CCtz,256
AAlv,BBcl,CCtz,181
AAnx,BBcl,CCtz,481
AAst,BBcl,CCtz,285
AAlv,BBlp,CCtz,65
AAnx,BBlp,CCtz,128
AAst,BBlp,CCtz,67
AAlv,BBqs,CCfn,252
AAnx,BBqs,CCfn,437
AAst,BBqs,CCfn,146
AAlv,BBms,CCfn,194
AAnx,BBms,CCfn,90
AAst,BBms,CCfn,209
AAlv,BBcl,CCfn,320
AAnx,BBcl,CCfn,117
AAst,BBcl,CCfn,98
AAlv,BBlp,CCfn,70
AAnx,BBlp,CCfn,356
AAst,BBlp,CCfn,191
AAlv,BBqs,CCbl,130
AAnx,BBqs,CCbl,333
AAst,BBqs,CCbl,109
AAlv,BBms,CCbl,96
AAnx,BBms,CCbl,254
AAst,BBms,CCbl,158
AAlv,BBcl,CCbl,325
AAnx,BBcl,CCbl,186
AAst,BBcl,CCbl,119
AAlv,BBlp,CCbl,280
AAnx,BBlp,CCbl,494
AAst,BBlp,CCbl,105

