Degree,Year,Language,Value
Degree,Year,Language,Value
BSc,2019/2020,English,340
MSc,2019/2020,English,298
PhD,2019/2020,English,299
BSc,2020/2021,English,303
MSc,2020/2021,English,147
PhD,2020/2021,English,241
BSc,2021/2022,English,289
MSc,2021/2022,English,226
PhD,2021/2022,English,353
BSc,2019/2020,French,170
MSc,2019/2020,French,367
PhD,2019/2020,French,311
BSc,2020/2021,French,378
MSc,2020/2021,French,129
PhD,2020/2021,French,492
BSc,2021/2022,French,271
MSc,2021/2022,French,441
PhD,2021/2022,French,350
BSc,2019/2020,Spanish,84
MSc,2019/2020,Spanish,447
PhD,2019/2020,Spanish,233
BSc,2020/2021,Spanish,98
MSc,2020/2021,Spanish,183
PhD,2020/2021,Spanish,237
BSc,2021/2022,Spanish,412
MSc,2021/2022,Spanish,467
PhD,2021/2022,Spanish,200
