Degree,Year,Language,Value
Degree,Year,Language,Value
BSc,2015/2016,French,88
MSc,2015/2016,French,200
PhD,2015/2016,French,237
BSc,2016/2017,French,413
MSc,2016/2017,French,275
PhD,2016/2017,French,387
BSc,2017/2018,French,258
MSc,2017/2018,French,329
PhD,2017/2018,French,123
BSc,2018/2019,French,454
MSc,2018/2019,French,209
PhD,2018/2019,French,99
BSc,2019/2020,French,63
MSc,2019/2020,French,406
PhD,2019/2020,French,162
BSc,2015/2016,Spanish,87
MSc,2015/2016,Spanish,122
PhD,2015/2016,Spanish,355
BSc,2016/2017,Spanish,172
MSc,2016/2017,Spanish,210
PhD,2016/2017,Spanish,134
BSc,2017/2018,Spanish,194
MSc,2017/2018,Spanish,98
PhD,2017/2018,Spanish,199
BSc,2018/2019,Spanish,300
MSc,2018/2019,Spanish,173
PhD,2018/2019,Spanish,424
BSc,2019/2020,Spanish,282
MSc,2019/2020,Spanish,440
PhD,2019/2020,Spanish,297
BSc,2015/2016,German,368
MSc,2015/2016,German,383
PhD,2015/2016,German,168
BSc,2016/2017,German,384
MSc,2016/2017,German,247
PhD,2016/2017,German,283
BSc,2017/2018,German,456
MSc,2017/2018,German,80
PhD,2017/2018,German,143
BSc,2018/2019,German,443
MSc,2018/2019,German,438
PhD,2018/2019,German,299
BSc,2019/2020,German,96
MSc,2019/2020,German,197
PhD,2019/2020,German,325
