{
"filename": "Number_of_graduations_set24_1_DB.csv",
"questions": [{"name": "template 1",
 "sql": "SELECT Value FROM DBdata WHERE (Degree IN ('BSc')) AND (Year IN ('2021/2022'))",
 "sqlResult": "{404}",
 "nlq": "What is the number of graduations with a BSc in 2021/2022?"},
{"name": "template 2",
 "sql": "SELECT Value FROM DBdata WHERE (Degree IN ('PhD')) AND (Year IN ('2020/2021','2021/2022'))",
 "sqlResult": "{230} || {182}",
 "nlq": "What is the number of graduations with a PhD in 2020/2021 or 2021/2022?"},
{"name": "template 3",
 "sql": "SELECT Value FROM DBdata WHERE (Degree IN ('MSc','PhD')) AND (Year IN ('2020/2021'))",
 "sqlResult": "{391} || {230}",
 "nlq": "What is the number of graduations with a MSc or PhD in 2020/2021?"},
{"name": "template 4",
 "sql": "SELECT avg(Value),max(Value) FROM DBdata WHERE (Degree IN ('BSc','MSc')) AND (Year IN ('2020/2021'))",
 "sqlResult": "{298 | 391}",
 "nlq": "What are the average and maximum numbers of graduations with a BSc or MSc in 2020/2021?"},
{"name": "template 5",
 "sql": "SELECT sum(Value) FROM DBdata WHERE (Degree IN ('BSc','MSc','PhD')) AND (Year IN ('2019/2020'))",
 "sqlResult": "{853}",
 "nlq": "What is the total number of graduations with a BSc, MSc, or PhD in 2019/2020?"},
{"name": "template 6",
 "sql": "SELECT Value FROM DBdata WHERE (Degree IN ('BSc','MSc','PhD')) AND (Year IN ('2019/2020','2020/2021'))",
 "sqlResult": "{456} || {236} || {161} || {205} || {391} || {230}",
 "nlq": "What is the number of graduations with a BSc, MSc, or PhD in 2019/2020 or 2020/2021?"},
{"name": "template 7",
 "sql": "SELECT max(Value),avg(Value) FROM DBdata WHERE (Degree IN ('BSc')) AND (Year IN ('2019/2020','2020/2021','2021/2022'))",
 "sqlResult": "{456 | 355}",
 "nlq": "What are the maximum and average numbers of graduations with a BSc in 2019/2020, 2020/2021, or 2021/2022?"},
{"name": "template 8",
 "sql": "SELECT Degree,max(Value),avg(Value) FROM DBdata WHERE (Degree IN ('BSc','MSc','PhD')) AND (Year IN ('2019/2020','2020/2021')) GROUP BY Degree",
 "sqlResult": "{BSc | 456 | 330.5} || {MSc | 391 | 313.5} || {PhD | 230 | 195.5}",
 "nlq": "What are the maximum and average numbers of graduations for each Degree, with a BSc, MSc, or PhD in 2019/2020 or 2020/2021? Please, report the corresponding Degree."},
{"name": "template 9",
 "sql": "SELECT min(Value) FROM DBdata WHERE (Degree IN ('MSc')) AND (Year IN ('2019/2020','2020/2021','2021/2022')) GROUP BY Year",
 "sqlResult": "{236} || {391} || {214}",
 "nlq": "What is the minimum number of graduations for each Year, with a MSc in 2019/2020, 2020/2021, or 2021/2022?"},
{"name": "template 10",
 "sql": "SELECT Year,min(Value) FROM DBdata WHERE (Degree IN ('BSc')) AND (Year IN ('2019/2020','2020/2021','2021/2022')) GROUP BY Year",
 "sqlResult": "{2019/2020 | 456} || {2020/2021 | 205} || {2021/2022 | 404}",
 "nlq": "What is the minimum number of graduations for each Year, with a BSc in 2019/2020, 2020/2021, or 2021/2022? Please, report the corresponding Year."},
{"name": "template 11",
 "sql": "SELECT Year,Degree,max(Value) FROM DBdata WHERE (Degree IN ('BSc','PhD')) AND (Year IN ('2019/2020','2020/2021','2021/2022')) GROUP BY Year,Degree",
 "sqlResult": "{2019/2020 | BSc | 456} || {2019/2020 | PhD | 161} || {2020/2021 | BSc | 205} || {2020/2021 | PhD | 230} || {2021/2022 | BSc | 404} || {2021/2022 | PhD | 182}",
 "nlq": "What is the maximum number of graduations for each Year and Degree, with a BSc or PhD in 2019/2020, 2020/2021, or 2021/2022? Please, report the corresponding Year and Degree."},
{"name": "template 12",
 "sql": "SELECT Value FROM DBdata WHERE (Degree IN ('BSc')) AND (Year IN ('2019/2020','2021/2022')) ORDER BY VALUE ASC LIMIT 2",
 "sqlResult": "{404} || {456}",
 "nlq": "What are the bottom 2 numbers of graduations with a BSc in 2019/2020 or 2021/2022?"},
{"name": "template 13",
 "sql": "SELECT Value FROM DBdata WHERE (Degree IN ('MSc')) AND (Year IN ('2019/2020','2020/2021')) ORDER BY VALUE ASC",
 "sqlResult": "{236} || {391}",
 "nlq": "What are the numbers of graduations ordered by increasing values with a MSc in 2019/2020 or 2020/2021?"},
{"name": "template 14",
 "sql": "SELECT Year FROM DBdata WHERE (Degree IN ('PhD')) AND Value < 275.44",
 "sqlResult": "{2019/2020} || {2020/2021} || {2021/2022}",
 "nlq": "What is the Year for which the number of graduations with a PhD is lower than 275.44?"},
{"name": "template 15",
 "sql": "SELECT Year,Value FROM DBdata WHERE (Degree IN ('BSc')) AND (Year) IN (SELECT Year FROM DBdata WHERE (Degree IN ('PhD')) AND Value < 275.44)",
 "sqlResult": "{2019/2020 | 456} || {2020/2021 | 205} || {2021/2022 | 404}",
 "nlq": "What is the number of graduations with a BSc in Year for which the number of graduations with a PhD is lower than 275.44? Please, report the corresponding Year and number of graduations."}]
}
