{
"filename": "Number_of_graduations_set28_3_DB.csv",
"questions": [{"name": "template 1",
 "sql": "SELECT Value FROM DBdata WHERE (Degree IN ('BSc')) AND (Year IN ('2017/2018'))",
 "sqlResult": "{414}",
 "nlq": "What is the number of graduations with a BSc in 2017/2018?"},
{"name": "template 2",
 "sql": "SELECT Value FROM DBdata WHERE (Degree IN ('MSc')) AND (Year IN ('2018/2019','2019/2020','2020/2021'))",
 "sqlResult": "{337} || {278} || {314}",
 "nlq": "What is the number of graduations with a MSc in 2018/2019, 2019/2020, or 2020/2021?"},
{"name": "template 3",
 "sql": "SELECT Value FROM DBdata WHERE (Degree IN ('BSc','MSc')) AND (Year IN ('2018/2019'))",
 "sqlResult": "{494} || {337}",
 "nlq": "What is the number of graduations with a BSc or MSc in 2018/2019?"},
{"name": "template 4",
 "sql": "SELECT min(Value),avg(Value) FROM DBdata WHERE (Degree IN ('MSc','PhD')) AND (Year IN ('2020/2021'))",
 "sqlResult": "{313 | 313.5}",
 "nlq": "What are the minimum and average numbers of graduations with a MSc or PhD in 2020/2021?"},
{"name": "template 5",
 "sql": "SELECT sum(Value) FROM DBdata WHERE (Degree IN ('BSc','MSc','PhD')) AND (Year IN ('2017/2018'))",
 "sqlResult": "{777}",
 "nlq": "What is the total number of graduations with a BSc, MSc, or PhD in 2017/2018?"},
{"name": "template 6",
 "sql": "SELECT Value FROM DBdata WHERE (Degree IN ('BSc','MSc')) AND (Year IN ('2017/2018','2018/2019','2019/2020'))",
 "sqlResult": "{414} || {200} || {494} || {337} || {395} || {278}",
 "nlq": "What is the number of graduations with a BSc or MSc in 2017/2018, 2018/2019, or 2019/2020?"},
{"name": "template 7",
 "sql": "SELECT min(Value),max(Value) FROM DBdata WHERE (Degree IN ('PhD')) AND (Year IN ('2018/2019','2020/2021'))",
 "sqlResult": "{313 | 383}",
 "nlq": "What are the minimum and maximum numbers of graduations with a PhD in 2018/2019 or 2020/2021?"},
{"name": "template 8",
 "sql": "SELECT Degree,max(Value),avg(Value) FROM DBdata WHERE (Degree IN ('BSc','MSc','PhD')) AND (Year IN ('2017/2018','2020/2021')) GROUP BY Degree",
 "sqlResult": "{BSc | 414 | 241.5} || {MSc | 314 | 257} || {PhD | 313 | 238}",
 "nlq": "What are the maximum and average numbers of graduations for each Degree, with a BSc, MSc, or PhD in 2017/2018 or 2020/2021? Please, report the corresponding Degree."},
{"name": "template 9",
 "sql": "SELECT min(Value) FROM DBdata WHERE (Degree IN ('BSc')) AND (Year IN ('2017/2018','2018/2019','2019/2020','2020/2021')) GROUP BY Year",
 "sqlResult": "{414} || {494} || {395} || {69}",
 "nlq": "What is the minimum number of graduations for each Year, with a BSc in 2017/2018, 2018/2019, 2019/2020, or 2020/2021?"},
{"name": "template 10",
 "sql": "SELECT Year,min(Value) FROM DBdata WHERE (Degree IN ('BSc')) AND (Year IN ('2017/2018','2018/2019','2019/2020','2020/2021')) GROUP BY Year",
 "sqlResult": "{2017/2018 | 414} || {2018/2019 | 494} || {2019/2020 | 395} || {2020/2021 | 69}",
 "nlq": "What is the minimum number of graduations for each Year, with a BSc in 2017/2018, 2018/2019, 2019/2020, or 2020/2021? Please, report the corresponding Year."},
{"name": "template 11",
 "sql": "SELECT Year,Degree,sum(Value) FROM DBdata WHERE (Degree IN ('BSc','PhD')) AND (Year IN ('2017/2018','2018/2019','2019/2020','2020/2021')) GROUP BY Year,Degree",
 "sqlResult": "{2017/2018 | BSc | 414} || {2017/2018 | PhD | 163} || {2018/2019 | BSc | 494} || {2018/2019 | PhD | 383} || {2019/2020 | BSc | 395} || {2019/2020 | PhD | 295} || {2020/2021 | BSc | 69} || {2020/2021 | PhD | 313}",
 "nlq": "What is the total number of graduations for each Year and Degree, with a BSc or PhD in 2017/2018, 2018/2019, 2019/2020, or 2020/2021? Please, report the corresponding Year and Degree."},
{"name": "template 12",
 "sql": "SELECT Value FROM DBdata WHERE (Degree IN ('PhD')) AND (Year IN ('2018/2019','2019/2020')) ORDER BY VALUE ASC LIMIT 2",
 "sqlResult": "{295} || {383}",
 "nlq": "What are the bottom 2 numbers of graduations with a PhD in 2018/2019 or 2019/2020?"},
{"name": "template 13",
 "sql": "SELECT Value FROM DBdata WHERE (Degree IN ('PhD')) AND (Year IN ('2019/2020','2020/2021')) ORDER BY VALUE ASC",
 "sqlResult": "{295} || {313}",
 "nlq": "What are the numbers of graduations ordered by increasing values with a PhD in 2019/2020 or 2020/2021?"},
{"name": "template 14",
 "sql": "SELECT Year FROM DBdata WHERE (Degree IN ('BSc')) AND Value > 304.58",
 "sqlResult": "{2017/2018} || {2018/2019} || {2019/2020}",
 "nlq": "What is the Year for which the number of graduations with a BSc is greater than 304.58?"},
{"name": "template 15",
 "sql": "SELECT Year,Value FROM DBdata WHERE (Degree IN ('MSc')) AND (Year) IN (SELECT Year FROM DBdata WHERE (Degree IN ('BSc')) AND Value > 304.58)",
 "sqlResult": "{2017/2018 | 200} || {2018/2019 | 337} || {2019/2020 | 278}",
 "nlq": "What is the number of graduations with a MSc in Year for which the number of graduations with a BSc is greater than 304.58? Please, report the corresponding Year and number of graduations."}]
}
