{
"filename": "Food_import-export_in_tons_set136_4_DB.csv",
"questions": [{"name": "template 1",
 "sql": "SELECT Value FROM DBdata WHERE ((AA = 'AAmy' AND BB = 'BBmx')) AND ((CC = 'CCfl' AND DD = 'DDbk'))",
 "sqlResult": "{536}",
 "nlq": "What is the amount of AAmy of DDbk in BBmx?"},
{"name": "template 2",
 "sql": "SELECT Value FROM DBdata WHERE ((AA = 'AApy' AND BB = 'BBmx')) AND ((CC = 'CCfl' AND DD = 'DDjl') OR (CC = 'CCfl' AND DD = 'DDbk'))",
 "sqlResult": "{273} || {141}",
 "nlq": "What is the amount of AApy of DDjl or DDbk in BBmx?"},
{"name": "template 3",
 "sql": "SELECT Value FROM DBdata WHERE ((AA = 'AAmy' AND BB = 'BBsx') OR (AA = 'AApy' AND BB = 'BBsx')) AND ((CC = 'CCfl' AND DD = 'DDjl'))",
 "sqlResult": "{221} || {569}",
 "nlq": "What is the amount of AApy or AAmy of DDjl in BBsx?"},
{"name": "template 4",
 "sql": "SELECT max(Value),min(Value) FROM DBdata WHERE ((AA = 'AAmy' AND BB = 'BBmx') OR (AA = 'AApy' AND BB = 'BBmx') OR (AA = 'AApy' AND BB = 'BBsx')) AND ((CC = 'CCfl' AND DD = 'DDjl'))",
 "sqlResult": "{569 | 273}",
 "nlq": "What are the maximum and minimum amounts of AApy or AAmy of DDjl in BBmx or of AApy of DDjl in BBsx?"},
{"name": "template 5",
 "sql": "SELECT avg(Value) FROM DBdata WHERE (AA IN ('AAmy','AApy')) AND ((CC = 'CCdh' AND DD = 'DDbl'))",
 "sqlResult": "{285.25}",
 "nlq": "What is the average amount of AApy or AAmy of DDbl?"},
{"name": "template 6",
 "sql": "SELECT Value FROM DBdata WHERE ((AA = 'AAmy' AND BB = 'BBmx') OR (AA = 'AApy' AND BB = 'BBsx')) AND ((CC = 'CCfl' AND DD = 'DDjl') OR (CC = 'CCfl' AND DD = 'DDkr'))",
 "sqlResult": "{290} || {569} || {497} || {250}",
 "nlq": "What is the amount of AAmy of DDjl or DDkr in BBmx or of AApy of DDjl or DDkr in BBsx?"},
{"name": "template 7",
 "sql": "SELECT avg(Value),sum(Value) FROM DBdata WHERE ((AA = 'AApy' AND BB = 'BBsx')) AND ((CC = 'CCdh' AND DD = 'DDsw') OR (CC = 'CCfl' AND DD = 'DDbk'))",
 "sqlResult": "{703 | 1406}",
 "nlq": "What are the average and total amounts of AApy of DDsw or DDbk in BBsx?"},
{"name": "template 8",
 "sql": "SELECT AA,BB,avg(Value),max(Value) FROM DBdata WHERE ((AA = 'AApy' AND BB = 'BBmx') OR (AA = 'AAmy' AND BB = 'BBsx') OR (AA = 'AApy' AND BB = 'BBsx')) AND ((CC = 'CCdh' AND DD = 'DDbl') OR (CC = 'CCdh' AND DD = 'DDsw') OR (CC = 'CCfl' AND DD = 'DDjl') OR (CC = 'CCfl' AND DD = 'DDkr') OR (CC = 'CCfl' AND DD = 'DDbk')) GROUP BY AA,BB",
 "sqlResult": "{AApy | BBmx | 513.2 | 932} || {AApy | BBsx | 460.4 | 821} || {AAmy | BBsx | 455.2 | 972}",
 "nlq": "What are the average and maximum amounts for each AAmy-AApy and BB, of AApy of DDsw, DDjl, DDbl, DDbk, or DDkr in BBmx or BBsx or of AAmy of DDsw, DDjl, DDbl, DDbk, or DDkr in BBsx? Please, report the corresponding AAmy-AApy and BB."},
{"name": "template 9",
 "sql": "SELECT min(Value) FROM DBdata WHERE ((AA = 'AAmy' AND BB = 'BBmx')) AND (CC IN ('CCdh','CCfl')) GROUP BY CC",
 "sqlResult": "{290} || {41}",
 "nlq": "What is the minimum amount for each CC, of AAmy of CCfl or CCdh in BBmx?"},
{"name": "template 10",
 "sql": "SELECT CC,avg(Value) FROM DBdata WHERE ((AA = 'AApy' AND BB = 'BBmx')) AND (CC IN ('CCdh','CCfl')) GROUP BY CC",
 "sqlResult": "{CCfl | 323.33} || {CCdh | 798}",
 "nlq": "What is the average amount for each CC, of AApy of CCfl or CCdh in BBmx? Please, report the corresponding CC."},
{"name": "template 11",
 "sql": "SELECT CC,AA,BB,min(Value) FROM DBdata WHERE ((AA = 'AAmy' AND BB = 'BBmx') OR (AA = 'AAmy' AND BB = 'BBsx') OR (AA = 'AApy' AND BB = 'BBsx')) AND (CC IN ('CCdh','CCfl')) GROUP BY CC,AA,BB",
 "sqlResult": "{CCfl | AApy | BBsx | 250} || {CCfl | AAmy | BBmx | 290} || {CCfl | AAmy | BBsx | 221} || {CCdh | AApy | BBsx | 77} || {CCdh | AAmy | BBmx | 41} || {CCdh | AAmy | BBsx | 151}",
 "nlq": "What is the minimum amount for each CC, AAmy-AApy, and BB, of AAmy of CCfl or CCdh in BBmx or of AApy or AAmy of CCfl or CCdh in BBsx? Please, report the corresponding CC, AAmy-AApy, and BB."},
{"name": "template 12",
 "sql": "SELECT Value FROM DBdata WHERE ((AA = 'AApy' AND BB = 'BBsx')) AND (CC IN ('CCdh','CCfl')) ORDER BY VALUE DESC LIMIT 3",
 "sqlResult": "{821} || {585} || {569}",
 "nlq": "What are the top 3 amounts of AApy of CCfl or CCdh in BBsx?"},
{"name": "template 13",
 "sql": "SELECT Value FROM DBdata WHERE ((AA = 'AApy' AND BB = 'BBsx')) AND (CC IN ('CCdh','CCfl')) ORDER BY VALUE DESC",
 "sqlResult": "{821} || {585} || {569} || {250} || {77}",
 "nlq": "What are the amounts ordered by decreasing values of AApy of CCfl or CCdh in BBsx?"},
{"name": "template 14",
 "sql": "SELECT CC,DD FROM DBdata WHERE ((AA = 'AAmy' AND BB = 'BBsx')) AND Value < 433.55",
 "sqlResult": "{CCdh | DDbl} || {CCdh | DDsw} || {CCfl | DDjl}",
 "nlq": "What are the CC and DD for which the amount of AAmy in BBsx is lower than 433.55?"},
{"name": "template 15",
 "sql": "SELECT CC,DD,Value FROM DBdata WHERE ((AA = 'AApy' AND BB = 'BBmx')) AND (CC,DD) IN (SELECT CC,DD FROM DBdata WHERE ((AA = 'AAmy' AND BB = 'BBsx')) AND Value < 433.55)",
 "sqlResult": "{CCdh | DDbl | 664} || {CCdh | DDsw | 932} || {CCfl | DDjl | 273}",
 "nlq": "What is the amount of AApy in BBmx of CC and of DD for which the amount of AAmy in BBsx is lower than 433.55? Please, report the corresponding CC, DD, and amount of import-export."}]
}

