Import-Export,Year,Quarter,Category,Item,Value
Import_Export,Year,Quarter,Category,Item,Value
Import,2019,Q1,Cereals,Corn,71
Export,2019,Q1,Cereals,Corn,579
Import,2020,Q1,Cereals,Corn,692
Export,2020,Q1,Cereals,Corn,149
Import,2019,Q2,Cereals,Corn,939
Export,2019,Q2,Cereals,Corn,962
Import,2020,Q2,Cereals,Corn,810
Export,2020,Q2,Cereals,Corn,38
Import,2019,Q3,Cereals,Corn,928
Export,2019,Q3,Cereals,Corn,262
Import,2020,Q3,Cereals,Corn,596
Export,2020,Q3,Cereals,Corn,312
Import,2019,Q4,Cereals,Corn,215
Export,2019,Q4,Cereals,Corn,653
Import,2020,Q4,Cereals,Corn,823
Export,2020,Q4,Cereals,Corn,652
Import,2019,Q1,Cereals,Oats,632
Export,2019,Q1,Cereals,Oats,819
Import,2020,Q1,Cereals,Oats,598
Export,2020,Q1,Cereals,Oats,944
Import,2019,Q2,Cereals,Oats,578
Export,2019,Q2,Cereals,Oats,574
Import,2020,Q2,Cereals,Oats,874
Export,2020,Q2,Cereals,Oats,267
Import,2019,Q3,Cereals,Oats,25
Export,2019,Q3,Cereals,Oats,325
Import,2020,Q3,Cereals,Oats,137
Export,2020,Q3,Cereals,Oats,889
Import,2019,Q4,Cereals,Oats,599
Export,2019,Q4,Cereals,Oats,562
Import,2020,Q4,Cereals,Oats,407
Export,2020,Q4,Cereals,Oats,441
Import,2019,Q1,Cereals,Rice,513
Export,2019,Q1,Cereals,Rice,741
Import,2020,Q1,Cereals,Rice,935
Export,2020,Q1,Cereals,Rice,281
Import,2019,Q2,Cereals,Rice,981
Export,2019,Q2,Cereals,Rice,344
Import,2020,Q2,Cereals,Rice,628
Export,2020,Q2,Cereals,Rice,683
Import,2019,Q3,Cereals,Rice,986
Export,2019,Q3,Cereals,Rice,898
Import,2020,Q3,Cereals,Rice,536
Export,2020,Q3,Cereals,Rice,442
Import,2019,Q4,Cereals,Rice,155
Export,2019,Q4,Cereals,Rice,551
Import,2020,Q4,Cereals,Rice,623
Export,2020,Q4,Cereals,Rice,851
Import,2019,Q1,Dairy,Butter,81
Export,2019,Q1,Dairy,Butter,112
Import,2020,Q1,Dairy,Butter,797
Export,2020,Q1,Dairy,Butter,646
Import,2019,Q2,Dairy,Butter,661
Export,2019,Q2,Dairy,Butter,814
Import,2020,Q2,Dairy,Butter,838
Export,2020,Q2,Dairy,Butter,801
Import,2019,Q3,Dairy,Butter,272
Export,2019,Q3,Dairy,Butter,849
Import,2020,Q3,Dairy,Butter,465
Export,2020,Q3,Dairy,Butter,252
Import,2019,Q4,Dairy,Butter,24
Export,2019,Q4,Dairy,Butter,526
Import,2020,Q4,Dairy,Butter,430
Export,2020,Q4,Dairy,Butter,940
Import,2019,Q1,Dairy,Cream,525
Export,2019,Q1,Dairy,Cream,659
Import,2020,Q1,Dairy,Cream,173
Export,2020,Q1,Dairy,Cream,123
Import,2019,Q2,Dairy,Cream,33
Export,2019,Q2,Dairy,Cream,505
Import,2020,Q2,Dairy,Cream,345
Export,2020,Q2,Dairy,Cream,70
Import,2019,Q3,Dairy,Cream,254
Export,2019,Q3,Dairy,Cream,287
Import,2020,Q3,Dairy,Cream,684
Export,2020,Q3,Dairy,Cream,713
Import,2019,Q4,Dairy,Cream,775
Export,2019,Q4,Dairy,Cream,275
Import,2020,Q4,Dairy,Cream,992
Export,2020,Q4,Dairy,Cream,200
