{
"filename": "Food_import-export_in_tons_set147_4_DB.csv",
"questions": [{"name": "template 1",
 "sql": "SELECT Value FROM DBdata WHERE ((AA = 'AAgnv' AND BB = 'BBcmw' AND CC = 'CCbdq')) AND ((DD = 'DDkpv' AND EE = 'EEhny'))",
 "sqlResult": "{526}",
 "nlq": "What is the amount of AAgnv of EEhny in CCbdq of BBcmw?"},
{"name": "template 2",
 "sql": "SELECT Value FROM DBdata WHERE ((AA = 'AAgnv' AND BB = 'BBcmw' AND CC = 'CCbcj')) AND ((DD = 'DDkmz' AND EE = 'EEhry') OR (DD = 'DDkpv' AND EE = 'EEdrz'))",
 "sqlResult": "{262} || {287}",
 "nlq": "What is the amount of AAgnv of EEhry or EEdrz in CCbcj of BBcmw?"},
{"name": "template 3",
 "sql": "SELECT Value FROM DBdata WHERE ((AA = 'AAkqs' AND BB = 'BBcmw' AND CC = 'CCbfn') OR (AA = 'AAgnv' AND BB = 'BBcmw' AND CC = 'CCgrw') OR (AA = 'AAkqs' AND BB = 'BBlvx' AND CC = 'CCgrw') OR (AA = 'AAgnv' AND BB = 'BBlvx' AND CC = 'CCgrw') OR (AA = 'AAkqs' AND BB = 'BBcmw' AND CC = 'CCbcj') OR (AA = 'AAgnv' AND BB = 'BBcmw' AND CC = 'CCbcj') OR (AA = 'AAgnv' AND BB = 'BBlvx' AND CC = 'CCbcj') OR (AA = 'AAkqs' AND BB = 'BBcmw' AND CC = 'CCbdq') OR (AA = 'AAkqs' AND BB = 'BBlvx' AND CC = 'CCbdq')) AND ((DD = 'DDkpv' AND EE = 'EEhny'))",
 "sqlResult": "{81} || {814} || {838} || {801} || {272} || {849} || {252} || {24} || {430}",
 "nlq": "What is the amount of AAkqs of EEhny in CCbfn, CCbcj, or CCbdq of BBcmw or CCbdq of BBlvx, of AAgnv of EEhny in CCgrw or CCbcj of BBcmw or CCbcj of BBlvx, or of AAgnv or AAkqs of EEhny in CCgrw of BBlvx?"},
{"name": "template 4",
 "sql": "SELECT min(Value),avg(Value) FROM DBdata WHERE ((AA = 'AAkqs' AND BB = 'BBcmw' AND CC = 'CCbfn') OR (AA = 'AAkqs' AND BB = 'BBlvx' AND CC = 'CCbfn') OR (AA = 'AAkqs' AND BB = 'BBcmw' AND CC = 'CCgrw')) AND ((DD = 'DDkpv' AND EE = 'EEdrz'))",
 "sqlResult": "{33 | 243.67}",
 "nlq": "What are the minimum and average amounts of AAkqs of EEdrz in CCbfn of BBlvx or CCbfn or CCgrw of BBcmw?"},
{"name": "template 6",
 "sql": "SELECT Value FROM DBdata WHERE ((AA = 'AAgnv' AND BB = 'BBcmw' AND CC = 'CCbfn') OR (AA = 'AAgnv' AND BB = 'BBcmw' AND CC = 'CCgrw')) AND ((DD = 'DDkmz' AND EE = 'EEhry') OR (DD = 'DDkmz' AND EE = 'EEvwz') OR (DD = 'DDkmz' AND EE = 'EEpry'))",
 "sqlResult": "{579} || {962} || {819} || {574} || {741} || {344}",
 "nlq": "What is the amount of AAgnv of EEhry, EEvwz, or EEpry in CCbfn or CCgrw of BBcmw?"},
{"name": "template 7",
 "sql": "SELECT sum(Value),max(Value) FROM DBdata WHERE ((AA = 'AAgnv' AND BB = 'BBcmw' AND CC = 'CCbfn')) AND ((DD = 'DDkmz' AND EE = 'EEhry') OR (DD = 'DDkmz' AND EE = 'EEvwz') OR (DD = 'DDkmz' AND EE = 'EEpry') OR (DD = 'DDkpv' AND EE = 'EEhny') OR (DD = 'DDkpv' AND EE = 'EEdrz'))",
 "sqlResult": "{2910 | 819}",
 "nlq": "What are the total and maximum amounts of AAgnv of EEhny, EEhry, EEdrz, EEvwz, or EEpry in CCbfn of BBcmw?"},
{"name": "template 8",
 "sql": "SELECT AA,BB,CC,sum(Value),max(Value) FROM DBdata WHERE ((AA = 'AAgnv' AND BB = 'BBlvx' AND CC = 'CCbfn') OR (AA = 'AAgnv' AND BB = 'BBcmw' AND CC = 'CCgrw') OR (AA = 'AAkqs' AND BB = 'BBlvx' AND CC = 'CCgrw') OR (AA = 'AAgnv' AND BB = 'BBlvx' AND CC = 'CCgrw') OR (AA = 'AAgnv' AND BB = 'BBcmw' AND CC = 'CCbdq')) AND ((DD = 'DDkmz' AND EE = 'EEhry') OR (DD = 'DDkmz' AND EE = 'EEvwz') OR (DD = 'DDkmz' AND EE = 'EEpry') OR (DD = 'DDkpv' AND EE = 'EEdrz')) GROUP BY AA,BB,CC",
 "sqlResult": "{AAgnv | BBcmw | CCgrw | 2385 | 962} || {AAgnv | BBcmw | CCbdq | 2041 | 653} || {AAgnv | BBlvx | CCbfn | 1497 | 944} || {AAgnv | BBlvx | CCgrw | 1058 | 683} || {AAkqs | BBlvx | CCgrw | 2657 | 874}",
 "nlq": "What are the total and maximum amounts for each AAkqs-AAgnv, BB, and CC, of AAgnv of EEhry, EEdrz, EEvwz, or EEpry in CCbfn or CCgrw of BBlvx or CCgrw or CCbdq of BBcmw or of AAkqs of EEhry, EEdrz, EEvwz, or EEpry in CCgrw of BBlvx? Please, report the corresponding AAkqs-AAgnv, BB, and CC."},
{"name": "template 9",
 "sql": "SELECT min(Value) FROM DBdata WHERE ((AA = 'AAkqs' AND BB = 'BBcmw' AND CC = 'CCgrw')) AND (DD IN ('DDkmz','DDkpv')) GROUP BY DD",
 "sqlResult": "{578} || {33}",
 "nlq": "What is the minimum amount for each DD, of AAkqs of DDkmz or DDkpv in CCgrw of BBcmw?"},
{"name": "template 10",
 "sql": "SELECT DD,sum(Value) FROM DBdata WHERE ((AA = 'AAgnv' AND BB = 'BBlvx' AND CC = 'CCbcj')) AND (DD IN ('DDkmz','DDkpv')) GROUP BY DD",
 "sqlResult": "{DDkmz | 1643} || {DDkpv | 965}",
 "nlq": "What is the total amount for each DD, of AAgnv of DDkmz or DDkpv in CCbcj of BBlvx? Please, report the corresponding DD."},
{"name": "template 11",
 "sql": "SELECT DD,AA,BB,CC,avg(Value) FROM DBdata WHERE ((AA = 'AAgnv' AND BB = 'BBlvx' AND CC = 'CCbfn') OR (AA = 'AAkqs' AND BB = 'BBlvx' AND CC = 'CCbdq')) AND (DD IN ('DDkmz','DDkpv')) GROUP BY DD,AA,BB,CC",
 "sqlResult": "{DDkmz | AAgnv | BBlvx | CCbfn | 458} || {DDkmz | AAkqs | BBlvx | CCbdq | 617.67} || {DDkpv | AAgnv | BBlvx | CCbfn | 384.5} || {DDkpv | AAkqs | BBlvx | CCbdq | 711}",
 "nlq": "What is the average amount for each DD, AAkqs-AAgnv, BB, and CC, of AAgnv of DDkmz or DDkpv in CCbfn of BBlvx or of AAkqs of DDkmz or DDkpv in CCbdq of BBlvx? Please, report the corresponding DD, AAkqs-AAgnv, BB, and CC."},
{"name": "template 12",
 "sql": "SELECT Value FROM DBdata WHERE ((AA = 'AAgnv' AND BB = 'BBlvx' AND CC = 'CCgrw')) AND (DD IN ('DDkmz','DDkpv')) ORDER BY VALUE ASC LIMIT 2",
 "sqlResult": "{38} || {70}",
 "nlq": "What are the bottom 2 amounts of AAgnv of DDkmz or DDkpv in CCgrw of BBlvx?"},
{"name": "template 13",
 "sql": "SELECT Value FROM DBdata WHERE ((AA = 'AAgnv' AND BB = 'BBcmw' AND CC = 'CCbcj')) AND (DD IN ('DDkmz','DDkpv')) ORDER BY VALUE DESC",
 "sqlResult": "{898} || {849} || {325} || {287} || {262}",
 "nlq": "What are the amounts ordered by decreasing values of AAgnv of DDkmz or DDkpv in CCbcj of BBcmw?"},
{"name": "template 14",
 "sql": "SELECT DD,EE FROM DBdata WHERE ((AA = 'AAkqs' AND BB = 'BBcmw' AND CC = 'CCbdq')) AND Value > 532.76",
 "sqlResult": "{DDkmz | EEvwz} || {DDkpv | EEdrz}",
 "nlq": "What are the DD and EE for which the amount of AAkqs in CCbdq of BBcmw is greater than 532.76?"},
{"name": "template 15",
 "sql": "SELECT DD,EE,Value FROM DBdata WHERE ((AA = 'AAkqs' AND BB = 'BBlvx' AND CC = 'CCbfn')) AND (DD,EE) IN (SELECT DD,EE FROM DBdata WHERE ((AA = 'AAkqs' AND BB = 'BBcmw' AND CC = 'CCbdq')) AND Value > 532.76)",
 "sqlResult": "{DDkmz | EEvwz | 598} || {DDkpv | EEdrz | 173}",
 "nlq": "What is the amount of AAkqs in CCbfn of BBlvx of DD and of EE for which the amount of AAkqs in CCbdq of BBcmw is greater than 532.76? Please, report the corresponding DD, EE, and amount of import-export."}]
}

