{
"filename": "Food_import-export_in_tons_set135_1_DB.csv",
"questions": [{"name": "template 1",
 "sql": "SELECT Value FROM DBdata WHERE ((AA = 'AAcg' AND BB = 'BBcw')) AND ((CC = 'CCkp' AND DD = 'DDns'))",
 "sqlResult": "{256}",
 "nlq": "What is the amount of AAcg of DDns in BBcw?"},
{"name": "template 2",
 "sql": "SELECT Value FROM DBdata WHERE ((AA = 'AAdt' AND BB = 'BBcw')) AND ((CC = 'CCfq' AND DD = 'DDcz') OR (CC = 'CCfq' AND DD = 'DDlt') OR (CC = 'CCkp' AND DD = 'DDpt') OR (CC = 'CCkp' AND DD = 'DDfy') OR (CC = 'CCkp' AND DD = 'DDns'))",
 "sqlResult": "{209} || {391} || {717} || {416} || {594}",
 "nlq": "What is the amount of AAdt of DDlt, DDcz, DDns, DDfy, or DDpt in BBcw?"},
{"name": "template 3",
 "sql": "SELECT Value FROM DBdata WHERE ((AA = 'AAdt' AND BB = 'BBkm') OR (AA = 'AAdt' AND BB = 'BBmr') OR (AA = 'AAcg' AND BB = 'BBcw')) AND ((CC = 'CCfq' AND DD = 'DDlt'))",
 "sqlResult": "{745} || {672} || {69}",
 "nlq": "What is the amount of AAdt of DDlt in BBkm or BBmr or of AAcg of DDlt in BBcw?"},
{"name": "template 4",
 "sql": "SELECT min(Value),max(Value) FROM DBdata WHERE ((AA = 'AAdt' AND BB = 'BBkm') OR (AA = 'AAcg' AND BB = 'BBkm') OR (AA = 'AAcg' AND BB = 'BBmr')) AND ((CC = 'CCkp' AND DD = 'DDpt'))",
 "sqlResult": "{301 | 838}",
 "nlq": "What are the minimum and maximum amounts of AAcg or AAdt of DDpt in BBkm or of AAcg of DDpt in BBmr?"},
{"name": "template 5",
 "sql": "SELECT avg(Value) FROM DBdata WHERE AA = 'AAcg' AND (BB IN ('BBkm','BBmr','BBcw')) AND ((CC = 'CCkp' AND DD = 'DDns'))",
 "sqlResult": "{475.67}",
 "nlq": "What is the average amount of AAcg of DDns in BBkm, BBmr, or BBcw?"},
{"name": "template 6",
 "sql": "SELECT Value FROM DBdata WHERE ((AA = 'AAcg' AND BB = 'BBkm') OR (AA = 'AAdt' AND BB = 'BBcw') OR (AA = 'AAcg' AND BB = 'BBcw')) AND ((CC = 'CCfq' AND DD = 'DDlt') OR (CC = 'CCkp' AND DD = 'DDpt') OR (CC = 'CCkp' AND DD = 'DDns'))",
 "sqlResult": "{902} || {391} || {69} || {427} || {717} || {57} || {538} || {594} || {256}",
 "nlq": "What is the amount of AAcg of DDlt, DDns, or DDpt in BBkm or BBcw or of AAdt of DDlt, DDns, or DDpt in BBcw?"},
{"name": "template 7",
 "sql": "SELECT sum(Value),avg(Value) FROM DBdata WHERE ((AA = 'AAcg' AND BB = 'BBcw')) AND ((CC = 'CCfq' AND DD = 'DDlt') OR (CC = 'CCkp' AND DD = 'DDfy') OR (CC = 'CCkp' AND DD = 'DDns'))",
 "sqlResult": "{337 | 112.33}",
 "nlq": "What are the total and average amounts of AAcg of DDlt, DDns, or DDfy in BBcw?"},
{"name": "template 8",
 "sql": "SELECT AA,BB,sum(Value),max(Value) FROM DBdata WHERE ((AA = 'AAcg' AND BB = 'BBkm') OR (AA = 'AAdt' AND BB = 'BBcw')) AND ((CC = 'CCkp' AND DD = 'DDpt') OR (CC = 'CCkp' AND DD = 'DDfy') OR (CC = 'CCkp' AND DD = 'DDns')) GROUP BY AA,BB",
 "sqlResult": "{AAcg | BBkm | 1748 | 783} || {AAdt | BBcw | 1727 | 717}",
 "nlq": "What are the total and maximum amounts for each AAdt-AAcg and BB, of AAcg of DDns, DDfy, or DDpt in BBkm or of AAdt of DDns, DDfy, or DDpt in BBcw? Please, report the corresponding AAdt-AAcg and BB."},
{"name": "template 9",
 "sql": "SELECT min(Value) FROM DBdata WHERE ((AA = 'AAcg' AND BB = 'BBmr')) AND (CC IN ('CCfq','CCkp')) GROUP BY CC",
 "sqlResult": "{633} || {14}",
 "nlq": "What is the minimum amount for each CC, of AAcg of CCkp or CCfq in BBmr?"},
{"name": "template 10",
 "sql": "SELECT CC,max(Value) FROM DBdata WHERE ((AA = 'AAcg' AND BB = 'BBmr')) AND (CC IN ('CCfq','CCkp')) GROUP BY CC",
 "sqlResult": "{CCkp | 838} || {CCfq | 566}",
 "nlq": "What is the maximum amount for each CC, of AAcg of CCkp or CCfq in BBmr? Please, report the corresponding CC."},
{"name": "template 11",
 "sql": "SELECT CC,AA,BB,max(Value) FROM DBdata WHERE ((AA = 'AAcg' AND BB = 'BBkm') OR (AA = 'AAcg' AND BB = 'BBcw')) AND (CC IN ('CCfq','CCkp')) GROUP BY CC,AA,BB",
 "sqlResult": "{CCkp | AAcg | BBkm | 783} || {CCkp | AAcg | BBcw | 256} || {CCfq | AAcg | BBkm | 902} || {CCfq | AAcg | BBcw | 478}",
 "nlq": "What is the maximum amount for each CC, AAdt-AAcg, and BB, of AAcg of CCkp or CCfq in BBkm or BBcw? Please, report the corresponding CC, AAdt-AAcg, and BB."},
{"name": "template 12",
 "sql": "SELECT Value FROM DBdata WHERE ((AA = 'AAcg' AND BB = 'BBmr')) AND (CC IN ('CCfq','CCkp')) ORDER BY VALUE ASC LIMIT 4",
 "sqlResult": "{14} || {566} || {633} || {763}",
 "nlq": "What are the bottom 4 amounts of AAcg of CCkp or CCfq in BBmr?"},
{"name": "template 13",
 "sql": "SELECT Value FROM DBdata WHERE ((AA = 'AAcg' AND BB = 'BBkm')) AND (CC IN ('CCfq','CCkp')) ORDER BY VALUE DESC",
 "sqlResult": "{902} || {783} || {538} || {427} || {60}",
 "nlq": "What are the amounts ordered by decreasing values of AAcg of CCkp or CCfq in BBkm?"},
{"name": "template 14",
 "sql": "SELECT CC,DD FROM DBdata WHERE ((AA = 'AAcg' AND BB = 'BBmr')) AND Value < 474.17",
 "sqlResult": "{CCfq | DDcz}",
 "nlq": "What are the CC and DD for which the amount of AAcg in BBmr is lower than 474.17?"},
{"name": "template 15",
 "sql": "SELECT CC,DD,Value FROM DBdata WHERE ((AA = 'AAcg' AND BB = 'BBcw')) AND (CC,DD) IN (SELECT CC,DD FROM DBdata WHERE ((AA = 'AAcg' AND BB = 'BBmr')) AND Value < 474.17)",
 "sqlResult": "{CCfq | DDcz | 478}",
 "nlq": "What is the amount of AAcg in BBcw of CC and of DD for which the amount of AAcg in BBmr is lower than 474.17? Please, report the corresponding CC, DD, and amount of import-export."}]
}

