{
"filename": "Food_import-export_in_tons_set137_1_DB.csv",
"questions": [{"name": "template 1",
 "sql": "SELECT Value FROM DBdata WHERE ((AA = 'AApv' AND BB = 'BBxz')) AND ((CC = 'CCnv' AND DD = 'DDrv'))",
 "sqlResult": "{519}",
 "nlq": "What is the amount of AApv of DDrv in BBxz?"},
{"name": "template 2",
 "sql": "SELECT Value FROM DBdata WHERE ((AA = 'AApt' AND BB = 'BBfp')) AND ((CC = 'CCgv' AND DD = 'DDbc') OR (CC = 'CCgv' AND DD = 'DDqy') OR (CC = 'CCmx' AND DD = 'DDsz') OR (CC = 'CCmx' AND DD = 'DDjl') OR (CC = 'CCnv' AND DD = 'DDrv') OR (CC = 'CCnv' AND DD = 'DDdw') OR (CC = 'CCnv' AND DD = 'DDgk'))",
 "sqlResult": "{384} || {842} || {78} || {742} || {494} || {681} || {288}",
 "nlq": "What is the amount of AApt of DDsz, DDbc, DDgk, DDqy, DDdw, DDrv, or DDjl in BBfp?"},
{"name": "template 3",
 "sql": "SELECT Value FROM DBdata WHERE ((AA = 'AApv' AND BB = 'BBxz') OR (AA = 'AApt' AND BB = 'BBxz') OR (AA = 'AApv' AND BB = 'BBjq') OR (AA = 'AApv' AND BB = 'BBfp') OR (AA = 'AApt' AND BB = 'BBfp')) AND ((CC = 'CCmx' AND DD = 'DDjl'))",
 "sqlResult": "{563} || {148} || {315} || {324} || {742}",
 "nlq": "What is the amount of AApv of DDjl in BBxz, BBjq, or BBfp or of AApt of DDjl in BBxz or BBfp?"},
{"name": "template 4",
 "sql": "SELECT sum(Value),max(Value) FROM DBdata WHERE ((AA = 'AApv' AND BB = 'BBxz') OR (AA = 'AApt' AND BB = 'BBxz') OR (AA = 'AApv' AND BB = 'BBjq') OR (AA = 'AApt' AND BB = 'BBjq') OR (AA = 'AApv' AND BB = 'BBfp') OR (AA = 'AApt' AND BB = 'BBfp')) AND ((CC = 'CCgv' AND DD = 'DDbc'))",
 "sqlResult": "{3531 | 894}",
 "nlq": "What are the total and maximum amounts of AApt or AApv of DDbc in BBxz, BBjq, or BBfp?"},
{"name": "template 5",
 "sql": "SELECT avg(Value) FROM DBdata WHERE (AA IN ('AApv','AApt')) AND ((CC = 'CCnv' AND DD = 'DDrv'))",
 "sqlResult": "{544}",
 "nlq": "What is the average amount of AApt or AApv of DDrv?"},
{"name": "template 6",
 "sql": "SELECT Value FROM DBdata WHERE ((AA = 'AApv' AND BB = 'BBxz') OR (AA = 'AApt' AND BB = 'BBxz') OR (AA = 'AApv' AND BB = 'BBjq') OR (AA = 'AApv' AND BB = 'BBfp') OR (AA = 'AApt' AND BB = 'BBfp')) AND ((CC = 'CCgv' AND DD = 'DDwx') OR (CC = 'CCgv' AND DD = 'DDqy') OR (CC = 'CCnv' AND DD = 'DDdw') OR (CC = 'CCnv' AND DD = 'DDgk'))",
 "sqlResult": "{345} || {294} || {559} || {884} || {327} || {600} || {156} || {249} || {58} || {842} || {705} || {203} || {790} || {932} || {681} || {282} || {234} || {136} || {858} || {288}",
 "nlq": "What is the amount of AApv of DDgk, DDwx, DDqy, or DDdw in BBxz, BBjq, or BBfp or of AApt of DDgk, DDwx, DDqy, or DDdw in BBxz or BBfp?"},
{"name": "template 7",
 "sql": "SELECT max(Value),min(Value) FROM DBdata WHERE ((AA = 'AApv' AND BB = 'BBjq')) AND ((CC = 'CCgv' AND DD = 'DDbc') OR (CC = 'CCmx' AND DD = 'DDjl') OR (CC = 'CCnv' AND DD = 'DDrv') OR (CC = 'CCnv' AND DD = 'DDgk'))",
 "sqlResult": "{690 | 136}",
 "nlq": "What are the maximum and minimum amounts of AApv of DDbc, DDgk, DDrv, or DDjl in BBjq?"},
{"name": "template 8",
 "sql": "SELECT AA,BB,max(Value),avg(Value) FROM DBdata WHERE ((AA = 'AApv' AND BB = 'BBxz') OR (AA = 'AApv' AND BB = 'BBfp') OR (AA = 'AApt' AND BB = 'BBfp')) AND ((CC = 'CCgv' AND DD = 'DDbc') OR (CC = 'CCmx' AND DD = 'DDsz') OR (CC = 'CCnv' AND DD = 'DDdw')) GROUP BY AA,BB",
 "sqlResult": "{AApt | BBfp | 681 | 381} || {AApv | BBxz | 894 | 731.67} || {AApv | BBfp | 932 | 556}",
 "nlq": "What are the maximum and average amounts for each AApv-AApt and BB, of AApv of DDsz, DDbc, or DDdw in BBxz or BBfp or of AApt of DDsz, DDbc, or DDdw in BBfp? Please, report the corresponding AApv-AApt and BB."},
{"name": "template 9",
 "sql": "SELECT min(Value) FROM DBdata WHERE ((AA = 'AApt' AND BB = 'BBfp')) AND (CC IN ('CCgv','CCmx','CCnv')) GROUP BY CC",
 "sqlResult": "{288} || {327} || {78}",
 "nlq": "What is the minimum amount for each CC, of AApt of CCnv, CCgv, or CCmx in BBfp?"},
{"name": "template 10",
 "sql": "SELECT CC,avg(Value) FROM DBdata WHERE ((AA = 'AApv' AND BB = 'BBjq')) AND (CC IN ('CCgv','CCmx','CCnv')) GROUP BY CC",
 "sqlResult": "{CCnv | 404.33} || {CCgv | 499.33} || {CCmx | 619}",
 "nlq": "What is the average amount for each CC, of AApv of CCnv, CCgv, or CCmx in BBjq? Please, report the corresponding CC."},
{"name": "template 11",
 "sql": "SELECT CC,AA,BB,min(Value) FROM DBdata WHERE ((AA = 'AApv' AND BB = 'BBxz') OR (AA = 'AApt' AND BB = 'BBjq')) AND (CC IN ('CCgv','CCmx','CCnv')) GROUP BY CC,AA,BB",
 "sqlResult": "{CCnv | AApt | BBjq | 260} || {CCnv | AApv | BBxz | 282} || {CCgv | AApt | BBjq | 178} || {CCgv | AApv | BBxz | 345} || {CCmx | AApt | BBjq | 292} || {CCmx | AApv | BBxz | 563}",
 "nlq": "What is the minimum amount for each CC, AApv-AApt, and BB, of AApv of CCnv, CCgv, or CCmx in BBxz or of AApt of CCnv, CCgv, or CCmx in BBjq? Please, report the corresponding CC, AApv-AApt, and BB."},
{"name": "template 12",
 "sql": "SELECT Value FROM DBdata WHERE ((AA = 'AApv' AND BB = 'BBjq')) AND (CC IN ('CCgv','CCnv')) ORDER BY VALUE DESC LIMIT 2",
 "sqlResult": "{790} || {690}",
 "nlq": "What are the top 2 amounts of AApv of CCnv or CCgv in BBjq?"},
{"name": "template 13",
 "sql": "SELECT Value FROM DBdata WHERE ((AA = 'AApt' AND BB = 'BBxz')) AND (CC IN ('CCmx','CCnv')) ORDER BY VALUE ASC",
 "sqlResult": "{50} || {148} || {203} || {234} || {474}",
 "nlq": "What are the amounts ordered by increasing values of AApt of CCnv or CCmx in BBxz?"},
{"name": "template 14",
 "sql": "SELECT CC,DD FROM DBdata WHERE ((AA = 'AApt' AND BB = 'BBxz')) AND Value < 460.44",
 "sqlResult": "{CCgv | DDwx} || {CCgv | DDqy} || {CCmx | DDsz} || {CCmx | DDjl} || {CCnv | DDdw} || {CCnv | DDgk}",
 "nlq": "What are the CC and DD for which the amount of AApt in BBxz is lower than 460.44?"},
{"name": "template 15",
 "sql": "SELECT CC,DD,Value FROM DBdata WHERE ((AA = 'AApv' AND BB = 'BBfp')) AND (CC,DD) IN (SELECT CC,DD FROM DBdata WHERE ((AA = 'AApt' AND BB = 'BBxz')) AND Value < 460.44)",
 "sqlResult": "{CCgv | DDwx | 884} || {CCgv | DDqy | 58} || {CCmx | DDsz | 119} || {CCmx | DDjl | 324} || {CCnv | DDdw | 932} || {CCnv | DDgk | 858}",
 "nlq": "What is the amount of AApv in BBfp of CC and of DD for which the amount of AApt in BBxz is lower than 460.44? Please, report the corresponding CC, DD, and amount of import-export."}]
}

