{
"filename": "Food_import-export_in_tons_set148_2_DB.csv",
"questions": [{"name": "template 1",
 "sql": "SELECT Value FROM DBdata WHERE ((CC = 'CCfkn' AND BB = 'BBfxy' AND AA = 'AAhkl')) AND ((DD = 'DDdst' AND EE = 'EEfhq'))",
 "sqlResult": "{422}",
 "nlq": "What is the amount of AAhkl of EEfhq in CCfkn of BBfxy?"},
{"name": "template 2",
 "sql": "SELECT Value FROM DBdata WHERE ((CC = 'CCmtx' AND BB = 'BBgjt' AND AA = 'AAhkl')) AND ((DD = 'DDbfn' AND EE = 'EEbwx') OR (DD = 'DDbfn' AND EE = 'EEhjn') OR (DD = 'DDqtz' AND EE = 'EEfhs') OR (DD = 'DDdst' AND EE = 'EEjkn') OR (DD = 'DDdst' AND EE = 'EEfhq'))",
 "sqlResult": "{839} || {845} || {769} || {173} || {19}",
 "nlq": "What is the amount of AAhkl of EEhjn, EEjkn, EEbwx, EEfhs, or EEfhq in CCmtx of BBgjt?"},
{"name": "template 3",
 "sql": "SELECT Value FROM DBdata WHERE ((CC = 'CCnrx' AND BB = 'BBgjt' AND AA = 'AAcmy') OR (CC = 'CCnrx' AND BB = 'BBlnw' AND AA = 'AAcmy') OR (CC = 'CCcly' AND BB = 'BBgjt' AND AA = 'AAcmy') OR (CC = 'CCcly' AND BB = 'BBlnw' AND AA = 'AAhkl') OR (CC = 'CCmtx' AND BB = 'BBgjt' AND AA = 'AAcmy') OR (CC = 'CCmtx' AND BB = 'BBgjt' AND AA = 'AAhkl') OR (CC = 'CCmtx' AND BB = 'BBlnw' AND AA = 'AAcmy') OR (CC = 'CCmtx' AND BB = 'BBfxy' AND AA = 'AAcmy') OR (CC = 'CCfkn' AND BB = 'BBlnw' AND AA = 'AAhkl') OR (CC = 'CCfkn' AND BB = 'BBfxy' AND AA = 'AAhkl')) AND ((DD = 'DDqtz' AND EE = 'EEcnz'))",
 "sqlResult": "{720} || {24} || {710} || {574} || {429} || {476} || {912} || {288} || {469} || {199}",
 "nlq": "What is the amount of AAcmy of EEcnz in CCnrx or CCmtx of BBlnw or CCnrx, CCcly, or CCmtx of BBgjt or CCmtx of BBfxy or of AAhkl of EEcnz in CCcly or CCfkn of BBlnw or CCmtx of BBgjt or CCfkn of BBfxy?"},
{"name": "template 4",
 "sql": "SELECT avg(Value),sum(Value) FROM DBdata WHERE ((CC = 'CCnrx' AND BB = 'BBgjt' AND AA = 'AAcmy') OR (CC = 'CCnrx' AND BB = 'BBlnw' AND AA = 'AAcmy') OR (CC = 'CCcly' AND BB = 'BBlnw' AND AA = 'AAhkl') OR (CC = 'CCcly' AND BB = 'BBfxy' AND AA = 'AAhkl') OR (CC = 'CCmtx' AND BB = 'BBgjt' AND AA = 'AAcmy') OR (CC = 'CCmtx' AND BB = 'BBfxy' AND AA = 'AAcmy')) AND ((DD = 'DDbfn' AND EE = 'EEcdr'))",
 "sqlResult": "{594.17 | 3565}",
 "nlq": "What are the average and total amounts of AAcmy of EEcdr in CCnrx of BBlnw or CCnrx or CCmtx of BBgjt or CCmtx of BBfxy or of AAhkl of EEcdr in CCcly of BBlnw or BBfxy?"},
{"name": "template 6",
 "sql": "SELECT Value FROM DBdata WHERE ((CC = 'CCnrx' AND BB = 'BBlnw' AND AA = 'AAcmy') OR (CC = 'CCcly' AND BB = 'BBfxy' AND AA = 'AAcmy') OR (CC = 'CCmtx' AND BB = 'BBfxy' AND AA = 'AAcmy') OR (CC = 'CCfkn' AND BB = 'BBgjt' AND AA = 'AAhkl') OR (CC = 'CCfkn' AND BB = 'BBlnw' AND AA = 'AAcmy')) AND ((DD = 'DDbfn' AND EE = 'EEcdr') OR (DD = 'DDqtz' AND EE = 'EEcnz'))",
 "sqlResult": "{813} || {122} || {910} || {298} || {760} || {24} || {759} || {288} || {874} || {27}",
 "nlq": "What is the amount of AAcmy of EEcdr or EEcnz in CCnrx or CCfkn of BBlnw or CCcly or CCmtx of BBfxy or of AAhkl of EEcdr or EEcnz in CCfkn of BBgjt?"},
{"name": "template 7",
 "sql": "SELECT min(Value),max(Value) FROM DBdata WHERE ((CC = 'CCcly' AND BB = 'BBlnw' AND AA = 'AAcmy')) AND ((DD = 'DDbfn' AND EE = 'EEbwx') OR (DD = 'DDqtz' AND EE = 'EEfhs') OR (DD = 'DDqtz' AND EE = 'EEcnz') OR (DD = 'DDdst' AND EE = 'EEjkn') OR (DD = 'DDdst' AND EE = 'EEfhq'))",
 "sqlResult": "{13 | 905}",
 "nlq": "What are the minimum and maximum amounts of AAcmy of EEjkn, EEbwx, EEfhs, EEcnz, or EEfhq in CCcly of BBlnw?"},
{"name": "template 8",
 "sql": "SELECT CC,BB,AA,max(Value),avg(Value) FROM DBdata WHERE ((CC = 'CCnrx' AND BB = 'BBgjt' AND AA = 'AAcmy') OR (CC = 'CCmtx' AND BB = 'BBfxy' AND AA = 'AAhkl')) AND ((DD = 'DDbfn' AND EE = 'EEhjn') OR (DD = 'DDbfn' AND EE = 'EEcdr') OR (DD = 'DDqtz' AND EE = 'EEcnz') OR (DD = 'DDdst' AND EE = 'EEdsv')) GROUP BY CC,BB,AA",
 "sqlResult": "{CCnrx | BBgjt | AAcmy | 794 | 618} || {CCmtx | BBfxy | AAhkl | 966 | 528}",
 "nlq": "What are the maximum and average amounts for each CC, BB, and AAcmy-AAhkl, of AAcmy of EEhjn, EEdsv, EEcdr, or EEcnz in CCnrx of BBgjt or of AAhkl of EEhjn, EEdsv, EEcdr, or EEcnz in CCmtx of BBfxy? Please, report the corresponding CC, BB, and AAcmy-AAhkl."},
{"name": "template 9",
 "sql": "SELECT min(Value) FROM DBdata WHERE ((CC = 'CCnrx' AND BB = 'BBgjt' AND AA = 'AAcmy')) AND (DD IN ('DDbfn','DDqtz','DDdst')) GROUP BY DD",
 "sqlResult": "{531} || {191} || {456}",
 "nlq": "What is the minimum amount for each DD, of AAcmy of DDqtz, DDdst, or DDbfn in CCnrx of BBgjt?"},
{"name": "template 10",
 "sql": "SELECT DD,sum(Value) FROM DBdata WHERE ((CC = 'CCnrx' AND BB = 'BBlnw' AND AA = 'AAcmy')) AND (DD IN ('DDbfn','DDqtz','DDdst')) GROUP BY DD",
 "sqlResult": "{DDqtz | 103} || {DDdst | 1534} || {DDbfn | 2352}",
 "nlq": "What is the total amount for each DD, of AAcmy of DDqtz, DDdst, or DDbfn in CCnrx of BBlnw? Please, report the corresponding DD."},
{"name": "template 11",
 "sql": "SELECT DD,CC,BB,AA,sum(Value) FROM DBdata WHERE ((CC = 'CCnrx' AND BB = 'BBfxy' AND AA = 'AAcmy') OR (CC = 'CCcly' AND BB = 'BBfxy' AND AA = 'AAhkl')) AND (DD IN ('DDbfn','DDqtz','DDdst')) GROUP BY DD,CC,BB,AA",
 "sqlResult": "{DDqtz | CCnrx | BBfxy | AAcmy | 1643} || {DDqtz | CCcly | BBfxy | AAhkl | 763} || {DDdst | CCnrx | BBfxy | AAcmy | 2139} || {DDdst | CCcly | BBfxy | AAhkl | 1387} || {DDbfn | CCnrx | BBfxy | AAcmy | 1582} || {DDbfn | CCcly | BBfxy | AAhkl | 755}",
 "nlq": "What is the total amount for each DD, CC, BB, and AAcmy-AAhkl, of AAcmy of DDqtz, DDdst, or DDbfn in CCnrx of BBfxy or of AAhkl of DDqtz, DDdst, or DDbfn in CCcly of BBfxy? Please, report the corresponding DD, CC, BB, and AAcmy-AAhkl."},
{"name": "template 12",
 "sql": "SELECT Value FROM DBdata WHERE ((CC = 'CCnrx' AND BB = 'BBlnw' AND AA = 'AAcmy')) AND (DD IN ('DDbfn','DDdst')) ORDER BY VALUE ASC LIMIT 2",
 "sqlResult": "{381} || {445}",
 "nlq": "What are the bottom 2 amounts of AAcmy of DDdst or DDbfn in CCnrx of BBlnw?"},
{"name": "template 13",
 "sql": "SELECT Value FROM DBdata WHERE ((CC = 'CCfkn' AND BB = 'BBgjt' AND AA = 'AAcmy')) AND (DD IN ('DDbfn','DDqtz')) ORDER BY VALUE ASC",
 "sqlResult": "{150} || {435} || {570} || {803} || {970}",
 "nlq": "What are the amounts ordered by increasing values of AAcmy of DDqtz or DDbfn in CCfkn of BBgjt?"},
{"name": "template 14",
 "sql": "SELECT DD,EE FROM DBdata WHERE ((CC = 'CCmtx' AND BB = 'BBgjt' AND AA = 'AAhkl')) AND Value > 495.83",
 "sqlResult": "{DDbfn | EEbwx} || {DDbfn | EEhjn} || {DDbfn | EEcdr} || {DDqtz | EEfhs}",
 "nlq": "What are the DD and EE for which the amount of AAhkl in CCmtx of BBgjt is greater than 495.83?"},
{"name": "template 15",
 "sql": "SELECT DD,EE,Value FROM DBdata WHERE ((CC = 'CCnrx' AND BB = 'BBlnw' AND AA = 'AAhkl')) AND (DD,EE) IN (SELECT DD,EE FROM DBdata WHERE ((CC = 'CCmtx' AND BB = 'BBgjt' AND AA = 'AAhkl')) AND Value > 495.83)",
 "sqlResult": "{DDbfn | EEbwx | 139} || {DDbfn | EEhjn | 440} || {DDbfn | EEcdr | 621} || {DDqtz | EEfhs | 121}",
 "nlq": "What is the amount of AAhkl in CCnrx of BBlnw of DD and of EE for which the amount of AAhkl in CCmtx of BBgjt is greater than 495.83? Please, report the corresponding DD, EE, and amount of import-export."}]
}

