Import-Export,Year,Quarter,Category,Item,Value
Import_Export,Year,Quarter,Category,Item,Value
Import,2016,Q1,Meat,Beef,126
Export,2016,Q1,Meat,Beef,439
Import,2017,Q1,Meat,Beef,224
Export,2017,Q1,Meat,Beef,466
Import,2016,Q2,Meat,Beef,200
Export,2016,Q2,Meat,Beef,334
Import,2017,Q2,Meat,Beef,856
Export,2017,Q2,Meat,Beef,298
Import,2016,Q3,Meat,Beef,433
Export,2016,Q3,Meat,Beef,30
Import,2017,Q3,Meat,Beef,58
Export,2017,Q3,Meat,Beef,729
Import,2016,Q4,Meat,Beef,861
Export,2016,Q4,Meat,Beef,682
Import,2017,Q4,Meat,Beef,670
Export,2017,Q4,Meat,Beef,881
Import,2016,Q1,Meat,Chicken,40
Export,2016,Q1,Meat,Chicken,593
Import,2017,Q1,Meat,Chicken,173
Export,2017,Q1,Meat,Chicken,104
Import,2016,Q2,Meat,Chicken,703
Export,2016,Q2,Meat,Chicken,609
Import,2017,Q2,Meat,Chicken,320
Export,2017,Q2,Meat,Chicken,317
Import,2016,Q3,Meat,Chicken,862
Export,2016,Q3,Meat,Chicken,915
Import,2017,Q3,Meat,Chicken,818
Export,2017,Q3,Meat,Chicken,919
Import,2016,Q4,Meat,Chicken,386
Export,2016,Q4,Meat,Chicken,372
Import,2017,Q4,Meat,Chicken,865
Export,2017,Q4,Meat,Chicken,23
Import,2016,Q1,Meat,Pork,138
Export,2016,Q1,Meat,Pork,778
Import,2017,Q1,Meat,Pork,406
Export,2017,Q1,Meat,Pork,154
Import,2016,Q2,Meat,Pork,132
Export,2016,Q2,Meat,Pork,424
Import,2017,Q2,Meat,Pork,600
Export,2017,Q2,Meat,Pork,403
Import,2016,Q3,Meat,Pork,44
Export,2016,Q3,Meat,Pork,779
Import,2017,Q3,Meat,Pork,186
Export,2017,Q3,Meat,Pork,674
Import,2016,Q4,Meat,Pork,12
Export,2016,Q4,Meat,Pork,377
Import,2017,Q4,Meat,Pork,335
Export,2017,Q4,Meat,Pork,251
Import,2016,Q1,Cereals,Oats,289
Export,2016,Q1,Cereals,Oats,228
Import,2017,Q1,Cereals,Oats,604
Export,2017,Q1,Cereals,Oats,516
Import,2016,Q2,Cereals,Oats,738
Export,2016,Q2,Cereals,Oats,634
Import,2017,Q2,Cereals,Oats,362
Export,2017,Q2,Cereals,Oats,711
Import,2016,Q3,Cereals,Oats,611
Export,2016,Q3,Cereals,Oats,876
Import,2017,Q3,Cereals,Oats,194
Export,2017,Q3,Cereals,Oats,270
Import,2016,Q4,Cereals,Oats,514
Export,2016,Q4,Cereals,Oats,559
Import,2017,Q4,Cereals,Oats,623
Export,2017,Q4,Cereals,Oats,53
Import,2016,Q1,Cereals,Rice,325
Export,2016,Q1,Cereals,Rice,641
Import,2017,Q1,Cereals,Rice,936
Export,2017,Q1,Cereals,Rice,935
Import,2016,Q2,Cereals,Rice,73
Export,2016,Q2,Cereals,Rice,422
Import,2017,Q2,Cereals,Rice,594
Export,2017,Q2,Cereals,Rice,888
Import,2016,Q3,Cereals,Rice,869
Export,2016,Q3,Cereals,Rice,926
Import,2017,Q3,Cereals,Rice,79
Export,2017,Q3,Cereals,Rice,663
Import,2016,Q4,Cereals,Rice,264
Export,2016,Q4,Cereals,Rice,310
Import,2017,Q4,Cereals,Rice,796
Export,2017,Q4,Cereals,Rice,716
Import,2016,Q1,Cereals,Seeds,938
Export,2016,Q1,Cereals,Seeds,341
Import,2017,Q1,Cereals,Seeds,41
Export,2017,Q1,Cereals,Seeds,157
Import,2016,Q2,Cereals,Seeds,363
Export,2016,Q2,Cereals,Seeds,153
Import,2017,Q2,Cereals,Seeds,87
Export,2017,Q2,Cereals,Seeds,843
Import,2016,Q3,Cereals,Seeds,279
Export,2016,Q3,Cereals,Seeds,206
Import,2017,Q3,Cereals,Seeds,467
Export,2017,Q3,Cereals,Seeds,35
Import,2016,Q4,Cereals,Seeds,351
Export,2016,Q4,Cereals,Seeds,481
Import,2017,Q4,Cereals,Seeds,958
Export,2017,Q4,Cereals,Seeds,215
