{
"filename": "Food_import-export_in_tons_set149_5_DB.csv",
"questions": [{"name": "template 1",
 "sql": "SELECT Value FROM DBdata WHERE ((AA = 'AApsx' AND BB = 'BBflm' AND CC = 'CCbtw')) AND ((DD = 'DDctx' AND EE = 'EEbjl'))",
 "sqlResult": "{661}",
 "nlq": "What is the amount of AApsx of EEbjl in CCbtw of BBflm?"},
{"name": "template 2",
 "sql": "SELECT Value FROM DBdata WHERE ((AA = 'AApsx' AND BB = 'BBflm' AND CC = 'CCbxy')) AND ((DD = 'DDfwx' AND EE = 'EEdlz') OR (DD = 'DDfwx' AND EE = 'EEgrx') OR (DD = 'DDcft' AND EE = 'EEjkz') OR (DD = 'DDcft' AND EE = 'EEmpw') OR (DD = 'DDctx' AND EE = 'EEcgx') OR (DD = 'DDctx' AND EE = 'EEbjl'))",
 "sqlResult": "{965} || {790} || {191} || {362} || {853} || {112}",
 "nlq": "What is the amount of AApsx of EEmpw, EEjkz, EEdlz, EEgrx, EEbjl, or EEcgx in CCbxy of BBflm?"},
{"name": "template 3",
 "sql": "SELECT Value FROM DBdata WHERE ((AA = 'AAhjx' AND BB = 'BBflm' AND CC = 'CCbxy') OR (AA = 'AAhjx' AND BB = 'BBbjx' AND CC = 'CCbhr')) AND ((DD = 'DDcft' AND EE = 'EEjkz'))",
 "sqlResult": "{538} || {612}",
 "nlq": "What is the amount of AAhjx of EEjkz in CCbxy of BBflm or CCbhr of BBbjx?"},
{"name": "template 4",
 "sql": "SELECT sum(Value),max(Value) FROM DBdata WHERE ((AA = 'AApsx' AND BB = 'BBflm' AND CC = 'CCbxy') OR (AA = 'AApsx' AND BB = 'BBbjx' AND CC = 'CCbxy') OR (AA = 'AAhjx' AND BB = 'BBflm' AND CC = 'CCbtw') OR (AA = 'AAhjx' AND BB = 'BBbjx' AND CC = 'CCbtw') OR (AA = 'AApsx' AND BB = 'BBflm' AND CC = 'CCbhr') OR (AA = 'AAhjx' AND BB = 'BBflm' AND CC = 'CCbhr') OR (AA = 'AApsx' AND BB = 'BBbjx' AND CC = 'CCbhr') OR (AA = 'AApsx' AND BB = 'BBflm' AND CC = 'CCjkv') OR (AA = 'AAhjx' AND BB = 'BBflm' AND CC = 'CCjkv') OR (AA = 'AApsx' AND BB = 'BBbjx' AND CC = 'CCjkv')) AND ((DD = 'DDcft' AND EE = 'EEjkz'))",
 "sqlResult": "{4233 | 967}",
 "nlq": "What are the total and maximum amounts of AAhjx of EEjkz in CCbtw of BBbjx or CCbtw, CCbhr, or CCjkv of BBflm or of AApsx of EEjkz in CCbxy, CCbhr, or CCjkv of BBflm or BBbjx?"},
{"name": "template 6",
 "sql": "SELECT Value FROM DBdata WHERE ((AA = 'AAhjx' AND BB = 'BBflm' AND CC = 'CCbxy') OR (AA = 'AAhjx' AND BB = 'BBflm' AND CC = 'CCbhr') OR (AA = 'AApsx' AND BB = 'BBbjx' AND CC = 'CCbhr')) AND ((DD = 'DDfwx' AND EE = 'EEgrx') OR (DD = 'DDcft' AND EE = 'EEmpw'))",
 "sqlResult": "{846} || {996} || {892} || {366} || {257} || {68}",
 "nlq": "What is the amount of AAhjx of EEmpw or EEgrx in CCbxy or CCbhr of BBflm or of AApsx of EEmpw or EEgrx in CCbhr of BBbjx?"},
{"name": "template 7",
 "sql": "SELECT min(Value),max(Value) FROM DBdata WHERE ((AA = 'AApsx' AND BB = 'BBflm' AND CC = 'CCbtw')) AND ((DD = 'DDfwx' AND EE = 'EEdlz') OR (DD = 'DDfwx' AND EE = 'EEgrx') OR (DD = 'DDcft' AND EE = 'EEmpw'))",
 "sqlResult": "{262 | 716}",
 "nlq": "What are the minimum and maximum amounts of AApsx of EEmpw, EEdlz, or EEgrx in CCbtw of BBflm?"},
{"name": "template 8",
 "sql": "SELECT AA,BB,CC,max(Value),min(Value) FROM DBdata WHERE ((AA = 'AApsx' AND BB = 'BBbjx' AND CC = 'CCbxy') OR (AA = 'AApsx' AND BB = 'BBflm' AND CC = 'CCbtw') OR (AA = 'AAhjx' AND BB = 'BBflm' AND CC = 'CCbtw') OR (AA = 'AAhjx' AND BB = 'BBflm' AND CC = 'CCbhr')) AND ((DD = 'DDfwx' AND EE = 'EEdlz') OR (DD = 'DDfwx' AND EE = 'EEgrx')) GROUP BY AA,BB,CC",
 "sqlResult": "{AAhjx | BBflm | CCbtw | 943 | 702} || {AAhjx | BBflm | CCbhr | 996 | 643} || {AApsx | BBflm | CCbtw | 716 | 341} || {AApsx | BBbjx | CCbxy | 582 | 377}",
 "nlq": "What are the maximum and minimum amounts for each AApsx-AAhjx, BB, and CC, of AApsx of EEdlz or EEgrx in CCbxy of BBbjx, of AAhjx or AApsx of EEdlz or EEgrx in CCbtw of BBflm, or of AAhjx of EEdlz or EEgrx in CCbhr of BBflm? Please, report the corresponding AApsx-AAhjx, BB, and CC."},
{"name": "template 9",
 "sql": "SELECT min(Value) FROM DBdata WHERE ((AA = 'AAhjx' AND BB = 'BBflm' AND CC = 'CCbhr')) AND (DD IN ('DDfwx','DDcft','DDctx')) GROUP BY DD",
 "sqlResult": "{448} || {643} || {257}",
 "nlq": "What is the minimum amount for each DD, of AAhjx of DDctx, DDfwx, or DDcft in CCbhr of BBflm?"},
{"name": "template 10",
 "sql": "SELECT DD,sum(Value) FROM DBdata WHERE ((AA = 'AAhjx' AND BB = 'BBbjx' AND CC = 'CCbxy')) AND (DD IN ('DDfwx','DDcft','DDctx')) GROUP BY DD",
 "sqlResult": "{DDctx | 640} || {DDfwx | 1348} || {DDcft | 1831}",
 "nlq": "What is the total amount for each DD, of AAhjx of DDctx, DDfwx, or DDcft in CCbxy of BBbjx? Please, report the corresponding DD."},
{"name": "template 11",
 "sql": "SELECT DD,AA,BB,CC,max(Value) FROM DBdata WHERE ((AA = 'AAhjx' AND BB = 'BBflm' AND CC = 'CCbtw') OR (AA = 'AApsx' AND BB = 'BBbjx' AND CC = 'CCbhr')) AND (DD IN ('DDfwx','DDcft','DDctx')) GROUP BY DD,AA,BB,CC",
 "sqlResult": "{DDctx | AAhjx | BBflm | CCbtw | 928} || {DDctx | AApsx | BBbjx | CCbhr | 955} || {DDfwx | AAhjx | BBflm | CCbtw | 943} || {DDfwx | AApsx | BBbjx | CCbhr | 892} || {DDcft | AAhjx | BBflm | CCbtw | 311} || {DDcft | AApsx | BBbjx | CCbhr | 239}",
 "nlq": "What is the maximum amount for each DD, AApsx-AAhjx, BB, and CC, of AAhjx of DDctx, DDfwx, or DDcft in CCbtw of BBflm or of AApsx of DDctx, DDfwx, or DDcft in CCbhr of BBbjx? Please, report the corresponding DD, AApsx-AAhjx, BB, and CC."},
{"name": "template 12",
 "sql": "SELECT Value FROM DBdata WHERE ((AA = 'AAhjx' AND BB = 'BBflm' AND CC = 'CCbhr')) AND (DD IN ('DDfwx','DDctx')) ORDER BY VALUE DESC LIMIT 3",
 "sqlResult": "{996} || {836} || {643}",
 "nlq": "What are the top 3 amounts of AAhjx of DDctx or DDfwx in CCbhr of BBflm?"},
{"name": "template 13",
 "sql": "SELECT Value FROM DBdata WHERE ((AA = 'AAhjx' AND BB = 'BBflm' AND CC = 'CCbtw')) AND (DD IN ('DDfwx','DDctx')) ORDER BY VALUE DESC",
 "sqlResult": "{943} || {928} || {702} || {543}",
 "nlq": "What are the amounts ordered by decreasing values of AAhjx of DDctx or DDfwx in CCbtw of BBflm?"},
{"name": "template 14",
 "sql": "SELECT DD,EE FROM DBdata WHERE ((AA = 'AApsx' AND BB = 'BBbjx' AND CC = 'CCbtw')) AND Value < 555.21",
 "sqlResult": "{DDcft | EEmpw} || {DDctx | EEbjl}",
 "nlq": "What are the DD and EE for which the amount of AApsx in CCbtw of BBbjx is lower than 555.21?"},
{"name": "template 15",
 "sql": "SELECT DD,EE,Value FROM DBdata WHERE ((AA = 'AApsx' AND BB = 'BBbjx' AND CC = 'CCbhr')) AND (DD,EE) IN (SELECT DD,EE FROM DBdata WHERE ((AA = 'AApsx' AND BB = 'BBbjx' AND CC = 'CCbtw')) AND Value < 555.21)",
 "sqlResult": "{DDcft | EEmpw | 68} || {DDctx | EEbjl | 955}",
 "nlq": "What is the amount of AApsx in CCbhr of BBbjx of DD and of EE for which the amount of AApsx in CCbtw of BBbjx is lower than 555.21? Please, report the corresponding DD, EE, and amount of import-export."}]
}

