{
"filename": "Food_import-export_in_tons_set148_1_DB.csv",
"questions": [{"name": "template 1",
 "sql": "SELECT Value FROM DBdata WHERE ((Year = '2017' AND Quarter = 'Q2' AND Import_Export = 'Export')) AND ((Category = 'Meat' AND Item = 'Chicken'))",
 "sqlResult": "{149}",
 "nlq": "What is the amount of Export of Chicken in Q2 of 2017?"},
{"name": "template 2",
 "sql": "SELECT Value FROM DBdata WHERE ((Year = '2018' AND Quarter = 'Q4' AND Import_Export = 'Import')) AND ((Category = 'Meat' AND Item = 'Chicken') OR (Category = 'Cereals' AND Item = 'Oats') OR (Category = 'Dairy' AND Item = 'Cheese'))",
 "sqlResult": "{786} || {559} || {39}",
 "nlq": "What is the amount of Import of Cheese, Chicken, or Oats in Q4 of 2018?"},
{"name": "template 3",
 "sql": "SELECT Value FROM DBdata WHERE ((Year = '2018' AND Quarter = 'Q1' AND Import_Export = 'Import') OR (Year = '2018' AND Quarter = 'Q1' AND Import_Export = 'Export') OR (Year = '2017' AND Quarter = 'Q2' AND Import_Export = 'Import') OR (Year = '2017' AND Quarter = 'Q2' AND Import_Export = 'Export') OR (Year = '2018' AND Quarter = 'Q2' AND Import_Export = 'Import') OR (Year = '2017' AND Quarter = 'Q3' AND Import_Export = 'Import') OR (Year = '2017' AND Quarter = 'Q3' AND Import_Export = 'Export') OR (Year = '2018' AND Quarter = 'Q3' AND Import_Export = 'Export') OR (Year = '2018' AND Quarter = 'Q4' AND Import_Export = 'Export')) AND ((Category = 'Meat' AND Item = 'Camel'))",
 "sqlResult": "{272} || {449} || {677} || {338} || {206} || {635} || {645} || {576} || {882}",
 "nlq": "What is the amount of Export or Import of Camel in Q1 of 2018 or Q2 or Q3 of 2017, of Import of Camel in Q2 of 2018, or of Export of Camel in Q3 or Q4 of 2018?"},
{"name": "template 4",
 "sql": "SELECT min(Value),sum(Value) FROM DBdata WHERE ((Year = '2017' AND Quarter = 'Q1' AND Import_Export = 'Import') OR (Year = '2017' AND Quarter = 'Q1' AND Import_Export = 'Export') OR (Year = '2018' AND Quarter = 'Q1' AND Import_Export = 'Import') OR (Year = '2018' AND Quarter = 'Q1' AND Import_Export = 'Export') OR (Year = '2017' AND Quarter = 'Q2' AND Import_Export = 'Import') OR (Year = '2018' AND Quarter = 'Q2' AND Import_Export = 'Import') OR (Year = '2018' AND Quarter = 'Q2' AND Import_Export = 'Export') OR (Year = '2017' AND Quarter = 'Q3' AND Import_Export = 'Import') OR (Year = '2018' AND Quarter = 'Q4' AND Import_Export = 'Import')) AND ((Category = 'Dairy' AND Item = 'Cheese'))",
 "sqlResult": "{11 | 3996}",
 "nlq": "What are the minimum and total amounts of Import of Cheese in Q1, Q2, or Q3 of 2017 or Q1, Q2, or Q4 of 2018 or of Export of Cheese in Q1 of 2017 or 2018 or Q2 of 2018?"},
{"name": "template 6",
 "sql": "SELECT Value FROM DBdata WHERE ((Year = '2018' AND Quarter = 'Q1' AND Import_Export = 'Import') OR (Year = '2018' AND Quarter = 'Q2' AND Import_Export = 'Export') OR (Year = '2017' AND Quarter = 'Q3' AND Import_Export = 'Export') OR (Year = '2018' AND Quarter = 'Q3' AND Import_Export = 'Import') OR (Year = '2018' AND Quarter = 'Q3' AND Import_Export = 'Export')) AND ((Category = 'Meat' AND Item = 'Pork') OR (Category = 'Cereals' AND Item = 'Seeds') OR (Category = 'Dairy' AND Item = 'Cheese'))",
 "sqlResult": "{629} || {573} || {924} || {412} || {688} || {539} || {297} || {564} || {994} || {27} || {88} || {11} || {992} || {329} || {60}",
 "nlq": "What is the amount of Export of Cheese, Pork, or Seeds in Q2 or Q3 of 2018 or Q3 of 2017 or of Import of Cheese, Pork, or Seeds in Q1 or Q3 of 2018?"},
{"name": "template 7",
 "sql": "SELECT avg(Value),sum(Value) FROM DBdata WHERE ((Year = '2018' AND Quarter = 'Q3' AND Import_Export = 'Import')) AND ((Category = 'Meat' AND Item = 'Pork') OR (Category = 'Cereals' AND Item = 'Oats') OR (Category = 'Cereals' AND Item = 'Seeds') OR (Category = 'Dairy' AND Item = 'Cream'))",
 "sqlResult": "{492.5 | 1970}",
 "nlq": "What are the average and total amounts of Import of Cream, Oats, Pork, or Seeds in Q3 of 2018?"},
{"name": "template 8",
 "sql": "SELECT Year,Quarter,Import_Export,sum(Value),avg(Value) FROM DBdata WHERE ((Year = '2018' AND Quarter = 'Q2' AND Import_Export = 'Import') OR (Year = '2018' AND Quarter = 'Q3' AND Import_Export = 'Export') OR (Year = '2018' AND Quarter = 'Q4' AND Import_Export = 'Import')) AND ((Category = 'Meat' AND Item = 'Chicken') OR (Category = 'Meat' AND Item = 'Pork') OR (Category = 'Meat' AND Item = 'Camel') OR (Category = 'Dairy' AND Item = 'Cream')) GROUP BY Year,Quarter,Import_Export",
 "sqlResult": "{2018 | Q2 | Import | 1850 | 462.5} || {2018 | Q3 | Export | 2962 | 740.5} || {2018 | Q4 | Import | 2612 | 653}",
 "nlq": "What are the total and average amounts for each Year, Quarter, and Import-Export, of Import of Camel, Chicken, Cream, or Pork in Q2 or Q4 of 2018 or of Export of Camel, Chicken, Cream, or Pork in Q3 of 2018? Please, report the corresponding Year, Quarter, and Import-Export."},
{"name": "template 9",
 "sql": "SELECT min(Value) FROM DBdata WHERE ((Year = '2017' AND Quarter = 'Q2' AND Import_Export = 'Import')) AND (Category IN ('Meat','Cereals','Dairy')) GROUP BY Category",
 "sqlResult": "{425} || {307} || {279}",
 "nlq": "What is the minimum amount for each Category, of Import of Cereals, Dairy, or Meat in Q2 of 2017?"},
{"name": "template 10",
 "sql": "SELECT Category,min(Value) FROM DBdata WHERE ((Year = '2018' AND Quarter = 'Q1' AND Import_Export = 'Import')) AND (Category IN ('Meat','Cereals','Dairy')) GROUP BY Category",
 "sqlResult": "{Cereals | 539} || {Dairy | 80} || {Meat | 272}",
 "nlq": "What is the minimum amount for each Category, of Import of Cereals, Dairy, or Meat in Q1 of 2018? Please, report the corresponding Category."},
{"name": "template 11",
 "sql": "SELECT Category,Year,Quarter,Import_Export,avg(Value) FROM DBdata WHERE ((Year = '2017' AND Quarter = 'Q1' AND Import_Export = 'Export') OR (Year = '2017' AND Quarter = 'Q3' AND Import_Export = 'Import') OR (Year = '2017' AND Quarter = 'Q4' AND Import_Export = 'Export')) AND (Category IN ('Meat','Cereals','Dairy')) GROUP BY Category,Year,Quarter,Import_Export",
 "sqlResult": "{Cereals | 2017 | Q1 | Export | 227} || {Cereals | 2017 | Q3 | Import | 671.67} || {Cereals | 2017 | Q4 | Export | 552} || {Dairy | 2017 | Q1 | Export | 378.5} || {Dairy | 2017 | Q3 | Import | 497.5} || {Dairy | 2017 | Q4 | Export | 684} || {Meat | 2017 | Q1 | Export | 755.33} || {Meat | 2017 | Q3 | Import | 601.67} || {Meat | 2017 | Q4 | Export | 426.67}",
 "nlq": "What is the average amount for each Category, Year, Quarter, and Import-Export, of Export of Cereals, Dairy, or Meat in Q1 or Q4 of 2017 or of Import of Cereals, Dairy, or Meat in Q3 of 2017? Please, report the corresponding Category, Year, Quarter, and Import-Export."},
{"name": "template 12",
 "sql": "SELECT Value FROM DBdata WHERE ((Year = '2017' AND Quarter = 'Q3' AND Import_Export = 'Export')) AND (Category IN ('Cereals','Dairy')) ORDER BY VALUE DESC LIMIT 4",
 "sqlResult": "{992} || {564} || {352} || {288}",
 "nlq": "What are the top 4 amounts of Export of Cereals or Dairy in Q3 of 2017?"},
{"name": "template 13",
 "sql": "SELECT Value FROM DBdata WHERE ((Year = '2017' AND Quarter = 'Q3' AND Import_Export = 'Export')) AND (Category IN ('Meat','Cereals')) ORDER BY VALUE DESC",
 "sqlResult": "{924} || {645} || {564} || {556} || {288} || {250}",
 "nlq": "What are the amounts ordered by decreasing values of Export of Cereals or Meat in Q3 of 2017?"},
{"name": "template 14",
 "sql": "SELECT Category,Item FROM DBdata WHERE ((Year = '2017' AND Quarter = 'Q4' AND Import_Export = 'Export')) AND Value > 492.08",
 "sqlResult": "{Meat | Chicken} || {Cereals | Oats} || {Cereals | Seeds} || {Dairy | Cheese}",
 "nlq": "What are the Category and Item for which the amount of Export in Q4 of 2017 is greater than 492.08?"},
{"name": "template 15",
 "sql": "SELECT Category,Item,Value FROM DBdata WHERE ((Year = '2018' AND Quarter = 'Q4' AND Import_Export = 'Import')) AND (Category,Item) IN (SELECT Category,Item FROM DBdata WHERE ((Year = '2017' AND Quarter = 'Q4' AND Import_Export = 'Export')) AND Value > 492.08)",
 "sqlResult": "{Meat | Chicken | 786} || {Cereals | Oats | 559} || {Cereals | Seeds | 36} || {Dairy | Cheese | 39}",
 "nlq": "What is the amount of Import in Q4 of 2018 of Category and of Item for which the amount of Export in Q4 of 2017 is greater than 492.08? Please, report the corresponding Category, Item, and amount of import-export."}]
}
