{
"filename": "Food_import-export_in_tons_set148_5_DB.csv",
"questions": [{"name": "template 1",
 "sql": "SELECT Value FROM DBdata WHERE ((BB = 'BBfjq' AND CC = 'CChjr' AND AA = 'AAklp')) AND ((DD = 'DDbfh' AND EE = 'EErtv'))",
 "sqlResult": "{496}",
 "nlq": "What is the amount of AAklp of EErtv in CChjr of BBfjq?"},
{"name": "template 2",
 "sql": "SELECT Value FROM DBdata WHERE ((BB = 'BBbny' AND CC = 'CCfgm' AND AA = 'AAhlx')) AND ((DD = 'DDbfh' AND EE = 'EErtv') OR (DD = 'DDbfh' AND EE = 'EElvx') OR (DD = 'DDcjy' AND EE = 'EEcgk'))",
 "sqlResult": "{276} || {717} || {566}",
 "nlq": "What is the amount of AAhlx of EElvx, EErtv, or EEcgk in CCfgm of BBbny?"},
{"name": "template 3",
 "sql": "SELECT Value FROM DBdata WHERE ((BB = 'BBfjq' AND CC = 'CCfgm' AND AA = 'AAhlx') OR (BB = 'BBbny' AND CC = 'CCfgm' AND AA = 'AAhlx') OR (BB = 'BBbny' AND CC = 'CChjr' AND AA = 'AAhlx') OR (BB = 'BBfjq' AND CC = 'CCdgz' AND AA = 'AAklp')) AND ((DD = 'DDcjy' AND EE = 'EEcmw'))",
 "sqlResult": "{311} || {326} || {696} || {933}",
 "nlq": "What is the amount of AAhlx of EEcmw in CCfgm of BBfjq or BBbny or CChjr of BBbny or of AAklp of EEcmw in CCdgz of BBfjq?"},
{"name": "template 4",
 "sql": "SELECT sum(Value),avg(Value) FROM DBdata WHERE ((BB = 'BBbny' AND CC = 'CCdpz' AND AA = 'AAklp') OR (BB = 'BBbny' AND CC = 'CCdpz' AND AA = 'AAhlx') OR (BB = 'BBbny' AND CC = 'CCfgm' AND AA = 'AAhlx') OR (BB = 'BBbny' AND CC = 'CChjr' AND AA = 'AAklp') OR (BB = 'BBfjq' AND CC = 'CCdgz' AND AA = 'AAklp') OR (BB = 'BBfjq' AND CC = 'CCdgz' AND AA = 'AAhlx') OR (BB = 'BBbny' AND CC = 'CCdgz' AND AA = 'AAhlx')) AND ((DD = 'DDcjy' AND EE = 'EEcmw'))",
 "sqlResult": "{4072 | 581.71}",
 "nlq": "What are the total and average amounts of AAhlx or AAklp of EEcmw in CCdpz of BBbny or CCdgz of BBfjq, of AAhlx of EEcmw in CCfgm or CCdgz of BBbny, or of AAklp of EEcmw in CChjr of BBbny?"},
{"name": "template 6",
 "sql": "SELECT Value FROM DBdata WHERE ((BB = 'BBbny' AND CC = 'CCfgm' AND AA = 'AAklp') OR (BB = 'BBfjq' AND CC = 'CChjr' AND AA = 'AAklp')) AND ((DD = 'DDbfh' AND EE = 'EErtv') OR (DD = 'DDbfh' AND EE = 'EElvx') OR (DD = 'DDcjy' AND EE = 'EEcgk') OR (DD = 'DDcjy' AND EE = 'EEcmw'))",
 "sqlResult": "{290} || {496} || {211} || {871} || {263} || {119} || {167} || {107}",
 "nlq": "What is the amount of AAklp of EElvx, EErtv, EEcgk, or EEcmw in CCfgm of BBbny or CChjr of BBfjq?"},
{"name": "template 7",
 "sql": "SELECT min(Value),sum(Value) FROM DBdata WHERE ((BB = 'BBfjq' AND CC = 'CCfgm' AND AA = 'AAhlx')) AND ((DD = 'DDbfh' AND EE = 'EErtv') OR (DD = 'DDbfh' AND EE = 'EEdgx') OR (DD = 'DDcjy' AND EE = 'EEcgk'))",
 "sqlResult": "{236 | 1126}",
 "nlq": "What are the minimum and total amounts of AAhlx of EEdgx, EErtv, or EEcgk in CCfgm of BBfjq?"},
{"name": "template 8",
 "sql": "SELECT BB,CC,AA,min(Value),max(Value) FROM DBdata WHERE ((BB = 'BBfjq' AND CC = 'CCfgm' AND AA = 'AAklp') OR (BB = 'BBfjq' AND CC = 'CCdgz' AND AA = 'AAklp')) AND ((DD = 'DDbfh' AND EE = 'EErtv') OR (DD = 'DDbfh' AND EE = 'EEdgx') OR (DD = 'DDbfh' AND EE = 'EElvx') OR (DD = 'DDcjy' AND EE = 'EEcgk') OR (DD = 'DDcjy' AND EE = 'EEcmw')) GROUP BY BB,CC,AA",
 "sqlResult": "{BBfjq | CCfgm | AAklp | 14 | 929} || {BBfjq | CCdgz | AAklp | 427 | 972}",
 "nlq": "What are the minimum and maximum amounts for each BB, CC, and AAklp-AAhlx, of AAklp of EEdgx, EElvx, EErtv, EEcgk, or EEcmw in CCfgm or CCdgz of BBfjq? Please, report the corresponding BB, CC, and AAklp-AAhlx."},
{"name": "template 9",
 "sql": "SELECT min(Value) FROM DBdata WHERE ((BB = 'BBfjq' AND CC = 'CCdgz' AND AA = 'AAklp')) AND (DD IN ('DDbfh','DDcjy')) GROUP BY DD",
 "sqlResult": "{427} || {525}",
 "nlq": "What is the minimum amount for each DD, of AAklp of DDcjy or DDbfh in CCdgz of BBfjq?"},
{"name": "template 10",
 "sql": "SELECT DD,min(Value) FROM DBdata WHERE ((BB = 'BBfjq' AND CC = 'CCdgz' AND AA = 'AAklp')) AND (DD IN ('DDbfh','DDcjy')) GROUP BY DD",
 "sqlResult": "{DDcjy | 427} || {DDbfh | 525}",
 "nlq": "What is the minimum amount for each DD, of AAklp of DDcjy or DDbfh in CCdgz of BBfjq? Please, report the corresponding DD."},
{"name": "template 11",
 "sql": "SELECT DD,BB,CC,AA,max(Value) FROM DBdata WHERE ((BB = 'BBbny' AND CC = 'CChjr' AND AA = 'AAhlx') OR (BB = 'BBbny' AND CC = 'CCdgz' AND AA = 'AAklp')) AND (DD IN ('DDbfh','DDcjy')) GROUP BY DD,BB,CC,AA",
 "sqlResult": "{DDcjy | BBbny | CChjr | AAhlx | 696} || {DDcjy | BBbny | CCdgz | AAklp | 443} || {DDbfh | BBbny | CChjr | AAhlx | 614} || {DDbfh | BBbny | CCdgz | AAklp | 952}",
 "nlq": "What is the maximum amount for each DD, BB, CC, and AAklp-AAhlx, of AAhlx of DDcjy or DDbfh in CChjr of BBbny or of AAklp of DDcjy or DDbfh in CCdgz of BBbny? Please, report the corresponding DD, BB, CC, and AAklp-AAhlx."},
{"name": "template 12",
 "sql": "SELECT Value FROM DBdata WHERE ((BB = 'BBbny' AND CC = 'CCdgz' AND AA = 'AAhlx')) AND (DD IN ('DDbfh','DDcjy')) ORDER BY VALUE DESC LIMIT 2",
 "sqlResult": "{971} || {446}",
 "nlq": "What are the top 2 amounts of AAhlx of DDcjy or DDbfh in CCdgz of BBbny?"},
{"name": "template 13",
 "sql": "SELECT Value FROM DBdata WHERE ((BB = 'BBbny' AND CC = 'CCdpz' AND AA = 'AAklp')) AND (DD IN ('DDbfh','DDcjy')) ORDER BY VALUE DESC",
 "sqlResult": "{833} || {580} || {340} || {338} || {168}",
 "nlq": "What are the amounts ordered by decreasing values of AAklp of DDcjy or DDbfh in CCdpz of BBbny?"},
{"name": "template 14",
 "sql": "SELECT DD,EE FROM DBdata WHERE ((BB = 'BBbny' AND CC = 'CCdpz' AND AA = 'AAklp')) AND Value > 457.09",
 "sqlResult": "{DDbfh | EEdgx} || {DDcjy | EEcmw}",
 "nlq": "What are the DD and EE for which the amount of AAklp in CCdpz of BBbny is greater than 457.09?"},
{"name": "template 15",
 "sql": "SELECT DD,EE,Value FROM DBdata WHERE ((BB = 'BBfjq' AND CC = 'CChjr' AND AA = 'AAhlx')) AND (DD,EE) IN (SELECT DD,EE FROM DBdata WHERE ((BB = 'BBbny' AND CC = 'CCdpz' AND AA = 'AAklp')) AND Value > 457.09)",
 "sqlResult": "{DDbfh | EEdgx | 585} || {DDcjy | EEcmw | 551}",
 "nlq": "What is the amount of AAhlx in CChjr of BBfjq of DD and of EE for which the amount of AAklp in CCdpz of BBbny is greater than 457.09? Please, report the corresponding DD, EE, and amount of import-export."}]
}

