{
"filename": "Food_import-export_in_tons_set137_4_DB.csv",
"questions": [{"name": "template 1",
 "sql": "SELECT Value FROM DBdata WHERE ((Import_Export = 'Import' AND Year = '2022')) AND ((Category = 'Cereals' AND Item = 'Oats'))",
 "sqlResult": "{909}",
 "nlq": "What is the amount of Import of Oats in 2022?"},
{"name": "template 2",
 "sql": "SELECT Value FROM DBdata WHERE ((Import_Export = 'Import' AND Year = '2022')) AND ((Category = 'Cereals' AND Item = 'Oats') OR (Category = 'Cereals' AND Item = 'Rice') OR (Category = 'Dairy' AND Item = 'Butter'))",
 "sqlResult": "{909} || {858} || {121}",
 "nlq": "What is the amount of Import of Butter, Oats, or Rice in 2022?"},
{"name": "template 3",
 "sql": "SELECT Value FROM DBdata WHERE ((Import_Export = 'Import' AND Year = '2021') OR (Import_Export = 'Export' AND Year = '2021') OR (Import_Export = 'Import' AND Year = '2022') OR (Import_Export = 'Export' AND Year = '2022')) AND ((Category = 'Dairy' AND Item = 'Cheese'))",
 "sqlResult": "{866} || {196} || {29} || {27}",
 "nlq": "What is the amount of Export or Import of Cheese in 2021 or 2022?"},
{"name": "template 4",
 "sql": "SELECT min(Value),sum(Value) FROM DBdata WHERE ((Import_Export = 'Import' AND Year = '2021') OR (Import_Export = 'Export' AND Year = '2021') OR (Import_Export = 'Export' AND Year = '2022')) AND ((Category = 'Cereals' AND Item = 'Corn'))",
 "sqlResult": "{147 | 1419}",
 "nlq": "What are the minimum and total amounts of Export or Import of Corn in 2021 or of Export of Corn in 2022?"},
{"name": "template 5",
 "sql": "SELECT avg(Value) FROM DBdata WHERE (Import_Export IN ('Import','Export')) AND ((Category = 'Dairy' AND Item = 'Cheese'))",
 "sqlResult": "{279.5}",
 "nlq": "What is the average amount of Export or Import of Cheese?"},
{"name": "template 6",
 "sql": "SELECT Value FROM DBdata WHERE ((Import_Export = 'Import' AND Year = '2021') OR (Import_Export = 'Export' AND Year = '2022')) AND ((Category = 'Meat' AND Item = 'Lamb') OR (Category = 'Dairy' AND Item = 'Cream') OR (Category = 'Dairy' AND Item = 'Cheese'))",
 "sqlResult": "{666} || {37} || {164} || {854} || {866} || {27}",
 "nlq": "What is the amount of Import of Cheese, Cream, or Lamb in 2021 or of Export of Cheese, Cream, or Lamb in 2022?"},
{"name": "template 7",
 "sql": "SELECT min(Value),avg(Value) FROM DBdata WHERE ((Import_Export = 'Export' AND Year = '2021')) AND ((Category = 'Meat' AND Item = 'Lamb') OR (Category = 'Cereals' AND Item = 'Corn') OR (Category = 'Cereals' AND Item = 'Oats') OR (Category = 'Dairy' AND Item = 'Butter'))",
 "sqlResult": "{526 | 634.75}",
 "nlq": "What are the minimum and average amounts of Export of Butter, Corn, Lamb, or Oats in 2021?"},
{"name": "template 8",
 "sql": "SELECT Import_Export,Year,avg(Value),min(Value) FROM DBdata WHERE ((Import_Export = 'Import' AND Year = '2022') OR (Import_Export = 'Export' AND Year = '2022')) AND ((Category = 'Meat' AND Item = 'Duck') OR (Category = 'Cereals' AND Item = 'Corn') OR (Category = 'Dairy' AND Item = 'Butter')) GROUP BY Import_Export,Year",
 "sqlResult": "{Export | 2022 | 494.67 | 147} || {Import | 2022 | 597 | 121}",
 "nlq": "What are the average and minimum amounts for each Import-Export and Year, of Export or Import of Butter, Corn, or Duck in 2022? Please, report the corresponding Import-Export and Year."},
{"name": "template 9",
 "sql": "SELECT min(Value) FROM DBdata WHERE ((Import_Export = 'Import' AND Year = '2022')) AND (Category IN ('Meat','Cereals','Dairy')) GROUP BY Category",
 "sqlResult": "{793} || {29} || {637}",
 "nlq": "What is the minimum amount for each Category, of Import of Cereals, Dairy, or Meat in 2022?"},
{"name": "template 10",
 "sql": "SELECT Category,sum(Value) FROM DBdata WHERE ((Import_Export = 'Export' AND Year = '2021')) AND (Category IN ('Meat','Cereals','Dairy')) GROUP BY Category",
 "sqlResult": "{Cereals | 1483} || {Dairy | 959} || {Meat | 1182}",
 "nlq": "What is the total amount for each Category, of Export of Cereals, Dairy, or Meat in 2021? Please, report the corresponding Category."},
{"name": "template 11",
 "sql": "SELECT Category,Import_Export,Year,sum(Value) FROM DBdata WHERE ((Import_Export = 'Export' AND Year = '2021') OR (Import_Export = 'Import' AND Year = '2022')) AND (Category IN ('Meat','Cereals','Dairy')) GROUP BY Category,Import_Export,Year",
 "sqlResult": "{Cereals | Export | 2021 | 1483} || {Cereals | Import | 2022 | 2560} || {Dairy | Export | 2021 | 959} || {Dairy | Import | 2022 | 324} || {Meat | Export | 2021 | 1182} || {Meat | Import | 2022 | 1514}",
 "nlq": "What is the total amount for each Category, Import-Export, and Year, of Export of Cereals, Dairy, or Meat in 2021 or of Import of Cereals, Dairy, or Meat in 2022? Please, report the corresponding Category, Import-Export, and Year."},
{"name": "template 12",
 "sql": "SELECT Value FROM DBdata WHERE ((Import_Export = 'Import' AND Year = '2022')) AND (Category IN ('Meat','Dairy')) ORDER BY VALUE DESC LIMIT 3",
 "sqlResult": "{877} || {637} || {174}",
 "nlq": "What are the top 3 amounts of Import of Dairy or Meat in 2022?"},
{"name": "template 13",
 "sql": "SELECT Value FROM DBdata WHERE ((Import_Export = 'Import' AND Year = '2021')) AND (Category IN ('Meat','Dairy')) ORDER BY VALUE ASC",
 "sqlResult": "{164} || {576} || {666} || {866} || {971}",
 "nlq": "What are the amounts ordered by increasing values of Import of Dairy or Meat in 2021?"},
{"name": "template 14",
 "sql": "SELECT Category,Item FROM DBdata WHERE ((Import_Export = 'Export' AND Year = '2022')) AND Value > 503.38",
 "sqlResult": "{Meat | Duck} || {Dairy | Cream}",
 "nlq": "What are the Category and Item for which the amount of Export in 2022 is greater than 503.38?"},
{"name": "template 15",
 "sql": "SELECT Category,Item,Value FROM DBdata WHERE ((Import_Export = 'Import' AND Year = '2022')) AND (Category,Item) IN (SELECT Category,Item FROM DBdata WHERE ((Import_Export = 'Export' AND Year = '2022')) AND Value > 503.38)",
 "sqlResult": "{Meat | Duck | 877} || {Dairy | Cream | 174}",
 "nlq": "What is the amount of Import in 2022 of Category and of Item for which the amount of Export in 2022 is greater than 503.38? Please, report the corresponding Category, Item, and amount of import-export."}]
}
