{
"filename": "Food_import-export_in_tons_set137_1_DB.csv",
"questions": [{"name": "template 1",
 "sql": "SELECT Value FROM DBdata WHERE ((Import_Export = 'Import' AND Year = '2019')) AND ((Category = 'Beverage' AND Item = 'Tea'))",
 "sqlResult": "{519}",
 "nlq": "What is the amount of Import of Tea in 2019?"},
{"name": "template 2",
 "sql": "SELECT Value FROM DBdata WHERE ((Import_Export = 'Export' AND Year = '2021')) AND ((Category = 'Cereals' AND Item = 'Corn') OR (Category = 'Cereals' AND Item = 'Rice') OR (Category = 'Dairy' AND Item = 'Cheese') OR (Category = 'Dairy' AND Item = 'Yoghurt') OR (Category = 'Beverage' AND Item = 'Tea') OR (Category = 'Beverage' AND Item = 'Soda') OR (Category = 'Beverage' AND Item = 'Juice'))",
 "sqlResult": "{384} || {842} || {78} || {742} || {494} || {681} || {288}",
 "nlq": "What is the amount of Export of Cheese, Corn, Juice, Rice, Soda, Tea, or Yoghurt in 2021?"},
{"name": "template 3",
 "sql": "SELECT Value FROM DBdata WHERE ((Import_Export = 'Import' AND Year = '2019') OR (Import_Export = 'Export' AND Year = '2019') OR (Import_Export = 'Import' AND Year = '2020') OR (Import_Export = 'Import' AND Year = '2021') OR (Import_Export = 'Export' AND Year = '2021')) AND ((Category = 'Dairy' AND Item = 'Yoghurt'))",
 "sqlResult": "{563} || {148} || {315} || {324} || {742}",
 "nlq": "What is the amount of Import of Yoghurt in 2019, 2020, or 2021 or of Export of Yoghurt in 2019 or 2021?"},
{"name": "template 4",
 "sql": "SELECT sum(Value),max(Value) FROM DBdata WHERE ((Import_Export = 'Import' AND Year = '2019') OR (Import_Export = 'Export' AND Year = '2019') OR (Import_Export = 'Import' AND Year = '2020') OR (Import_Export = 'Export' AND Year = '2020') OR (Import_Export = 'Import' AND Year = '2021') OR (Import_Export = 'Export' AND Year = '2021')) AND ((Category = 'Cereals' AND Item = 'Corn'))",
 "sqlResult": "{3531 | 894}",
 "nlq": "What are the total and maximum amounts of Export or Import of Corn in 2019, 2020, or 2021?"},
{"name": "template 5",
 "sql": "SELECT avg(Value) FROM DBdata WHERE (Import_Export IN ('Import','Export')) AND ((Category = 'Beverage' AND Item = 'Tea'))",
 "sqlResult": "{544}",
 "nlq": "What is the average amount of Export or Import of Tea?"},
{"name": "template 6",
 "sql": "SELECT Value FROM DBdata WHERE ((Import_Export = 'Import' AND Year = '2019') OR (Import_Export = 'Export' AND Year = '2019') OR (Import_Export = 'Import' AND Year = '2020') OR (Import_Export = 'Import' AND Year = '2021') OR (Import_Export = 'Export' AND Year = '2021')) AND ((Category = 'Cereals' AND Item = 'Oats') OR (Category = 'Cereals' AND Item = 'Rice') OR (Category = 'Beverage' AND Item = 'Soda') OR (Category = 'Beverage' AND Item = 'Juice'))",
 "sqlResult": "{345} || {294} || {559} || {884} || {327} || {600} || {156} || {249} || {58} || {842} || {705} || {203} || {790} || {932} || {681} || {282} || {234} || {136} || {858} || {288}",
 "nlq": "What is the amount of Import of Juice, Oats, Rice, or Soda in 2019, 2020, or 2021 or of Export of Juice, Oats, Rice, or Soda in 2019 or 2021?"},
{"name": "template 7",
 "sql": "SELECT max(Value),min(Value) FROM DBdata WHERE ((Import_Export = 'Import' AND Year = '2020')) AND ((Category = 'Cereals' AND Item = 'Corn') OR (Category = 'Dairy' AND Item = 'Yoghurt') OR (Category = 'Beverage' AND Item = 'Tea') OR (Category = 'Beverage' AND Item = 'Juice'))",
 "sqlResult": "{690 | 136}",
 "nlq": "What are the maximum and minimum amounts of Import of Corn, Juice, Tea, or Yoghurt in 2020?"},
{"name": "template 8",
 "sql": "SELECT Import_Export,Year,max(Value),avg(Value) FROM DBdata WHERE ((Import_Export = 'Import' AND Year = '2019') OR (Import_Export = 'Import' AND Year = '2021') OR (Import_Export = 'Export' AND Year = '2021')) AND ((Category = 'Cereals' AND Item = 'Corn') OR (Category = 'Dairy' AND Item = 'Cheese') OR (Category = 'Beverage' AND Item = 'Soda')) GROUP BY Import_Export,Year",
 "sqlResult": "{Export | 2021 | 681 | 381} || {Import | 2019 | 894 | 731.67} || {Import | 2021 | 932 | 556}",
 "nlq": "What are the maximum and average amounts for each Import-Export and Year, of Import of Cheese, Corn, or Soda in 2019 or 2021 or of Export of Cheese, Corn, or Soda in 2021? Please, report the corresponding Import-Export and Year."},
{"name": "template 9",
 "sql": "SELECT min(Value) FROM DBdata WHERE ((Import_Export = 'Export' AND Year = '2021')) AND (Category IN ('Cereals','Dairy','Beverage')) GROUP BY Category",
 "sqlResult": "{288} || {327} || {78}",
 "nlq": "What is the minimum amount for each Category, of Export of Beverage, Cereals, or Dairy in 2021?"},
{"name": "template 10",
 "sql": "SELECT Category,avg(Value) FROM DBdata WHERE ((Import_Export = 'Import' AND Year = '2020')) AND (Category IN ('Cereals','Dairy','Beverage')) GROUP BY Category",
 "sqlResult": "{Beverage | 404.33} || {Cereals | 499.33} || {Dairy | 619}",
 "nlq": "What is the average amount for each Category, of Import of Beverage, Cereals, or Dairy in 2020? Please, report the corresponding Category."},
{"name": "template 11",
 "sql": "SELECT Category,Import_Export,Year,min(Value) FROM DBdata WHERE ((Import_Export = 'Import' AND Year = '2019') OR (Import_Export = 'Export' AND Year = '2020')) AND (Category IN ('Cereals','Dairy','Beverage')) GROUP BY Category,Import_Export,Year",
 "sqlResult": "{Beverage | Export | 2020 | 260} || {Beverage | Import | 2019 | 282} || {Cereals | Export | 2020 | 178} || {Cereals | Import | 2019 | 345} || {Dairy | Export | 2020 | 292} || {Dairy | Import | 2019 | 563}",
 "nlq": "What is the minimum amount for each Category, Import-Export, and Year, of Import of Beverage, Cereals, or Dairy in 2019 or of Export of Beverage, Cereals, or Dairy in 2020? Please, report the corresponding Category, Import-Export, and Year."},
{"name": "template 12",
 "sql": "SELECT Value FROM DBdata WHERE ((Import_Export = 'Import' AND Year = '2020')) AND (Category IN ('Cereals','Beverage')) ORDER BY VALUE DESC LIMIT 2",
 "sqlResult": "{790} || {690}",
 "nlq": "What are the top 2 amounts of Import of Beverage or Cereals in 2020?"},
{"name": "template 13",
 "sql": "SELECT Value FROM DBdata WHERE ((Import_Export = 'Export' AND Year = '2019')) AND (Category IN ('Dairy','Beverage')) ORDER BY VALUE ASC",
 "sqlResult": "{50} || {148} || {203} || {234} || {474}",
 "nlq": "What are the amounts ordered by increasing values of Export of Beverage or Dairy in 2019?"},
{"name": "template 14",
 "sql": "SELECT Category,Item FROM DBdata WHERE ((Import_Export = 'Export' AND Year = '2019')) AND Value < 460.44",
 "sqlResult": "{Cereals | Oats} || {Cereals | Rice} || {Dairy | Cheese} || {Dairy | Yoghurt} || {Beverage | Soda} || {Beverage | Juice}",
 "nlq": "What are the Category and Item for which the amount of Export in 2019 is lower than 460.44?"},
{"name": "template 15",
 "sql": "SELECT Category,Item,Value FROM DBdata WHERE ((Import_Export = 'Import' AND Year = '2021')) AND (Category,Item) IN (SELECT Category,Item FROM DBdata WHERE ((Import_Export = 'Export' AND Year = '2019')) AND Value < 460.44)",
 "sqlResult": "{Cereals | Oats | 884} || {Cereals | Rice | 58} || {Dairy | Cheese | 119} || {Dairy | Yoghurt | 324} || {Beverage | Soda | 932} || {Beverage | Juice | 858}",
 "nlq": "What is the amount of Import in 2021 of Category and of Item for which the amount of Export in 2019 is lower than 460.44? Please, report the corresponding Category, Item, and amount of import-export."}]
}
