AAbcr-AAblq,BB,CC,DD,EE,Value
AA,BB,CC,DD,EE,Value
AAbcr,BBhps,CChly,DDtwy,EEhqv,645
AAblq,BBhps,CChly,DDtwy,EEhqv,618
AAbcr,BBgkx,CChly,DDtwy,EEhqv,229
AAblq,BBgkx,CChly,DDtwy,EEhqv,566
AAbcr,BBfjr,CChly,DDtwy,EEhqv,26
AAblq,BBfjr,CChly,DDtwy,EEhqv,332
AAbcr,BBhps,CCdfx,DDtwy,EEhqv,909
AAblq,BBhps,CCdfx,DDtwy,EEhqv,85
AAbcr,BBgkx,CCdfx,DDtwy,EEhqv,724
AAblq,BBgkx,CCdfx,DDtwy,EEhqv,173
AAbcr,BBfjr,CCdfx,DDtwy,EEhqv,25
AAblq,BBfjr,CCdfx,DDtwy,EEhqv,261
AAbcr,BBhps,CCkpv,DDtwy,EEhqv,301
AAblq,BBhps,CCkpv,DDtwy,EEhqv,491
AAbcr,BBgkx,CCkpv,DDtwy,EEhqv,951
AAblq,BBgkx,CCkpv,DDtwy,EEhqv,644
AAbcr,BBfjr,CCkpv,DDtwy,EEhqv,366
AAblq,BBfjr,CCkpv,DDtwy,EEhqv,705
AAbcr,BBhps,CCbty,DDtwy,EEhqv,478
AAblq,BBhps,CCbty,DDtwy,EEhqv,872
AAbcr,BBgkx,CCbty,DDtwy,EEhqv,570
AAblq,BBgkx,CCbty,DDtwy,EEhqv,562
AAbcr,BBfjr,CCbty,DDtwy,EEhqv,833
AAblq,BBfjr,CCbty,DDtwy,EEhqv,135
AAbcr,BBhps,CChly,DDtwy,EEfnq,213
AAblq,BBhps,CChly,DDtwy,EEfnq,558
AAbcr,BBgkx,CChly,DDtwy,EEfnq,817
AAblq,BBgkx,CChly,DDtwy,EEfnq,807
AAbcr,BBfjr,CChly,DDtwy,EEfnq,526
AAblq,BBfjr,CChly,DDtwy,EEfnq,42
AAbcr,BBhps,CCdfx,DDtwy,EEfnq,714
AAblq,BBhps,CCdfx,DDtwy,EEfnq,321
AAbcr,BBgkx,CCdfx,DDtwy,EEfnq,53
AAblq,BBgkx,CCdfx,DDtwy,EEfnq,583
AAbcr,BBfjr,CCdfx,DDtwy,EEfnq,243
AAblq,BBfjr,CCdfx,DDtwy,EEfnq,557
AAbcr,BBhps,CCkpv,DDtwy,EEfnq,19
AAblq,BBhps,CCkpv,DDtwy,EEfnq,297
AAbcr,BBgkx,CCkpv,DDtwy,EEfnq,52
AAblq,BBgkx,CCkpv,DDtwy,EEfnq,388
AAbcr,BBfjr,CCkpv,DDtwy,EEfnq,82
AAblq,BBfjr,CCkpv,DDtwy,EEfnq,828
AAbcr,BBhps,CCbty,DDtwy,EEfnq,496
AAblq,BBhps,CCbty,DDtwy,EEfnq,224
AAbcr,BBgkx,CCbty,DDtwy,EEfnq,489
AAblq,BBgkx,CCbty,DDtwy,EEfnq,66
AAbcr,BBfjr,CCbty,DDtwy,EEfnq,882
AAblq,BBfjr,CCbty,DDtwy,EEfnq,640
AAbcr,BBhps,CChly,DDtwy,EEbpr,265
AAblq,BBhps,CChly,DDtwy,EEbpr,603
AAbcr,BBgkx,CChly,DDtwy,EEbpr,450
AAblq,BBgkx,CChly,DDtwy,EEbpr,680
AAbcr,BBfjr,CChly,DDtwy,EEbpr,392
AAblq,BBfjr,CChly,DDtwy,EEbpr,319
AAbcr,BBhps,CCdfx,DDtwy,EEbpr,442
AAblq,BBhps,CCdfx,DDtwy,EEbpr,263
AAbcr,BBgkx,CCdfx,DDtwy,EEbpr,75
AAblq,BBgkx,CCdfx,DDtwy,EEbpr,985
AAbcr,BBfjr,CCdfx,DDtwy,EEbpr,879
AAblq,BBfjr,CCdfx,DDtwy,EEbpr,800
AAbcr,BBhps,CCkpv,DDtwy,EEbpr,715
AAblq,BBhps,CCkpv,DDtwy,EEbpr,697
AAbcr,BBgkx,CCkpv,DDtwy,EEbpr,764
AAblq,BBgkx,CCkpv,DDtwy,EEbpr,360
AAbcr,BBfjr,CCkpv,DDtwy,EEbpr,853
AAblq,BBfjr,CCkpv,DDtwy,EEbpr,448
AAbcr,BBhps,CCbty,DDtwy,EEbpr,45
AAblq,BBhps,CCbty,DDtwy,EEbpr,458
AAbcr,BBgkx,CCbty,DDtwy,EEbpr,852
AAblq,BBgkx,CCbty,DDtwy,EEbpr,84
AAbcr,BBfjr,CCbty,DDtwy,EEbpr,299
AAblq,BBfjr,CCbty,DDtwy,EEbpr,585
AAbcr,BBhps,CChly,DDgln,EEfgn,15
AAblq,BBhps,CChly,DDgln,EEfgn,59
AAbcr,BBgkx,CChly,DDgln,EEfgn,435
AAblq,BBgkx,CChly,DDgln,EEfgn,917
AAbcr,BBfjr,CChly,DDgln,EEfgn,230
AAblq,BBfjr,CChly,DDgln,EEfgn,13
AAbcr,BBhps,CCdfx,DDgln,EEfgn,806
AAblq,BBhps,CCdfx,DDgln,EEfgn,455
AAbcr,BBgkx,CCdfx,DDgln,EEfgn,475
AAblq,BBgkx,CCdfx,DDgln,EEfgn,264
AAbcr,BBfjr,CCdfx,DDgln,EEfgn,889
AAblq,BBfjr,CCdfx,DDgln,EEfgn,920
AAbcr,BBhps,CCkpv,DDgln,EEfgn,770
AAblq,BBhps,CCkpv,DDgln,EEfgn,692
AAbcr,BBgkx,CCkpv,DDgln,EEfgn,300
AAblq,BBgkx,CCkpv,DDgln,EEfgn,696
AAbcr,BBfjr,CCkpv,DDgln,EEfgn,607
AAblq,BBfjr,CCkpv,DDgln,EEfgn,306
AAbcr,BBhps,CCbty,DDgln,EEfgn,581
AAblq,BBhps,CCbty,DDgln,EEfgn,402
AAbcr,BBgkx,CCbty,DDgln,EEfgn,924
AAblq,BBgkx,CCbty,DDgln,EEfgn,552
AAbcr,BBfjr,CCbty,DDgln,EEfgn,647
AAblq,BBfjr,CCbty,DDgln,EEfgn,253
AAbcr,BBhps,CChly,DDgln,EEbrt,516
AAblq,BBhps,CChly,DDgln,EEbrt,43
AAbcr,BBgkx,CChly,DDgln,EEbrt,426
AAblq,BBgkx,CChly,DDgln,EEbrt,660
AAbcr,BBfjr,CChly,DDgln,EEbrt,427
AAblq,BBfjr,CChly,DDgln,EEbrt,64
AAbcr,BBhps,CCdfx,DDgln,EEbrt,433
AAblq,BBhps,CCdfx,DDgln,EEbrt,225
AAbcr,BBgkx,CCdfx,DDgln,EEbrt,124
AAblq,BBgkx,CCdfx,DDgln,EEbrt,280
AAbcr,BBfjr,CCdfx,DDgln,EEbrt,742
AAblq,BBfjr,CCdfx,DDgln,EEbrt,911
AAbcr,BBhps,CCkpv,DDgln,EEbrt,468
AAblq,BBhps,CCkpv,DDgln,EEbrt,788
AAbcr,BBgkx,CCkpv,DDgln,EEbrt,474
AAblq,BBgkx,CCkpv,DDgln,EEbrt,196
AAbcr,BBfjr,CCkpv,DDgln,EEbrt,892
AAblq,BBfjr,CCkpv,DDgln,EEbrt,864
AAbcr,BBhps,CCbty,DDgln,EEbrt,132
AAblq,BBhps,CCbty,DDgln,EEbrt,255
AAbcr,BBgkx,CCbty,DDgln,EEbrt,674
AAblq,BBgkx,CCbty,DDgln,EEbrt,537
AAbcr,BBfjr,CCbty,DDgln,EEbrt,114
AAblq,BBfjr,CCbty,DDgln,EEbrt,249
AAbcr,BBhps,CChly,DDgln,EEdhy,20
AAblq,BBhps,CChly,DDgln,EEdhy,854
AAbcr,BBgkx,CChly,DDgln,EEdhy,385
AAblq,BBgkx,CChly,DDgln,EEdhy,938
AAbcr,BBfjr,CChly,DDgln,EEdhy,12
AAblq,BBfjr,CChly,DDgln,EEdhy,606
AAbcr,BBhps,CCdfx,DDgln,EEdhy,336
AAblq,BBhps,CCdfx,DDgln,EEdhy,545
AAbcr,BBgkx,CCdfx,DDgln,EEdhy,980
AAblq,BBgkx,CCdfx,DDgln,EEdhy,223
AAbcr,BBfjr,CCdfx,DDgln,EEdhy,722
AAblq,BBfjr,CCdfx,DDgln,EEdhy,634
AAbcr,BBhps,CCkpv,DDgln,EEdhy,498
AAblq,BBhps,CCkpv,DDgln,EEdhy,51
AAbcr,BBgkx,CCkpv,DDgln,EEdhy,572
AAblq,BBgkx,CCkpv,DDgln,EEdhy,48
AAbcr,BBfjr,CCkpv,DDgln,EEdhy,860
AAblq,BBfjr,CCkpv,DDgln,EEdhy,906
AAbcr,BBhps,CCbty,DDgln,EEdhy,976
AAblq,BBhps,CCbty,DDgln,EEdhy,551
AAbcr,BBgkx,CCbty,DDgln,EEdhy,569
AAblq,BBgkx,CCbty,DDgln,EEdhy,165
AAbcr,BBfjr,CCbty,DDgln,EEdhy,335
AAblq,BBfjr,CCbty,DDgln,EEdhy,98

