Import-Export,Year,Category,Item,Value
Import_Export,Year,Category,Item,Value
Import,2015,Meat,Beef,518
Export,2015,Meat,Beef,436
Import,2016,Meat,Beef,59
Export,2016,Meat,Beef,129
Import,2017,Meat,Beef,558
Export,2017,Meat,Beef,186
Import,2015,Meat,Chicken,461
Export,2015,Meat,Chicken,794
Import,2016,Meat,Chicken,61
Export,2016,Meat,Chicken,348
Import,2017,Meat,Chicken,750
Export,2017,Meat,Chicken,356
Import,2015,Meat,Pork,762
Export,2015,Meat,Pork,39
Import,2016,Meat,Pork,565
Export,2016,Meat,Pork,116
Import,2017,Meat,Pork,15
Export,2017,Meat,Pork,755
Import,2015,Cereals,Rice,287
Export,2015,Cereals,Rice,138
Import,2016,Cereals,Rice,180
Export,2016,Cereals,Rice,639
Import,2017,Cereals,Rice,320
Export,2017,Cereals,Rice,448
Import,2015,Cereals,Seeds,25
Export,2015,Cereals,Seeds,660
Import,2016,Cereals,Seeds,830
Export,2016,Cereals,Seeds,568
Import,2017,Cereals,Seeds,257
Export,2017,Cereals,Seeds,521
Import,2015,Cereals,Wheat,675
Export,2015,Cereals,Wheat,884
Import,2016,Cereals,Wheat,372
Export,2016,Cereals,Wheat,74
Import,2017,Cereals,Wheat,92
Export,2017,Cereals,Wheat,394
Import,2015,Dairy,Butter,296
Export,2015,Dairy,Butter,643
Import,2016,Dairy,Butter,742
Export,2016,Dairy,Butter,720
Import,2017,Dairy,Butter,511
Export,2017,Dairy,Butter,757
Import,2015,Dairy,Cream,855
Export,2015,Dairy,Cream,45
Import,2016,Dairy,Cream,144
Export,2016,Dairy,Cream,642
Import,2017,Dairy,Cream,136
Export,2017,Dairy,Cream,99
