{
"filename": "Food_import-export_in_tons_set138_5_DB.csv",
"questions": [{"name": "template 1",
 "sql": "SELECT Value FROM DBdata WHERE ((BB = 'BBsy' AND AA = 'AAgz')) AND ((CC = 'CCkm' AND DD = 'DDgn'))",
 "sqlResult": "{680}",
 "nlq": "What is the amount of AAgz of DDgn in BBsy?"},
{"name": "template 2",
 "sql": "SELECT Value FROM DBdata WHERE ((BB = 'BBrx' AND AA = 'AAgz')) AND ((CC = 'CCfn' AND DD = 'DDgy') OR (CC = 'CCfn' AND DD = 'DDjt') OR (CC = 'CCkm' AND DD = 'DDgn') OR (CC = 'CCkm' AND DD = 'DDwy'))",
 "sqlResult": "{956} || {380} || {462} || {184}",
 "nlq": "What is the amount of AAgz of DDjt, DDgy, DDwy, or DDgn in BBrx?"},
{"name": "template 3",
 "sql": "SELECT Value FROM DBdata WHERE ((BB = 'BBrx' AND AA = 'AAqv') OR (BB = 'BBsy' AND AA = 'AAqv')) AND ((CC = 'CCfn' AND DD = 'DDjt'))",
 "sqlResult": "{614} || {427}",
 "nlq": "What is the amount of AAqv of DDjt in BBrx or BBsy?"},
{"name": "template 4",
 "sql": "SELECT max(Value),sum(Value) FROM DBdata WHERE ((BB = 'BBrx' AND AA = 'AAgz') OR (BB = 'BBrx' AND AA = 'AAqv') OR (BB = 'BBsy' AND AA = 'AAgz') OR (BB = 'BBsy' AND AA = 'AAqv')) AND ((CC = 'CCkm' AND DD = 'DDgn'))",
 "sqlResult": "{680 | 1438}",
 "nlq": "What are the maximum and total amounts of AAqv or AAgz of DDgn in BBrx or BBsy?"},
{"name": "template 5",
 "sql": "SELECT avg(Value) FROM DBdata WHERE (BB IN ('BBrx','BBsy')) AND ((CC = 'CCfn' AND DD = 'DDgy'))",
 "sqlResult": "{400.25}",
 "nlq": "What is the average amount of DDgy in BBrx or BBsy?"},
{"name": "template 6",
 "sql": "SELECT Value FROM DBdata WHERE ((BB = 'BBrx' AND AA = 'AAgz') OR (BB = 'BBrx' AND AA = 'AAqv') OR (BB = 'BBsy' AND AA = 'AAgz') OR (BB = 'BBsy' AND AA = 'AAqv')) AND ((CC = 'CCfn' AND DD = 'DDst') OR (CC = 'CCkm' AND DD = 'DDgn') OR (CC = 'CCkm' AND DD = 'DDwy') OR (CC = 'CCkm' AND DD = 'DDbw'))",
 "sqlResult": "{900} || {753} || {973} || {602} || {462} || {244} || {680} || {52} || {184} || {822} || {856} || {709} || {610} || {660} || {741} || {231}",
 "nlq": "What is the amount of AAqv or AAgz of DDbw, DDwy, DDgn, or DDst in BBrx or BBsy?"},
{"name": "template 7",
 "sql": "SELECT min(Value),avg(Value) FROM DBdata WHERE ((BB = 'BBrx' AND AA = 'AAqv')) AND ((CC = 'CCfn' AND DD = 'DDgy') OR (CC = 'CCkm' AND DD = 'DDwy'))",
 "sqlResult": "{83 | 452.5}",
 "nlq": "What are the minimum and average amounts of AAqv of DDgy or DDwy in BBrx?"},
{"name": "template 8",
 "sql": "SELECT BB,AA,min(Value),avg(Value) FROM DBdata WHERE ((BB = 'BBrx' AND AA = 'AAgz') OR (BB = 'BBrx' AND AA = 'AAqv') OR (BB = 'BBsy' AND AA = 'AAgz') OR (BB = 'BBsy' AND AA = 'AAqv')) AND ((CC = 'CCfn' AND DD = 'DDgy') OR (CC = 'CCfn' AND DD = 'DDjt') OR (CC = 'CCkm' AND DD = 'DDbw')) GROUP BY BB,AA",
 "sqlResult": "{BBrx | AAqv | 83 | 452.33} || {BBrx | AAgz | 380 | 648.67} || {BBsy | AAqv | 203 | 287} || {BBsy | AAgz | 359 | 619}",
 "nlq": "What are the minimum and average amounts for each BB and AAgz-AAqv, of AAqv or AAgz of DDjt, DDgy, or DDbw in BBrx or BBsy? Please, report the corresponding BB and AAgz-AAqv."},
{"name": "template 9",
 "sql": "SELECT min(Value) FROM DBdata WHERE ((BB = 'BBrx' AND AA = 'AAqv')) AND (CC IN ('CCfn','CCkm')) GROUP BY CC",
 "sqlResult": "{244} || {83}",
 "nlq": "What is the minimum amount for each CC, of AAqv of CCkm or CCfn in BBrx?"},
{"name": "template 10",
 "sql": "SELECT CC,avg(Value) FROM DBdata WHERE ((BB = 'BBsy' AND AA = 'AAgz')) AND (CC IN ('CCfn','CCkm')) GROUP BY CC",
 "sqlResult": "{CCkm | 759} || {CCfn | 696.33}",
 "nlq": "What is the average amount for each CC, of AAgz of CCkm or CCfn in BBsy? Please, report the corresponding CC."},
{"name": "template 11",
 "sql": "SELECT CC,BB,AA,min(Value) FROM DBdata WHERE ((BB = 'BBrx' AND AA = 'AAqv') OR (BB = 'BBsy' AND AA = 'AAqv')) AND (CC IN ('CCfn','CCkm')) GROUP BY CC,BB,AA",
 "sqlResult": "{CCkm | BBrx | AAqv | 244} || {CCkm | BBsy | AAqv | 52} || {CCfn | BBrx | AAqv | 83} || {CCfn | BBsy | AAqv | 203}",
 "nlq": "What is the minimum amount for each CC, BB, and AAgz-AAqv, of AAqv of CCkm or CCfn in BBrx or BBsy? Please, report the corresponding CC, BB, and AAgz-AAqv."},
{"name": "template 12",
 "sql": "SELECT Value FROM DBdata WHERE ((BB = 'BBsy' AND AA = 'AAqv')) AND (CC IN ('CCfn','CCkm')) ORDER BY VALUE ASC LIMIT 4",
 "sqlResult": "{52} || {203} || {231} || {427}",
 "nlq": "What are the bottom 4 amounts of AAqv of CCkm or CCfn in BBsy?"},
{"name": "template 13",
 "sql": "SELECT Value FROM DBdata WHERE ((BB = 'BBrx' AND AA = 'AAgz')) AND (CC IN ('CCfn','CCkm')) ORDER BY VALUE DESC",
 "sqlResult": "{956} || {900} || {610} || {462} || {380} || {184}",
 "nlq": "What are the amounts ordered by decreasing values of AAgz of CCkm or CCfn in BBrx?"},
{"name": "template 14",
 "sql": "SELECT CC,DD FROM DBdata WHERE ((BB = 'BBrx' AND AA = 'AAgz')) AND Value > 552.42",
 "sqlResult": "{CCfn | DDgy} || {CCfn | DDst} || {CCkm | DDbw}",
 "nlq": "What are the CC and DD for which the amount of AAgz in BBrx is greater than 552.42?"},
{"name": "template 15",
 "sql": "SELECT CC,DD,Value FROM DBdata WHERE ((BB = 'BBrx' AND AA = 'AAqv')) AND (CC,DD) IN (SELECT CC,DD FROM DBdata WHERE ((BB = 'BBrx' AND AA = 'AAgz')) AND Value > 552.42)",
 "sqlResult": "{CCfn | DDgy | 83} || {CCfn | DDst | 753} || {CCkm | DDbw | 660}",
 "nlq": "What is the amount of AAqv in BBrx of CC and of DD for which the amount of AAgz in BBrx is greater than 552.42? Please, report the corresponding CC, DD, and amount of import-export."}]
}

