Import-Export,Year,Category,Item,Value
Import_Export,Year,Category,Item,Value
Import,2018,Meat,Camel,691
Export,2018,Meat,Camel,443
Import,2019,Meat,Camel,933
Export,2019,Meat,Camel,363
Import,2020,Meat,Camel,505
Export,2020,Meat,Camel,31
Import,2018,Meat,Duck,711
Export,2018,Meat,Duck,762
Import,2019,Meat,Duck,903
Export,2019,Meat,Duck,826
Import,2020,Meat,Duck,205
Export,2020,Meat,Duck,130
Import,2018,Meat,Lamb,448
Export,2018,Meat,Lamb,415
Import,2019,Meat,Lamb,359
Export,2019,Meat,Lamb,939
Import,2020,Meat,Lamb,1000
Export,2020,Meat,Lamb,889
Import,2018,Cereals,Rice,190
Export,2018,Cereals,Rice,90
Import,2019,Cereals,Rice,117
Export,2019,Cereals,Rice,463
Import,2020,Cereals,Rice,431
Export,2020,Cereals,Rice,724
Import,2018,Cereals,Seeds,585
Export,2018,Cereals,Seeds,610
Import,2019,Cereals,Seeds,976
Export,2019,Cereals,Seeds,686
Import,2020,Cereals,Seeds,468
Export,2020,Cereals,Seeds,742
Import,2018,Cereals,Wheat,154
Export,2018,Cereals,Wheat,685
Import,2019,Cereals,Wheat,611
Export,2019,Cereals,Wheat,500
Import,2020,Cereals,Wheat,945
Export,2020,Cereals,Wheat,196
Import,2018,Dairy,Milk,297
Export,2018,Dairy,Milk,216
Import,2019,Dairy,Milk,440
Export,2019,Dairy,Milk,469
Import,2020,Dairy,Milk,88
Export,2020,Dairy,Milk,857
Import,2018,Dairy,Butter,972
Export,2018,Dairy,Butter,537
Import,2019,Dairy,Butter,971
Export,2019,Dairy,Butter,774
Import,2020,Dairy,Butter,85
Export,2020,Dairy,Butter,198
