{
"filename": "Food_import-export_in_tons_set135_3_DB.csv",
"questions": [{"name": "template 1",
 "sql": "SELECT Value FROM DBdata WHERE ((AA = 'AAmp' AND BB = 'BBlx')) AND ((CC = 'CCcx' AND DD = 'DDdz'))",
 "sqlResult": "{461}",
 "nlq": "What is the amount of AAmp of DDdz in BBlx?"},
{"name": "template 2",
 "sql": "SELECT Value FROM DBdata WHERE ((AA = 'AAgv' AND BB = 'BBlm')) AND ((CC = 'CCcx' AND DD = 'DDbw') OR (CC = 'CCcx' AND DD = 'DDdz') OR (CC = 'CCqx' AND DD = 'DDdw') OR (CC = 'CCqx' AND DD = 'DDmy') OR (CC = 'CCqx' AND DD = 'DDck') OR (CC = 'CCms' AND DD = 'DDln'))",
 "sqlResult": "{186} || {356} || {448} || {521} || {394} || {99}",
 "nlq": "What is the amount of AAgv of DDbw, DDdz, DDln, DDdw, DDmy, or DDck in BBlm?"},
{"name": "template 3",
 "sql": "SELECT Value FROM DBdata WHERE ((AA = 'AAgv' AND BB = 'BBlx') OR (AA = 'AAmp' AND BB = 'BBlm') OR (AA = 'AAgv' AND BB = 'BBlm')) AND ((CC = 'CCcx' AND DD = 'DDbw'))",
 "sqlResult": "{436} || {558} || {186}",
 "nlq": "What is the amount of AAgv of DDbw in BBlx or BBlm or of AAmp of DDbw in BBlm?"},
{"name": "template 4",
 "sql": "SELECT sum(Value),max(Value) FROM DBdata WHERE ((AA = 'AAgv' AND BB = 'BBlx') OR (AA = 'AAgv' AND BB = 'BBsv')) AND ((CC = 'CCms' AND DD = 'DDln'))",
 "sqlResult": "{687 | 642}",
 "nlq": "What are the total and maximum amounts of AAgv of DDln in BBlx or BBsv?"},
{"name": "template 5",
 "sql": "SELECT avg(Value) FROM DBdata WHERE (AA IN ('AAmp','AAgv')) AND ((CC = 'CCcx' AND DD = 'DDgp'))",
 "sqlResult": "{375.33}",
 "nlq": "What is the average amount of AAgv or AAmp of DDgp?"},
{"name": "template 6",
 "sql": "SELECT Value FROM DBdata WHERE ((AA = 'AAmp' AND BB = 'BBlx') OR (AA = 'AAgv' AND BB = 'BBlx') OR (AA = 'AAmp' AND BB = 'BBsv') OR (AA = 'AAgv' AND BB = 'BBsv') OR (AA = 'AAgv' AND BB = 'BBlm')) AND ((CC = 'CCcx' AND DD = 'DDbw') OR (CC = 'CCcx' AND DD = 'DDdz') OR (CC = 'CCms' AND DD = 'DDdr') OR (CC = 'CCms' AND DD = 'DDln'))",
 "sqlResult": "{518} || {436} || {59} || {129} || {186} || {461} || {794} || {61} || {348} || {356} || {296} || {643} || {742} || {720} || {757} || {855} || {45} || {144} || {642} || {99}",
 "nlq": "What is the amount of AAgv or AAmp of DDbw, DDdr, DDdz, or DDln in BBlx or BBsv or of AAgv of DDbw, DDdr, DDdz, or DDln in BBlm?"},
{"name": "template 7",
 "sql": "SELECT max(Value),min(Value) FROM DBdata WHERE ((AA = 'AAgv' AND BB = 'BBlm')) AND ((CC = 'CCcx' AND DD = 'DDdz') OR (CC = 'CCcx' AND DD = 'DDgp') OR (CC = 'CCqx' AND DD = 'DDdw') OR (CC = 'CCms' AND DD = 'DDdr') OR (CC = 'CCms' AND DD = 'DDln'))",
 "sqlResult": "{757 | 99}",
 "nlq": "What are the maximum and minimum amounts of AAgv of DDdr, DDdz, DDln, DDgp, or DDdw in BBlm?"},
{"name": "template 8",
 "sql": "SELECT AA,BB,sum(Value),avg(Value) FROM DBdata WHERE ((AA = 'AAmp' AND BB = 'BBlx') OR (AA = 'AAgv' AND BB = 'BBlx') OR (AA = 'AAgv' AND BB = 'BBsv') OR (AA = 'AAgv' AND BB = 'BBlm')) AND ((CC = 'CCcx' AND DD = 'DDbw') OR (CC = 'CCcx' AND DD = 'DDdz') OR (CC = 'CCqx' AND DD = 'DDmy') OR (CC = 'CCqx' AND DD = 'DDck') OR (CC = 'CCms' AND DD = 'DDln')) GROUP BY AA,BB",
 "sqlResult": "{AAgv | BBlx | 2819 | 563.8} || {AAgv | BBsv | 1761 | 352.2} || {AAgv | BBlm | 1556 | 311.2} || {AAmp | BBlx | 2534 | 506.8}",
 "nlq": "What are the total and average amounts for each AAmp-AAgv and BB, of AAgv or AAmp of DDbw, DDdz, DDln, DDmy, or DDck in BBlx or of AAgv of DDbw, DDdz, DDln, DDmy, or DDck in BBsv or BBlm? Please, report the corresponding AAmp-AAgv and BB."},
{"name": "template 9",
 "sql": "SELECT min(Value) FROM DBdata WHERE ((AA = 'AAmp' AND BB = 'BBlx')) AND (CC IN ('CCcx','CCqx','CCms')) GROUP BY CC",
 "sqlResult": "{25} || {296} || {461}",
 "nlq": "What is the minimum amount for each CC, of AAmp of CCqx, CCms, or CCcx in BBlx?"},
{"name": "template 10",
 "sql": "SELECT CC,min(Value) FROM DBdata WHERE ((AA = 'AAgv' AND BB = 'BBsv')) AND (CC IN ('CCcx','CCqx','CCms')) GROUP BY CC",
 "sqlResult": "{CCqx | 74} || {CCms | 642} || {CCcx | 116}",
 "nlq": "What is the minimum amount for each CC, of AAgv of CCqx, CCms, or CCcx in BBsv? Please, report the corresponding CC."},
{"name": "template 11",
 "sql": "SELECT CC,AA,BB,min(Value) FROM DBdata WHERE ((AA = 'AAgv' AND BB = 'BBlx') OR (AA = 'AAgv' AND BB = 'BBlm')) AND (CC IN ('CCcx','CCqx','CCms')) GROUP BY CC,AA,BB",
 "sqlResult": "{CCqx | AAgv | BBlx | 138} || {CCqx | AAgv | BBlm | 394} || {CCms | AAgv | BBlx | 45} || {CCms | AAgv | BBlm | 99} || {CCcx | AAgv | BBlx | 39} || {CCcx | AAgv | BBlm | 186}",
 "nlq": "What is the minimum amount for each CC, AAmp-AAgv, and BB, of AAgv of CCqx, CCms, or CCcx in BBlx or BBlm? Please, report the corresponding CC, AAmp-AAgv, and BB."},
{"name": "template 12",
 "sql": "SELECT Value FROM DBdata WHERE ((AA = 'AAmp' AND BB = 'BBsv')) AND (CC IN ('CCcx','CCqx')) ORDER BY VALUE ASC LIMIT 4",
 "sqlResult": "{59} || {61} || {180} || {372}",
 "nlq": "What are the bottom 4 amounts of AAmp of CCqx or CCcx in BBsv?"},
{"name": "template 13",
 "sql": "SELECT Value FROM DBdata WHERE ((AA = 'AAmp' AND BB = 'BBlx')) AND (CC IN ('CCqx','CCms')) ORDER BY VALUE ASC",
 "sqlResult": "{25} || {287} || {296} || {675} || {855}",
 "nlq": "What are the amounts ordered by increasing values of AAmp of CCqx or CCms in BBlx?"},
{"name": "template 14",
 "sql": "SELECT CC,DD FROM DBdata WHERE ((AA = 'AAmp' AND BB = 'BBsv')) AND Value > 413.79",
 "sqlResult": "{CCcx | DDgp} || {CCqx | DDmy} || {CCms | DDdr}",
 "nlq": "What are the CC and DD for which the amount of AAmp in BBsv is greater than 413.79?"},
{"name": "template 15",
 "sql": "SELECT CC,DD,Value FROM DBdata WHERE ((AA = 'AAgv' AND BB = 'BBsv')) AND (CC,DD) IN (SELECT CC,DD FROM DBdata WHERE ((AA = 'AAmp' AND BB = 'BBsv')) AND Value > 413.79)",
 "sqlResult": "{CCcx | DDgp | 116} || {CCqx | DDmy | 568} || {CCms | DDdr | 720}",
 "nlq": "What is the amount of AAgv in BBsv of CC and of DD for which the amount of AAmp in BBsv is greater than 413.79? Please, report the corresponding CC, DD, and amount of import-export."}]
}

