{
"filename": "Food_import-export_in_tons_set136_3_DB.csv",
"questions": [{"name": "template 1",
 "sql": "SELECT Value FROM DBdata WHERE ((BB = 'BBbk' AND AA = 'AAqr')) AND ((CC = 'CCgw' AND DD = 'DDvx'))",
 "sqlResult": "{659}",
 "nlq": "What is the amount of AAqr of DDvx in BBbk?"},
{"name": "template 2",
 "sql": "SELECT Value FROM DBdata WHERE ((BB = 'BBbk' AND AA = 'AAqr')) AND ((CC = 'CCgw' AND DD = 'DDvx') OR (CC = 'CCgw' AND DD = 'DDbt') OR (CC = 'CCgw' AND DD = 'DDlx') OR (CC = 'CCtx' AND DD = 'DDbc') OR (CC = 'CCtx' AND DD = 'DDkm') OR (CC = 'CChm' AND DD = 'DDnv'))",
 "sqlResult": "{659} || {115} || {545} || {623} || {246} || {17}",
 "nlq": "What is the amount of AAqr of DDvx, DDnv, DDbt, DDbc, DDkm, or DDlx in BBbk?"},
{"name": "template 3",
 "sql": "SELECT Value FROM DBdata WHERE ((BB = 'BBmw' AND AA = 'AAqr') OR (BB = 'BBrz' AND AA = 'AAkr')) AND ((CC = 'CCtx' AND DD = 'DDbc'))",
 "sqlResult": "{864} || {899}",
 "nlq": "What is the amount of AAqr of DDbc in BBmw or of AAkr of DDbc in BBrz?"},
{"name": "template 4",
 "sql": "SELECT max(Value),min(Value) FROM DBdata WHERE ((BB = 'BBmw' AND AA = 'AAkr') OR (BB = 'BBmw' AND AA = 'AAqr') OR (BB = 'BBrz' AND AA = 'AAqr') OR (BB = 'BBbk' AND AA = 'AAkr')) AND ((CC = 'CCtx' AND DD = 'DDbw'))",
 "sqlResult": "{867 | 88}",
 "nlq": "What are the maximum and minimum amounts of AAqr or AAkr of DDbw in BBmw, of AAqr of DDbw in BBrz, or of AAkr of DDbw in BBbk?"},
{"name": "template 5",
 "sql": "SELECT avg(Value) FROM DBdata WHERE (BB IN ('BBmw','BBrz','BBbk')) AND ((CC = 'CCtx' AND DD = 'DDkm'))",
 "sqlResult": "{400.17}",
 "nlq": "What is the average amount of DDkm in BBmw, BBrz, or BBbk?"},
{"name": "template 6",
 "sql": "SELECT Value FROM DBdata WHERE ((BB = 'BBmw' AND AA = 'AAqr') OR (BB = 'BBbk' AND AA = 'AAkr') OR (BB = 'BBbk' AND AA = 'AAqr')) AND ((CC = 'CCtx' AND DD = 'DDbc') OR (CC = 'CChm' AND DD = 'DDbp'))",
 "sqlResult": "{864} || {327} || {623} || {128} || {729} || {821}",
 "nlq": "What is the amount of AAqr of DDbc or DDbp in BBmw or of AAqr or AAkr of DDbc or DDbp in BBbk?"},
{"name": "template 7",
 "sql": "SELECT avg(Value),sum(Value) FROM DBdata WHERE ((BB = 'BBmw' AND AA = 'AAqr')) AND ((CC = 'CCgw' AND DD = 'DDbt') OR (CC = 'CCgw' AND DD = 'DDlx') OR (CC = 'CCtx' AND DD = 'DDbc') OR (CC = 'CCtx' AND DD = 'DDkm'))",
 "sqlResult": "{396.25 | 1585}",
 "nlq": "What are the average and total amounts of AAqr of DDbt, DDbc, DDkm, or DDlx in BBmw?"},
{"name": "template 8",
 "sql": "SELECT BB,AA,avg(Value),min(Value) FROM DBdata WHERE ((BB = 'BBmw' AND AA = 'AAkr') OR (BB = 'BBrz' AND AA = 'AAkr') OR (BB = 'BBrz' AND AA = 'AAqr') OR (BB = 'BBbk' AND AA = 'AAkr') OR (BB = 'BBbk' AND AA = 'AAqr')) AND ((CC = 'CCgw' AND DD = 'DDbt') OR (CC = 'CCtx' AND DD = 'DDkm') OR (CC = 'CCtx' AND DD = 'DDbw') OR (CC = 'CChm' AND DD = 'DDnv') OR (CC = 'CChm' AND DD = 'DDbp')) GROUP BY BB,AA",
 "sqlResult": "{BBmw | AAkr | 705 | 258} || {BBrz | AAqr | 579.6 | 306} || {BBrz | AAkr | 226.4 | 12} || {BBbk | AAqr | 342.4 | 17} || {BBbk | AAkr | 675.6 | 160}",
 "nlq": "What are the average and minimum amounts for each BB and AAkr-AAqr, of AAkr of DDnv, DDbt, DDkm, DDbw, or DDbp in BBmw, BBrz, or BBbk or of AAqr of DDnv, DDbt, DDkm, DDbw, or DDbp in BBrz or BBbk? Please, report the corresponding BB and AAkr-AAqr."},
{"name": "template 9",
 "sql": "SELECT min(Value) FROM DBdata WHERE ((BB = 'BBmw' AND AA = 'AAqr')) AND (CC IN ('CCgw','CCtx','CChm')) GROUP BY CC",
 "sqlResult": "{55} || {128} || {67}",
 "nlq": "What is the minimum amount for each CC, of AAqr of CCtx, CChm, or CCgw in BBmw?"},
{"name": "template 10",
 "sql": "SELECT CC,avg(Value) FROM DBdata WHERE ((BB = 'BBrz' AND AA = 'AAqr')) AND (CC IN ('CCgw','CCtx','CChm')) GROUP BY CC",
 "sqlResult": "{CCtx | 424.33} || {CChm | 494} || {CCgw | 393}",
 "nlq": "What is the average amount for each CC, of AAqr of CCtx, CChm, or CCgw in BBrz? Please, report the corresponding CC."},
{"name": "template 11",
 "sql": "SELECT CC,BB,AA,max(Value) FROM DBdata WHERE ((BB = 'BBrz' AND AA = 'AAkr') OR (BB = 'BBbk' AND AA = 'AAkr') OR (BB = 'BBbk' AND AA = 'AAqr')) AND (CC IN ('CCgw','CCtx','CChm')) GROUP BY CC,BB,AA",
 "sqlResult": "{CCtx | BBrz | AAkr | 899} || {CCtx | BBbk | AAqr | 623} || {CCtx | BBbk | AAkr | 791} || {CChm | BBrz | AAkr | 577} || {CChm | BBbk | AAqr | 821} || {CChm | BBbk | AAkr | 729} || {CCgw | BBrz | AAkr | 969} || {CCgw | BBbk | AAqr | 659} || {CCgw | BBbk | AAkr | 979}",
 "nlq": "What is the maximum amount for each CC, BB, and AAkr-AAqr, of AAkr of CCtx, CChm, or CCgw in BBrz or BBbk or of AAqr of CCtx, CChm, or CCgw in BBbk? Please, report the corresponding CC, BB, and AAkr-AAqr."},
{"name": "template 12",
 "sql": "SELECT Value FROM DBdata WHERE ((BB = 'BBrz' AND AA = 'AAqr')) AND (CC IN ('CCgw','CChm')) ORDER BY VALUE ASC LIMIT 3",
 "sqlResult": "{46} || {317} || {358}",
 "nlq": "What are the bottom 3 amounts of AAqr of CChm or CCgw in BBrz?"},
{"name": "template 13",
 "sql": "SELECT Value FROM DBdata WHERE ((BB = 'BBmw' AND AA = 'AAkr')) AND (CC IN ('CCgw','CCtx')) ORDER BY VALUE DESC",
 "sqlResult": "{990} || {867} || {758} || {574} || {435} || {260}",
 "nlq": "What are the amounts ordered by decreasing values of AAkr of CCtx or CCgw in BBmw?"},
{"name": "template 14",
 "sql": "SELECT CC,DD FROM DBdata WHERE ((BB = 'BBbk' AND AA = 'AAqr')) AND Value > 490.21",
 "sqlResult": "{CCgw | DDvx} || {CCgw | DDlx} || {CCtx | DDbc} || {CCtx | DDbw} || {CChm | DDbp}",
 "nlq": "What are the CC and DD for which the amount of AAqr in BBbk is greater than 490.21?"},
{"name": "template 15",
 "sql": "SELECT CC,DD,Value FROM DBdata WHERE ((BB = 'BBrz' AND AA = 'AAqr')) AND (CC,DD) IN (SELECT CC,DD FROM DBdata WHERE ((BB = 'BBbk' AND AA = 'AAqr')) AND Value > 490.21)",
 "sqlResult": "{CCgw | DDvx | 46} || {CCgw | DDlx | 317} || {CCtx | DDbc | 179} || {CCtx | DDbw | 788} || {CChm | DDbp | 630}",
 "nlq": "What is the amount of AAqr in BBrz of CC and of DD for which the amount of AAqr in BBbk is greater than 490.21? Please, report the corresponding CC, DD, and amount of import-export."}]
}

