AAgz-AAqv,BB,CC,DD,Value
AA,BB,CC,DD,Value
AAgz,BBrx,CCfn,DDgy,956
AAqv,BBrx,CCfn,DDgy,83
AAgz,BBsy,CCfn,DDgy,359
AAqv,BBsy,CCfn,DDgy,203
AAgz,BBrx,CCfn,DDjt,380
AAqv,BBrx,CCfn,DDjt,614
AAgz,BBsy,CCfn,DDjt,757
AAqv,BBsy,CCfn,DDjt,427
AAgz,BBrx,CCfn,DDst,900
AAqv,BBrx,CCfn,DDst,753
AAgz,BBsy,CCfn,DDst,973
AAqv,BBsy,CCfn,DDst,602
AAgz,BBrx,CCkm,DDgn,462
AAqv,BBrx,CCkm,DDgn,244
AAgz,BBsy,CCkm,DDgn,680
AAqv,BBsy,CCkm,DDgn,52
AAgz,BBrx,CCkm,DDwy,184
AAqv,BBrx,CCkm,DDwy,822
AAgz,BBsy,CCkm,DDwy,856
AAqv,BBsy,CCkm,DDwy,709
AAgz,BBrx,CCkm,DDbw,610
AAqv,BBrx,CCkm,DDbw,660
AAgz,BBsy,CCkm,DDbw,741
AAqv,BBsy,CCkm,DDbw,231

