{
"filename": "Food_import-export_in_tons_set135_3_DB.csv",
"questions": [{"name": "template 1",
 "sql": "SELECT Value FROM DBdata WHERE ((Import_Export = 'Import' AND Year = '2015')) AND ((Category = 'Meat' AND Item = 'Chicken'))",
 "sqlResult": "{461}",
 "nlq": "What is the amount of Import of Chicken in 2015?"},
{"name": "template 2",
 "sql": "SELECT Value FROM DBdata WHERE ((Import_Export = 'Export' AND Year = '2017')) AND ((Category = 'Meat' AND Item = 'Beef') OR (Category = 'Meat' AND Item = 'Chicken') OR (Category = 'Cereals' AND Item = 'Rice') OR (Category = 'Cereals' AND Item = 'Seeds') OR (Category = 'Cereals' AND Item = 'Wheat') OR (Category = 'Dairy' AND Item = 'Cream'))",
 "sqlResult": "{186} || {356} || {448} || {521} || {394} || {99}",
 "nlq": "What is the amount of Export of Beef, Chicken, Cream, Rice, Seeds, or Wheat in 2017?"},
{"name": "template 3",
 "sql": "SELECT Value FROM DBdata WHERE ((Import_Export = 'Export' AND Year = '2015') OR (Import_Export = 'Import' AND Year = '2017') OR (Import_Export = 'Export' AND Year = '2017')) AND ((Category = 'Meat' AND Item = 'Beef'))",
 "sqlResult": "{436} || {558} || {186}",
 "nlq": "What is the amount of Export of Beef in 2015 or 2017 or of Import of Beef in 2017?"},
{"name": "template 4",
 "sql": "SELECT sum(Value),max(Value) FROM DBdata WHERE ((Import_Export = 'Export' AND Year = '2015') OR (Import_Export = 'Export' AND Year = '2016')) AND ((Category = 'Dairy' AND Item = 'Cream'))",
 "sqlResult": "{687 | 642}",
 "nlq": "What are the total and maximum amounts of Export of Cream in 2015 or 2016?"},
{"name": "template 5",
 "sql": "SELECT avg(Value) FROM DBdata WHERE (Import_Export IN ('Import','Export')) AND ((Category = 'Meat' AND Item = 'Pork'))",
 "sqlResult": "{375.33}",
 "nlq": "What is the average amount of Export or Import of Pork?"},
{"name": "template 6",
 "sql": "SELECT Value FROM DBdata WHERE ((Import_Export = 'Import' AND Year = '2015') OR (Import_Export = 'Export' AND Year = '2015') OR (Import_Export = 'Import' AND Year = '2016') OR (Import_Export = 'Export' AND Year = '2016') OR (Import_Export = 'Export' AND Year = '2017')) AND ((Category = 'Meat' AND Item = 'Beef') OR (Category = 'Meat' AND Item = 'Chicken') OR (Category = 'Dairy' AND Item = 'Butter') OR (Category = 'Dairy' AND Item = 'Cream'))",
 "sqlResult": "{518} || {436} || {59} || {129} || {186} || {461} || {794} || {61} || {348} || {356} || {296} || {643} || {742} || {720} || {757} || {855} || {45} || {144} || {642} || {99}",
 "nlq": "What is the amount of Export or Import of Beef, Butter, Chicken, or Cream in 2015 or 2016 or of Export of Beef, Butter, Chicken, or Cream in 2017?"},
{"name": "template 7",
 "sql": "SELECT max(Value),min(Value) FROM DBdata WHERE ((Import_Export = 'Export' AND Year = '2017')) AND ((Category = 'Meat' AND Item = 'Chicken') OR (Category = 'Meat' AND Item = 'Pork') OR (Category = 'Cereals' AND Item = 'Rice') OR (Category = 'Dairy' AND Item = 'Butter') OR (Category = 'Dairy' AND Item = 'Cream'))",
 "sqlResult": "{757 | 99}",
 "nlq": "What are the maximum and minimum amounts of Export of Butter, Chicken, Cream, Pork, or Rice in 2017?"},
{"name": "template 8",
 "sql": "SELECT Import_Export,Year,sum(Value),avg(Value) FROM DBdata WHERE ((Import_Export = 'Import' AND Year = '2015') OR (Import_Export = 'Export' AND Year = '2015') OR (Import_Export = 'Export' AND Year = '2016') OR (Import_Export = 'Export' AND Year = '2017')) AND ((Category = 'Meat' AND Item = 'Beef') OR (Category = 'Meat' AND Item = 'Chicken') OR (Category = 'Cereals' AND Item = 'Seeds') OR (Category = 'Cereals' AND Item = 'Wheat') OR (Category = 'Dairy' AND Item = 'Cream')) GROUP BY Import_Export,Year",
 "sqlResult": "{Export | 2015 | 2819 | 563.8} || {Export | 2016 | 1761 | 352.2} || {Export | 2017 | 1556 | 311.2} || {Import | 2015 | 2534 | 506.8}",
 "nlq": "What are the total and average amounts for each Import-Export and Year, of Export or Import of Beef, Chicken, Cream, Seeds, or Wheat in 2015 or of Export of Beef, Chicken, Cream, Seeds, or Wheat in 2016 or 2017? Please, report the corresponding Import-Export and Year."},
{"name": "template 9",
 "sql": "SELECT min(Value) FROM DBdata WHERE ((Import_Export = 'Import' AND Year = '2015')) AND (Category IN ('Meat','Cereals','Dairy')) GROUP BY Category",
 "sqlResult": "{25} || {296} || {461}",
 "nlq": "What is the minimum amount for each Category, of Import of Cereals, Dairy, or Meat in 2015?"},
{"name": "template 10",
 "sql": "SELECT Category,min(Value) FROM DBdata WHERE ((Import_Export = 'Export' AND Year = '2016')) AND (Category IN ('Meat','Cereals','Dairy')) GROUP BY Category",
 "sqlResult": "{Cereals | 74} || {Dairy | 642} || {Meat | 116}",
 "nlq": "What is the minimum amount for each Category, of Export of Cereals, Dairy, or Meat in 2016? Please, report the corresponding Category."},
{"name": "template 11",
 "sql": "SELECT Category,Import_Export,Year,min(Value) FROM DBdata WHERE ((Import_Export = 'Export' AND Year = '2015') OR (Import_Export = 'Export' AND Year = '2017')) AND (Category IN ('Meat','Cereals','Dairy')) GROUP BY Category,Import_Export,Year",
 "sqlResult": "{Cereals | Export | 2015 | 138} || {Cereals | Export | 2017 | 394} || {Dairy | Export | 2015 | 45} || {Dairy | Export | 2017 | 99} || {Meat | Export | 2015 | 39} || {Meat | Export | 2017 | 186}",
 "nlq": "What is the minimum amount for each Category, Import-Export, and Year, of Export of Cereals, Dairy, or Meat in 2015 or 2017? Please, report the corresponding Category, Import-Export, and Year."},
{"name": "template 12",
 "sql": "SELECT Value FROM DBdata WHERE ((Import_Export = 'Import' AND Year = '2016')) AND (Category IN ('Meat','Cereals')) ORDER BY VALUE ASC LIMIT 4",
 "sqlResult": "{59} || {61} || {180} || {372}",
 "nlq": "What are the bottom 4 amounts of Import of Cereals or Meat in 2016?"},
{"name": "template 13",
 "sql": "SELECT Value FROM DBdata WHERE ((Import_Export = 'Import' AND Year = '2015')) AND (Category IN ('Cereals','Dairy')) ORDER BY VALUE ASC",
 "sqlResult": "{25} || {287} || {296} || {675} || {855}",
 "nlq": "What are the amounts ordered by increasing values of Import of Cereals or Dairy in 2015?"},
{"name": "template 14",
 "sql": "SELECT Category,Item FROM DBdata WHERE ((Import_Export = 'Import' AND Year = '2016')) AND Value > 413.79",
 "sqlResult": "{Meat | Pork} || {Cereals | Seeds} || {Dairy | Butter}",
 "nlq": "What are the Category and Item for which the amount of Import in 2016 is greater than 413.79?"},
{"name": "template 15",
 "sql": "SELECT Category,Item,Value FROM DBdata WHERE ((Import_Export = 'Export' AND Year = '2016')) AND (Category,Item) IN (SELECT Category,Item FROM DBdata WHERE ((Import_Export = 'Import' AND Year = '2016')) AND Value > 413.79)",
 "sqlResult": "{Meat | Pork | 116} || {Cereals | Seeds | 568} || {Dairy | Butter | 720}",
 "nlq": "What is the amount of Export in 2016 of Category and of Item for which the amount of Import in 2016 is greater than 413.79? Please, report the corresponding Category, Item, and amount of import-export."}]
}
