AAfz-AAsy,BB,CC,DD,Value
AA,BB,CC,DD,Value
AAfz,BBqr,CChq,DDcz,860
AAsy,BBqr,CChq,DDcz,767
AAfz,BBqw,CChq,DDcz,20
AAsy,BBqw,CChq,DDcz,306
AAfz,BBgl,CChq,DDcz,616
AAsy,BBgl,CChq,DDcz,490
AAfz,BBqr,CChq,DDrx,745
AAsy,BBqr,CChq,DDrx,318
AAfz,BBqw,CChq,DDrx,717
AAsy,BBqw,CChq,DDrx,384
AAfz,BBgl,CChq,DDrx,659
AAsy,BBgl,CChq,DDrx,989
AAfz,BBqr,CCfr,DDfv,909
AAsy,BBqr,CCfr,DDfv,208
AAfz,BBqw,CCfr,DDfv,961
AAsy,BBqw,CCfr,DDfv,521
AAfz,BBgl,CCfr,DDfv,28
AAsy,BBgl,CCfr,DDfv,664
AAfz,BBqr,CCfr,DDdp,373
AAsy,BBqr,CCfr,DDdp,766
AAfz,BBqw,CCfr,DDdp,678
AAsy,BBqw,CCfr,DDdp,237
AAfz,BBgl,CCfr,DDdp,509
AAsy,BBgl,CCfr,DDdp,613

