Import-Export,Year,Quarter,Category,Item,Value
Import_Export,Year,Quarter,Category,Item,Value
Import,2017,Q1,Meat,Chicken,712
Export,2017,Q1,Meat,Chicken,364
Import,2018,Q1,Meat,Chicken,427
Export,2018,Q1,Meat,Chicken,899
Import,2017,Q2,Meat,Chicken,811
Export,2017,Q2,Meat,Chicken,149
Import,2018,Q2,Meat,Chicken,604
Export,2018,Q2,Meat,Chicken,102
Import,2017,Q3,Meat,Chicken,405
Export,2017,Q3,Meat,Chicken,556
Import,2018,Q3,Meat,Chicken,180
Export,2018,Q3,Meat,Chicken,797
Import,2017,Q4,Meat,Chicken,414
Export,2017,Q4,Meat,Chicken,921
Import,2018,Q4,Meat,Chicken,786
Export,2018,Q4,Meat,Chicken,177
Import,2017,Q1,Meat,Pork,979
Export,2017,Q1,Meat,Pork,976
Import,2018,Q1,Meat,Pork,629
Export,2018,Q1,Meat,Pork,223
Import,2017,Q2,Meat,Pork,279
Export,2017,Q2,Meat,Pork,999
Import,2018,Q2,Meat,Pork,602
Export,2018,Q2,Meat,Pork,573
Import,2017,Q3,Meat,Pork,765
Export,2017,Q3,Meat,Pork,924
Import,2018,Q3,Meat,Pork,412
Export,2018,Q3,Meat,Pork,688
Import,2017,Q4,Meat,Pork,319
Export,2017,Q4,Meat,Pork,114
Import,2018,Q4,Meat,Pork,424
Export,2018,Q4,Meat,Pork,445
Import,2017,Q1,Meat,Camel,748
Export,2017,Q1,Meat,Camel,926
Import,2018,Q1,Meat,Camel,272
Export,2018,Q1,Meat,Camel,449
Import,2017,Q2,Meat,Camel,677
Export,2017,Q2,Meat,Camel,338
Import,2018,Q2,Meat,Camel,206
Export,2018,Q2,Meat,Camel,409
Import,2017,Q3,Meat,Camel,635
Export,2017,Q3,Meat,Camel,645
Import,2018,Q3,Meat,Camel,837
Export,2018,Q3,Meat,Camel,576
Import,2017,Q4,Meat,Camel,508
Export,2017,Q4,Meat,Camel,245
Import,2018,Q4,Meat,Camel,610
Export,2018,Q4,Meat,Camel,882
Import,2017,Q1,Cereals,Oats,357
Export,2017,Q1,Cereals,Oats,254
Import,2018,Q1,Cereals,Oats,865
Export,2018,Q1,Cereals,Oats,93
Import,2017,Q2,Cereals,Oats,425
Export,2017,Q2,Cereals,Oats,912
Import,2018,Q2,Cereals,Oats,194
Export,2018,Q2,Cereals,Oats,746
Import,2017,Q3,Cereals,Oats,246
Export,2017,Q3,Cereals,Oats,250
Import,2018,Q3,Cereals,Oats,459
Export,2018,Q3,Cereals,Oats,544
Import,2017,Q4,Cereals,Oats,702
Export,2017,Q4,Cereals,Oats,683
Import,2018,Q4,Cereals,Oats,559
Export,2018,Q4,Cereals,Oats,86
Import,2017,Q1,Cereals,Rice,639
Export,2017,Q1,Cereals,Rice,410
Import,2018,Q1,Cereals,Rice,948
Export,2018,Q1,Cereals,Rice,172
Import,2017,Q2,Cereals,Rice,701
Export,2017,Q2,Cereals,Rice,593
Import,2018,Q2,Cereals,Rice,732
Export,2018,Q2,Cereals,Rice,660
Import,2017,Q3,Cereals,Rice,998
Export,2017,Q3,Cereals,Rice,288
Import,2018,Q3,Cereals,Rice,232
Export,2018,Q3,Cereals,Rice,242
Import,2017,Q4,Cereals,Rice,116
Export,2017,Q4,Cereals,Rice,455
Import,2018,Q4,Cereals,Rice,171
Export,2018,Q4,Cereals,Rice,356
Import,2017,Q1,Cereals,Seeds,986
Export,2017,Q1,Cereals,Seeds,17
Import,2018,Q1,Cereals,Seeds,539
Export,2018,Q1,Cereals,Seeds,599
Import,2017,Q2,Cereals,Seeds,436
Export,2017,Q2,Cereals,Seeds,626
Import,2018,Q2,Cereals,Seeds,566
Export,2018,Q2,Cereals,Seeds,297
Import,2017,Q3,Cereals,Seeds,771
Export,2017,Q3,Cereals,Seeds,564
Import,2018,Q3,Cereals,Seeds,994
Export,2018,Q3,Cereals,Seeds,27
Import,2017,Q4,Cereals,Seeds,259
Export,2017,Q4,Cereals,Seeds,518
Import,2018,Q4,Cereals,Seeds,36
Export,2018,Q4,Cereals,Seeds,58
Import,2017,Q1,Dairy,Cream,173
Export,2017,Q1,Dairy,Cream,46
Import,2018,Q1,Dairy,Cream,80
Export,2018,Q1,Dairy,Cream,67
Import,2017,Q2,Dairy,Cream,307
Export,2017,Q2,Dairy,Cream,959
Import,2018,Q2,Dairy,Cream,438
Export,2018,Q2,Dairy,Cream,807
Import,2017,Q3,Dairy,Cream,649
Export,2017,Q3,Dairy,Cream,352
Import,2018,Q3,Dairy,Cream,105
Export,2018,Q3,Dairy,Cream,901
Import,2017,Q4,Dairy,Cream,163
Export,2017,Q4,Dairy,Cream,395
Import,2018,Q4,Dairy,Cream,792
Export,2018,Q4,Dairy,Cream,146
Import,2017,Q1,Dairy,Cheese,666
Export,2017,Q1,Dairy,Cheese,711
Import,2018,Q1,Dairy,Cheese,88
Export,2018,Q1,Dairy,Cheese,993
Import,2017,Q2,Dairy,Cheese,605
Export,2017,Q2,Dairy,Cheese,849
Import,2018,Q2,Dairy,Cheese,537
Export,2018,Q2,Dairy,Cheese,11
Import,2017,Q3,Dairy,Cheese,346
Export,2017,Q3,Dairy,Cheese,992
Import,2018,Q3,Dairy,Cheese,329
Export,2018,Q3,Dairy,Cheese,60
Import,2017,Q4,Dairy,Cheese,32
Export,2017,Q4,Dairy,Cheese,973
Import,2018,Q4,Dairy,Cheese,39
Export,2018,Q4,Dairy,Cheese,376
