Import-Export,Year,Quarter,Category,Item,Value
Import_Export,Year,Quarter,Category,Item,Value
Import,2016,Q1,Cereals,Rice,545
Export,2016,Q1,Cereals,Rice,699
Import,2017,Q1,Cereals,Rice,517
Export,2017,Q1,Cereals,Rice,206
Import,2018,Q1,Cereals,Rice,202
Export,2018,Q1,Cereals,Rice,212
Import,2016,Q2,Cereals,Rice,80
Export,2016,Q2,Cereals,Rice,800
Import,2017,Q2,Cereals,Rice,916
Export,2017,Q2,Cereals,Rice,847
Import,2018,Q2,Cereals,Rice,679
Export,2018,Q2,Cereals,Rice,87
Import,2016,Q3,Cereals,Rice,32
Export,2016,Q3,Cereals,Rice,300
Import,2017,Q3,Cereals,Rice,859
Export,2017,Q3,Cereals,Rice,869
Import,2018,Q3,Cereals,Rice,65
Export,2018,Q3,Cereals,Rice,726
Import,2016,Q4,Cereals,Rice,537
Export,2016,Q4,Cereals,Rice,23
Import,2017,Q4,Cereals,Rice,256
Export,2017,Q4,Cereals,Rice,796
Import,2018,Q4,Cereals,Rice,518
Export,2018,Q4,Cereals,Rice,957
Import,2016,Q1,Cereals,Seeds,94
Export,2016,Q1,Cereals,Seeds,102
Import,2017,Q1,Cereals,Seeds,583
Export,2017,Q1,Cereals,Seeds,693
Import,2018,Q1,Cereals,Seeds,253
Export,2018,Q1,Cereals,Seeds,954
Import,2016,Q2,Cereals,Seeds,488
Export,2016,Q2,Cereals,Seeds,906
Import,2017,Q2,Cereals,Seeds,612
Export,2017,Q2,Cereals,Seeds,948
Import,2018,Q2,Cereals,Seeds,985
Export,2018,Q2,Cereals,Seeds,89
Import,2016,Q3,Cereals,Seeds,758
Export,2016,Q3,Cereals,Seeds,683
Import,2017,Q3,Cereals,Seeds,142
Export,2017,Q3,Cereals,Seeds,936
Import,2018,Q3,Cereals,Seeds,974
Export,2018,Q3,Cereals,Seeds,366
Import,2016,Q4,Cereals,Seeds,218
Export,2016,Q4,Cereals,Seeds,380
Import,2017,Q4,Cereals,Seeds,172
Export,2017,Q4,Cereals,Seeds,503
Import,2018,Q4,Cereals,Seeds,314
Export,2018,Q4,Cereals,Seeds,58
Import,2016,Q1,Dairy,Milk,431
Export,2016,Q1,Dairy,Milk,513
Import,2017,Q1,Dairy,Milk,887
Export,2017,Q1,Dairy,Milk,797
Import,2018,Q1,Dairy,Milk,861
Export,2018,Q1,Dairy,Milk,237
Import,2016,Q2,Dairy,Milk,850
Export,2016,Q2,Dairy,Milk,77
Import,2017,Q2,Dairy,Milk,64
Export,2017,Q2,Dairy,Milk,580
Import,2018,Q2,Dairy,Milk,216
Export,2018,Q2,Dairy,Milk,126
Import,2016,Q3,Dairy,Milk,424
Export,2016,Q3,Dairy,Milk,434
Import,2017,Q3,Dairy,Milk,491
Export,2017,Q3,Dairy,Milk,55
Import,2018,Q3,Dairy,Milk,321
Export,2018,Q3,Dairy,Milk,744
Import,2016,Q4,Dairy,Milk,978
Export,2016,Q4,Dairy,Milk,938
Import,2017,Q4,Dairy,Milk,664
Export,2017,Q4,Dairy,Milk,628
Import,2018,Q4,Dairy,Milk,448
Export,2018,Q4,Dairy,Milk,527
Import,2016,Q1,Dairy,Butter,549
Export,2016,Q1,Dairy,Butter,569
Import,2017,Q1,Dairy,Butter,272
Export,2017,Q1,Dairy,Butter,538
Import,2018,Q1,Dairy,Butter,430
Export,2018,Q1,Dairy,Butter,86
Import,2016,Q2,Dairy,Butter,158
Export,2016,Q2,Dairy,Butter,741
Import,2017,Q2,Dairy,Butter,770
Export,2017,Q2,Dairy,Butter,322
Import,2018,Q2,Dairy,Butter,239
Export,2018,Q2,Dairy,Butter,464
Import,2016,Q3,Dairy,Butter,288
Export,2016,Q3,Dairy,Butter,411
Import,2017,Q3,Dairy,Butter,160
Export,2017,Q3,Dairy,Butter,910
Import,2018,Q3,Dairy,Butter,920
Export,2018,Q3,Dairy,Butter,298
Import,2016,Q4,Dairy,Butter,69
Export,2016,Q4,Dairy,Butter,36
Import,2017,Q4,Dairy,Butter,386
Export,2017,Q4,Dairy,Butter,851
Import,2018,Q4,Dairy,Butter,715
Export,2018,Q4,Dairy,Butter,59
Import,2016,Q1,Beverage,Coffee,924
Export,2016,Q1,Beverage,Coffee,179
Import,2017,Q1,Beverage,Coffee,414
Export,2017,Q1,Beverage,Coffee,143
Import,2018,Q1,Beverage,Coffee,928
Export,2018,Q1,Beverage,Coffee,742
Import,2016,Q2,Beverage,Coffee,1000
Export,2016,Q2,Beverage,Coffee,245
Import,2017,Q2,Beverage,Coffee,390
Export,2017,Q2,Beverage,Coffee,293
Import,2018,Q2,Beverage,Coffee,712
Export,2018,Q2,Beverage,Coffee,423
Import,2016,Q3,Beverage,Coffee,11
Export,2016,Q3,Beverage,Coffee,152
Import,2017,Q3,Beverage,Coffee,504
Export,2017,Q3,Beverage,Coffee,597
Import,2018,Q3,Beverage,Coffee,611
Export,2018,Q3,Beverage,Coffee,553
Import,2016,Q4,Beverage,Coffee,234
Export,2016,Q4,Beverage,Coffee,923
Import,2017,Q4,Beverage,Coffee,52
Export,2017,Q4,Beverage,Coffee,487
Import,2018,Q4,Beverage,Coffee,398
Export,2018,Q4,Beverage,Coffee,921
Import,2016,Q1,Beverage,Tea,794
Export,2016,Q1,Beverage,Tea,291
Import,2017,Q1,Beverage,Tea,110
Export,2017,Q1,Beverage,Tea,369
Import,2018,Q1,Beverage,Tea,574
Export,2018,Q1,Beverage,Tea,963
Import,2016,Q2,Beverage,Tea,804
Export,2016,Q2,Beverage,Tea,608
Import,2017,Q2,Beverage,Tea,222
Export,2017,Q2,Beverage,Tea,915
Import,2018,Q2,Beverage,Tea,678
Export,2018,Q2,Beverage,Tea,827
Import,2016,Q3,Beverage,Tea,522
Export,2016,Q3,Beverage,Tea,694
Import,2017,Q3,Beverage,Tea,208
Export,2017,Q3,Beverage,Tea,391
Import,2018,Q3,Beverage,Tea,898
Export,2018,Q3,Beverage,Tea,474
Import,2016,Q4,Beverage,Tea,763
Export,2016,Q4,Beverage,Tea,624
Import,2017,Q4,Beverage,Tea,90
Export,2017,Q4,Beverage,Tea,576
Import,2018,Q4,Beverage,Tea,40
Export,2018,Q4,Beverage,Tea,34
