Import-Export,Year,Category,Item,Value
Import_Export,Year,Category,Item,Value
Import,2018,Cereals,Corn,483
Export,2018,Cereals,Corn,161
Import,2019,Cereals,Corn,940
Export,2019,Cereals,Corn,763
Import,2018,Cereals,Oats,614
Export,2018,Cereals,Oats,505
Import,2019,Cereals,Oats,849
Export,2019,Cereals,Oats,719
Import,2018,Cereals,Rice,90
Export,2018,Cereals,Rice,233
Import,2019,Cereals,Rice,232
Export,2019,Cereals,Rice,636
Import,2018,Dairy,Cheese,872
Export,2018,Dairy,Cheese,253
Import,2019,Dairy,Cheese,203
Export,2019,Dairy,Cheese,91
Import,2018,Dairy,Yoghurt,317
Export,2018,Dairy,Yoghurt,972
Import,2019,Dairy,Yoghurt,481
Export,2019,Dairy,Yoghurt,840
