{
"filename": "Food_import-export_in_tons_set146_1_DB.csv",
"questions": [{"name": "template 1",
 "sql": "SELECT Value FROM DBdata WHERE ((Import_Export = 'Import' AND Quarter = 'Q1' AND Year = '2017')) AND ((Category = 'Cereals' AND Item = 'Rice'))",
 "sqlResult": "{517}",
 "nlq": "What is the amount of Import of Rice in Q1 of 2017?"},
{"name": "template 2",
 "sql": "SELECT Value FROM DBdata WHERE ((Import_Export = 'Export' AND Quarter = 'Q3' AND Year = '2018')) AND ((Category = 'Cereals' AND Item = 'Rice') OR (Category = 'Beverage' AND Item = 'Coffee'))",
 "sqlResult": "{726} || {553}",
 "nlq": "What is the amount of Export of Coffee or Rice in Q3 of 2018?"},
{"name": "template 3",
 "sql": "SELECT Value FROM DBdata WHERE ((Import_Export = 'Import' AND Quarter = 'Q1' AND Year = '2016') OR (Import_Export = 'Export' AND Quarter = 'Q3' AND Year = '2016') OR (Import_Export = 'Export' AND Quarter = 'Q3' AND Year = '2017')) AND ((Category = 'Cereals' AND Item = 'Rice'))",
 "sqlResult": "{545} || {300} || {869}",
 "nlq": "What is the amount of Import of Rice in Q1 of 2016 or of Export of Rice in Q3 of 2016 or 2017?"},
{"name": "template 4",
 "sql": "SELECT sum(Value),avg(Value) FROM DBdata WHERE ((Import_Export = 'Export' AND Quarter = 'Q1' AND Year = '2017') OR (Import_Export = 'Export' AND Quarter = 'Q1' AND Year = '2018') OR (Import_Export = 'Import' AND Quarter = 'Q2' AND Year = '2017') OR (Import_Export = 'Export' AND Quarter = 'Q2' AND Year = '2017') OR (Import_Export = 'Import' AND Quarter = 'Q3' AND Year = '2016')) AND ((Category = 'Beverage' AND Item = 'Tea'))",
 "sqlResult": "{2991 | 598.2}",
 "nlq": "What are the total and average amounts of Export of Tea in Q1 of 2018 or Q1 or Q2 of 2017 or of Import of Tea in Q2 of 2017 or Q3 of 2016?"},
{"name": "template 6",
 "sql": "SELECT Value FROM DBdata WHERE ((Import_Export = 'Import' AND Quarter = 'Q1' AND Year = '2017') OR (Import_Export = 'Export' AND Quarter = 'Q4' AND Year = '2017')) AND ((Category = 'Cereals' AND Item = 'Rice') OR (Category = 'Beverage' AND Item = 'Tea'))",
 "sqlResult": "{517} || {796} || {110} || {576}",
 "nlq": "What is the amount of Import of Rice or Tea in Q1 of 2017 or of Export of Rice or Tea in Q4 of 2017?"},
{"name": "template 7",
 "sql": "SELECT min(Value),max(Value) FROM DBdata WHERE ((Import_Export = 'Export' AND Quarter = 'Q3' AND Year = '2018')) AND ((Category = 'Cereals' AND Item = 'Rice') OR (Category = 'Cereals' AND Item = 'Seeds') OR (Category = 'Dairy' AND Item = 'Butter') OR (Category = 'Beverage' AND Item = 'Tea'))",
 "sqlResult": "{298 | 726}",
 "nlq": "What are the minimum and maximum amounts of Export of Butter, Rice, Seeds, or Tea in Q3 of 2018?"},
{"name": "template 8",
 "sql": "SELECT Import_Export,Quarter,Year,sum(Value),min(Value) FROM DBdata WHERE ((Import_Export = 'Import' AND Quarter = 'Q1' AND Year = '2017') OR (Import_Export = 'Export' AND Quarter = 'Q1' AND Year = '2017') OR (Import_Export = 'Import' AND Quarter = 'Q2' AND Year = '2016') OR (Import_Export = 'Import' AND Quarter = 'Q4' AND Year = '2017')) AND ((Category = 'Dairy' AND Item = 'Butter') OR (Category = 'Beverage' AND Item = 'Tea')) GROUP BY Import_Export,Quarter,Year",
 "sqlResult": "{Export | Q1 | 2017 | 907 | 369} || {Import | Q1 | 2017 | 382 | 110} || {Import | Q2 | 2016 | 962 | 158} || {Import | Q4 | 2017 | 476 | 90}",
 "nlq": "What are the total and minimum amounts for each Import-Export, Quarter, and Year, of Import of Butter or Tea in Q2 of 2016 or Q4 of 2017 or of Export or Import of Butter or Tea in Q1 of 2017? Please, report the corresponding Import-Export, Quarter, and Year."},
{"name": "template 9",
 "sql": "SELECT min(Value) FROM DBdata WHERE ((Import_Export = 'Import' AND Quarter = 'Q4' AND Year = '2017')) AND (Category IN ('Cereals','Dairy','Beverage')) GROUP BY Category",
 "sqlResult": "{52} || {172} || {386}",
 "nlq": "What is the minimum amount for each Category, of Import of Beverage, Cereals, or Dairy in Q4 of 2017?"},
{"name": "template 10",
 "sql": "SELECT Category,max(Value) FROM DBdata WHERE ((Import_Export = 'Import' AND Quarter = 'Q4' AND Year = '2016')) AND (Category IN ('Cereals','Dairy','Beverage')) GROUP BY Category",
 "sqlResult": "{Beverage | 763} || {Cereals | 537} || {Dairy | 978}",
 "nlq": "What is the maximum amount for each Category, of Import of Beverage, Cereals, or Dairy in Q4 of 2016? Please, report the corresponding Category."},
{"name": "template 11",
 "sql": "SELECT Category,Import_Export,Quarter,Year,min(Value) FROM DBdata WHERE ((Import_Export = 'Export' AND Quarter = 'Q1' AND Year = '2017') OR (Import_Export = 'Import' AND Quarter = 'Q2' AND Year = '2016') OR (Import_Export = 'Import' AND Quarter = 'Q2' AND Year = '2017')) AND (Category IN ('Cereals','Dairy','Beverage')) GROUP BY Category,Import_Export,Quarter,Year",
 "sqlResult": "{Beverage | Export | Q1 | 2017 | 143} || {Beverage | Import | Q2 | 2016 | 804} || {Beverage | Import | Q2 | 2017 | 222} || {Cereals | Export | Q1 | 2017 | 206} || {Cereals | Import | Q2 | 2016 | 80} || {Cereals | Import | Q2 | 2017 | 612} || {Dairy | Export | Q1 | 2017 | 538} || {Dairy | Import | Q2 | 2016 | 158} || {Dairy | Import | Q2 | 2017 | 64}",
 "nlq": "What is the minimum amount for each Category, Import-Export, Quarter, and Year, of Export of Beverage, Cereals, or Dairy in Q1 of 2017 or of Import of Beverage, Cereals, or Dairy in Q2 of 2016 or 2017? Please, report the corresponding Category, Import-Export, Quarter, and Year."},
{"name": "template 12",
 "sql": "SELECT Value FROM DBdata WHERE ((Import_Export = 'Export' AND Quarter = 'Q2' AND Year = '2018')) AND (Category IN ('Cereals','Beverage')) ORDER BY VALUE DESC LIMIT 3",
 "sqlResult": "{827} || {423} || {89}",
 "nlq": "What are the top 3 amounts of Export of Beverage or Cereals in Q2 of 2018?"},
{"name": "template 13",
 "sql": "SELECT Value FROM DBdata WHERE ((Import_Export = 'Import' AND Quarter = 'Q2' AND Year = '2018')) AND (Category IN ('Cereals','Dairy')) ORDER BY VALUE DESC",
 "sqlResult": "{985} || {679} || {239} || {216}",
 "nlq": "What are the amounts ordered by decreasing values of Import of Cereals or Dairy in Q2 of 2018?"},
{"name": "template 14",
 "sql": "SELECT Category,Item FROM DBdata WHERE ((Import_Export = 'Export' AND Quarter = 'Q2' AND Year = '2016')) AND Value < 491.5",
 "sqlResult": "{Dairy | Milk} || {Beverage | Coffee}",
 "nlq": "What are the Category and Item for which the amount of Export in Q2 of 2016 is lower than 491.5?"},
{"name": "template 15",
 "sql": "SELECT Category,Item,Value FROM DBdata WHERE ((Import_Export = 'Export' AND Quarter = 'Q4' AND Year = '2017')) AND (Category,Item) IN (SELECT Category,Item FROM DBdata WHERE ((Import_Export = 'Export' AND Quarter = 'Q2' AND Year = '2016')) AND Value < 491.5)",
 "sqlResult": "{Dairy | Milk | 628} || {Beverage | Coffee | 487}",
 "nlq": "What is the amount of Export in Q4 of 2017 of Category and of Item for which the amount of Export in Q2 of 2016 is lower than 491.5? Please, report the corresponding Category, Item, and amount of import-export."}]
}
