{
"filename": "Food_import-export_in_tons_set147_3_DB.csv",
"questions": [{"name": "template 1",
 "sql": "SELECT Value FROM DBdata WHERE ((Import_Export = 'Import' AND Year = '2021' AND Quarter = 'Q4')) AND ((Category = 'Cereals' AND Item = 'Oats'))",
 "sqlResult": "{441}",
 "nlq": "What is the amount of Import of Oats in Q4 of 2021?"},
{"name": "template 2",
 "sql": "SELECT Value FROM DBdata WHERE ((Import_Export = 'Import' AND Year = '2021' AND Quarter = 'Q2')) AND ((Category = 'Meat' AND Item = 'Pork') OR (Category = 'Cereals' AND Item = 'Oats') OR (Category = 'Dairy' AND Item = 'Milk') OR (Category = 'Dairy' AND Item = 'Cream'))",
 "sqlResult": "{740} || {772} || {128} || {974}",
 "nlq": "What is the amount of Import of Cream, Milk, Oats, or Pork in Q2 of 2021?"},
{"name": "template 3",
 "sql": "SELECT Value FROM DBdata WHERE ((Import_Export = 'Export' AND Year = '2021' AND Quarter = 'Q1') OR (Import_Export = 'Export' AND Year = '2020' AND Quarter = 'Q2') OR (Import_Export = 'Import' AND Year = '2021' AND Quarter = 'Q2') OR (Import_Export = 'Import' AND Year = '2020' AND Quarter = 'Q3') OR (Import_Export = 'Export' AND Year = '2020' AND Quarter = 'Q4')) AND ((Category = 'Dairy' AND Item = 'Milk'))",
 "sqlResult": "{159} || {551} || {128} || {494} || {576}",
 "nlq": "What is the amount of Export of Milk in Q1 of 2021 or Q2 or Q4 of 2020 or of Import of Milk in Q2 of 2021 or Q3 of 2020?"},
{"name": "template 4",
 "sql": "SELECT min(Value),sum(Value) FROM DBdata WHERE ((Import_Export = 'Import' AND Year = '2020' AND Quarter = 'Q1') OR (Import_Export = 'Export' AND Year = '2020' AND Quarter = 'Q1') OR (Import_Export = 'Export' AND Year = '2021' AND Quarter = 'Q1') OR (Import_Export = 'Import' AND Year = '2020' AND Quarter = 'Q2') OR (Import_Export = 'Import' AND Year = '2021' AND Quarter = 'Q2') OR (Import_Export = 'Export' AND Year = '2021' AND Quarter = 'Q2') OR (Import_Export = 'Export' AND Year = '2020' AND Quarter = 'Q3') OR (Import_Export = 'Import' AND Year = '2021' AND Quarter = 'Q3') OR (Import_Export = 'Import' AND Year = '2021' AND Quarter = 'Q4') OR (Import_Export = 'Export' AND Year = '2021' AND Quarter = 'Q4')) AND ((Category = 'Dairy' AND Item = 'Butter'))",
 "sqlResult": "{64 | 4208}",
 "nlq": "What are the minimum and total amounts of Export of Butter in Q1, Q2, or Q4 of 2021 or Q3 of 2020, of Import of Butter in Q2 of 2020 or 2021 or Q3 or Q4 of 2021, or of Export or Import of Butter in Q1 of 2020?"},
{"name": "template 6",
 "sql": "SELECT Value FROM DBdata WHERE ((Import_Export = 'Export' AND Year = '2020' AND Quarter = 'Q1') OR (Import_Export = 'Export' AND Year = '2021' AND Quarter = 'Q2') OR (Import_Export = 'Import' AND Year = '2021' AND Quarter = 'Q4')) AND ((Category = 'Meat' AND Item = 'Pork') OR (Category = 'Cereals' AND Item = 'Oats') OR (Category = 'Cereals' AND Item = 'Rice') OR (Category = 'Dairy' AND Item = 'Butter'))",
 "sqlResult": "{273} || {176} || {905} || {243} || {369} || {441} || {647} || {291} || {809} || {317} || {185} || {709}",
 "nlq": "What is the amount of Export of Butter, Oats, Pork, or Rice in Q1 of 2020 or Q2 of 2021 or of Import of Butter, Oats, Pork, or Rice in Q4 of 2021?"},
{"name": "template 7",
 "sql": "SELECT sum(Value),avg(Value) FROM DBdata WHERE ((Import_Export = 'Import' AND Year = '2021' AND Quarter = 'Q4')) AND ((Category = 'Meat' AND Item = 'Pork') OR (Category = 'Dairy' AND Item = 'Milk'))",
 "sqlResult": "{1235 | 617.5}",
 "nlq": "What are the total and average amounts of Import of Milk or Pork in Q4 of 2021?"},
{"name": "template 8",
 "sql": "SELECT Import_Export,Year,Quarter,min(Value),sum(Value) FROM DBdata WHERE ((Import_Export = 'Import' AND Year = '2021' AND Quarter = 'Q1') OR (Import_Export = 'Export' AND Year = '2021' AND Quarter = 'Q2') OR (Import_Export = 'Import' AND Year = '2020' AND Quarter = 'Q3') OR (Import_Export = 'Export' AND Year = '2020' AND Quarter = 'Q3') OR (Import_Export = 'Import' AND Year = '2021' AND Quarter = 'Q4')) AND ((Category = 'Cereals' AND Item = 'Rice') OR (Category = 'Dairy' AND Item = 'Milk')) GROUP BY Import_Export,Year,Quarter",
 "sqlResult": "{Export | 2020 | Q3 | 429 | 1014} || {Export | 2021 | Q2 | 291 | 678} || {Import | 2020 | Q3 | 494 | 1300} || {Import | 2021 | Q1 | 15 | 679} || {Import | 2021 | Q4 | 330 | 1139}",
 "nlq": "What are the minimum and total amounts for each Import-Export, Year, and Quarter, of Import of Milk or Rice in Q1 or Q4 of 2021, of Export of Milk or Rice in Q2 of 2021, or of Export or Import of Milk or Rice in Q3 of 2020? Please, report the corresponding Import-Export, Year, and Quarter."},
{"name": "template 9",
 "sql": "SELECT min(Value) FROM DBdata WHERE ((Import_Export = 'Import' AND Year = '2020' AND Quarter = 'Q3')) AND (Category IN ('Meat','Cereals','Dairy')) GROUP BY Category",
 "sqlResult": "{32} || {63} || {386}",
 "nlq": "What is the minimum amount for each Category, of Import of Cereals, Dairy, or Meat in Q3 of 2020?"},
{"name": "template 10",
 "sql": "SELECT Category,min(Value) FROM DBdata WHERE ((Import_Export = 'Import' AND Year = '2021' AND Quarter = 'Q2')) AND (Category IN ('Meat','Cereals','Dairy')) GROUP BY Category",
 "sqlResult": "{Cereals | 707} || {Dairy | 128} || {Meat | 542}",
 "nlq": "What is the minimum amount for each Category, of Import of Cereals, Dairy, or Meat in Q2 of 2021? Please, report the corresponding Category."},
{"name": "template 11",
 "sql": "SELECT Category,Import_Export,Year,Quarter,min(Value) FROM DBdata WHERE ((Import_Export = 'Export' AND Year = '2021' AND Quarter = 'Q1') OR (Import_Export = 'Import' AND Year = '2021' AND Quarter = 'Q2') OR (Import_Export = 'Export' AND Year = '2021' AND Quarter = 'Q4')) AND (Category IN ('Meat','Cereals','Dairy')) GROUP BY Category,Import_Export,Year,Quarter",
 "sqlResult": "{Cereals | Export | 2021 | Q1 | 85} || {Cereals | Export | 2021 | Q4 | 557} || {Cereals | Import | 2021 | Q2 | 707} || {Dairy | Export | 2021 | Q1 | 159} || {Dairy | Export | 2021 | Q4 | 326} || {Dairy | Import | 2021 | Q2 | 128} || {Meat | Export | 2021 | Q1 | 111} || {Meat | Export | 2021 | Q4 | 216} || {Meat | Import | 2021 | Q2 | 542}",
 "nlq": "What is the minimum amount for each Category, Import-Export, Year, and Quarter, of Export of Cereals, Dairy, or Meat in Q1 or Q4 of 2021 or of Import of Cereals, Dairy, or Meat in Q2 of 2021? Please, report the corresponding Category, Import-Export, Year, and Quarter."},
{"name": "template 12",
 "sql": "SELECT Value FROM DBdata WHERE ((Import_Export = 'Import' AND Year = '2021' AND Quarter = 'Q4')) AND (Category IN ('Meat','Dairy')) ORDER BY VALUE ASC LIMIT 2",
 "sqlResult": "{59} || {330}",
 "nlq": "What are the bottom 2 amounts of Import of Dairy or Meat in Q4 of 2021?"},
{"name": "template 13",
 "sql": "SELECT Value FROM DBdata WHERE ((Import_Export = 'Import' AND Year = '2020' AND Quarter = 'Q4')) AND (Category IN ('Cereals','Dairy')) ORDER BY VALUE ASC",
 "sqlResult": "{460} || {805} || {862} || {922} || {998}",
 "nlq": "What are the amounts ordered by increasing values of Import of Cereals or Dairy in Q4 of 2020?"},
{"name": "template 14",
 "sql": "SELECT Category,Item FROM DBdata WHERE ((Import_Export = 'Export' AND Year = '2021' AND Quarter = 'Q2')) AND Value > 492.38",
 "sqlResult": "{Meat | Beef} || {Meat | Chicken}",
 "nlq": "What are the Category and Item for which the amount of Export in Q2 of 2021 is greater than 492.38?"},
{"name": "template 15",
 "sql": "SELECT Category,Item,Value FROM DBdata WHERE ((Import_Export = 'Export' AND Year = '2020' AND Quarter = 'Q1')) AND (Category,Item) IN (SELECT Category,Item FROM DBdata WHERE ((Import_Export = 'Export' AND Year = '2021' AND Quarter = 'Q2')) AND Value > 492.38)",
 "sqlResult": "{Meat | Beef | 534} || {Meat | Chicken | 850}",
 "nlq": "What is the amount of Export in Q1 of 2020 of Category and of Item for which the amount of Export in Q2 of 2021 is greater than 492.38? Please, report the corresponding Category, Item, and amount of import-export."}]
}
