{
"filename": "Food_import-export_in_tons_set149_2_DB.csv",
"questions": [{"name": "template 1",
 "sql": "SELECT Value FROM DBdata WHERE ((AA = 'AAdhl' AND BB = 'BBghj' AND CC = 'CCfvx')) AND ((DD = 'DDhnz' AND EE = 'EEfps'))",
 "sqlResult": "{182}",
 "nlq": "What is the amount of AAdhl of EEfps in CCfvx of BBghj?"},
{"name": "template 2",
 "sql": "SELECT Value FROM DBdata WHERE ((AA = 'AAgst' AND BB = 'BBlyz' AND CC = 'CCfvx')) AND ((DD = 'DDhnz' AND EE = 'EEfps') OR (DD = 'DDklp' AND EE = 'EEcft') OR (DD = 'DDklp' AND EE = 'EEbqy'))",
 "sqlResult": "{493} || {355} || {371}",
 "nlq": "What is the amount of AAgst of EEbqy, EEcft, or EEfps in CCfvx of BBlyz?"},
{"name": "template 3",
 "sql": "SELECT Value FROM DBdata WHERE ((AA = 'AAgst' AND BB = 'BBghj' AND CC = 'CCfvx') OR (AA = 'AAgst' AND BB = 'BBghj' AND CC = 'CCrwy')) AND ((DD = 'DDhnz' AND EE = 'EEblv'))",
 "sqlResult": "{336} || {20}",
 "nlq": "What is the amount of AAgst of EEblv in CCfvx or CCrwy of BBghj?"},
{"name": "template 4",
 "sql": "SELECT sum(Value),min(Value) FROM DBdata WHERE ((AA = 'AAgst' AND BB = 'BBghj' AND CC = 'CCjtw') OR (AA = 'AAdhl' AND BB = 'BBlyz' AND CC = 'CCrwy') OR (AA = 'AAdhl' AND BB = 'BBlyz' AND CC = 'CCbpt')) AND ((DD = 'DDhnz' AND EE = 'EEblv'))",
 "sqlResult": "{1691 | 64}",
 "nlq": "What are the total and minimum amounts of AAgst of EEblv in CCjtw of BBghj or of AAdhl of EEblv in CCrwy or CCbpt of BBlyz?"},
{"name": "template 6",
 "sql": "SELECT Value FROM DBdata WHERE ((AA = 'AAdhl' AND BB = 'BBjvx' AND CC = 'CCjtw') OR (AA = 'AAdhl' AND BB = 'BBlyz' AND CC = 'CCfvx') OR (AA = 'AAdhl' AND BB = 'BBlyz' AND CC = 'CCrwy')) AND ((DD = 'DDjsx' AND EE = 'EEhnx') OR (DD = 'DDhnz' AND EE = 'EEblv') OR (DD = 'DDklp' AND EE = 'EEcft'))",
 "sqlResult": "{100} || {245} || {122} || {830} || {290} || {732} || {577} || {578} || {958}",
 "nlq": "What is the amount of AAdhl of EEblv, EEcft, or EEhnx in CCjtw of BBjvx or CCfvx or CCrwy of BBlyz?"},
{"name": "template 7",
 "sql": "SELECT sum(Value),min(Value) FROM DBdata WHERE ((AA = 'AAdhl' AND BB = 'BBlyz' AND CC = 'CCbpt')) AND ((DD = 'DDjsx' AND EE = 'EEpwy') OR (DD = 'DDhnz' AND EE = 'EEblv'))",
 "sqlResult": "{1068 | 173}",
 "nlq": "What are the total and minimum amounts of AAdhl of EEpwy or EEblv in CCbpt of BBlyz?"},
{"name": "template 8",
 "sql": "SELECT AA,BB,CC,min(Value),max(Value) FROM DBdata WHERE ((AA = 'AAdhl' AND BB = 'BBghj' AND CC = 'CCfvx') OR (AA = 'AAdhl' AND BB = 'BBlyz' AND CC = 'CCfvx') OR (AA = 'AAdhl' AND BB = 'BBjvx' AND CC = 'CCrwy')) AND ((DD = 'DDjsx' AND EE = 'EEpwy') OR (DD = 'DDhnz' AND EE = 'EEfps') OR (DD = 'DDklp' AND EE = 'EEbqy')) GROUP BY AA,BB,CC",
 "sqlResult": "{AAdhl | BBjvx | CCrwy | 115 | 864} || {AAdhl | BBghj | CCfvx | 130 | 390} || {AAdhl | BBlyz | CCfvx | 38 | 846}",
 "nlq": "What are the minimum and maximum amounts for each AAgst-AAdhl, BB, and CC, of AAdhl of EEbqy, EEpwy, or EEfps in CCfvx of BBghj or BBlyz or CCrwy of BBjvx? Please, report the corresponding AAgst-AAdhl, BB, and CC."},
{"name": "template 9",
 "sql": "SELECT min(Value) FROM DBdata WHERE ((AA = 'AAdhl' AND BB = 'BBghj' AND CC = 'CCrwy')) AND (DD IN ('DDjsx','DDhnz','DDklp')) GROUP BY DD",
 "sqlResult": "{665} || {132} || {22}",
 "nlq": "What is the minimum amount for each DD, of AAdhl of DDhnz, DDklp, or DDjsx in CCrwy of BBghj?"},
{"name": "template 10",
 "sql": "SELECT DD,sum(Value) FROM DBdata WHERE ((AA = 'AAdhl' AND BB = 'BBlyz' AND CC = 'CCrwy')) AND (DD IN ('DDjsx','DDhnz','DDklp')) GROUP BY DD",
 "sqlResult": "{DDhnz | 1515} || {DDklp | 1212} || {DDjsx | 505}",
 "nlq": "What is the total amount for each DD, of AAdhl of DDhnz, DDklp, or DDjsx in CCrwy of BBlyz? Please, report the corresponding DD."},
{"name": "template 11",
 "sql": "SELECT DD,AA,BB,CC,sum(Value) FROM DBdata WHERE ((AA = 'AAgst' AND BB = 'BBlyz' AND CC = 'CCjtw') OR (AA = 'AAgst' AND BB = 'BBjvx' AND CC = 'CCfvx') OR (AA = 'AAgst' AND BB = 'BBghj' AND CC = 'CCfvx')) AND (DD IN ('DDjsx','DDhnz','DDklp')) GROUP BY DD,AA,BB,CC",
 "sqlResult": "{DDhnz | AAgst | BBjvx | CCfvx | 1217} || {DDhnz | AAgst | BBghj | CCfvx | 368} || {DDhnz | AAgst | BBlyz | CCjtw | 1331} || {DDklp | AAgst | BBjvx | CCfvx | 839} || {DDklp | AAgst | BBghj | CCfvx | 953} || {DDklp | AAgst | BBlyz | CCjtw | 555} || {DDjsx | AAgst | BBjvx | CCfvx | 1244} || {DDjsx | AAgst | BBghj | CCfvx | 1466} || {DDjsx | AAgst | BBlyz | CCjtw | 377}",
 "nlq": "What is the total amount for each DD, AAgst-AAdhl, BB, and CC, of AAgst of DDhnz, DDklp, or DDjsx in CCjtw of BBlyz or CCfvx of BBjvx or BBghj? Please, report the corresponding DD, AAgst-AAdhl, BB, and CC."},
{"name": "template 12",
 "sql": "SELECT Value FROM DBdata WHERE ((AA = 'AAdhl' AND BB = 'BBghj' AND CC = 'CCfvx')) AND (DD IN ('DDhnz','DDklp')) ORDER BY VALUE ASC LIMIT 3",
 "sqlResult": "{182} || {187} || {390}",
 "nlq": "What are the bottom 3 amounts of AAdhl of DDhnz or DDklp in CCfvx of BBghj?"},
{"name": "template 13",
 "sql": "SELECT Value FROM DBdata WHERE ((AA = 'AAdhl' AND BB = 'BBghj' AND CC = 'CCrwy')) AND (DD IN ('DDjsx','DDhnz')) ORDER BY VALUE ASC",
 "sqlResult": "{22} || {665} || {687} || {690}",
 "nlq": "What are the amounts ordered by increasing values of AAdhl of DDhnz or DDjsx in CCrwy of BBghj?"},
{"name": "template 14",
 "sql": "SELECT DD,EE FROM DBdata WHERE ((AA = 'AAdhl' AND BB = 'BBjvx' AND CC = 'CCfvx')) AND Value < 447.27",
 "sqlResult": "{DDhnz | EEfps}",
 "nlq": "What are the DD and EE for which the amount of AAdhl in CCfvx of BBjvx is lower than 447.27?"},
{"name": "template 15",
 "sql": "SELECT DD,EE,Value FROM DBdata WHERE ((AA = 'AAdhl' AND BB = 'BBghj' AND CC = 'CCjtw')) AND (DD,EE) IN (SELECT DD,EE FROM DBdata WHERE ((AA = 'AAdhl' AND BB = 'BBjvx' AND CC = 'CCfvx')) AND Value < 447.27)",
 "sqlResult": "{DDhnz | EEfps | 154}",
 "nlq": "What is the amount of AAdhl in CCjtw of BBghj of DD and of EE for which the amount of AAdhl in CCfvx of BBjvx is lower than 447.27? Please, report the corresponding DD, EE, and amount of import-export."}]
}

