Import-Export,Year,Category,Item,Value
Import_Export,Year,Category,Item,Value
Import,2017,Dairy,Cream,956
Export,2017,Dairy,Cream,83
Import,2018,Dairy,Cream,359
Export,2018,Dairy,Cream,203
Import,2017,Dairy,Cheese,380
Export,2017,Dairy,Cheese,614
Import,2018,Dairy,Cheese,757
Export,2018,Dairy,Cheese,427
Import,2017,Dairy,Yoghurt,900
Export,2017,Dairy,Yoghurt,753
Import,2018,Dairy,Yoghurt,973
Export,2018,Dairy,Yoghurt,602
Import,2017,Beverage,Tea,462
Export,2017,Beverage,Tea,244
Import,2018,Beverage,Tea,680
Export,2018,Beverage,Tea,52
Import,2017,Beverage,Soda,184
Export,2017,Beverage,Soda,822
Import,2018,Beverage,Soda,856
Export,2018,Beverage,Soda,709
Import,2017,Beverage,Juice,610
Export,2017,Beverage,Juice,660
Import,2018,Beverage,Juice,741
Export,2018,Beverage,Juice,231
