Import-Export,Year,Category,Item,Value
Import_Export,Year,Category,Item,Value
Import,2019,Meat,Beef,906
Export,2019,Meat,Beef,601
Import,2020,Meat,Beef,808
Export,2020,Meat,Beef,685
Import,2021,Meat,Beef,996
Export,2021,Meat,Beef,659
Import,2019,Meat,Chicken,416
Export,2019,Meat,Chicken,607
Import,2020,Meat,Chicken,407
Export,2020,Meat,Chicken,448
Import,2021,Meat,Chicken,242
Export,2021,Meat,Chicken,96
Import,2019,Cereals,Seeds,459
Export,2019,Cereals,Seeds,496
Import,2020,Cereals,Seeds,182
Export,2020,Cereals,Seeds,947
Import,2021,Cereals,Seeds,217
Export,2021,Cereals,Seeds,371
Import,2019,Cereals,Wheat,103
Export,2019,Cereals,Wheat,14
Import,2020,Cereals,Wheat,828
Export,2020,Cereals,Wheat,33
Import,2021,Cereals,Wheat,872
Export,2021,Cereals,Wheat,304
Import,2019,Cereals,Soybeans,243
Export,2019,Cereals,Soybeans,195
Import,2020,Cereals,Soybeans,394
Export,2020,Cereals,Soybeans,946
Import,2021,Cereals,Soybeans,798
Export,2021,Cereals,Soybeans,452
