{
"filename": "Food_import-export_in_tons_set138_2_DB.csv",
"questions": [{"name": "template 1",
 "sql": "SELECT Value FROM DBdata WHERE ((Import_Export = 'Export' AND Year = '2019')) AND ((Category = 'Cereals' AND Item = 'Wheat'))",
 "sqlResult": "{14}",
 "nlq": "What is the amount of Export of Wheat in 2019?"},
{"name": "template 2",
 "sql": "SELECT Value FROM DBdata WHERE ((Import_Export = 'Export' AND Year = '2019')) AND ((Category = 'Meat' AND Item = 'Beef') OR (Category = 'Meat' AND Item = 'Chicken') OR (Category = 'Cereals' AND Item = 'Seeds') OR (Category = 'Cereals' AND Item = 'Wheat') OR (Category = 'Cereals' AND Item = 'Soybeans'))",
 "sqlResult": "{601} || {607} || {496} || {14} || {195}",
 "nlq": "What is the amount of Export of Beef, Chicken, Seeds, Soybeans, or Wheat in 2019?"},
{"name": "template 3",
 "sql": "SELECT Value FROM DBdata WHERE ((Import_Export = 'Import' AND Year = '2019') OR (Import_Export = 'Import' AND Year = '2020') OR (Import_Export = 'Export' AND Year = '2020') OR (Import_Export = 'Import' AND Year = '2021') OR (Import_Export = 'Export' AND Year = '2021')) AND ((Category = 'Cereals' AND Item = 'Wheat'))",
 "sqlResult": "{103} || {828} || {33} || {872} || {304}",
 "nlq": "What is the amount of Import of Wheat in 2019, 2020, or 2021 or of Export of Wheat in 2020 or 2021?"},
{"name": "template 4",
 "sql": "SELECT min(Value),sum(Value) FROM DBdata WHERE ((Import_Export = 'Export' AND Year = '2019') OR (Import_Export = 'Import' AND Year = '2020') OR (Import_Export = 'Export' AND Year = '2020')) AND ((Category = 'Meat' AND Item = 'Beef'))",
 "sqlResult": "{601 | 2094}",
 "nlq": "What are the minimum and total amounts of Export of Beef in 2019 or 2020 or of Import of Beef in 2020?"},
{"name": "template 5",
 "sql": "SELECT avg(Value) FROM DBdata WHERE Import_Export = 'Import' AND (Year IN ('2019','2020','2021')) AND ((Category = 'Cereals' AND Item = 'Wheat'))",
 "sqlResult": "{601}",
 "nlq": "What is the average amount of Import of Wheat in 2019, 2020, or 2021?"},
{"name": "template 6",
 "sql": "SELECT Value FROM DBdata WHERE ((Import_Export = 'Import' AND Year = '2019') OR (Import_Export = 'Import' AND Year = '2020') OR (Import_Export = 'Export' AND Year = '2020') OR (Import_Export = 'Import' AND Year = '2021')) AND ((Category = 'Meat' AND Item = 'Beef') OR (Category = 'Cereals' AND Item = 'Wheat') OR (Category = 'Cereals' AND Item = 'Soybeans'))",
 "sqlResult": "{906} || {808} || {685} || {996} || {103} || {828} || {33} || {872} || {243} || {394} || {946} || {798}",
 "nlq": "What is the amount of Import of Beef, Soybeans, or Wheat in 2019, 2020, or 2021 or of Export of Beef, Soybeans, or Wheat in 2020?"},
{"name": "template 7",
 "sql": "SELECT min(Value),max(Value) FROM DBdata WHERE ((Import_Export = 'Import' AND Year = '2019')) AND ((Category = 'Meat' AND Item = 'Beef') OR (Category = 'Meat' AND Item = 'Chicken') OR (Category = 'Cereals' AND Item = 'Wheat'))",
 "sqlResult": "{103 | 906}",
 "nlq": "What are the minimum and maximum amounts of Import of Beef, Chicken, or Wheat in 2019?"},
{"name": "template 8",
 "sql": "SELECT Import_Export,Year,min(Value),max(Value) FROM DBdata WHERE ((Import_Export = 'Import' AND Year = '2019') OR (Import_Export = 'Import' AND Year = '2020') OR (Import_Export = 'Export' AND Year = '2020') OR (Import_Export = 'Import' AND Year = '2021')) AND ((Category = 'Cereals' AND Item = 'Wheat') OR (Category = 'Cereals' AND Item = 'Soybeans')) GROUP BY Import_Export,Year",
 "sqlResult": "{Export | 2020 | 33 | 946} || {Import | 2019 | 103 | 243} || {Import | 2020 | 394 | 828} || {Import | 2021 | 798 | 872}",
 "nlq": "What are the minimum and maximum amounts for each Import-Export and Year, of Import of Soybeans or Wheat in 2019, 2020, or 2021 or of Export of Soybeans or Wheat in 2020? Please, report the corresponding Import-Export and Year."},
{"name": "template 9",
 "sql": "SELECT min(Value) FROM DBdata WHERE ((Import_Export = 'Import' AND Year = '2021')) AND (Category IN ('Meat','Cereals')) GROUP BY Category",
 "sqlResult": "{217} || {242}",
 "nlq": "What is the minimum amount for each Category, of Import of Cereals or Meat in 2021?"},
{"name": "template 10",
 "sql": "SELECT Category,min(Value) FROM DBdata WHERE ((Import_Export = 'Export' AND Year = '2019')) AND (Category IN ('Meat','Cereals')) GROUP BY Category",
 "sqlResult": "{Cereals | 14} || {Meat | 601}",
 "nlq": "What is the minimum amount for each Category, of Export of Cereals or Meat in 2019? Please, report the corresponding Category."},
{"name": "template 11",
 "sql": "SELECT Category,Import_Export,Year,avg(Value) FROM DBdata WHERE ((Import_Export = 'Import' AND Year = '2020') OR (Import_Export = 'Import' AND Year = '2021')) AND (Category IN ('Meat','Cereals')) GROUP BY Category,Import_Export,Year",
 "sqlResult": "{Cereals | Import | 2020 | 468} || {Cereals | Import | 2021 | 629} || {Meat | Import | 2020 | 607.5} || {Meat | Import | 2021 | 619}",
 "nlq": "What is the average amount for each Category, Import-Export, and Year, of Import of Cereals or Meat in 2020 or 2021? Please, report the corresponding Category, Import-Export, and Year."},
{"name": "template 12",
 "sql": "SELECT Value FROM DBdata WHERE ((Import_Export = 'Export' AND Year = '2020')) AND (Category IN ('Meat','Cereals')) ORDER BY VALUE DESC LIMIT 2",
 "sqlResult": "{947} || {946}",
 "nlq": "What are the top 2 amounts of Export of Cereals or Meat in 2020?"},
{"name": "template 13",
 "sql": "SELECT Value FROM DBdata WHERE ((Import_Export = 'Export' AND Year = '2021')) AND (Category IN ('Meat','Cereals')) ORDER BY VALUE DESC",
 "sqlResult": "{659} || {452} || {371} || {304} || {96}",
 "nlq": "What are the amounts ordered by decreasing values of Export of Cereals or Meat in 2021?"},
{"name": "template 14",
 "sql": "SELECT Category,Item FROM DBdata WHERE ((Import_Export = 'Import' AND Year = '2019')) AND Value > 490.83",
 "sqlResult": "{Meat | Beef}",
 "nlq": "What are the Category and Item for which the amount of Import in 2019 is greater than 490.83?"},
{"name": "template 15",
 "sql": "SELECT Category,Item,Value FROM DBdata WHERE ((Import_Export = 'Export' AND Year = '2021')) AND (Category,Item) IN (SELECT Category,Item FROM DBdata WHERE ((Import_Export = 'Import' AND Year = '2019')) AND Value > 490.83)",
 "sqlResult": "{Meat | Beef | 659}",
 "nlq": "What is the amount of Export in 2021 of Category and of Item for which the amount of Import in 2019 is greater than 490.83? Please, report the corresponding Category, Item, and amount of import-export."}]
}
