{
"filename": "Food_import-export_in_tons_set146_1_DB.csv",
"questions": [{"name": "template 1",
 "sql": "SELECT Value FROM DBdata WHERE ((AA = 'AAhky' AND CC = 'CCbqz' AND BB = 'BBlrw')) AND ((DD = 'DDgsv' AND EE = 'EElqv'))",
 "sqlResult": "{517}",
 "nlq": "What is the amount of AAhky of EElqv in CCbqz of BBlrw?"},
{"name": "template 2",
 "sql": "SELECT Value FROM DBdata WHERE ((AA = 'AAbkv' AND CC = 'CCbdl' AND BB = 'BBbdk')) AND ((DD = 'DDgsv' AND EE = 'EElqv') OR (DD = 'DDqtx' AND EE = 'EEhsy'))",
 "sqlResult": "{726} || {553}",
 "nlq": "What is the amount of AAbkv of EEhsy or EElqv in CCbdl of BBbdk?"},
{"name": "template 3",
 "sql": "SELECT Value FROM DBdata WHERE ((AA = 'AAhky' AND CC = 'CCbqz' AND BB = 'BBjls') OR (AA = 'AAbkv' AND CC = 'CCbdl' AND BB = 'BBjls') OR (AA = 'AAbkv' AND CC = 'CCbdl' AND BB = 'BBlrw')) AND ((DD = 'DDgsv' AND EE = 'EElqv'))",
 "sqlResult": "{545} || {300} || {869}",
 "nlq": "What is the amount of AAhky of EElqv in CCbqz of BBjls or of AAbkv of EElqv in CCbdl of BBjls or BBlrw?"},
{"name": "template 4",
 "sql": "SELECT sum(Value),avg(Value) FROM DBdata WHERE ((AA = 'AAbkv' AND CC = 'CCbqz' AND BB = 'BBlrw') OR (AA = 'AAbkv' AND CC = 'CCbqz' AND BB = 'BBbdk') OR (AA = 'AAhky' AND CC = 'CCmtv' AND BB = 'BBlrw') OR (AA = 'AAbkv' AND CC = 'CCmtv' AND BB = 'BBlrw') OR (AA = 'AAhky' AND CC = 'CCbdl' AND BB = 'BBjls')) AND ((DD = 'DDqtx' AND EE = 'EEfjz'))",
 "sqlResult": "{2991 | 598.2}",
 "nlq": "What are the total and average amounts of AAbkv of EEfjz in CCbqz of BBbdk or CCbqz or CCmtv of BBlrw or of AAhky of EEfjz in CCmtv of BBlrw or CCbdl of BBjls?"},
{"name": "template 6",
 "sql": "SELECT Value FROM DBdata WHERE ((AA = 'AAhky' AND CC = 'CCbqz' AND BB = 'BBlrw') OR (AA = 'AAbkv' AND CC = 'CCbmy' AND BB = 'BBlrw')) AND ((DD = 'DDgsv' AND EE = 'EElqv') OR (DD = 'DDqtx' AND EE = 'EEfjz'))",
 "sqlResult": "{517} || {796} || {110} || {576}",
 "nlq": "What is the amount of AAhky of EElqv or EEfjz in CCbqz of BBlrw or of AAbkv of EElqv or EEfjz in CCbmy of BBlrw?"},
{"name": "template 7",
 "sql": "SELECT min(Value),max(Value) FROM DBdata WHERE ((AA = 'AAbkv' AND CC = 'CCbdl' AND BB = 'BBbdk')) AND ((DD = 'DDgsv' AND EE = 'EElqv') OR (DD = 'DDgsv' AND EE = 'EEpwy') OR (DD = 'DDlvx' AND EE = 'EEhnr') OR (DD = 'DDqtx' AND EE = 'EEfjz'))",
 "sqlResult": "{298 | 726}",
 "nlq": "What are the minimum and maximum amounts of AAbkv of EEhnr, EElqv, EEpwy, or EEfjz in CCbdl of BBbdk?"},
{"name": "template 8",
 "sql": "SELECT AA,CC,BB,sum(Value),min(Value) FROM DBdata WHERE ((AA = 'AAhky' AND CC = 'CCbqz' AND BB = 'BBlrw') OR (AA = 'AAbkv' AND CC = 'CCbqz' AND BB = 'BBlrw') OR (AA = 'AAhky' AND CC = 'CCmtv' AND BB = 'BBjls') OR (AA = 'AAhky' AND CC = 'CCbmy' AND BB = 'BBlrw')) AND ((DD = 'DDlvx' AND EE = 'EEhnr') OR (DD = 'DDqtx' AND EE = 'EEfjz')) GROUP BY AA,CC,BB",
 "sqlResult": "{AAbkv | CCbqz | BBlrw | 907 | 369} || {AAhky | CCbqz | BBlrw | 382 | 110} || {AAhky | CCmtv | BBjls | 962 | 158} || {AAhky | CCbmy | BBlrw | 476 | 90}",
 "nlq": "What are the total and minimum amounts for each AAhky-AAbkv, CC, and BB, of AAhky of EEhnr or EEfjz in CCmtv of BBjls or CCbmy of BBlrw or of AAbkv or AAhky of EEhnr or EEfjz in CCbqz of BBlrw? Please, report the corresponding AAhky-AAbkv, CC, and BB."},
{"name": "template 9",
 "sql": "SELECT min(Value) FROM DBdata WHERE ((AA = 'AAhky' AND CC = 'CCbmy' AND BB = 'BBlrw')) AND (DD IN ('DDgsv','DDlvx','DDqtx')) GROUP BY DD",
 "sqlResult": "{52} || {172} || {386}",
 "nlq": "What is the minimum amount for each DD, of AAhky of DDqtx, DDgsv, or DDlvx in CCbmy of BBlrw?"},
{"name": "template 10",
 "sql": "SELECT DD,max(Value) FROM DBdata WHERE ((AA = 'AAhky' AND CC = 'CCbmy' AND BB = 'BBjls')) AND (DD IN ('DDgsv','DDlvx','DDqtx')) GROUP BY DD",
 "sqlResult": "{DDqtx | 763} || {DDgsv | 537} || {DDlvx | 978}",
 "nlq": "What is the maximum amount for each DD, of AAhky of DDqtx, DDgsv, or DDlvx in CCbmy of BBjls? Please, report the corresponding DD."},
{"name": "template 11",
 "sql": "SELECT DD,AA,CC,BB,min(Value) FROM DBdata WHERE ((AA = 'AAbkv' AND CC = 'CCbqz' AND BB = 'BBlrw') OR (AA = 'AAhky' AND CC = 'CCmtv' AND BB = 'BBjls') OR (AA = 'AAhky' AND CC = 'CCmtv' AND BB = 'BBlrw')) AND (DD IN ('DDgsv','DDlvx','DDqtx')) GROUP BY DD,AA,CC,BB",
 "sqlResult": "{DDqtx | AAbkv | CCbqz | BBlrw | 143} || {DDqtx | AAhky | CCmtv | BBjls | 804} || {DDqtx | AAhky | CCmtv | BBlrw | 222} || {DDgsv | AAbkv | CCbqz | BBlrw | 206} || {DDgsv | AAhky | CCmtv | BBjls | 80} || {DDgsv | AAhky | CCmtv | BBlrw | 612} || {DDlvx | AAbkv | CCbqz | BBlrw | 538} || {DDlvx | AAhky | CCmtv | BBjls | 158} || {DDlvx | AAhky | CCmtv | BBlrw | 64}",
 "nlq": "What is the minimum amount for each DD, AAhky-AAbkv, CC, and BB, of AAbkv of DDqtx, DDgsv, or DDlvx in CCbqz of BBlrw or of AAhky of DDqtx, DDgsv, or DDlvx in CCmtv of BBjls or BBlrw? Please, report the corresponding DD, AAhky-AAbkv, CC, and BB."},
{"name": "template 12",
 "sql": "SELECT Value FROM DBdata WHERE ((AA = 'AAbkv' AND CC = 'CCmtv' AND BB = 'BBbdk')) AND (DD IN ('DDgsv','DDqtx')) ORDER BY VALUE DESC LIMIT 3",
 "sqlResult": "{827} || {423} || {89}",
 "nlq": "What are the top 3 amounts of AAbkv of DDqtx or DDgsv in CCmtv of BBbdk?"},
{"name": "template 13",
 "sql": "SELECT Value FROM DBdata WHERE ((AA = 'AAhky' AND CC = 'CCmtv' AND BB = 'BBbdk')) AND (DD IN ('DDgsv','DDlvx')) ORDER BY VALUE DESC",
 "sqlResult": "{985} || {679} || {239} || {216}",
 "nlq": "What are the amounts ordered by decreasing values of AAhky of DDgsv or DDlvx in CCmtv of BBbdk?"},
{"name": "template 14",
 "sql": "SELECT DD,EE FROM DBdata WHERE ((AA = 'AAbkv' AND CC = 'CCmtv' AND BB = 'BBjls')) AND Value < 491.5",
 "sqlResult": "{DDlvx | EEfgp} || {DDqtx | EEhsy}",
 "nlq": "What are the DD and EE for which the amount of AAbkv in CCmtv of BBjls is lower than 491.5?"},
{"name": "template 15",
 "sql": "SELECT DD,EE,Value FROM DBdata WHERE ((AA = 'AAbkv' AND CC = 'CCbmy' AND BB = 'BBlrw')) AND (DD,EE) IN (SELECT DD,EE FROM DBdata WHERE ((AA = 'AAbkv' AND CC = 'CCmtv' AND BB = 'BBjls')) AND Value < 491.5)",
 "sqlResult": "{DDlvx | EEfgp | 628} || {DDqtx | EEhsy | 487}",
 "nlq": "What is the amount of AAbkv in CCbmy of BBlrw of DD and of EE for which the amount of AAbkv in CCmtv of BBjls is lower than 491.5? Please, report the corresponding DD, EE, and amount of import-export."}]
}

