AAcmy-AAhkl,BB,CC,DD,EE,Value
AA,BB,CC,DD,EE,Value
AAcmy,BBgjt,CCnrx,DDbfn,EEbwx,456
AAhkl,BBgjt,CCnrx,DDbfn,EEbwx,176
AAcmy,BBlnw,CCnrx,DDbfn,EEbwx,743
AAhkl,BBlnw,CCnrx,DDbfn,EEbwx,139
AAcmy,BBfxy,CCnrx,DDbfn,EEbwx,431
AAhkl,BBfxy,CCnrx,DDbfn,EEbwx,444
AAcmy,BBgjt,CCcly,DDbfn,EEbwx,707
AAhkl,BBgjt,CCcly,DDbfn,EEbwx,217
AAcmy,BBlnw,CCcly,DDbfn,EEbwx,652
AAhkl,BBlnw,CCcly,DDbfn,EEbwx,849
AAcmy,BBfxy,CCcly,DDbfn,EEbwx,208
AAhkl,BBfxy,CCcly,DDbfn,EEbwx,187
AAcmy,BBgjt,CCmtx,DDbfn,EEbwx,685
AAhkl,BBgjt,CCmtx,DDbfn,EEbwx,839
AAcmy,BBlnw,CCmtx,DDbfn,EEbwx,129
AAhkl,BBlnw,CCmtx,DDbfn,EEbwx,545
AAcmy,BBfxy,CCmtx,DDbfn,EEbwx,168
AAhkl,BBfxy,CCmtx,DDbfn,EEbwx,238
AAcmy,BBgjt,CCfkn,DDbfn,EEbwx,570
AAhkl,BBgjt,CCfkn,DDbfn,EEbwx,175
AAcmy,BBlnw,CCfkn,DDbfn,EEbwx,276
AAhkl,BBlnw,CCfkn,DDbfn,EEbwx,174
AAcmy,BBfxy,CCfkn,DDbfn,EEbwx,465
AAhkl,BBfxy,CCfkn,DDbfn,EEbwx,681
AAcmy,BBgjt,CCnrx,DDbfn,EEhjn,767
AAhkl,BBgjt,CCnrx,DDbfn,EEhjn,434
AAcmy,BBlnw,CCnrx,DDbfn,EEhjn,796
AAhkl,BBlnw,CCnrx,DDbfn,EEhjn,440
AAcmy,BBfxy,CCnrx,DDbfn,EEhjn,327
AAhkl,BBfxy,CCnrx,DDbfn,EEhjn,590
AAcmy,BBgjt,CCcly,DDbfn,EEhjn,682
AAhkl,BBgjt,CCcly,DDbfn,EEhjn,248
AAcmy,BBlnw,CCcly,DDbfn,EEhjn,240
AAhkl,BBlnw,CCcly,DDbfn,EEhjn,630
AAcmy,BBfxy,CCcly,DDbfn,EEhjn,475
AAhkl,BBfxy,CCcly,DDbfn,EEhjn,495
AAcmy,BBgjt,CCmtx,DDbfn,EEhjn,799
AAhkl,BBgjt,CCmtx,DDbfn,EEhjn,845
AAcmy,BBlnw,CCmtx,DDbfn,EEhjn,620
AAhkl,BBlnw,CCmtx,DDbfn,EEhjn,549
AAcmy,BBfxy,CCmtx,DDbfn,EEhjn,324
AAhkl,BBfxy,CCmtx,DDbfn,EEhjn,192
AAcmy,BBgjt,CCfkn,DDbfn,EEhjn,435
AAhkl,BBgjt,CCfkn,DDbfn,EEhjn,41
AAcmy,BBlnw,CCfkn,DDbfn,EEhjn,587
AAhkl,BBlnw,CCfkn,DDbfn,EEhjn,151
AAcmy,BBfxy,CCfkn,DDbfn,EEhjn,227
AAhkl,BBfxy,CCfkn,DDbfn,EEhjn,632
AAcmy,BBgjt,CCnrx,DDbfn,EEcdr,794
AAhkl,BBgjt,CCnrx,DDbfn,EEcdr,868
AAcmy,BBlnw,CCnrx,DDbfn,EEcdr,813
AAhkl,BBlnw,CCnrx,DDbfn,EEcdr,621
AAcmy,BBfxy,CCnrx,DDbfn,EEcdr,824
AAhkl,BBfxy,CCnrx,DDbfn,EEcdr,164
AAcmy,BBgjt,CCcly,DDbfn,EEcdr,928
AAhkl,BBgjt,CCcly,DDbfn,EEcdr,87
AAcmy,BBlnw,CCcly,DDbfn,EEcdr,283
AAhkl,BBlnw,CCcly,DDbfn,EEcdr,712
AAcmy,BBfxy,CCcly,DDbfn,EEcdr,122
AAhkl,BBfxy,CCcly,DDbfn,EEcdr,73
AAcmy,BBgjt,CCmtx,DDbfn,EEcdr,263
AAhkl,BBgjt,CCmtx,DDbfn,EEcdr,870
AAcmy,BBlnw,CCmtx,DDbfn,EEcdr,588
AAhkl,BBlnw,CCmtx,DDbfn,EEcdr,284
AAcmy,BBfxy,CCmtx,DDbfn,EEcdr,910
AAhkl,BBfxy,CCmtx,DDbfn,EEcdr,472
AAcmy,BBgjt,CCfkn,DDbfn,EEcdr,150
AAhkl,BBgjt,CCfkn,DDbfn,EEcdr,298
AAcmy,BBlnw,CCfkn,DDbfn,EEcdr,760
AAhkl,BBlnw,CCfkn,DDbfn,EEcdr,389
AAcmy,BBfxy,CCfkn,DDbfn,EEcdr,349
AAhkl,BBfxy,CCfkn,DDbfn,EEcdr,835
AAcmy,BBgjt,CCnrx,DDqtz,EEfhs,531
AAhkl,BBgjt,CCnrx,DDqtz,EEfhs,337
AAcmy,BBlnw,CCnrx,DDqtz,EEfhs,79
AAhkl,BBlnw,CCnrx,DDqtz,EEfhs,121
AAcmy,BBfxy,CCnrx,DDqtz,EEfhs,793
AAhkl,BBfxy,CCnrx,DDqtz,EEfhs,521
AAcmy,BBgjt,CCcly,DDqtz,EEfhs,902
AAhkl,BBgjt,CCcly,DDqtz,EEfhs,964
AAcmy,BBlnw,CCcly,DDqtz,EEfhs,905
AAhkl,BBlnw,CCcly,DDqtz,EEfhs,155
AAcmy,BBfxy,CCcly,DDqtz,EEfhs,304
AAhkl,BBfxy,CCcly,DDqtz,EEfhs,492
AAcmy,BBgjt,CCmtx,DDqtz,EEfhs,601
AAhkl,BBgjt,CCmtx,DDqtz,EEfhs,769
AAcmy,BBlnw,CCmtx,DDqtz,EEfhs,390
AAhkl,BBlnw,CCmtx,DDqtz,EEfhs,350
AAcmy,BBfxy,CCmtx,DDqtz,EEfhs,649
AAhkl,BBfxy,CCmtx,DDqtz,EEfhs,669
AAcmy,BBgjt,CCfkn,DDqtz,EEfhs,970
AAhkl,BBgjt,CCfkn,DDqtz,EEfhs,516
AAcmy,BBlnw,CCfkn,DDqtz,EEfhs,781
AAhkl,BBlnw,CCfkn,DDqtz,EEfhs,201
AAcmy,BBfxy,CCfkn,DDqtz,EEfhs,626
AAhkl,BBfxy,CCfkn,DDqtz,EEfhs,112
AAcmy,BBgjt,CCnrx,DDqtz,EEcnz,720
AAhkl,BBgjt,CCnrx,DDqtz,EEcnz,481
AAcmy,BBlnw,CCnrx,DDqtz,EEcnz,24
AAhkl,BBlnw,CCnrx,DDqtz,EEcnz,749
AAcmy,BBfxy,CCnrx,DDqtz,EEcnz,850
AAhkl,BBfxy,CCnrx,DDqtz,EEcnz,580
AAcmy,BBgjt,CCcly,DDqtz,EEcnz,710
AAhkl,BBgjt,CCcly,DDqtz,EEcnz,608
AAcmy,BBlnw,CCcly,DDqtz,EEcnz,13
AAhkl,BBlnw,CCcly,DDqtz,EEcnz,574
AAcmy,BBfxy,CCcly,DDqtz,EEcnz,759
AAhkl,BBfxy,CCcly,DDqtz,EEcnz,271
AAcmy,BBgjt,CCmtx,DDqtz,EEcnz,429
AAhkl,BBgjt,CCmtx,DDqtz,EEcnz,476
AAcmy,BBlnw,CCmtx,DDqtz,EEcnz,912
AAhkl,BBlnw,CCmtx,DDqtz,EEcnz,676
AAcmy,BBfxy,CCmtx,DDqtz,EEcnz,288
AAhkl,BBfxy,CCmtx,DDqtz,EEcnz,482
AAcmy,BBgjt,CCfkn,DDqtz,EEcnz,803
AAhkl,BBgjt,CCfkn,DDqtz,EEcnz,874
AAcmy,BBlnw,CCfkn,DDqtz,EEcnz,27
AAhkl,BBlnw,CCfkn,DDqtz,EEcnz,469
AAcmy,BBfxy,CCfkn,DDqtz,EEcnz,94
AAhkl,BBfxy,CCfkn,DDqtz,EEcnz,199
AAcmy,BBgjt,CCnrx,DDdst,EEjkn,753
AAhkl,BBgjt,CCnrx,DDdst,EEjkn,123
AAcmy,BBlnw,CCnrx,DDdst,EEjkn,381
AAhkl,BBlnw,CCnrx,DDdst,EEjkn,368
AAcmy,BBfxy,CCnrx,DDdst,EEjkn,832
AAhkl,BBfxy,CCnrx,DDdst,EEjkn,500
AAcmy,BBgjt,CCcly,DDdst,EEjkn,801
AAhkl,BBgjt,CCcly,DDdst,EEjkn,399
AAcmy,BBlnw,CCcly,DDdst,EEjkn,300
AAhkl,BBlnw,CCcly,DDdst,EEjkn,165
AAcmy,BBfxy,CCcly,DDdst,EEjkn,719
AAhkl,BBfxy,CCcly,DDdst,EEjkn,172
AAcmy,BBgjt,CCmtx,DDdst,EEjkn,229
AAhkl,BBgjt,CCmtx,DDdst,EEjkn,173
AAcmy,BBlnw,CCmtx,DDdst,EEjkn,479
AAhkl,BBlnw,CCmtx,DDdst,EEjkn,558
AAcmy,BBfxy,CCmtx,DDdst,EEjkn,887
AAhkl,BBfxy,CCmtx,DDdst,EEjkn,95
AAcmy,BBgjt,CCfkn,DDdst,EEjkn,89
AAhkl,BBgjt,CCfkn,DDdst,EEjkn,709
AAcmy,BBlnw,CCfkn,DDdst,EEjkn,99
AAhkl,BBlnw,CCfkn,DDdst,EEjkn,329
AAcmy,BBfxy,CCfkn,DDdst,EEjkn,891
AAhkl,BBfxy,CCfkn,DDdst,EEjkn,723
AAcmy,BBgjt,CCnrx,DDdst,EEdsv,191
AAhkl,BBgjt,CCnrx,DDdst,EEdsv,301
AAcmy,BBlnw,CCnrx,DDdst,EEdsv,708
AAhkl,BBlnw,CCnrx,DDdst,EEdsv,817
AAcmy,BBfxy,CCnrx,DDdst,EEdsv,871
AAhkl,BBfxy,CCnrx,DDdst,EEdsv,546
AAcmy,BBgjt,CCcly,DDdst,EEdsv,16
AAhkl,BBgjt,CCcly,DDdst,EEdsv,806
AAcmy,BBlnw,CCcly,DDdst,EEdsv,963
AAhkl,BBlnw,CCcly,DDdst,EEdsv,533
AAcmy,BBfxy,CCcly,DDdst,EEdsv,914
AAhkl,BBfxy,CCcly,DDdst,EEdsv,603
AAcmy,BBgjt,CCmtx,DDdst,EEdsv,944
AAhkl,BBgjt,CCmtx,DDdst,EEdsv,352
AAcmy,BBlnw,CCmtx,DDdst,EEdsv,519
AAhkl,BBlnw,CCmtx,DDdst,EEdsv,895
AAcmy,BBfxy,CCmtx,DDdst,EEdsv,53
AAhkl,BBfxy,CCmtx,DDdst,EEdsv,966
AAcmy,BBgjt,CCfkn,DDdst,EEdsv,178
AAhkl,BBgjt,CCfkn,DDdst,EEdsv,704
AAcmy,BBlnw,CCfkn,DDdst,EEdsv,903
AAhkl,BBlnw,CCfkn,DDdst,EEdsv,66
AAcmy,BBfxy,CCfkn,DDdst,EEdsv,216
AAhkl,BBfxy,CCfkn,DDdst,EEdsv,790
AAcmy,BBgjt,CCnrx,DDdst,EEfhq,995
AAhkl,BBgjt,CCnrx,DDdst,EEfhq,58
AAcmy,BBlnw,CCnrx,DDdst,EEfhq,445
AAhkl,BBlnw,CCnrx,DDdst,EEfhq,700
AAcmy,BBfxy,CCnrx,DDdst,EEfhq,436
AAhkl,BBfxy,CCnrx,DDdst,EEfhq,616
AAcmy,BBgjt,CCcly,DDdst,EEfhq,752
AAhkl,BBgjt,CCcly,DDdst,EEfhq,70
AAcmy,BBlnw,CCcly,DDdst,EEfhq,342
AAhkl,BBlnw,CCcly,DDdst,EEfhq,449
AAcmy,BBfxy,CCcly,DDdst,EEfhq,255
AAhkl,BBfxy,CCcly,DDdst,EEfhq,612
AAcmy,BBgjt,CCmtx,DDdst,EEfhq,266
AAhkl,BBgjt,CCmtx,DDdst,EEfhq,19
AAcmy,BBlnw,CCmtx,DDdst,EEfhq,810
AAhkl,BBlnw,CCmtx,DDdst,EEfhq,57
AAcmy,BBfxy,CCmtx,DDdst,EEfhq,880
AAhkl,BBfxy,CCmtx,DDdst,EEfhq,908
AAcmy,BBgjt,CCfkn,DDdst,EEfhq,51
AAhkl,BBgjt,CCfkn,DDdst,EEfhq,142
AAcmy,BBlnw,CCfkn,DDdst,EEfhq,990
AAhkl,BBlnw,CCfkn,DDdst,EEfhq,639
AAcmy,BBfxy,CCfkn,DDdst,EEfhq,714
AAhkl,BBfxy,CCfkn,DDdst,EEfhq,422

