AAdt-AAcg,BB,CC,DD,Value
AA,BB,CC,DD,Value
AAdt,BBkm,CCfq,DDcz,990
AAcg,BBkm,CCfq,DDcz,60
AAdt,BBmr,CCfq,DDcz,159
AAcg,BBmr,CCfq,DDcz,14
AAdt,BBcw,CCfq,DDcz,209
AAcg,BBcw,CCfq,DDcz,478
AAdt,BBkm,CCfq,DDlt,745
AAcg,BBkm,CCfq,DDlt,902
AAdt,BBmr,CCfq,DDlt,672
AAcg,BBmr,CCfq,DDlt,566
AAdt,BBcw,CCfq,DDlt,391
AAcg,BBcw,CCfq,DDlt,69
AAdt,BBkm,CCkp,DDpt,301
AAcg,BBkm,CCkp,DDpt,427
AAdt,BBmr,CCkp,DDpt,462
AAcg,BBmr,CCkp,DDpt,838
AAdt,BBcw,CCkp,DDpt,717
AAcg,BBcw,CCkp,DDpt,57
AAdt,BBkm,CCkp,DDfy,276
AAcg,BBkm,CCkp,DDfy,783
AAdt,BBmr,CCkp,DDfy,740
AAcg,BBmr,CCkp,DDfy,763
AAdt,BBcw,CCkp,DDfy,416
AAcg,BBcw,CCkp,DDfy,12
AAdt,BBkm,CCkp,DDns,227
AAcg,BBkm,CCkp,DDns,538
AAdt,BBmr,CCkp,DDns,930
AAcg,BBmr,CCkp,DDns,633
AAdt,BBcw,CCkp,DDns,594
AAcg,BBcw,CCkp,DDns,256

