Import-Export,Year,Quarter,Category,Item,Value
Import_Export,Year,Quarter,Category,Item,Value
Import,2020,Q1,Meat,Duck,572
Export,2020,Q1,Meat,Duck,688
Import,2021,Q1,Meat,Duck,761
Export,2021,Q1,Meat,Duck,566
Import,2022,Q1,Meat,Duck,724
Export,2022,Q1,Meat,Duck,372
Import,2020,Q2,Meat,Duck,916
Export,2020,Q2,Meat,Duck,961
Import,2021,Q2,Meat,Duck,568
Export,2021,Q2,Meat,Duck,713
Import,2022,Q2,Meat,Duck,930
Export,2022,Q2,Meat,Duck,652
Import,2020,Q3,Meat,Duck,771
Export,2020,Q3,Meat,Duck,240
Import,2021,Q3,Meat,Duck,58
Export,2021,Q3,Meat,Duck,469
Import,2022,Q3,Meat,Duck,753
Export,2022,Q3,Meat,Duck,192
Import,2020,Q4,Meat,Duck,340
Export,2020,Q4,Meat,Duck,585
Import,2021,Q4,Meat,Duck,918
Export,2021,Q4,Meat,Duck,213
Import,2022,Q4,Meat,Duck,182
Export,2022,Q4,Meat,Duck,76
Import,2020,Q1,Meat,Lamb,878
Export,2020,Q1,Meat,Lamb,121
Import,2021,Q1,Meat,Lamb,229
Export,2021,Q1,Meat,Lamb,198
Import,2022,Q1,Meat,Lamb,929
Export,2022,Q1,Meat,Lamb,20
Import,2020,Q2,Meat,Lamb,156
Export,2020,Q2,Meat,Lamb,695
Import,2021,Q2,Meat,Lamb,772
Export,2021,Q2,Meat,Lamb,15
Import,2022,Q2,Meat,Lamb,261
Export,2022,Q2,Meat,Lamb,583
Import,2020,Q3,Meat,Lamb,998
Export,2020,Q3,Meat,Lamb,278
Import,2021,Q3,Meat,Lamb,359
Export,2021,Q3,Meat,Lamb,697
Import,2022,Q3,Meat,Lamb,560
Export,2022,Q3,Meat,Lamb,404
Import,2020,Q4,Meat,Lamb,898
Export,2020,Q4,Meat,Lamb,791
Import,2021,Q4,Meat,Lamb,546
Export,2021,Q4,Meat,Lamb,305
Import,2022,Q4,Meat,Lamb,263
Export,2022,Q4,Meat,Lamb,348
Import,2020,Q1,Cereals,Corn,757
Export,2020,Q1,Cereals,Corn,377
Import,2021,Q1,Cereals,Corn,624
Export,2021,Q1,Cereals,Corn,822
Import,2022,Q1,Cereals,Corn,545
Export,2022,Q1,Cereals,Corn,117
Import,2020,Q2,Cereals,Corn,16
Export,2020,Q2,Cereals,Corn,526
Import,2021,Q2,Cereals,Corn,411
Export,2021,Q2,Cereals,Corn,310
Import,2022,Q2,Cereals,Corn,350
Export,2022,Q2,Cereals,Corn,576
Import,2020,Q3,Cereals,Corn,554
Export,2020,Q3,Cereals,Corn,356
Import,2021,Q3,Cereals,Corn,988
Export,2021,Q3,Cereals,Corn,389
Import,2022,Q3,Cereals,Corn,245
Export,2022,Q3,Cereals,Corn,589
Import,2020,Q4,Cereals,Corn,681
Export,2020,Q4,Cereals,Corn,477
Import,2021,Q4,Cereals,Corn,139
Export,2021,Q4,Cereals,Corn,111
Import,2022,Q4,Cereals,Corn,810
Export,2022,Q4,Cereals,Corn,478
Import,2020,Q1,Cereals,Oats,383
Export,2020,Q1,Cereals,Oats,597
Import,2021,Q1,Cereals,Oats,592
Export,2021,Q1,Cereals,Oats,699
Import,2022,Q1,Cereals,Oats,638
Export,2022,Q1,Cereals,Oats,853
Import,2020,Q2,Cereals,Oats,317
Export,2020,Q2,Cereals,Oats,37
Import,2021,Q2,Cereals,Oats,818
Export,2021,Q2,Cereals,Oats,633
Import,2022,Q2,Cereals,Oats,892
Export,2022,Q2,Cereals,Oats,440
Import,2020,Q3,Cereals,Oats,540
Export,2020,Q3,Cereals,Oats,959
Import,2021,Q3,Cereals,Oats,865
Export,2021,Q3,Cereals,Oats,639
Import,2022,Q3,Cereals,Oats,904
Export,2022,Q3,Cereals,Oats,287
Import,2020,Q4,Cereals,Oats,482
Export,2020,Q4,Cereals,Oats,802
Import,2021,Q4,Cereals,Oats,696
Export,2021,Q4,Cereals,Oats,855
Import,2022,Q4,Cereals,Oats,973
Export,2022,Q4,Cereals,Oats,909
Import,2020,Q1,Cereals,Rice,448
Export,2020,Q1,Cereals,Rice,889
Import,2021,Q1,Cereals,Rice,60
Export,2021,Q1,Cereals,Rice,417
Import,2022,Q1,Cereals,Rice,590
Export,2022,Q1,Cereals,Rice,90
Import,2020,Q2,Cereals,Rice,662
Export,2020,Q2,Cereals,Rice,286
Import,2021,Q2,Cereals,Rice,237
Export,2021,Q2,Cereals,Rice,203
Import,2022,Q2,Cereals,Rice,833
Export,2022,Q2,Cereals,Rice,205
Import,2020,Q3,Cereals,Rice,507
Export,2020,Q3,Cereals,Rice,729
Import,2021,Q3,Cereals,Rice,982
Export,2021,Q3,Cereals,Rice,272
Import,2022,Q3,Cereals,Rice,567
Export,2022,Q3,Cereals,Rice,508
Import,2020,Q4,Cereals,Rice,646
Export,2020,Q4,Cereals,Rice,87
Import,2021,Q4,Cereals,Rice,50
Export,2021,Q4,Cereals,Rice,363
Import,2022,Q4,Cereals,Rice,749
Export,2022,Q4,Cereals,Rice,580
Import,2020,Q1,Dairy,Cream,153
Export,2020,Q1,Dairy,Cream,768
Import,2021,Q1,Dairy,Cream,653
Export,2021,Q1,Dairy,Cream,376
Import,2022,Q1,Dairy,Cream,541
Export,2022,Q1,Dairy,Cream,876
Import,2020,Q2,Dairy,Cream,996
Export,2020,Q2,Dairy,Cream,444
Import,2021,Q2,Dairy,Cream,331
Export,2021,Q2,Dairy,Cream,915
Import,2022,Q2,Dairy,Cream,525
Export,2022,Q2,Dairy,Cream,455
Import,2020,Q3,Dairy,Cream,27
Export,2020,Q3,Dairy,Cream,994
Import,2021,Q3,Dairy,Cream,685
Export,2021,Q3,Dairy,Cream,495
Import,2022,Q3,Dairy,Cream,868
Export,2022,Q3,Dairy,Cream,549
Import,2020,Q4,Dairy,Cream,110
Export,2020,Q4,Dairy,Cream,825
Import,2021,Q4,Dairy,Cream,116
Export,2021,Q4,Dairy,Cream,168
Import,2022,Q4,Dairy,Cream,175
Export,2022,Q4,Dairy,Cream,85
Import,2020,Q1,Dairy,Cheese,330
Export,2020,Q1,Dairy,Cheese,84
Import,2021,Q1,Dairy,Cheese,152
Export,2021,Q1,Dairy,Cheese,361
Import,2022,Q1,Dairy,Cheese,155
Export,2022,Q1,Dairy,Cheese,114
Import,2020,Q2,Dairy,Cheese,301
Export,2020,Q2,Dairy,Cheese,334
Import,2021,Q2,Dairy,Cheese,845
Export,2021,Q2,Dairy,Cheese,107
Import,2022,Q2,Dairy,Cheese,239
Export,2022,Q2,Dairy,Cheese,847
Import,2020,Q3,Dairy,Cheese,604
Export,2020,Q3,Dairy,Cheese,395
Import,2021,Q3,Dairy,Cheese,113
Export,2021,Q3,Dairy,Cheese,324
Import,2022,Q3,Dairy,Cheese,355
Export,2022,Q3,Dairy,Cheese,177
Import,2020,Q4,Dairy,Cheese,752
Export,2020,Q4,Dairy,Cheese,938
Import,2021,Q4,Dairy,Cheese,164
Export,2021,Q4,Dairy,Cheese,781
Import,2022,Q4,Dairy,Cheese,867
Export,2022,Q4,Dairy,Cheese,381
Import,2020,Q1,Dairy,Yoghurt,854
Export,2020,Q1,Dairy,Yoghurt,327
Import,2021,Q1,Dairy,Yoghurt,872
Export,2021,Q1,Dairy,Yoghurt,209
Import,2022,Q1,Dairy,Yoghurt,183
Export,2022,Q1,Dairy,Yoghurt,81
Import,2020,Q2,Dairy,Yoghurt,61
Export,2020,Q2,Dairy,Yoghurt,364
Import,2021,Q2,Dairy,Yoghurt,913
Export,2021,Q2,Dairy,Yoghurt,897
Import,2022,Q2,Dairy,Yoghurt,966
Export,2022,Q2,Dairy,Yoghurt,591
Import,2020,Q3,Dairy,Yoghurt,119
Export,2020,Q3,Dairy,Yoghurt,264
Import,2021,Q3,Dairy,Yoghurt,885
Export,2021,Q3,Dairy,Yoghurt,24
Import,2022,Q3,Dairy,Yoghurt,71
Export,2022,Q3,Dairy,Yoghurt,836
Import,2020,Q4,Dairy,Yoghurt,743
Export,2020,Q4,Dairy,Yoghurt,863
Import,2021,Q4,Dairy,Yoghurt,817
Export,2021,Q4,Dairy,Yoghurt,709
Import,2022,Q4,Dairy,Yoghurt,405
Export,2022,Q4,Dairy,Yoghurt,520
