Import-Export,Year,Quarter,Category,Item,Value
Import_Export,Year,Quarter,Category,Item,Value
Import,2018,Q1,Cereals,Rice,602
Export,2018,Q1,Cereals,Rice,667
Import,2019,Q1,Cereals,Rice,356
Export,2019,Q1,Cereals,Rice,840
Import,2018,Q2,Cereals,Rice,534
Export,2018,Q2,Cereals,Rice,890
Import,2019,Q2,Cereals,Rice,568
Export,2019,Q2,Cereals,Rice,722
Import,2018,Q3,Cereals,Rice,441
Export,2018,Q3,Cereals,Rice,610
Import,2019,Q3,Cereals,Rice,359
Export,2019,Q3,Cereals,Rice,649
Import,2018,Q4,Cereals,Rice,194
Export,2018,Q4,Cereals,Rice,82
Import,2019,Q4,Cereals,Rice,296
Export,2019,Q4,Cereals,Rice,258
Import,2018,Q1,Cereals,Seeds,748
Export,2018,Q1,Cereals,Seeds,726
Import,2019,Q1,Cereals,Seeds,896
Export,2019,Q1,Cereals,Seeds,130
Import,2018,Q2,Cereals,Seeds,279
Export,2018,Q2,Cereals,Seeds,87
Import,2019,Q2,Cereals,Seeds,955
Export,2019,Q2,Cereals,Seeds,274
Import,2018,Q3,Cereals,Seeds,547
Export,2018,Q3,Cereals,Seeds,471
Import,2019,Q3,Cereals,Seeds,175
Export,2019,Q3,Cereals,Seeds,725
Import,2018,Q4,Cereals,Seeds,65
Export,2018,Q4,Cereals,Seeds,842
Import,2019,Q4,Cereals,Seeds,878
Export,2019,Q4,Cereals,Seeds,946
Import,2018,Q1,Dairy,Milk,969
Export,2018,Q1,Dairy,Milk,346
Import,2019,Q1,Dairy,Milk,710
Export,2019,Q1,Dairy,Milk,440
Import,2018,Q2,Dairy,Milk,280
Export,2018,Q2,Dairy,Milk,536
Import,2019,Q2,Dairy,Milk,27
Export,2019,Q2,Dairy,Milk,252
Import,2018,Q3,Dairy,Milk,744
Export,2018,Q3,Dairy,Milk,940
Import,2019,Q3,Dairy,Milk,384
Export,2019,Q3,Dairy,Milk,505
Import,2018,Q4,Dairy,Milk,883
Export,2018,Q4,Dairy,Milk,904
Import,2019,Q4,Dairy,Milk,706
Export,2019,Q4,Dairy,Milk,949
Import,2018,Q1,Dairy,Butter,187
Export,2018,Q1,Dairy,Butter,975
Import,2019,Q1,Dairy,Butter,92
Export,2019,Q1,Dairy,Butter,879
Import,2018,Q2,Dairy,Butter,133
Export,2018,Q2,Dairy,Butter,278
Import,2019,Q2,Dairy,Butter,788
Export,2019,Q2,Dairy,Butter,452
Import,2018,Q3,Dairy,Butter,481
Export,2018,Q3,Dairy,Butter,956
Import,2019,Q3,Dairy,Butter,566
Export,2019,Q3,Dairy,Butter,664
Import,2018,Q4,Dairy,Butter,331
Export,2018,Q4,Dairy,Butter,111
Import,2019,Q4,Dairy,Butter,860
Export,2019,Q4,Dairy,Butter,865
