{
"filename": "Food_import-export_in_tons_set148_4_DB.csv",
"questions": [{"name": "template 1",
 "sql": "SELECT Value FROM DBdata WHERE ((AA = 'AAjmt' AND BB = 'BBrsx' AND CC = 'CCdjx')) AND ((DD = 'DDdqv' AND EE = 'EEcrs'))",
 "sqlResult": "{436}",
 "nlq": "What is the amount of AAjmt of EEcrs in CCdjx of BBrsx?"},
{"name": "template 2",
 "sql": "SELECT Value FROM DBdata WHERE ((AA = 'AAlwy' AND BB = 'BBkls' AND CC = 'CCcsw')) AND ((DD = 'DDkpx' AND EE = 'EEdrs') OR (DD = 'DDkpx' AND EE = 'EEftw'))",
 "sqlResult": "{96} || {132}",
 "nlq": "What is the amount of AAlwy of EEftw or EEdrs in CCcsw of BBkls?"},
{"name": "template 3",
 "sql": "SELECT Value FROM DBdata WHERE ((AA = 'AAlwy' AND BB = 'BBrsx' AND CC = 'CCcmy') OR (AA = 'AAlwy' AND BB = 'BBkls' AND CC = 'CCdjx') OR (AA = 'AAlwy' AND BB = 'BBkls' AND CC = 'CCcsw')) AND ((DD = 'DDkpx' AND EE = 'EEftw'))",
 "sqlResult": "{135} || {626} || {132}",
 "nlq": "What is the amount of AAlwy of EEftw in CCcmy of BBrsx or CCdjx or CCcsw of BBkls?"},
{"name": "template 4",
 "sql": "SELECT sum(Value),min(Value) FROM DBdata WHERE ((AA = 'AAlwy' AND BB = 'BBkls' AND CC = 'CCcmy') OR (AA = 'AAlwy' AND BB = 'BBsty' AND CC = 'CCcmy') OR (AA = 'AAlwy' AND BB = 'BBsty' AND CC = 'CCdjx') OR (AA = 'AAjmt' AND BB = 'BBkls' AND CC = 'CCbpw') OR (AA = 'AAlwy' AND BB = 'BBkls' AND CC = 'CCbpw') OR (AA = 'AAlwy' AND BB = 'BBsty' AND CC = 'CCbpw') OR (AA = 'AAjmt' AND BB = 'BBrsx' AND CC = 'CCbpw') OR (AA = 'AAjmt' AND BB = 'BBkls' AND CC = 'CCcsw') OR (AA = 'AAlwy' AND BB = 'BBkls' AND CC = 'CCcsw') OR (AA = 'AAjmt' AND BB = 'BBsty' AND CC = 'CCcsw')) AND ((DD = 'DDdqv' AND EE = 'EEcrs'))",
 "sqlResult": "{5741 | 58}",
 "nlq": "What are the total and minimum amounts of AAlwy of EEcrs in CCcmy, CCdjx, or CCbpw of BBsty or CCcmy, CCbpw, or CCcsw of BBkls or of AAjmt of EEcrs in CCbpw of BBrsx or CCbpw or CCcsw of BBkls or CCcsw of BBsty?"},
{"name": "template 6",
 "sql": "SELECT Value FROM DBdata WHERE ((AA = 'AAlwy' AND BB = 'BBkls' AND CC = 'CCcmy') OR (AA = 'AAjmt' AND BB = 'BBrsx' AND CC = 'CCcmy')) AND ((DD = 'DDkpx' AND EE = 'EEftw') OR (DD = 'DDdqv' AND EE = 'EEcrs'))",
 "sqlResult": "{695} || {79} || {783} || {542}",
 "nlq": "What is the amount of AAlwy of EEcrs or EEftw in CCcmy of BBkls or of AAjmt of EEcrs or EEftw in CCcmy of BBrsx?"},
{"name": "template 7",
 "sql": "SELECT avg(Value),sum(Value) FROM DBdata WHERE ((AA = 'AAlwy' AND BB = 'BBrsx' AND CC = 'CCdjx')) AND ((DD = 'DDkpx' AND EE = 'EEftw') OR (DD = 'DDdqv' AND EE = 'EEcrs') OR (DD = 'DDdqv' AND EE = 'EEcfs') OR (DD = 'DDdqv' AND EE = 'EElqt'))",
 "sqlResult": "{582.75 | 2331}",
 "nlq": "What are the average and total amounts of AAlwy of EEcfs, EElqt, EEcrs, or EEftw in CCdjx of BBrsx?"},
{"name": "template 8",
 "sql": "SELECT AA,BB,CC,max(Value),sum(Value) FROM DBdata WHERE ((AA = 'AAlwy' AND BB = 'BBsty' AND CC = 'CCdjx') OR (AA = 'AAjmt' AND BB = 'BBsty' AND CC = 'CCcsw')) AND ((DD = 'DDkpx' AND EE = 'EEdrs') OR (DD = 'DDkpx' AND EE = 'EEftw') OR (DD = 'DDdqv' AND EE = 'EEcrs') OR (DD = 'DDdqv' AND EE = 'EEcfs') OR (DD = 'DDdqv' AND EE = 'EElqt')) GROUP BY AA,BB,CC",
 "sqlResult": "{AAlwy | BBsty | CCdjx | 843 | 3327} || {AAjmt | BBsty | CCcsw | 814 | 2324}",
 "nlq": "What are the maximum and total amounts for each AAjmt-AAlwy, BB, and CC, of AAlwy of EEcfs, EElqt, EEcrs, EEftw, or EEdrs in CCdjx of BBsty or of AAjmt of EEcfs, EElqt, EEcrs, EEftw, or EEdrs in CCcsw of BBsty? Please, report the corresponding AAjmt-AAlwy, BB, and CC."},
{"name": "template 9",
 "sql": "SELECT min(Value) FROM DBdata WHERE ((AA = 'AAlwy' AND BB = 'BBrsx' AND CC = 'CCbpw')) AND (DD IN ('DDkpx','DDdqv')) GROUP BY DD",
 "sqlResult": "{650} || {283}",
 "nlq": "What is the minimum amount for each DD, of AAlwy of DDkpx or DDdqv in CCbpw of BBrsx?"},
{"name": "template 10",
 "sql": "SELECT DD,sum(Value) FROM DBdata WHERE ((AA = 'AAlwy' AND BB = 'BBrsx' AND CC = 'CCbpw')) AND (DD IN ('DDkpx','DDdqv')) GROUP BY DD",
 "sqlResult": "{DDkpx | 1625} || {DDdqv | 1762}",
 "nlq": "What is the total amount for each DD, of AAlwy of DDkpx or DDdqv in CCbpw of BBrsx? Please, report the corresponding DD."},
{"name": "template 11",
 "sql": "SELECT DD,AA,BB,CC,min(Value) FROM DBdata WHERE ((AA = 'AAjmt' AND BB = 'BBkls' AND CC = 'CCdjx') OR (AA = 'AAlwy' AND BB = 'BBrsx' AND CC = 'CCdjx') OR (AA = 'AAlwy' AND BB = 'BBrsx' AND CC = 'CCbpw')) AND (DD IN ('DDkpx','DDdqv')) GROUP BY DD,AA,BB,CC",
 "sqlResult": "{DDkpx | AAlwy | BBrsx | CCdjx | 258} || {DDkpx | AAlwy | BBrsx | CCbpw | 650} || {DDkpx | AAjmt | BBkls | CCdjx | 270} || {DDdqv | AAlwy | BBrsx | CCdjx | 267} || {DDdqv | AAlwy | BBrsx | CCbpw | 283} || {DDdqv | AAjmt | BBkls | CCdjx | 313}",
 "nlq": "What is the minimum amount for each DD, AAjmt-AAlwy, BB, and CC, of AAjmt of DDkpx or DDdqv in CCdjx of BBkls or of AAlwy of DDkpx or DDdqv in CCdjx or CCbpw of BBrsx? Please, report the corresponding DD, AAjmt-AAlwy, BB, and CC."},
{"name": "template 12",
 "sql": "SELECT Value FROM DBdata WHERE ((AA = 'AAjmt' AND BB = 'BBrsx' AND CC = 'CCcsw')) AND (DD IN ('DDkpx','DDdqv')) ORDER BY VALUE ASC LIMIT 2",
 "sqlResult": "{33} || {355}",
 "nlq": "What are the bottom 2 amounts of AAjmt of DDkpx or DDdqv in CCcsw of BBrsx?"},
{"name": "template 13",
 "sql": "SELECT Value FROM DBdata WHERE ((AA = 'AAjmt' AND BB = 'BBsty' AND CC = 'CCbpw')) AND (DD IN ('DDkpx','DDdqv')) ORDER BY VALUE ASC",
 "sqlResult": "{337} || {363} || {526} || {894} || {960}",
 "nlq": "What are the amounts ordered by increasing values of AAjmt of DDkpx or DDdqv in CCbpw of BBsty?"},
{"name": "template 14",
 "sql": "SELECT DD,EE FROM DBdata WHERE ((AA = 'AAjmt' AND BB = 'BBsty' AND CC = 'CCdjx')) AND Value < 501.58",
 "sqlResult": "{DDkpx | EEdrs} || {DDkpx | EEftw} || {DDdqv | EEcfs}",
 "nlq": "What are the DD and EE for which the amount of AAjmt in CCdjx of BBsty is lower than 501.58?"},
{"name": "template 15",
 "sql": "SELECT DD,EE,Value FROM DBdata WHERE ((AA = 'AAlwy' AND BB = 'BBkls' AND CC = 'CCdjx')) AND (DD,EE) IN (SELECT DD,EE FROM DBdata WHERE ((AA = 'AAjmt' AND BB = 'BBsty' AND CC = 'CCdjx')) AND Value < 501.58)",
 "sqlResult": "{DDkpx | EEdrs | 588} || {DDkpx | EEftw | 626} || {DDdqv | EEcfs | 869}",
 "nlq": "What is the amount of AAlwy in CCdjx of BBkls of DD and of EE for which the amount of AAjmt in CCdjx of BBsty is lower than 501.58? Please, report the corresponding DD, EE, and amount of import-export."}]
}

