AArtw-AAdls,BB,CC,DD,EE,Value
AA,BB,CC,DD,EE,Value
AArtw,BBgjm,CCbft,DDhms,EEdly,586
AAdls,BBgjm,CCbft,DDhms,EEdly,841
AArtw,BBdjk,CCbft,DDhms,EEdly,622
AAdls,BBdjk,CCbft,DDhms,EEdly,866
AArtw,BBgjm,CCdjm,DDhms,EEdly,584
AAdls,BBgjm,CCdjm,DDhms,EEdly,722
AArtw,BBdjk,CCdjm,DDhms,EEdly,624
AAdls,BBdjk,CCdjm,DDhms,EEdly,499
AArtw,BBgjm,CChks,DDhms,EEdly,247
AAdls,BBgjm,CChks,DDhms,EEdly,272
AArtw,BBdjk,CChks,DDhms,EEdly,176
AAdls,BBdjk,CChks,DDhms,EEdly,347
AArtw,BBgjm,CCbgh,DDhms,EEdly,349
AAdls,BBgjm,CCbgh,DDhms,EEdly,864
AArtw,BBdjk,CCbgh,DDhms,EEdly,736
AAdls,BBdjk,CCbgh,DDhms,EEdly,250
AArtw,BBgjm,CCbft,DDhms,EEcgh,234
AAdls,BBgjm,CCbft,DDhms,EEcgh,580
AArtw,BBdjk,CCbft,DDhms,EEcgh,434
AAdls,BBdjk,CCbft,DDhms,EEcgh,515
AArtw,BBgjm,CCdjm,DDhms,EEcgh,215
AAdls,BBgjm,CCdjm,DDhms,EEcgh,491
AArtw,BBdjk,CCdjm,DDhms,EEcgh,117
AAdls,BBdjk,CCdjm,DDhms,EEcgh,539
AArtw,BBgjm,CChks,DDhms,EEcgh,53
AAdls,BBgjm,CChks,DDhms,EEcgh,216
AArtw,BBdjk,CChks,DDhms,EEcgh,413
AAdls,BBdjk,CChks,DDhms,EEcgh,175
AArtw,BBgjm,CCbgh,DDhms,EEcgh,781
AAdls,BBgjm,CCbgh,DDhms,EEcgh,630
AArtw,BBdjk,CCbgh,DDhms,EEcgh,322
AAdls,BBdjk,CCbgh,DDhms,EEcgh,24
AArtw,BBgjm,CCbft,DDhns,EEkst,542
AAdls,BBgjm,CCbft,DDhns,EEkst,464
AArtw,BBdjk,CCbft,DDhns,EEkst,995
AAdls,BBdjk,CCbft,DDhns,EEkst,128
AArtw,BBgjm,CCdjm,DDhns,EEkst,942
AAdls,BBgjm,CCdjm,DDhns,EEkst,308
AArtw,BBdjk,CCdjm,DDhns,EEkst,72
AAdls,BBdjk,CCdjm,DDhns,EEkst,652
AArtw,BBgjm,CChks,DDhns,EEkst,898
AAdls,BBgjm,CChks,DDhns,EEkst,851
AArtw,BBdjk,CChks,DDhns,EEkst,101
AAdls,BBdjk,CChks,DDhns,EEkst,603
AArtw,BBgjm,CCbgh,DDhns,EEkst,917
AAdls,BBgjm,CCbgh,DDhns,EEkst,344
AArtw,BBdjk,CCbgh,DDhns,EEkst,966
AAdls,BBdjk,CCbgh,DDhns,EEkst,220
AArtw,BBgjm,CCbft,DDhns,EEbsy,994
AAdls,BBgjm,CCbft,DDhns,EEbsy,543
AArtw,BBdjk,CCbft,DDhns,EEbsy,140
AAdls,BBdjk,CCbft,DDhns,EEbsy,159
AArtw,BBgjm,CCdjm,DDhns,EEbsy,902
AAdls,BBgjm,CCdjm,DDhns,EEbsy,666
AArtw,BBdjk,CCdjm,DDhns,EEbsy,742
AAdls,BBdjk,CCdjm,DDhns,EEbsy,23
AArtw,BBgjm,CChks,DDhns,EEbsy,721
AAdls,BBgjm,CChks,DDhns,EEbsy,422
AArtw,BBdjk,CChks,DDhns,EEbsy,835
AAdls,BBdjk,CChks,DDhns,EEbsy,700
AArtw,BBgjm,CCbgh,DDhns,EEbsy,847
AAdls,BBgjm,CCbgh,DDhns,EEbsy,947
AArtw,BBdjk,CCbgh,DDhns,EEbsy,978
AAdls,BBdjk,CCbgh,DDhns,EEbsy,654
AArtw,BBgjm,CCbft,DDhns,EEjtz,111
AAdls,BBgjm,CCbft,DDhns,EEjtz,825
AArtw,BBdjk,CCbft,DDhns,EEjtz,957
AAdls,BBdjk,CCbft,DDhns,EEjtz,477
AArtw,BBgjm,CCdjm,DDhns,EEjtz,803
AAdls,BBgjm,CCdjm,DDhns,EEjtz,949
AArtw,BBdjk,CCdjm,DDhns,EEjtz,124
AAdls,BBdjk,CCdjm,DDhns,EEjtz,86
AArtw,BBgjm,CChks,DDhns,EEjtz,975
AAdls,BBgjm,CChks,DDhns,EEjtz,267
AArtw,BBdjk,CChks,DDhns,EEjtz,747
AAdls,BBdjk,CChks,DDhns,EEjtz,78
AArtw,BBgjm,CCbgh,DDhns,EEjtz,572
AAdls,BBgjm,CCbgh,DDhns,EEjtz,256
AArtw,BBdjk,CCbgh,DDhns,EEjtz,87
AAdls,BBdjk,CCbgh,DDhns,EEjtz,797

