{
"filename": "Food_import-export_in_tons_set146_3_DB.csv",
"questions": [{"name": "template 1",
 "sql": "SELECT Value FROM DBdata WHERE ((Quarter = 'Q2' AND Year = '2019' AND Import_Export = 'Export')) AND ((Category = 'Cereals' AND Item = 'Wheat'))",
 "sqlResult": "{126}",
 "nlq": "What is the amount of Export of Wheat in Q2 of 2019?"},
{"name": "template 2",
 "sql": "SELECT Value FROM DBdata WHERE ((Quarter = 'Q4' AND Year = '2019' AND Import_Export = 'Import')) AND ((Category = 'Cereals' AND Item = 'Seeds') OR (Category = 'Cereals' AND Item = 'Wheat') OR (Category = 'Dairy' AND Item = 'Yoghurt') OR (Category = 'Beverage' AND Item = 'Coffee') OR (Category = 'Beverage' AND Item = 'Tea') OR (Category = 'Beverage' AND Item = 'Soda'))",
 "sqlResult": "{151} || {261} || {108} || {960} || {945} || {919}",
 "nlq": "What is the amount of Import of Coffee, Seeds, Soda, Tea, Wheat, or Yoghurt in Q4 of 2019?"},
{"name": "template 3",
 "sql": "SELECT Value FROM DBdata WHERE ((Quarter = 'Q1' AND Year = '2020' AND Import_Export = 'Export') OR (Quarter = 'Q2' AND Year = '2021' AND Import_Export = 'Import') OR (Quarter = 'Q2' AND Year = '2021' AND Import_Export = 'Export') OR (Quarter = 'Q3' AND Year = '2020' AND Import_Export = 'Import') OR (Quarter = 'Q3' AND Year = '2021' AND Import_Export = 'Import') OR (Quarter = 'Q4' AND Year = '2019' AND Import_Export = 'Import') OR (Quarter = 'Q4' AND Year = '2020' AND Import_Export = 'Import')) AND ((Category = 'Cereals' AND Item = 'Wheat'))",
 "sqlResult": "{10} || {981} || {738} || {455} || {230} || {261} || {748}",
 "nlq": "What is the amount of Import of Wheat in Q3 of 2021 or Q3 or Q4 of 2020 or Q4 of 2019, of Export of Wheat in Q1 of 2020, or of Export or Import of Wheat in Q2 of 2021?"},
{"name": "template 4",
 "sql": "SELECT avg(Value),min(Value) FROM DBdata WHERE ((Quarter = 'Q1' AND Year = '2019' AND Import_Export = 'Import') OR (Quarter = 'Q1' AND Year = '2019' AND Import_Export = 'Export') OR (Quarter = 'Q1' AND Year = '2021' AND Import_Export = 'Import') OR (Quarter = 'Q2' AND Year = '2019' AND Import_Export = 'Import') OR (Quarter = 'Q2' AND Year = '2020' AND Import_Export = 'Import') OR (Quarter = 'Q2' AND Year = '2020' AND Import_Export = 'Export') OR (Quarter = 'Q2' AND Year = '2021' AND Import_Export = 'Export') OR (Quarter = 'Q3' AND Year = '2019' AND Import_Export = 'Import') OR (Quarter = 'Q4' AND Year = '2019' AND Import_Export = 'Import') OR (Quarter = 'Q4' AND Year = '2021' AND Import_Export = 'Import')) AND ((Category = 'Dairy' AND Item = 'Cheese'))",
 "sqlResult": "{370.4 | 21}",
 "nlq": "What are the average and minimum amounts of Import of Cheese in Q1 or Q4 of 2021 or Q1, Q2, Q3, or Q4 of 2019, of Export of Cheese in Q1 of 2019 or Q2 of 2021, or of Export or Import of Cheese in Q2 of 2020?"},
{"name": "template 6",
 "sql": "SELECT Value FROM DBdata WHERE ((Quarter = 'Q1' AND Year = '2021' AND Import_Export = 'Import') OR (Quarter = 'Q2' AND Year = '2020' AND Import_Export = 'Import') OR (Quarter = 'Q3' AND Year = '2019' AND Import_Export = 'Export') OR (Quarter = 'Q3' AND Year = '2021' AND Import_Export = 'Export') OR (Quarter = 'Q4' AND Year = '2019' AND Import_Export = 'Import')) AND ((Category = 'Cereals' AND Item = 'Soybeans') OR (Category = 'Dairy' AND Item = 'Yoghurt'))",
 "sqlResult": "{926} || {22} || {768} || {234} || {19} || {499} || {143} || {949} || {286} || {108}",
 "nlq": "What is the amount of Import of Soybeans or Yoghurt in Q1 of 2021 or Q2 of 2020 or Q4 of 2019 or of Export of Soybeans or Yoghurt in Q3 of 2019 or 2021?"},
{"name": "template 7",
 "sql": "SELECT min(Value),max(Value) FROM DBdata WHERE ((Quarter = 'Q1' AND Year = '2019' AND Import_Export = 'Export')) AND ((Category = 'Cereals' AND Item = 'Wheat') OR (Category = 'Cereals' AND Item = 'Soybeans') OR (Category = 'Dairy' AND Item = 'Cheese') OR (Category = 'Beverage' AND Item = 'Coffee'))",
 "sqlResult": "{195 | 660}",
 "nlq": "What are the minimum and maximum amounts of Export of Cheese, Coffee, Soybeans, or Wheat in Q1 of 2019?"},
{"name": "template 8",
 "sql": "SELECT Quarter,Year,Import_Export,sum(Value),avg(Value) FROM DBdata WHERE ((Quarter = 'Q4' AND Year = '2019' AND Import_Export = 'Export') OR (Quarter = 'Q4' AND Year = '2020' AND Import_Export = 'Import')) AND ((Category = 'Cereals' AND Item = 'Seeds') OR (Category = 'Dairy' AND Item = 'Cream') OR (Category = 'Dairy' AND Item = 'Cheese') OR (Category = 'Beverage' AND Item = 'Coffee') OR (Category = 'Beverage' AND Item = 'Tea')) GROUP BY Quarter,Year,Import_Export",
 "sqlResult": "{Q4 | 2019 | Export | 2379 | 475.8} || {Q4 | 2020 | Import | 2012 | 402.4}",
 "nlq": "What are the total and average amounts for each Quarter, Year, and Import-Export, of Export of Cheese, Coffee, Cream, Seeds, or Tea in Q4 of 2019 or of Import of Cheese, Coffee, Cream, Seeds, or Tea in Q4 of 2020? Please, report the corresponding Quarter, Year, and Import-Export."},
{"name": "template 9",
 "sql": "SELECT min(Value) FROM DBdata WHERE ((Quarter = 'Q3' AND Year = '2019' AND Import_Export = 'Export')) AND (Category IN ('Cereals','Dairy','Beverage')) GROUP BY Category",
 "sqlResult": "{221} || {240} || {13}",
 "nlq": "What is the minimum amount for each Category, of Export of Beverage, Cereals, or Dairy in Q3 of 2019?"},
{"name": "template 10",
 "sql": "SELECT Category,max(Value) FROM DBdata WHERE ((Quarter = 'Q1' AND Year = '2020' AND Import_Export = 'Import')) AND (Category IN ('Cereals','Dairy','Beverage')) GROUP BY Category",
 "sqlResult": "{Beverage | 380} || {Cereals | 863} || {Dairy | 610}",
 "nlq": "What is the maximum amount for each Category, of Import of Beverage, Cereals, or Dairy in Q1 of 2020? Please, report the corresponding Category."},
{"name": "template 11",
 "sql": "SELECT Category,Quarter,Year,Import_Export,avg(Value) FROM DBdata WHERE ((Quarter = 'Q1' AND Year = '2019' AND Import_Export = 'Export') OR (Quarter = 'Q2' AND Year = '2021' AND Import_Export = 'Import')) AND (Category IN ('Cereals','Dairy','Beverage')) GROUP BY Category,Quarter,Year,Import_Export",
 "sqlResult": "{Beverage | Q1 | 2019 | Export | 316.33} || {Beverage | Q2 | 2021 | Import | 805.33} || {Cereals | Q1 | 2019 | Export | 414.33} || {Cereals | Q2 | 2021 | Import | 776} || {Dairy | Q1 | 2019 | Export | 502} || {Dairy | Q2 | 2021 | Import | 830}",
 "nlq": "What is the average amount for each Category, Quarter, Year, and Import-Export, of Export of Beverage, Cereals, or Dairy in Q1 of 2019 or of Import of Beverage, Cereals, or Dairy in Q2 of 2021? Please, report the corresponding Category, Quarter, Year, and Import-Export."},
{"name": "template 12",
 "sql": "SELECT Value FROM DBdata WHERE ((Quarter = 'Q3' AND Year = '2020' AND Import_Export = 'Export')) AND (Category IN ('Cereals','Dairy')) ORDER BY VALUE ASC LIMIT 3",
 "sqlResult": "{457} || {487} || {506}",
 "nlq": "What are the bottom 3 amounts of Export of Cereals or Dairy in Q3 of 2020?"},
{"name": "template 13",
 "sql": "SELECT Value FROM DBdata WHERE ((Quarter = 'Q2' AND Year = '2021' AND Import_Export = 'Import')) AND (Category IN ('Cereals','Dairy')) ORDER BY VALUE ASC",
 "sqlResult": "{433} || {697} || {884} || {909} || {914} || {981}",
 "nlq": "What are the amounts ordered by increasing values of Import of Cereals or Dairy in Q2 of 2021?"},
{"name": "template 14",
 "sql": "SELECT Category,Item FROM DBdata WHERE ((Quarter = 'Q4' AND Year = '2019' AND Import_Export = 'Import')) AND Value < 502.61",
 "sqlResult": "{Cereals | Seeds} || {Cereals | Wheat} || {Cereals | Soybeans} || {Dairy | Cream} || {Dairy | Cheese} || {Dairy | Yoghurt}",
 "nlq": "What are the Category and Item for which the amount of Import in Q4 of 2019 is lower than 502.61?"},
{"name": "template 15",
 "sql": "SELECT Category,Item,Value FROM DBdata WHERE ((Quarter = 'Q4' AND Year = '2019' AND Import_Export = 'Export')) AND (Category,Item) IN (SELECT Category,Item FROM DBdata WHERE ((Quarter = 'Q4' AND Year = '2019' AND Import_Export = 'Import')) AND Value < 502.61)",
 "sqlResult": "{Cereals | Seeds | 992} || {Cereals | Wheat | 730} || {Cereals | Soybeans | 719} || {Dairy | Cream | 788} || {Dairy | Cheese | 177} || {Dairy | Yoghurt | 755}",
 "nlq": "What is the amount of Export in Q4 of 2019 of Category and of Item for which the amount of Import in Q4 of 2019 is lower than 502.61? Please, report the corresponding Category, Item, and amount of import-export."}]
}
