AAkr-AAqr,BB,CC,DD,Value
AA,BB,CC,DD,Value
AAkr,BBmw,CCgw,DDvx,435
AAqr,BBmw,CCgw,DDvx,462
AAkr,BBrz,CCgw,DDvx,269
AAqr,BBrz,CCgw,DDvx,46
AAkr,BBbk,CCgw,DDvx,670
AAqr,BBbk,CCgw,DDvx,659
AAkr,BBmw,CCgw,DDbt,574
AAqr,BBmw,CCgw,DDbt,67
AAkr,BBrz,CCgw,DDbt,490
AAqr,BBrz,CCgw,DDbt,816
AAkr,BBbk,CCgw,DDbt,979
AAqr,BBbk,CCgw,DDbt,115
AAkr,BBmw,CCgw,DDlx,260
AAqr,BBmw,CCgw,DDlx,599
AAkr,BBrz,CCgw,DDlx,969
AAqr,BBrz,CCgw,DDlx,317
AAkr,BBbk,CCgw,DDlx,876
AAqr,BBbk,CCgw,DDlx,545
AAkr,BBmw,CCtx,DDbc,758
AAqr,BBmw,CCtx,DDbc,864
AAkr,BBrz,CCtx,DDbc,899
AAqr,BBrz,CCtx,DDbc,179
AAkr,BBbk,CCtx,DDbc,327
AAqr,BBbk,CCtx,DDbc,623
AAkr,BBmw,CCtx,DDkm,990
AAqr,BBmw,CCtx,DDkm,55
AAkr,BBrz,CCtx,DDkm,13
AAqr,BBrz,CCtx,DDkm,306
AAkr,BBbk,CCtx,DDkm,791
AAqr,BBbk,CCtx,DDkm,246
AAkr,BBmw,CCtx,DDbw,867
AAqr,BBmw,CCtx,DDbw,88
AAkr,BBrz,CCtx,DDbw,12
AAqr,BBrz,CCtx,DDbw,788
AAkr,BBbk,CCtx,DDbw,160
AAqr,BBbk,CCtx,DDbw,513
AAkr,BBmw,CChm,DDnv,258
AAqr,BBmw,CChm,DDnv,790
AAkr,BBrz,CChm,DDnv,577
AAqr,BBrz,CChm,DDnv,358
AAkr,BBbk,CChm,DDnv,719
AAqr,BBbk,CChm,DDnv,17
AAkr,BBmw,CChm,DDbp,836
AAqr,BBmw,CChm,DDbp,128
AAkr,BBrz,CChm,DDbp,40
AAqr,BBrz,CChm,DDbp,630
AAkr,BBbk,CChm,DDbp,729
AAqr,BBbk,CChm,DDbp,821

