Import-Export,Year,Category,Item,Value
Import_Export,Year,Category,Item,Value
Import,2017,Cereals,Oats,683
Export,2017,Cereals,Oats,533
Import,2018,Cereals,Oats,349
Export,2018,Cereals,Oats,847
Import,2019,Cereals,Oats,134
Export,2019,Cereals,Oats,107
Import,2017,Cereals,Rice,810
Export,2017,Cereals,Rice,957
Import,2018,Cereals,Rice,138
Export,2018,Cereals,Rice,20
Import,2019,Cereals,Rice,379
Export,2019,Cereals,Rice,555
Import,2017,Cereals,Seeds,856
Export,2017,Cereals,Seeds,891
Import,2018,Cereals,Seeds,416
Export,2018,Cereals,Seeds,832
Import,2019,Cereals,Seeds,634
Export,2019,Cereals,Seeds,115
Import,2017,Dairy,Milk,214
Export,2017,Dairy,Milk,422
Import,2018,Dairy,Milk,799
Export,2018,Dairy,Milk,228
Import,2019,Dairy,Milk,845
Export,2019,Dairy,Milk,554
Import,2017,Dairy,Butter,581
Export,2017,Dairy,Butter,415
Import,2018,Dairy,Butter,951
Export,2018,Dairy,Butter,806
Import,2019,Dairy,Butter,786
Export,2019,Dairy,Butter,961
Import,2017,Beverage,Coffee,345
Export,2017,Beverage,Coffee,278
Import,2018,Beverage,Coffee,276
Export,2018,Beverage,Coffee,935
Import,2019,Beverage,Coffee,651
Export,2019,Beverage,Coffee,167
Import,2017,Beverage,Tea,359
Export,2017,Beverage,Tea,357
Import,2018,Beverage,Tea,712
Export,2018,Beverage,Tea,811
Import,2019,Beverage,Tea,821
Export,2019,Beverage,Tea,413
Import,2017,Beverage,Soda,471
Export,2017,Beverage,Soda,790
Import,2018,Beverage,Soda,753
Export,2018,Beverage,Soda,492
Import,2019,Beverage,Soda,262
Export,2019,Beverage,Soda,35
