{
"filename": "Food_import-export_in_tons_set146_2_DB.csv",
"questions": [{"name": "template 1",
 "sql": "SELECT Value FROM DBdata WHERE ((CC = 'CCfsx' AND AA = 'AAmtv' AND BB = 'BBkmy')) AND ((DD = 'DDgkz' AND EE = 'EEckl'))",
 "sqlResult": "{440}",
 "nlq": "What is the amount of AAmtv of EEckl in CCfsx of BBkmy?"},
{"name": "template 2",
 "sql": "SELECT Value FROM DBdata WHERE ((CC = 'CClvx' AND AA = 'AAklz' AND BB = 'BBfmx')) AND ((DD = 'DDgkz' AND EE = 'EEbgx') OR (DD = 'DDgkz' AND EE = 'EEckl') OR (DD = 'DDgkz' AND EE = 'EEksw') OR (DD = 'DDmpx' AND EE = 'EEkmv') OR (DD = 'DDmpx' AND EE = 'EEkmz') OR (DD = 'DDmpx' AND EE = 'EEbcg'))",
 "sqlResult": "{707} || {759} || {402} || {822} || {493} || {621}",
 "nlq": "What is the amount of AAklz of EEckl, EEksw, EEkmv, EEbgx, EEkmz, or EEbcg in CClvx of BBfmx?"},
{"name": "template 3",
 "sql": "SELECT Value FROM DBdata WHERE ((CC = 'CCcpq' AND AA = 'AAmtv' AND BB = 'BBkmy') OR (CC = 'CCcpq' AND AA = 'AAklz' AND BB = 'BBfmx') OR (CC = 'CCcpq' AND AA = 'AAklz' AND BB = 'BBdjv') OR (CC = 'CCfsx' AND AA = 'AAklz' AND BB = 'BBkmy') OR (CC = 'CCfsx' AND AA = 'AAmtv' AND BB = 'BBdjv') OR (CC = 'CCbmp' AND AA = 'AAklz' AND BB = 'BBkmy') OR (CC = 'CCbmp' AND AA = 'AAklz' AND BB = 'BBfmx') OR (CC = 'CCbmp' AND AA = 'AAklz' AND BB = 'BBdjv')) AND ((DD = 'DDmpx' AND EE = 'EEkmz'))",
 "sqlResult": "{157} || {952} || {290} || {398} || {488} || {998} || {339} || {569}",
 "nlq": "What is the amount of AAmtv of EEkmz in CCcpq of BBkmy or CCfsx of BBdjv or of AAklz of EEkmz in CCcpq or CCbmp of BBfmx or BBdjv or CCfsx or CCbmp of BBkmy?"},
{"name": "template 4",
 "sql": "SELECT min(Value),sum(Value) FROM DBdata WHERE ((CC = 'CCcpq' AND AA = 'AAklz' AND BB = 'BBkmy') OR (CC = 'CCcpq' AND AA = 'AAmtv' AND BB = 'BBfmx') OR (CC = 'CCcpq' AND AA = 'AAklz' AND BB = 'BBdjv') OR (CC = 'CClvx' AND AA = 'AAmtv' AND BB = 'BBkmy') OR (CC = 'CClvx' AND AA = 'AAklz' AND BB = 'BBdjv') OR (CC = 'CCfsx' AND AA = 'AAmtv' AND BB = 'BBfmx') OR (CC = 'CCfsx' AND AA = 'AAklz' AND BB = 'BBdjv') OR (CC = 'CCbmp' AND AA = 'AAmtv' AND BB = 'BBdjv')) AND ((DD = 'DDgkz' AND EE = 'EEbgx'))",
 "sqlResult": "{112 | 3980}",
 "nlq": "What are the minimum and total amounts of AAklz of EEbgx in CCcpq of BBkmy or BBdjv or CClvx or CCfsx of BBdjv or of AAmtv of EEbgx in CCcpq or CCfsx of BBfmx or CClvx of BBkmy or CCbmp of BBdjv?"},
{"name": "template 6",
 "sql": "SELECT Value FROM DBdata WHERE ((CC = 'CCcpq' AND AA = 'AAklz' AND BB = 'BBfmx') OR (CC = 'CClvx' AND AA = 'AAklz' AND BB = 'BBkmy')) AND ((DD = 'DDgkz' AND EE = 'EEbgx') OR (DD = 'DDgkz' AND EE = 'EEksw') OR (DD = 'DDmpx' AND EE = 'EEkmz'))",
 "sqlResult": "{533} || {602} || {927} || {899} || {952} || {59}",
 "nlq": "What is the amount of AAklz of EEksw, EEbgx, or EEkmz in CCcpq of BBfmx or CClvx of BBkmy?"},
{"name": "template 7",
 "sql": "SELECT min(Value),avg(Value) FROM DBdata WHERE ((CC = 'CClvx' AND AA = 'AAklz' AND BB = 'BBkmy')) AND ((DD = 'DDgkz' AND EE = 'EEbgx') OR (DD = 'DDgkz' AND EE = 'EEckl') OR (DD = 'DDmpx' AND EE = 'EEkmz') OR (DD = 'DDmpx' AND EE = 'EEbcg'))",
 "sqlResult": "{59 | 426.25}",
 "nlq": "What are the minimum and average amounts of AAklz of EEckl, EEbgx, EEkmz, or EEbcg in CClvx of BBkmy?"},
{"name": "template 8",
 "sql": "SELECT CC,AA,BB,min(Value),sum(Value) FROM DBdata WHERE ((CC = 'CCcpq' AND AA = 'AAmtv' AND BB = 'BBfmx') OR (CC = 'CCcpq' AND AA = 'AAklz' AND BB = 'BBdjv') OR (CC = 'CCbmp' AND AA = 'AAmtv' AND BB = 'BBkmy') OR (CC = 'CCbmp' AND AA = 'AAklz' AND BB = 'BBdjv')) AND ((DD = 'DDmpx' AND EE = 'EEkmv') OR (DD = 'DDmpx' AND EE = 'EEkmz') OR (DD = 'DDmpx' AND EE = 'EEbcg')) GROUP BY CC,AA,BB",
 "sqlResult": "{CCcpq | AAmtv | BBfmx | 184 | 1350} || {CCcpq | AAklz | BBdjv | 290 | 1903} || {CCbmp | AAmtv | BBkmy | 773 | 2473} || {CCbmp | AAklz | BBdjv | 561 | 1755}",
 "nlq": "What are the minimum and total amounts for each CC, AAklz-AAmtv, and BB, of AAmtv of EEkmv, EEkmz, or EEbcg in CCcpq of BBfmx or CCbmp of BBkmy or of AAklz of EEkmv, EEkmz, or EEbcg in CCcpq or CCbmp of BBdjv? Please, report the corresponding CC, AAklz-AAmtv, and BB."},
{"name": "template 9",
 "sql": "SELECT min(Value) FROM DBdata WHERE ((CC = 'CCbmp' AND AA = 'AAklz' AND BB = 'BBkmy')) AND (DD IN ('DDgkz','DDmpx')) GROUP BY DD",
 "sqlResult": "{323} || {97}",
 "nlq": "What is the minimum amount for each DD, of AAklz of DDmpx or DDgkz in CCbmp of BBkmy?"},
{"name": "template 10",
 "sql": "SELECT DD,sum(Value) FROM DBdata WHERE ((CC = 'CCbmp' AND AA = 'AAmtv' AND BB = 'BBdjv')) AND (DD IN ('DDgkz','DDmpx')) GROUP BY DD",
 "sqlResult": "{DDmpx | 1502} || {DDgkz | 1041}",
 "nlq": "What is the total amount for each DD, of AAmtv of DDmpx or DDgkz in CCbmp of BBdjv? Please, report the corresponding DD."},
{"name": "template 11",
 "sql": "SELECT DD,CC,AA,BB,max(Value) FROM DBdata WHERE ((CC = 'CClvx' AND AA = 'AAklz' AND BB = 'BBfmx') OR (CC = 'CCfsx' AND AA = 'AAklz' AND BB = 'BBkmy') OR (CC = 'CCfsx' AND AA = 'AAklz' AND BB = 'BBdjv')) AND (DD IN ('DDgkz','DDmpx')) GROUP BY DD,CC,AA,BB",
 "sqlResult": "{DDmpx | CClvx | AAklz | BBfmx | 822} || {DDmpx | CCfsx | AAklz | BBkmy | 489} || {DDmpx | CCfsx | AAklz | BBdjv | 910} || {DDgkz | CClvx | AAklz | BBfmx | 759} || {DDgkz | CCfsx | AAklz | BBkmy | 867} || {DDgkz | CCfsx | AAklz | BBdjv | 945}",
 "nlq": "What is the maximum amount for each DD, CC, AAklz-AAmtv, and BB, of AAklz of DDmpx or DDgkz in CClvx of BBfmx or CCfsx of BBkmy or BBdjv? Please, report the corresponding DD, CC, AAklz-AAmtv, and BB."},
{"name": "template 12",
 "sql": "SELECT Value FROM DBdata WHERE ((CC = 'CCfsx' AND AA = 'AAmtv' AND BB = 'BBfmx')) AND (DD IN ('DDgkz','DDmpx')) ORDER BY VALUE ASC LIMIT 2",
 "sqlResult": "{247} || {335}",
 "nlq": "What are the bottom 2 amounts of AAmtv of DDmpx or DDgkz in CCfsx of BBfmx?"},
{"name": "template 13",
 "sql": "SELECT Value FROM DBdata WHERE ((CC = 'CClvx' AND AA = 'AAklz' AND BB = 'BBdjv')) AND (DD IN ('DDgkz','DDmpx')) ORDER BY VALUE ASC",
 "sqlResult": "{377} || {466} || {652} || {682} || {722} || {802}",
 "nlq": "What are the amounts ordered by increasing values of AAklz of DDmpx or DDgkz in CClvx of BBdjv?"},
{"name": "template 14",
 "sql": "SELECT DD,EE FROM DBdata WHERE ((CC = 'CCbmp' AND AA = 'AAklz' AND BB = 'BBfmx')) AND Value < 529.83",
 "sqlResult": "{DDgkz | EEbgx} || {DDgkz | EEckl} || {DDmpx | EEkmv} || {DDmpx | EEkmz}",
 "nlq": "What are the DD and EE for which the amount of AAklz in CCbmp of BBfmx is lower than 529.83?"},
{"name": "template 15",
 "sql": "SELECT DD,EE,Value FROM DBdata WHERE ((CC = 'CCbmp' AND AA = 'AAmtv' AND BB = 'BBkmy')) AND (DD,EE) IN (SELECT DD,EE FROM DBdata WHERE ((CC = 'CCbmp' AND AA = 'AAklz' AND BB = 'BBfmx')) AND Value < 529.83)",
 "sqlResult": "{DDgkz | EEbgx | 28} || {DDgkz | EEckl | 99} || {DDmpx | EEkmv | 896} || {DDmpx | EEkmz | 804}",
 "nlq": "What is the amount of AAmtv in CCbmp of BBkmy of DD and of EE for which the amount of AAklz in CCbmp of BBfmx is lower than 529.83? Please, report the corresponding DD, EE, and amount of import-export."}]
}

