AAhm-AAbf,BB,CC,DD,Value
AA,BB,CC,DD,Value
AAhm,BBkw,CCjm,DDqx,958
AAbf,BBkw,CCjm,DDqx,37
AAhm,BBhv,CCjm,DDqx,329
AAbf,BBhv,CCjm,DDqx,792
AAhm,BBdh,CCjm,DDqx,423
AAbf,BBdh,CCjm,DDqx,558
AAhm,BBkw,CCjm,DDln,780
AAbf,BBkw,CCjm,DDln,729
AAhm,BBhv,CCjm,DDln,585
AAbf,BBhv,CCjm,DDln,265
AAhm,BBdh,CCjm,DDln,839
AAbf,BBdh,CCjm,DDln,564
AAhm,BBkw,CCgz,DDqy,340
AAbf,BBkw,CCgz,DDqy,370
AAhm,BBhv,CCgz,DDqy,702
AAbf,BBhv,CCgz,DDqy,954
AAhm,BBdh,CCgz,DDqy,514
AAbf,BBdh,CCgz,DDqy,21
AAhm,BBkw,CCgz,DDmq,541
AAbf,BBkw,CCgz,DDmq,399
AAhm,BBhv,CCgz,DDmq,455
AAbf,BBhv,CCgz,DDmq,997
AAhm,BBdh,CCgz,DDmq,789
AAbf,BBdh,CCgz,DDmq,685
AAhm,BBkw,CCgz,DDhw,156
AAbf,BBkw,CCgz,DDhw,987
AAhm,BBhv,CCgz,DDhw,84
AAbf,BBhv,CCgz,DDhw,16
AAhm,BBdh,CCgz,DDhw,881
AAbf,BBdh,CCgz,DDhw,731

