AAdj-AAcd,BB,CC,DD,Value
AA,BB,CC,DD,Value
AAdj,BBks,CCcy,DDdy,691
AAcd,BBks,CCcy,DDdy,443
AAdj,BBln,CCcy,DDdy,933
AAcd,BBln,CCcy,DDdy,363
AAdj,BBlt,CCcy,DDdy,505
AAcd,BBlt,CCcy,DDdy,31
AAdj,BBks,CCcy,DDcl,711
AAcd,BBks,CCcy,DDcl,762
AAdj,BBln,CCcy,DDcl,903
AAcd,BBln,CCcy,DDcl,826
AAdj,BBlt,CCcy,DDcl,205
AAcd,BBlt,CCcy,DDcl,130
AAdj,BBks,CCcy,DDht,448
AAcd,BBks,CCcy,DDht,415
AAdj,BBln,CCcy,DDht,359
AAcd,BBln,CCcy,DDht,939
AAdj,BBlt,CCcy,DDht,1000
AAcd,BBlt,CCcy,DDht,889
AAdj,BBks,CCty,DDnz,190
AAcd,BBks,CCty,DDnz,90
AAdj,BBln,CCty,DDnz,117
AAcd,BBln,CCty,DDnz,463
AAdj,BBlt,CCty,DDnz,431
AAcd,BBlt,CCty,DDnz,724
AAdj,BBks,CCty,DDbj,585
AAcd,BBks,CCty,DDbj,610
AAdj,BBln,CCty,DDbj,976
AAcd,BBln,CCty,DDbj,686
AAdj,BBlt,CCty,DDbj,468
AAcd,BBlt,CCty,DDbj,742
AAdj,BBks,CCty,DDbf,154
AAcd,BBks,CCty,DDbf,685
AAdj,BBln,CCty,DDbf,611
AAcd,BBln,CCty,DDbf,500
AAdj,BBlt,CCty,DDbf,945
AAcd,BBlt,CCty,DDbf,196
AAdj,BBks,CCfz,DDny,297
AAcd,BBks,CCfz,DDny,216
AAdj,BBln,CCfz,DDny,440
AAcd,BBln,CCfz,DDny,469
AAdj,BBlt,CCfz,DDny,88
AAcd,BBlt,CCfz,DDny,857
AAdj,BBks,CCfz,DDmp,972
AAcd,BBks,CCfz,DDmp,537
AAdj,BBln,CCfz,DDmp,971
AAcd,BBln,CCfz,DDmp,774
AAdj,BBlt,CCfz,DDmp,85
AAcd,BBlt,CCfz,DDmp,198

