{
"filename": "Food_import-export_in_tons_set138_4_DB.csv",
"questions": [{"name": "template 1",
 "sql": "SELECT Value FROM DBdata WHERE ((Year = '2017' AND Import_Export = 'Export')) AND ((Category = 'Cereals' AND Item = 'Rice'))",
 "sqlResult": "{163}",
 "nlq": "What is the amount of Export of Rice in 2017?"},
{"name": "template 2",
 "sql": "SELECT Value FROM DBdata WHERE ((Year = '2017' AND Import_Export = 'Export')) AND ((Category = 'Cereals' AND Item = 'Seeds') OR (Category = 'Dairy' AND Item = 'Cheese'))",
 "sqlResult": "{607} || {32}",
 "nlq": "What is the amount of Export of Cheese or Seeds in 2017?"},
{"name": "template 3",
 "sql": "SELECT Value FROM DBdata WHERE ((Year = '2017' AND Import_Export = 'Import') OR (Year = '2017' AND Import_Export = 'Export') OR (Year = '2018' AND Import_Export = 'Import') OR (Year = '2018' AND Import_Export = 'Export')) AND ((Category = 'Cereals' AND Item = 'Seeds'))",
 "sqlResult": "{517} || {607} || {995} || {810}",
 "nlq": "What is the amount of Export or Import of Seeds in 2017 or 2018?"},
{"name": "template 4",
 "sql": "SELECT max(Value),min(Value) FROM DBdata WHERE ((Year = '2017' AND Import_Export = 'Export') OR (Year = '2018' AND Import_Export = 'Import')) AND ((Category = 'Cereals' AND Item = 'Seeds'))",
 "sqlResult": "{995 | 607}",
 "nlq": "What are the maximum and minimum amounts of Export of Seeds in 2017 or of Import of Seeds in 2018?"},
{"name": "template 5",
 "sql": "SELECT avg(Value) FROM DBdata WHERE (Year IN ('2017','2018')) AND ((Category = 'Dairy' AND Item = 'Cream'))",
 "sqlResult": "{516.25}",
 "nlq": "What is the average amount of Cream in 2017 or 2018?"},
{"name": "template 6",
 "sql": "SELECT Value FROM DBdata WHERE ((Year = '2017' AND Import_Export = 'Export') OR (Year = '2018' AND Import_Export = 'Import') OR (Year = '2018' AND Import_Export = 'Export')) AND ((Category = 'Cereals' AND Item = 'Rice') OR (Category = 'Dairy' AND Item = 'Cream') OR (Category = 'Dairy' AND Item = 'Cheese'))",
 "sqlResult": "{163} || {209} || {921} || {959} || {138} || {837} || {32} || {290} || {855}",
 "nlq": "What is the amount of Export of Cheese, Cream, or Rice in 2017 or 2018 or of Import of Cheese, Cream, or Rice in 2018?"},
{"name": "template 7",
 "sql": "SELECT max(Value),min(Value) FROM DBdata WHERE ((Year = '2017' AND Import_Export = 'Export')) AND ((Category = 'Cereals' AND Item = 'Rice') OR (Category = 'Dairy' AND Item = 'Cream') OR (Category = 'Dairy' AND Item = 'Cheese'))",
 "sqlResult": "{959 | 32}",
 "nlq": "What are the maximum and minimum amounts of Export of Cheese, Cream, or Rice in 2017?"},
{"name": "template 8",
 "sql": "SELECT Year,Import_Export,avg(Value),max(Value) FROM DBdata WHERE ((Year = '2017' AND Import_Export = 'Import') OR (Year = '2017' AND Import_Export = 'Export') OR (Year = '2018' AND Import_Export = 'Import') OR (Year = '2018' AND Import_Export = 'Export')) AND ((Category = 'Cereals' AND Item = 'Rice') OR (Category = 'Cereals' AND Item = 'Seeds') OR (Category = 'Dairy' AND Item = 'Cream') OR (Category = 'Dairy' AND Item = 'Cheese')) GROUP BY Year,Import_Export",
 "sqlResult": "{2017 | Export | 440.25 | 959} || {2017 | Import | 398.5 | 831} || {2018 | Export | 855.75 | 921} || {2018 | Import | 408 | 995}",
 "nlq": "What are the average and maximum amounts for each Year and Import-Export, of Export or Import of Cheese, Cream, Rice, or Seeds in 2017 or 2018? Please, report the corresponding Year and Import-Export."},
{"name": "template 9",
 "sql": "SELECT min(Value) FROM DBdata WHERE ((Year = '2017' AND Import_Export = 'Import')) AND (Category IN ('Cereals','Dairy')) GROUP BY Category",
 "sqlResult": "{115} || {131}",
 "nlq": "What is the minimum amount for each Category, of Import of Cereals or Dairy in 2017?"},
{"name": "template 10",
 "sql": "SELECT Category,avg(Value) FROM DBdata WHERE ((Year = '2017' AND Import_Export = 'Import')) AND (Category IN ('Cereals','Dairy')) GROUP BY Category",
 "sqlResult": "{Cereals | 316} || {Dairy | 481}",
 "nlq": "What is the average amount for each Category, of Import of Cereals or Dairy in 2017? Please, report the corresponding Category."},
{"name": "template 11",
 "sql": "SELECT Category,Year,Import_Export,max(Value) FROM DBdata WHERE ((Year = '2017' AND Import_Export = 'Import') OR (Year = '2018' AND Import_Export = 'Export')) AND (Category IN ('Cereals','Dairy')) GROUP BY Category,Year,Import_Export",
 "sqlResult": "{Cereals | 2017 | Import | 517} || {Cereals | 2018 | Export | 921} || {Dairy | 2017 | Import | 831} || {Dairy | 2018 | Export | 855}",
 "nlq": "What is the maximum amount for each Category, Year, and Import-Export, of Import of Cereals or Dairy in 2017 or of Export of Cereals or Dairy in 2018? Please, report the corresponding Category, Year, and Import-Export."},
{"name": "template 12",
 "sql": "SELECT Value FROM DBdata WHERE ((Year = '2018' AND Import_Export = 'Import')) AND (Category IN ('Cereals','Dairy')) ORDER BY VALUE DESC LIMIT 3",
 "sqlResult": "{995} || {290} || {209}",
 "nlq": "What are the top 3 amounts of Import of Cereals or Dairy in 2018?"},
{"name": "template 13",
 "sql": "SELECT Value FROM DBdata WHERE ((Year = '2018' AND Import_Export = 'Export')) AND (Category IN ('Cereals','Dairy')) ORDER BY VALUE DESC",
 "sqlResult": "{921} || {855} || {837} || {810}",
 "nlq": "What are the amounts ordered by decreasing values of Export of Cereals or Dairy in 2018?"},
{"name": "template 14",
 "sql": "SELECT Category,Item FROM DBdata WHERE ((Year = '2017' AND Import_Export = 'Export')) AND Value > 525.62",
 "sqlResult": "{Cereals | Seeds} || {Dairy | Cream}",
 "nlq": "What are the Category and Item for which the amount of Export in 2017 is greater than 525.62?"},
{"name": "template 15",
 "sql": "SELECT Category,Item,Value FROM DBdata WHERE ((Year = '2018' AND Import_Export = 'Export')) AND (Category,Item) IN (SELECT Category,Item FROM DBdata WHERE ((Year = '2017' AND Import_Export = 'Export')) AND Value > 525.62)",
 "sqlResult": "{Cereals | Seeds | 810} || {Dairy | Cream | 837}",
 "nlq": "What is the amount of Export in 2018 of Category and of Item for which the amount of Export in 2017 is greater than 525.62? Please, report the corresponding Category, Item, and amount of import-export."}]
}
