Import-Export,Year,Category,Item,Value
Import_Export,Year,Category,Item,Value
Import,2020,Cereals,Seeds,334
Export,2020,Cereals,Seeds,55
Import,2021,Cereals,Seeds,919
Export,2021,Cereals,Seeds,450
Import,2022,Cereals,Seeds,516
Export,2022,Cereals,Seeds,347
Import,2020,Cereals,Wheat,234
Export,2020,Cereals,Wheat,941
Import,2021,Cereals,Wheat,405
Export,2021,Cereals,Wheat,948
Import,2022,Cereals,Wheat,517
Export,2022,Cereals,Wheat,918
Import,2020,Cereals,Soybeans,329
Export,2020,Cereals,Soybeans,36
Import,2021,Cereals,Soybeans,853
Export,2021,Cereals,Soybeans,390
Import,2022,Cereals,Soybeans,171
Export,2022,Cereals,Soybeans,560
Import,2020,Dairy,Milk,463
Export,2020,Dairy,Milk,49
Import,2021,Dairy,Milk,567
Export,2021,Dairy,Milk,237
Import,2022,Dairy,Milk,397
Export,2022,Dairy,Milk,806
Import,2020,Dairy,Butter,885
Export,2020,Dairy,Butter,754
Import,2021,Dairy,Butter,215
Export,2021,Dairy,Butter,842
Import,2022,Dairy,Butter,62
Export,2022,Dairy,Butter,545
Import,2020,Beverage,Tea,921
Export,2020,Beverage,Tea,123
Import,2021,Beverage,Tea,18
Export,2021,Beverage,Tea,625
Import,2022,Beverage,Tea,943
Export,2022,Beverage,Tea,701
Import,2020,Beverage,Soda,513
Export,2020,Beverage,Soda,664
Import,2021,Beverage,Soda,476
Export,2021,Beverage,Soda,191
Import,2022,Beverage,Soda,742
Export,2022,Beverage,Soda,653
Import,2020,Beverage,Juice,378
Export,2020,Beverage,Juice,797
Import,2021,Beverage,Juice,666
Export,2021,Beverage,Juice,649
Import,2022,Beverage,Juice,710
Export,2022,Beverage,Juice,104
