{
"filename": "Food_import-export_in_tons_set135_5_DB.csv",
"questions": [{"name": "template 1",
 "sql": "SELECT Value FROM DBdata WHERE ((AA = 'AAfq' AND BB = 'BBhy')) AND ((CC = 'CCtz' AND DD = 'DDkm'))",
 "sqlResult": "{90}",
 "nlq": "What is the amount of AAfq of DDkm in BBhy?"},
{"name": "template 2",
 "sql": "SELECT Value FROM DBdata WHERE ((AA = 'AAfq' AND BB = 'BBhy')) AND ((CC = 'CCtz' AND DD = 'DDbn') OR (CC = 'CCtz' AND DD = 'DDkm'))",
 "sqlResult": "{483} || {90}",
 "nlq": "What is the amount of AAfq of DDbn or DDkm in BBhy?"},
{"name": "template 3",
 "sql": "SELECT Value FROM DBdata WHERE ((AA = 'AAfq' AND BB = 'BBdn') OR (AA = 'AAgk' AND BB = 'BBdn')) AND ((CC = 'CCtz' AND DD = 'DDkm'))",
 "sqlResult": "{232} || {636}",
 "nlq": "What is the amount of AAgk or AAfq of DDkm in BBdn?"},
{"name": "template 4",
 "sql": "SELECT min(Value),max(Value) FROM DBdata WHERE ((AA = 'AAfq' AND BB = 'BBhy') OR (AA = 'AAfq' AND BB = 'BBdn') OR (AA = 'AAgk' AND BB = 'BBdn')) AND ((CC = 'CCtz' AND DD = 'DDkm'))",
 "sqlResult": "{90 | 636}",
 "nlq": "What are the minimum and maximum amounts of AAfq of DDkm in BBhy or BBdn or of AAgk of DDkm in BBdn?"},
{"name": "template 5",
 "sql": "SELECT avg(Value) FROM DBdata WHERE AA = 'AAgk' AND (BB IN ('BBhy','BBdn')) AND ((CC = 'CCpq' AND DD = 'DDmv'))",
 "sqlResult": "{906}",
 "nlq": "What is the average amount of AAgk of DDmv in BBhy or BBdn?"},
{"name": "template 6",
 "sql": "SELECT Value FROM DBdata WHERE ((AA = 'AAfq' AND BB = 'BBdn') OR (AA = 'AAgk' AND BB = 'BBdn')) AND ((CC = 'CCtz' AND DD = 'DDbn') OR (CC = 'CCpq' AND DD = 'DDmv'))",
 "sqlResult": "{940} || {763} || {481} || {840}",
 "nlq": "What is the amount of AAgk or AAfq of DDbn or DDmv in BBdn?"},
{"name": "template 7",
 "sql": "SELECT max(Value),min(Value) FROM DBdata WHERE ((AA = 'AAgk' AND BB = 'BBdn')) AND ((CC = 'CCtz' AND DD = 'DDbn') OR (CC = 'CCpq' AND DD = 'DDtw') OR (CC = 'CCpq' AND DD = 'DDmv'))",
 "sqlResult": "{840 | 91}",
 "nlq": "What are the maximum and minimum amounts of AAgk of DDtw, DDbn, or DDmv in BBdn?"},
{"name": "template 8",
 "sql": "SELECT AA,BB,sum(Value),avg(Value) FROM DBdata WHERE ((AA = 'AAfq' AND BB = 'BBhy') OR (AA = 'AAgk' AND BB = 'BBhy') OR (AA = 'AAfq' AND BB = 'BBdn') OR (AA = 'AAgk' AND BB = 'BBdn')) AND ((CC = 'CCtz' AND DD = 'DDbn') OR (CC = 'CCtz' AND DD = 'DDcs') OR (CC = 'CCpq' AND DD = 'DDtw') OR (CC = 'CCpq' AND DD = 'DDmv')) GROUP BY AA,BB",
 "sqlResult": "{AAgk | BBhy | 1891 | 472.75} || {AAgk | BBdn | 2413 | 603.25} || {AAfq | BBhy | 2286 | 571.5} || {AAfq | BBdn | 2473 | 618.25}",
 "nlq": "What are the total and average amounts for each AAfq-AAgk and BB, of AAgk or AAfq of DDtw, DDbn, DDcs, or DDmv in BBhy or BBdn? Please, report the corresponding AAfq-AAgk and BB."},
{"name": "template 9",
 "sql": "SELECT min(Value) FROM DBdata WHERE ((AA = 'AAfq' AND BB = 'BBdn')) AND (CC IN ('CCtz','CCpq')) GROUP BY CC",
 "sqlResult": "{232} || {203}",
 "nlq": "What is the minimum amount for each CC, of AAfq of CCtz or CCpq in BBdn?"},
{"name": "template 10",
 "sql": "SELECT CC,avg(Value) FROM DBdata WHERE ((AA = 'AAfq' AND BB = 'BBhy')) AND (CC IN ('CCtz','CCpq')) GROUP BY CC",
 "sqlResult": "{CCtz | 395.67} || {CCpq | 594.5}",
 "nlq": "What is the average amount for each CC, of AAfq of CCtz or CCpq in BBhy? Please, report the corresponding CC."},
{"name": "template 11",
 "sql": "SELECT CC,AA,BB,avg(Value) FROM DBdata WHERE ((AA = 'AAgk' AND BB = 'BBhy') OR (AA = 'AAfq' AND BB = 'BBdn')) AND (CC IN ('CCtz','CCpq')) GROUP BY CC,AA,BB",
 "sqlResult": "{CCtz | AAgk | BBhy | 299.67} || {CCtz | AAfq | BBdn | 673.67} || {CCpq | AAgk | BBhy | 612.5} || {CCpq | AAfq | BBdn | 342}",
 "nlq": "What is the average amount for each CC, AAfq-AAgk, and BB, of AAgk of CCtz or CCpq in BBhy or of AAfq of CCtz or CCpq in BBdn? Please, report the corresponding CC, AAfq-AAgk, and BB."},
{"name": "template 12",
 "sql": "SELECT Value FROM DBdata WHERE ((AA = 'AAfq' AND BB = 'BBhy')) AND (CC IN ('CCtz','CCpq')) ORDER BY VALUE ASC LIMIT 4",
 "sqlResult": "{90} || {317} || {483} || {614}",
 "nlq": "What are the bottom 4 amounts of AAfq of CCtz or CCpq in BBhy?"},
{"name": "template 13",
 "sql": "SELECT Value FROM DBdata WHERE ((AA = 'AAgk' AND BB = 'BBdn')) AND (CC IN ('CCtz','CCpq')) ORDER BY VALUE DESC",
 "sqlResult": "{840} || {763} || {719} || {636} || {91}",
 "nlq": "What are the amounts ordered by decreasing values of AAgk of CCtz or CCpq in BBdn?"},
{"name": "template 14",
 "sql": "SELECT CC,DD FROM DBdata WHERE ((AA = 'AAfq' AND BB = 'BBhy')) AND Value > 512.7",
 "sqlResult": "{CCtz | DDcs} || {CCpq | DDtw}",
 "nlq": "What are the CC and DD for which the amount of AAfq in BBhy is greater than 512.7?"},
{"name": "template 15",
 "sql": "SELECT CC,DD,Value FROM DBdata WHERE ((AA = 'AAfq' AND BB = 'BBdn')) AND (CC,DD) IN (SELECT CC,DD FROM DBdata WHERE ((AA = 'AAfq' AND BB = 'BBhy')) AND Value > 512.7)",
 "sqlResult": "{CCtz | DDcs | 849} || {CCpq | DDtw | 203}",
 "nlq": "What is the amount of AAfq in BBdn of CC and of DD for which the amount of AAfq in BBhy is greater than 512.7? Please, report the corresponding CC, DD, and amount of import-export."}]
}

