AAgst-AAdhl,BB,CC,DD,EE,Value
AA,BB,CC,DD,EE,Value
AAgst,BBjvx,CCjtw,DDjsx,EEpwy,858
AAdhl,BBjvx,CCjtw,DDjsx,EEpwy,550
AAgst,BBghj,CCjtw,DDjsx,EEpwy,717
AAdhl,BBghj,CCjtw,DDjsx,EEpwy,419
AAgst,BBlyz,CCjtw,DDjsx,EEpwy,264
AAdhl,BBlyz,CCjtw,DDjsx,EEpwy,126
AAgst,BBjvx,CCfvx,DDjsx,EEpwy,755
AAdhl,BBjvx,CCfvx,DDjsx,EEpwy,574
AAgst,BBghj,CCfvx,DDjsx,EEpwy,623
AAdhl,BBghj,CCfvx,DDjsx,EEpwy,130
AAgst,BBlyz,CCfvx,DDjsx,EEpwy,11
AAdhl,BBlyz,CCfvx,DDjsx,EEpwy,202
AAgst,BBjvx,CCrwy,DDjsx,EEpwy,959
AAdhl,BBjvx,CCrwy,DDjsx,EEpwy,399
AAgst,BBghj,CCrwy,DDjsx,EEpwy,750
AAdhl,BBghj,CCrwy,DDjsx,EEpwy,22
AAgst,BBlyz,CCrwy,DDjsx,EEpwy,315
AAdhl,BBlyz,CCrwy,DDjsx,EEpwy,383
AAgst,BBjvx,CCbpt,DDjsx,EEpwy,453
AAdhl,BBjvx,CCbpt,DDjsx,EEpwy,701
AAgst,BBghj,CCbpt,DDjsx,EEpwy,976
AAdhl,BBghj,CCbpt,DDjsx,EEpwy,378
AAgst,BBlyz,CCbpt,DDjsx,EEpwy,26
AAdhl,BBlyz,CCbpt,DDjsx,EEpwy,173
AAgst,BBjvx,CCjtw,DDjsx,EEhnx,305
AAdhl,BBjvx,CCjtw,DDjsx,EEhnx,100
AAgst,BBghj,CCjtw,DDjsx,EEhnx,452
AAdhl,BBghj,CCjtw,DDjsx,EEhnx,256
AAgst,BBlyz,CCjtw,DDjsx,EEhnx,113
AAdhl,BBlyz,CCjtw,DDjsx,EEhnx,384
AAgst,BBjvx,CCfvx,DDjsx,EEhnx,489
AAdhl,BBjvx,CCfvx,DDjsx,EEhnx,936
AAgst,BBghj,CCfvx,DDjsx,EEhnx,843
AAdhl,BBghj,CCfvx,DDjsx,EEhnx,472
AAgst,BBlyz,CCfvx,DDjsx,EEhnx,445
AAdhl,BBlyz,CCfvx,DDjsx,EEhnx,245
AAgst,BBjvx,CCrwy,DDjsx,EEhnx,78
AAdhl,BBjvx,CCrwy,DDjsx,EEhnx,789
AAgst,BBghj,CCrwy,DDjsx,EEhnx,16
AAdhl,BBghj,CCrwy,DDjsx,EEhnx,687
AAgst,BBlyz,CCrwy,DDjsx,EEhnx,543
AAdhl,BBlyz,CCrwy,DDjsx,EEhnx,122
AAgst,BBjvx,CCbpt,DDjsx,EEhnx,547
AAdhl,BBjvx,CCbpt,DDjsx,EEhnx,65
AAgst,BBghj,CCbpt,DDjsx,EEhnx,413
AAdhl,BBghj,CCbpt,DDjsx,EEhnx,693
AAgst,BBlyz,CCbpt,DDjsx,EEhnx,121
AAdhl,BBlyz,CCbpt,DDjsx,EEhnx,249
AAgst,BBjvx,CCjtw,DDhnz,EEblv,964
AAdhl,BBjvx,CCjtw,DDhnz,EEblv,830
AAgst,BBghj,CCjtw,DDhnz,EEblv,64
AAdhl,BBghj,CCjtw,DDhnz,EEblv,369
AAgst,BBlyz,CCjtw,DDhnz,EEblv,475
AAdhl,BBlyz,CCjtw,DDhnz,EEblv,438
AAgst,BBjvx,CCfvx,DDhnz,EEblv,534
AAdhl,BBjvx,CCfvx,DDhnz,EEblv,491
AAgst,BBghj,CCfvx,DDhnz,EEblv,336
AAdhl,BBghj,CCfvx,DDhnz,EEblv,824
AAgst,BBlyz,CCfvx,DDhnz,EEblv,966
AAdhl,BBlyz,CCfvx,DDhnz,EEblv,290
AAgst,BBjvx,CCrwy,DDhnz,EEblv,395
AAdhl,BBjvx,CCrwy,DDhnz,EEblv,825
AAgst,BBghj,CCrwy,DDhnz,EEblv,20
AAdhl,BBghj,CCrwy,DDhnz,EEblv,665
AAgst,BBlyz,CCrwy,DDhnz,EEblv,640
AAdhl,BBlyz,CCrwy,DDhnz,EEblv,732
AAgst,BBjvx,CCbpt,DDhnz,EEblv,908
AAdhl,BBjvx,CCbpt,DDhnz,EEblv,513
AAgst,BBghj,CCbpt,DDhnz,EEblv,506
AAdhl,BBghj,CCbpt,DDhnz,EEblv,246
AAgst,BBlyz,CCbpt,DDhnz,EEblv,461
AAdhl,BBlyz,CCbpt,DDhnz,EEblv,895
AAgst,BBjvx,CCjtw,DDhnz,EEfps,103
AAdhl,BBjvx,CCjtw,DDhnz,EEfps,517
AAgst,BBghj,CCjtw,DDhnz,EEfps,276
AAdhl,BBghj,CCjtw,DDhnz,EEfps,154
AAgst,BBlyz,CCjtw,DDhnz,EEfps,856
AAdhl,BBlyz,CCjtw,DDhnz,EEfps,269
AAgst,BBjvx,CCfvx,DDhnz,EEfps,683
AAdhl,BBjvx,CCfvx,DDhnz,EEfps,228
AAgst,BBghj,CCfvx,DDhnz,EEfps,32
AAdhl,BBghj,CCfvx,DDhnz,EEfps,182
AAgst,BBlyz,CCfvx,DDhnz,EEfps,493
AAdhl,BBlyz,CCfvx,DDhnz,EEfps,38
AAgst,BBjvx,CCrwy,DDhnz,EEfps,159
AAdhl,BBjvx,CCrwy,DDhnz,EEfps,864
AAgst,BBghj,CCrwy,DDhnz,EEfps,120
AAdhl,BBghj,CCrwy,DDhnz,EEfps,690
AAgst,BBlyz,CCrwy,DDhnz,EEfps,661
AAdhl,BBlyz,CCrwy,DDhnz,EEfps,783
AAgst,BBjvx,CCbpt,DDhnz,EEfps,888
AAdhl,BBjvx,CCbpt,DDhnz,EEfps,510
AAgst,BBghj,CCbpt,DDhnz,EEfps,210
AAdhl,BBghj,CCbpt,DDhnz,EEfps,881
AAgst,BBlyz,CCbpt,DDhnz,EEfps,886
AAdhl,BBlyz,CCbpt,DDhnz,EEfps,86
AAgst,BBjvx,CCjtw,DDklp,EEcft,373
AAdhl,BBjvx,CCjtw,DDklp,EEcft,577
AAgst,BBghj,CCjtw,DDklp,EEcft,764
AAdhl,BBghj,CCjtw,DDklp,EEcft,144
AAgst,BBlyz,CCjtw,DDklp,EEcft,63
AAdhl,BBlyz,CCjtw,DDklp,EEcft,163
AAgst,BBjvx,CCfvx,DDklp,EEcft,616
AAdhl,BBjvx,CCfvx,DDklp,EEcft,817
AAgst,BBghj,CCfvx,DDklp,EEcft,524
AAdhl,BBghj,CCfvx,DDklp,EEcft,187
AAgst,BBlyz,CCfvx,DDklp,EEcft,355
AAdhl,BBlyz,CCfvx,DDklp,EEcft,578
AAgst,BBjvx,CCrwy,DDklp,EEcft,708
AAdhl,BBjvx,CCrwy,DDklp,EEcft,827
AAgst,BBghj,CCrwy,DDklp,EEcft,342
AAdhl,BBghj,CCrwy,DDklp,EEcft,132
AAgst,BBlyz,CCrwy,DDklp,EEcft,102
AAdhl,BBlyz,CCrwy,DDklp,EEcft,958
AAgst,BBjvx,CCbpt,DDklp,EEcft,274
AAdhl,BBjvx,CCbpt,DDklp,EEcft,790
AAgst,BBghj,CCbpt,DDklp,EEcft,512
AAdhl,BBghj,CCbpt,DDklp,EEcft,503
AAgst,BBlyz,CCbpt,DDklp,EEcft,957
AAdhl,BBlyz,CCbpt,DDklp,EEcft,306
AAgst,BBjvx,CCjtw,DDklp,EEbqy,580
AAdhl,BBjvx,CCjtw,DDklp,EEbqy,139
AAgst,BBghj,CCjtw,DDklp,EEbqy,380
AAdhl,BBghj,CCjtw,DDklp,EEbqy,555
AAgst,BBlyz,CCjtw,DDklp,EEbqy,492
AAdhl,BBlyz,CCjtw,DDklp,EEbqy,387
AAgst,BBjvx,CCfvx,DDklp,EEbqy,223
AAdhl,BBjvx,CCfvx,DDklp,EEbqy,667
AAgst,BBghj,CCfvx,DDklp,EEbqy,429
AAdhl,BBghj,CCfvx,DDklp,EEbqy,390
AAgst,BBlyz,CCfvx,DDklp,EEbqy,371
AAdhl,BBlyz,CCfvx,DDklp,EEbqy,846
AAgst,BBjvx,CCrwy,DDklp,EEbqy,455
AAdhl,BBjvx,CCrwy,DDklp,EEbqy,115
AAgst,BBghj,CCrwy,DDklp,EEbqy,876
AAdhl,BBghj,CCrwy,DDklp,EEbqy,209
AAgst,BBlyz,CCrwy,DDklp,EEbqy,295
AAdhl,BBlyz,CCrwy,DDklp,EEbqy,254
AAgst,BBjvx,CCbpt,DDklp,EEbqy,40
AAdhl,BBjvx,CCbpt,DDklp,EEbqy,177
AAgst,BBghj,CCbpt,DDklp,EEbqy,125
AAdhl,BBghj,CCbpt,DDklp,EEbqy,416
AAgst,BBlyz,CCbpt,DDklp,EEbqy,255
AAdhl,BBlyz,CCbpt,DDklp,EEbqy,76

