Import-Export,Year,Quarter,Category,Item,Value
Import_Export,Year,Quarter,Category,Item,Value
Import,2019,Q1,Cereals,Seeds,819
Export,2019,Q1,Cereals,Seeds,75
Import,2020,Q1,Cereals,Seeds,223
Export,2020,Q1,Cereals,Seeds,706
Import,2021,Q1,Cereals,Seeds,16
Export,2021,Q1,Cereals,Seeds,358
Import,2019,Q2,Cereals,Seeds,693
Export,2019,Q2,Cereals,Seeds,815
Import,2020,Q2,Cereals,Seeds,133
Export,2020,Q2,Cereals,Seeds,869
Import,2021,Q2,Cereals,Seeds,433
Export,2021,Q2,Cereals,Seeds,209
Import,2019,Q3,Cereals,Seeds,806
Export,2019,Q3,Cereals,Seeds,820
Import,2020,Q3,Cereals,Seeds,27
Export,2020,Q3,Cereals,Seeds,760
Import,2021,Q3,Cereals,Seeds,440
Export,2021,Q3,Cereals,Seeds,388
Import,2019,Q4,Cereals,Seeds,151
Export,2019,Q4,Cereals,Seeds,992
Import,2020,Q4,Cereals,Seeds,60
Export,2020,Q4,Cereals,Seeds,740
Import,2021,Q4,Cereals,Seeds,346
Export,2021,Q4,Cereals,Seeds,802
Import,2019,Q1,Cereals,Wheat,727
Export,2019,Q1,Cereals,Wheat,660
Import,2020,Q1,Cereals,Wheat,723
Export,2020,Q1,Cereals,Wheat,10
Import,2021,Q1,Cereals,Wheat,851
Export,2021,Q1,Cereals,Wheat,567
Import,2019,Q2,Cereals,Wheat,427
Export,2019,Q2,Cereals,Wheat,126
Import,2020,Q2,Cereals,Wheat,993
Export,2020,Q2,Cereals,Wheat,30
Import,2021,Q2,Cereals,Wheat,981
Export,2021,Q2,Cereals,Wheat,738
Import,2019,Q3,Cereals,Wheat,469
Export,2019,Q3,Cereals,Wheat,240
Import,2020,Q3,Cereals,Wheat,455
Export,2020,Q3,Cereals,Wheat,607
Import,2021,Q3,Cereals,Wheat,230
Export,2021,Q3,Cereals,Wheat,239
Import,2019,Q4,Cereals,Wheat,261
Export,2019,Q4,Cereals,Wheat,730
Import,2020,Q4,Cereals,Wheat,748
Export,2020,Q4,Cereals,Wheat,855
Import,2021,Q4,Cereals,Wheat,131
Export,2021,Q4,Cereals,Wheat,746
Import,2019,Q1,Cereals,Soybeans,664
Export,2019,Q1,Cereals,Soybeans,508
Import,2020,Q1,Cereals,Soybeans,863
Export,2020,Q1,Cereals,Soybeans,857
Import,2021,Q1,Cereals,Soybeans,926
Export,2021,Q1,Cereals,Soybeans,905
Import,2019,Q2,Cereals,Soybeans,416
Export,2019,Q2,Cereals,Soybeans,787
Import,2020,Q2,Cereals,Soybeans,22
Export,2020,Q2,Cereals,Soybeans,687
Import,2021,Q2,Cereals,Soybeans,914
Export,2021,Q2,Cereals,Soybeans,784
Import,2019,Q3,Cereals,Soybeans,319
Export,2019,Q3,Cereals,Soybeans,768
Import,2020,Q3,Cereals,Soybeans,520
Export,2020,Q3,Cereals,Soybeans,506
Import,2021,Q3,Cereals,Soybeans,679
Export,2021,Q3,Cereals,Soybeans,234
Import,2019,Q4,Cereals,Soybeans,19
Export,2019,Q4,Cereals,Soybeans,719
Import,2020,Q4,Cereals,Soybeans,389
Export,2020,Q4,Cereals,Soybeans,793
Import,2021,Q4,Cereals,Soybeans,113
Export,2021,Q4,Cereals,Soybeans,74
Import,2019,Q1,Dairy,Cream,792
Export,2019,Q1,Dairy,Cream,920
Import,2020,Q1,Dairy,Cream,541
Export,2020,Q1,Dairy,Cream,245
Import,2021,Q1,Dairy,Cream,513
Export,2021,Q1,Dairy,Cream,477
Import,2019,Q2,Dairy,Cream,163
Export,2019,Q2,Dairy,Cream,899
Import,2020,Q2,Dairy,Cream,180
Export,2020,Q2,Dairy,Cream,125
Import,2021,Q2,Dairy,Cream,884
Export,2021,Q2,Dairy,Cream,824
Import,2019,Q3,Dairy,Cream,677
Export,2019,Q3,Dairy,Cream,13
Import,2020,Q3,Dairy,Cream,95
Export,2020,Q3,Dairy,Cream,457
Import,2021,Q3,Dairy,Cream,390
Export,2021,Q3,Dairy,Cream,372
Import,2019,Q4,Dairy,Cream,150
Export,2019,Q4,Dairy,Cream,788
Import,2020,Q4,Dairy,Cream,244
Export,2020,Q4,Dairy,Cream,900
Import,2021,Q4,Dairy,Cream,742
Export,2021,Q4,Dairy,Cream,312
Import,2019,Q1,Dairy,Cheese,391
Export,2019,Q1,Dairy,Cheese,282
Import,2020,Q1,Dairy,Cheese,610
Export,2020,Q1,Dairy,Cheese,974
Import,2021,Q1,Dairy,Cheese,285
Export,2021,Q1,Dairy,Cheese,110
Import,2019,Q2,Dairy,Cheese,21
Export,2019,Q2,Dairy,Cheese,729
Import,2020,Q2,Dairy,Cheese,881
Export,2020,Q2,Dairy,Cheese,641
Import,2021,Q2,Dairy,Cheese,909
Export,2021,Q2,Dairy,Cheese,343
Import,2019,Q3,Dairy,Cheese,301
Export,2019,Q3,Dairy,Cheese,601
Import,2020,Q3,Dairy,Cheese,474
Export,2020,Q3,Dairy,Cheese,487
Import,2021,Q3,Dairy,Cheese,441
Export,2021,Q3,Dairy,Cheese,80
Import,2019,Q4,Dairy,Cheese,376
Export,2019,Q4,Dairy,Cheese,177
Import,2020,Q4,Dairy,Cheese,845
Export,2020,Q4,Dairy,Cheese,425
Import,2021,Q4,Dairy,Cheese,183
Export,2021,Q4,Dairy,Cheese,880
Import,2019,Q1,Dairy,Yoghurt,553
Export,2019,Q1,Dairy,Yoghurt,304
Import,2020,Q1,Dairy,Yoghurt,117
Export,2020,Q1,Dairy,Yoghurt,232
Import,2021,Q1,Dairy,Yoghurt,499
Export,2021,Q1,Dairy,Yoghurt,892
Import,2019,Q2,Dairy,Yoghurt,582
Export,2019,Q2,Dairy,Yoghurt,888
Import,2020,Q2,Dairy,Yoghurt,143
Export,2020,Q2,Dairy,Yoghurt,783
Import,2021,Q2,Dairy,Yoghurt,697
Export,2021,Q2,Dairy,Yoghurt,885
Import,2019,Q3,Dairy,Yoghurt,833
Export,2019,Q3,Dairy,Yoghurt,949
Import,2020,Q3,Dairy,Yoghurt,930
Export,2020,Q3,Dairy,Yoghurt,606
Import,2021,Q3,Dairy,Yoghurt,822
Export,2021,Q3,Dairy,Yoghurt,286
Import,2019,Q4,Dairy,Yoghurt,108
Export,2019,Q4,Dairy,Yoghurt,755
Import,2020,Q4,Dairy,Yoghurt,642
Export,2020,Q4,Dairy,Yoghurt,66
Import,2021,Q4,Dairy,Yoghurt,709
Export,2021,Q4,Dairy,Yoghurt,84
Import,2019,Q1,Beverage,Coffee,104
Export,2019,Q1,Beverage,Coffee,195
Import,2020,Q1,Beverage,Coffee,201
Export,2020,Q1,Beverage,Coffee,202
Import,2021,Q1,Beverage,Coffee,35
Export,2021,Q1,Beverage,Coffee,731
Import,2019,Q2,Beverage,Coffee,781
Export,2019,Q2,Beverage,Coffee,308
Import,2020,Q2,Beverage,Coffee,716
Export,2020,Q2,Beverage,Coffee,657
Import,2021,Q2,Beverage,Coffee,987
Export,2021,Q2,Beverage,Coffee,770
Import,2019,Q3,Beverage,Coffee,217
Export,2019,Q3,Beverage,Coffee,221
Import,2020,Q3,Beverage,Coffee,611
Export,2020,Q3,Beverage,Coffee,800
Import,2021,Q3,Beverage,Coffee,503
Export,2021,Q3,Beverage,Coffee,102
Import,2019,Q4,Beverage,Coffee,960
Export,2019,Q4,Beverage,Coffee,25
Import,2020,Q4,Beverage,Coffee,832
Export,2020,Q4,Beverage,Coffee,185
Import,2021,Q4,Beverage,Coffee,505
Export,2021,Q4,Beverage,Coffee,398
Import,2019,Q1,Beverage,Tea,307
Export,2019,Q1,Beverage,Tea,93
Import,2020,Q1,Beverage,Tea,380
Export,2020,Q1,Beverage,Tea,45
Import,2021,Q1,Beverage,Tea,946
Export,2021,Q1,Beverage,Tea,112
Import,2019,Q2,Beverage,Tea,489
Export,2019,Q2,Beverage,Tea,871
Import,2020,Q2,Beverage,Tea,79
Export,2020,Q2,Beverage,Tea,912
Import,2021,Q2,Beverage,Tea,776
Export,2021,Q2,Beverage,Tea,977
Import,2019,Q3,Beverage,Tea,963
Export,2019,Q3,Beverage,Tea,411
Import,2020,Q3,Beverage,Tea,238
Export,2020,Q3,Beverage,Tea,299
Import,2021,Q3,Beverage,Tea,674
Export,2021,Q3,Beverage,Tea,315
Import,2019,Q4,Beverage,Tea,945
Export,2019,Q4,Beverage,Tea,397
Import,2020,Q4,Beverage,Tea,31
Export,2020,Q4,Beverage,Tea,55
Import,2021,Q4,Beverage,Tea,942
Export,2021,Q4,Beverage,Tea,510
Import,2019,Q1,Beverage,Soda,562
Export,2019,Q1,Beverage,Soda,661
Import,2020,Q1,Beverage,Soda,336
Export,2020,Q1,Beverage,Soda,350
Import,2021,Q1,Beverage,Soda,778
Export,2021,Q1,Beverage,Soda,345
Import,2019,Q2,Beverage,Soda,847
Export,2019,Q2,Beverage,Soda,43
Import,2020,Q2,Beverage,Soda,766
Export,2020,Q2,Beverage,Soda,528
Import,2021,Q2,Beverage,Soda,653
Export,2021,Q2,Beverage,Soda,136
Import,2019,Q3,Beverage,Soda,365
Export,2019,Q3,Beverage,Soda,872
Import,2020,Q3,Beverage,Soda,951
Export,2020,Q3,Beverage,Soda,94
Import,2021,Q3,Beverage,Soda,138
Export,2021,Q3,Beverage,Soda,378
Import,2019,Q4,Beverage,Soda,919
Export,2019,Q4,Beverage,Soda,293
Import,2020,Q4,Beverage,Soda,342
Export,2020,Q4,Beverage,Soda,619
Import,2021,Q4,Beverage,Soda,537
Export,2021,Q4,Beverage,Soda,33
