AAmy-AApy,BB,CC,DD,Value
AA,BB,CC,DD,Value
AAmy,BBmx,CCdh,DDbl,163
AApy,BBmx,CCdh,DDbl,664
AAmy,BBsx,CCdh,DDbl,237
AApy,BBsx,CCdh,DDbl,77
AAmy,BBmx,CCdh,DDsw,41
AApy,BBmx,CCdh,DDsw,932
AAmy,BBsx,CCdh,DDsw,151
AApy,BBsx,CCdh,DDsw,585
AAmy,BBmx,CCfl,DDjl,290
AApy,BBmx,CCfl,DDjl,273
AAmy,BBsx,CCfl,DDjl,221
AApy,BBsx,CCfl,DDjl,569
AAmy,BBmx,CCfl,DDkr,497
AApy,BBmx,CCfl,DDkr,556
AAmy,BBsx,CCfl,DDkr,972
AApy,BBsx,CCfl,DDkr,250
AAmy,BBmx,CCfl,DDbk,536
AApy,BBmx,CCfl,DDbk,141
AAmy,BBsx,CCfl,DDbk,695
AApy,BBsx,CCfl,DDbk,821

