AAhn-AAfq,BB,CC,DD,Value
AA,BB,CC,DD,Value
AAhn,BBqv,CCms,DDcx,234
AAfq,BBqv,CCms,DDcx,111
AAhn,BBnr,CCms,DDcx,903
AAfq,BBnr,CCms,DDcx,157
AAhn,BBln,CCms,DDcx,688
AAfq,BBln,CCms,DDcx,983
AAhn,BBqv,CCms,DDpt,394
AAfq,BBqv,CCms,DDpt,230
AAhn,BBnr,CCms,DDpt,400
AAfq,BBnr,CCms,DDpt,752
AAhn,BBln,CCms,DDpt,645
AAfq,BBln,CCms,DDpt,153
AAhn,BBqv,CCck,DDty,691
AAfq,BBqv,CCck,DDty,954
AAhn,BBnr,CCck,DDty,930
AAfq,BBnr,CCck,DDty,249
AAhn,BBln,CCck,DDty,319
AAfq,BBln,CCck,DDty,135
AAhn,BBqv,CCck,DDfx,820
AAfq,BBqv,CCck,DDfx,785
AAhn,BBnr,CCck,DDfx,863
AAfq,BBnr,CCck,DDfx,386
AAhn,BBln,CCck,DDfx,303
AAfq,BBln,CCck,DDfx,258
AAhn,BBqv,CCck,DDdx,741
AAfq,BBqv,CCck,DDdx,847
AAhn,BBnr,CCck,DDdx,85
AAfq,BBnr,CCck,DDdx,173
AAhn,BBln,CCck,DDdx,962
AAfq,BBln,CCck,DDdx,825

