Import-Export,Year,Quarter,Category,Item,Value
Import_Export,Year,Quarter,Category,Item,Value
Import,2018,Q1,Cereals,Corn,478
Export,2018,Q1,Cereals,Corn,854
Import,2019,Q1,Cereals,Corn,283
Export,2019,Q1,Cereals,Corn,291
Import,2018,Q2,Cereals,Corn,623
Export,2018,Q2,Cereals,Corn,707
Import,2019,Q2,Cereals,Corn,67
Export,2019,Q2,Cereals,Corn,924
Import,2018,Q3,Cereals,Corn,264
Export,2018,Q3,Cereals,Corn,972
Import,2019,Q3,Cereals,Corn,694
Export,2019,Q3,Cereals,Corn,846
Import,2018,Q4,Cereals,Corn,475
Export,2018,Q4,Cereals,Corn,921
Import,2019,Q4,Cereals,Corn,750
Export,2019,Q4,Cereals,Corn,884
Import,2018,Q1,Cereals,Oats,699
Export,2018,Q1,Cereals,Oats,456
Import,2019,Q1,Cereals,Oats,135
Export,2019,Q1,Cereals,Oats,698
Import,2018,Q2,Cereals,Oats,85
Export,2018,Q2,Cereals,Oats,895
Import,2019,Q2,Cereals,Oats,869
Export,2019,Q2,Cereals,Oats,352
Import,2018,Q3,Cereals,Oats,543
Export,2018,Q3,Cereals,Oats,510
Import,2019,Q3,Cereals,Oats,238
Export,2019,Q3,Cereals,Oats,315
Import,2018,Q4,Cereals,Oats,173
Export,2018,Q4,Cereals,Oats,21
Import,2019,Q4,Cereals,Oats,361
Export,2019,Q4,Cereals,Oats,33
Import,2018,Q1,Dairy,Cream,159
Export,2018,Q1,Dairy,Cream,916
Import,2019,Q1,Dairy,Cream,274
Export,2019,Q1,Dairy,Cream,746
Import,2018,Q2,Dairy,Cream,167
Export,2018,Q2,Dairy,Cream,950
Import,2019,Q2,Dairy,Cream,679
Export,2019,Q2,Dairy,Cream,445
Import,2018,Q3,Dairy,Cream,738
Export,2018,Q3,Dairy,Cream,504
Import,2019,Q3,Dairy,Cream,728
Export,2019,Q3,Dairy,Cream,37
Import,2018,Q4,Dairy,Cream,765
Export,2018,Q4,Dairy,Cream,665
Import,2019,Q4,Dairy,Cream,400
Export,2019,Q4,Dairy,Cream,144
Import,2018,Q1,Dairy,Cheese,967
Export,2018,Q1,Dairy,Cheese,371
Import,2019,Q1,Dairy,Cheese,308
Export,2019,Q1,Dairy,Cheese,814
Import,2018,Q2,Dairy,Cheese,425
Export,2018,Q2,Dairy,Cheese,399
Import,2019,Q2,Dairy,Cheese,508
Export,2019,Q2,Dairy,Cheese,524
Import,2018,Q3,Dairy,Cheese,992
Export,2018,Q3,Dairy,Cheese,447
Import,2019,Q3,Dairy,Cheese,71
Export,2019,Q3,Dairy,Cheese,312
Import,2018,Q4,Dairy,Cheese,673
Export,2018,Q4,Dairy,Cheese,129
Import,2019,Q4,Dairy,Cheese,59
Export,2019,Q4,Dairy,Cheese,993
Import,2018,Q1,Dairy,Yoghurt,953
Export,2018,Q1,Dairy,Yoghurt,685
Import,2019,Q1,Dairy,Yoghurt,398
Export,2019,Q1,Dairy,Yoghurt,102
Import,2018,Q2,Dairy,Yoghurt,454
Export,2018,Q2,Dairy,Yoghurt,956
Import,2019,Q2,Dairy,Yoghurt,741
Export,2019,Q2,Dairy,Yoghurt,207
Import,2018,Q3,Dairy,Yoghurt,231
Export,2018,Q3,Dairy,Yoghurt,722
Import,2019,Q3,Dairy,Yoghurt,820
Export,2019,Q3,Dairy,Yoghurt,602
Import,2018,Q4,Dairy,Yoghurt,31
Export,2018,Q4,Dairy,Yoghurt,158
Import,2019,Q4,Dairy,Yoghurt,712
Export,2019,Q4,Dairy,Yoghurt,880
Import,2018,Q1,Beverage,Tea,198
Export,2018,Q1,Beverage,Tea,390
Import,2019,Q1,Beverage,Tea,714
Export,2019,Q1,Beverage,Tea,943
Import,2018,Q2,Beverage,Tea,499
Export,2018,Q2,Beverage,Tea,842
Import,2019,Q2,Beverage,Tea,516
Export,2019,Q2,Beverage,Tea,792
Import,2018,Q3,Beverage,Tea,347
Export,2018,Q3,Beverage,Tea,62
Import,2019,Q3,Beverage,Tea,154
Export,2019,Q3,Beverage,Tea,229
Import,2018,Q4,Beverage,Tea,19
Export,2018,Q4,Beverage,Tea,693
Import,2019,Q4,Beverage,Tea,141
Export,2019,Q4,Beverage,Tea,386
Import,2018,Q1,Beverage,Soda,584
Export,2018,Q1,Beverage,Soda,61
Import,2019,Q1,Beverage,Soda,599
Export,2019,Q1,Beverage,Soda,982
Import,2018,Q2,Beverage,Soda,96
Export,2018,Q2,Beverage,Soda,799
Import,2019,Q2,Beverage,Soda,466
Export,2019,Q2,Beverage,Soda,395
Import,2018,Q3,Beverage,Soda,612
Export,2018,Q3,Beverage,Soda,703
Import,2019,Q3,Beverage,Soda,887
Export,2019,Q3,Beverage,Soda,711
Import,2018,Q4,Beverage,Soda,210
Export,2018,Q4,Beverage,Soda,440
Import,2019,Q4,Beverage,Soda,616
Export,2019,Q4,Beverage,Soda,389
Import,2018,Q1,Beverage,Juice,658
Export,2018,Q1,Beverage,Juice,232
Import,2019,Q1,Beverage,Juice,218
Export,2019,Q1,Beverage,Juice,587
Import,2018,Q2,Beverage,Juice,204
Export,2018,Q2,Beverage,Juice,410
Import,2019,Q2,Beverage,Juice,779
Export,2019,Q2,Beverage,Juice,205
Import,2018,Q3,Beverage,Juice,935
Export,2018,Q3,Beverage,Juice,387
Import,2019,Q3,Beverage,Juice,477
Export,2019,Q3,Beverage,Juice,998
Import,2018,Q4,Beverage,Juice,639
Export,2018,Q4,Beverage,Juice,369
Import,2019,Q4,Beverage,Juice,115
Export,2019,Q4,Beverage,Juice,852
