{
"filename": "Food_import-export_in_tons_set138_1_DB.csv",
"questions": [{"name": "template 1",
 "sql": "SELECT Value FROM DBdata WHERE ((Import_Export = 'Import' AND Year = '2018')) AND ((Category = 'Dairy' AND Item = 'Cream'))",
 "sqlResult": "{596}",
 "nlq": "What is the amount of Import of Cream in 2018?"},
{"name": "template 2",
 "sql": "SELECT Value FROM DBdata WHERE ((Import_Export = 'Export' AND Year = '2018')) AND ((Category = 'Cereals' AND Item = 'Seeds') OR (Category = 'Cereals' AND Item = 'Soybeans'))",
 "sqlResult": "{502} || {835}",
 "nlq": "What is the amount of Export of Seeds or Soybeans in 2018?"},
{"name": "template 3",
 "sql": "SELECT Value FROM DBdata WHERE ((Import_Export = 'Import' AND Year = '2017') OR (Import_Export = 'Export' AND Year = '2017') OR (Import_Export = 'Import' AND Year = '2018') OR (Import_Export = 'Export' AND Year = '2018')) AND ((Category = 'Cereals' AND Item = 'Seeds'))",
 "sqlResult": "{779} || {481} || {751} || {502}",
 "nlq": "What is the amount of Export or Import of Seeds in 2017 or 2018?"},
{"name": "template 4",
 "sql": "SELECT sum(Value),max(Value) FROM DBdata WHERE ((Import_Export = 'Import' AND Year = '2017') OR (Import_Export = 'Export' AND Year = '2017') OR (Import_Export = 'Import' AND Year = '2018') OR (Import_Export = 'Export' AND Year = '2018')) AND ((Category = 'Cereals' AND Item = 'Soybeans'))",
 "sqlResult": "{2200 | 835}",
 "nlq": "What are the total and maximum amounts of Export or Import of Soybeans in 2017 or 2018?"},
{"name": "template 5",
 "sql": "SELECT avg(Value) FROM DBdata WHERE (Import_Export IN ('Import','Export')) AND ((Category = 'Cereals' AND Item = 'Seeds'))",
 "sqlResult": "{628.25}",
 "nlq": "What is the average amount of Export or Import of Seeds?"},
{"name": "template 6",
 "sql": "SELECT Value FROM DBdata WHERE ((Import_Export = 'Import' AND Year = '2017') OR (Import_Export = 'Export' AND Year = '2017') OR (Import_Export = 'Export' AND Year = '2018')) AND ((Category = 'Dairy' AND Item = 'Cream') OR (Category = 'Beverage' AND Item = 'Coffee'))",
 "sqlResult": "{687} || {133} || {725} || {416} || {184} || {265}",
 "nlq": "What is the amount of Export or Import of Coffee or Cream in 2017 or of Export of Coffee or Cream in 2018?"},
{"name": "template 7",
 "sql": "SELECT max(Value),avg(Value) FROM DBdata WHERE ((Import_Export = 'Import' AND Year = '2018')) AND ((Category = 'Cereals' AND Item = 'Seeds') OR (Category = 'Cereals' AND Item = 'Wheat') OR (Category = 'Dairy' AND Item = 'Cream') OR (Category = 'Dairy' AND Item = 'Cheese') OR (Category = 'Beverage' AND Item = 'Coffee'))",
 "sqlResult": "{844 | 575.8}",
 "nlq": "What are the maximum and average amounts of Import of Cheese, Coffee, Cream, Seeds, or Wheat in 2018?"},
{"name": "template 8",
 "sql": "SELECT Import_Export,Year,avg(Value),min(Value) FROM DBdata WHERE ((Import_Export = 'Import' AND Year = '2017') OR (Import_Export = 'Export' AND Year = '2017') OR (Import_Export = 'Import' AND Year = '2018') OR (Import_Export = 'Export' AND Year = '2018')) AND ((Category = 'Dairy' AND Item = 'Cream') OR (Category = 'Dairy' AND Item = 'Cheese') OR (Category = 'Beverage' AND Item = 'Coffee') OR (Category = 'Beverage' AND Item = 'Tea')) GROUP BY Import_Export,Year",
 "sqlResult": "{Export | 2017 | 199.25 | 133} || {Export | 2018 | 563.75 | 265} || {Import | 2017 | 661 | 416} || {Import | 2018 | 471.5 | 267}",
 "nlq": "What are the average and minimum amounts for each Import-Export and Year, of Export or Import of Cheese, Coffee, Cream, or Tea in 2017 or 2018? Please, report the corresponding Import-Export and Year."},
{"name": "template 9",
 "sql": "SELECT min(Value) FROM DBdata WHERE ((Import_Export = 'Import' AND Year = '2017')) AND (Category IN ('Cereals','Dairy','Beverage')) GROUP BY Category",
 "sqlResult": "{416} || {130} || {687}",
 "nlq": "What is the minimum amount for each Category, of Import of Beverage, Cereals, or Dairy in 2017?"},
{"name": "template 10",
 "sql": "SELECT Category,min(Value) FROM DBdata WHERE ((Import_Export = 'Import' AND Year = '2017')) AND (Category IN ('Cereals','Dairy','Beverage')) GROUP BY Category",
 "sqlResult": "{Beverage | 416} || {Cereals | 130} || {Dairy | 687}",
 "nlq": "What is the minimum amount for each Category, of Import of Beverage, Cereals, or Dairy in 2017? Please, report the corresponding Category."},
{"name": "template 11",
 "sql": "SELECT Category,Import_Export,Year,min(Value) FROM DBdata WHERE ((Import_Export = 'Import' AND Year = '2017') OR (Import_Export = 'Import' AND Year = '2018') OR (Import_Export = 'Export' AND Year = '2018')) AND (Category IN ('Cereals','Dairy','Beverage')) GROUP BY Category,Import_Export,Year",
 "sqlResult": "{Beverage | Export | 2018 | 265} || {Beverage | Import | 2017 | 416} || {Beverage | Import | 2018 | 421} || {Cereals | Export | 2018 | 502} || {Cereals | Import | 2017 | 130} || {Cereals | Import | 2018 | 751} || {Dairy | Export | 2018 | 725} || {Dairy | Import | 2017 | 687} || {Dairy | Import | 2018 | 267}",
 "nlq": "What is the minimum amount for each Category, Import-Export, and Year, of Import of Beverage, Cereals, or Dairy in 2017 or 2018 or of Export of Beverage, Cereals, or Dairy in 2018? Please, report the corresponding Category, Import-Export, and Year."},
{"name": "template 12",
 "sql": "SELECT Value FROM DBdata WHERE ((Import_Export = 'Import' AND Year = '2017')) AND (Category IN ('Cereals','Beverage')) ORDER BY VALUE ASC LIMIT 3",
 "sqlResult": "{130} || {233} || {416}",
 "nlq": "What are the bottom 3 amounts of Import of Beverage or Cereals in 2017?"},
{"name": "template 13",
 "sql": "SELECT Value FROM DBdata WHERE ((Import_Export = 'Export' AND Year = '2017')) AND (Category IN ('Dairy','Beverage')) ORDER BY VALUE ASC",
 "sqlResult": "{133} || {184} || {232} || {248}",
 "nlq": "What are the amounts ordered by increasing values of Export of Beverage or Dairy in 2017?"},
{"name": "template 14",
 "sql": "SELECT Category,Item FROM DBdata WHERE ((Import_Export = 'Export' AND Year = '2017')) AND Value < 503.64",
 "sqlResult": "{Cereals | Seeds} || {Cereals | Wheat} || {Cereals | Soybeans} || {Dairy | Cream} || {Dairy | Cheese} || {Beverage | Coffee} || {Beverage | Tea}",
 "nlq": "What are the Category and Item for which the amount of Export in 2017 is lower than 503.64?"},
{"name": "template 15",
 "sql": "SELECT Category,Item,Value FROM DBdata WHERE ((Import_Export = 'Import' AND Year = '2018')) AND (Category,Item) IN (SELECT Category,Item FROM DBdata WHERE ((Import_Export = 'Export' AND Year = '2017')) AND Value < 503.64)",
 "sqlResult": "{Cereals | Seeds | 751} || {Cereals | Wheat | 844} || {Cereals | Soybeans | 812} || {Dairy | Cream | 596} || {Dairy | Cheese | 267} || {Beverage | Coffee | 421} || {Beverage | Tea | 602}",
 "nlq": "What is the amount of Import in 2018 of Category and of Item for which the amount of Export in 2017 is lower than 503.64? Please, report the corresponding Category, Item, and amount of import-export."}]
}
