Import-Export,Year,Quarter,Category,Item,Value
Import_Export,Year,Quarter,Category,Item,Value
Import,2017,Q1,Cereals,Rice,965
Export,2017,Q1,Cereals,Rice,662
Import,2018,Q1,Cereals,Rice,377
Export,2018,Q1,Cereals,Rice,924
Import,2017,Q2,Cereals,Rice,341
Export,2017,Q2,Cereals,Rice,702
Import,2018,Q2,Cereals,Rice,893
Export,2018,Q2,Cereals,Rice,490
Import,2017,Q3,Cereals,Rice,246
Export,2017,Q3,Cereals,Rice,643
Import,2018,Q3,Cereals,Rice,726
Export,2018,Q3,Cereals,Rice,819
Import,2017,Q4,Cereals,Rice,70
Export,2017,Q4,Cereals,Rice,135
Import,2018,Q4,Cereals,Rice,901
Export,2018,Q4,Cereals,Rice,711
Import,2017,Q1,Cereals,Seeds,790
Export,2017,Q1,Cereals,Seeds,846
Import,2018,Q1,Cereals,Seeds,582
Export,2018,Q1,Cereals,Seeds,424
Import,2017,Q2,Cereals,Seeds,716
Export,2017,Q2,Cereals,Seeds,943
Import,2018,Q2,Cereals,Seeds,788
Export,2018,Q2,Cereals,Seeds,299
Import,2017,Q3,Cereals,Seeds,399
Export,2017,Q3,Cereals,Seeds,996
Import,2018,Q3,Cereals,Seeds,892
Export,2018,Q3,Cereals,Seeds,228
Import,2017,Q4,Cereals,Seeds,133
Export,2017,Q4,Cereals,Seeds,872
Import,2018,Q4,Cereals,Seeds,646
Export,2018,Q4,Cereals,Seeds,998
Import,2017,Q1,Dairy,Cream,191
Export,2017,Q1,Dairy,Cream,538
Import,2018,Q1,Dairy,Cream,322
Export,2018,Q1,Dairy,Cream,973
Import,2017,Q2,Dairy,Cream,177
Export,2017,Q2,Dairy,Cream,248
Import,2018,Q2,Dairy,Cream,873
Export,2018,Q2,Dairy,Cream,243
Import,2017,Q3,Dairy,Cream,245
Export,2017,Q3,Dairy,Cream,879
Import,2018,Q3,Dairy,Cream,239
Export,2018,Q3,Dairy,Cream,612
Import,2017,Q4,Dairy,Cream,967
Export,2017,Q4,Dairy,Cream,38
Import,2018,Q4,Dairy,Cream,861
Export,2018,Q4,Dairy,Cream,889
Import,2017,Q1,Dairy,Cheese,362
Export,2017,Q1,Dairy,Cheese,366
Import,2018,Q1,Dairy,Cheese,264
Export,2018,Q1,Dairy,Cheese,858
Import,2017,Q2,Dairy,Cheese,262
Export,2017,Q2,Dairy,Cheese,311
Import,2018,Q2,Dairy,Cheese,413
Export,2018,Q2,Dairy,Cheese,166
Import,2017,Q3,Dairy,Cheese,184
Export,2017,Q3,Dairy,Cheese,257
Import,2018,Q3,Dairy,Cheese,68
Export,2018,Q3,Dairy,Cheese,558
Import,2017,Q4,Dairy,Cheese,780
Export,2017,Q4,Dairy,Cheese,368
Import,2018,Q4,Dairy,Cheese,297
Export,2018,Q4,Dairy,Cheese,825
Import,2017,Q1,Beverage,Tea,853
Export,2017,Q1,Beverage,Tea,951
Import,2018,Q1,Beverage,Tea,27
Export,2018,Q1,Beverage,Tea,180
Import,2017,Q2,Beverage,Tea,863
Export,2017,Q2,Beverage,Tea,928
Import,2018,Q2,Beverage,Tea,594
Export,2018,Q2,Beverage,Tea,269
Import,2017,Q3,Beverage,Tea,831
Export,2017,Q3,Beverage,Tea,448
Import,2018,Q3,Beverage,Tea,512
Export,2018,Q3,Beverage,Tea,944
Import,2017,Q4,Beverage,Tea,624
Export,2017,Q4,Beverage,Tea,952
Import,2018,Q4,Beverage,Tea,96
Export,2018,Q4,Beverage,Tea,971
Import,2017,Q1,Beverage,Soda,112
Export,2017,Q1,Beverage,Soda,374
Import,2018,Q1,Beverage,Soda,997
Export,2018,Q1,Beverage,Soda,460
Import,2017,Q2,Beverage,Soda,661
Export,2017,Q2,Beverage,Soda,543
Import,2018,Q2,Beverage,Soda,142
Export,2018,Q2,Beverage,Soda,466
Import,2017,Q3,Beverage,Soda,222
Export,2017,Q3,Beverage,Soda,836
Import,2018,Q3,Beverage,Soda,955
Export,2018,Q3,Beverage,Soda,638
Import,2017,Q4,Beverage,Soda,533
Export,2017,Q4,Beverage,Soda,696
Import,2018,Q4,Beverage,Soda,759
Export,2018,Q4,Beverage,Soda,72
