AAdlq-AAfqr,BB,CC,DD,EE,Value
AA,BB,CC,DD,EE,Value
AAdlq,BBdnv,CCdgn,DDqwx,EEdvw,685
AAfqr,BBdnv,CCdgn,DDqwx,EEdvw,457
AAdlq,BBgmt,CCdgn,DDqwx,EEdvw,578
AAfqr,BBgmt,CCdgn,DDqwx,EEdvw,313
AAdlq,BBfmw,CCdgn,DDqwx,EEdvw,73
AAfqr,BBfmw,CCdgn,DDqwx,EEdvw,824
AAdlq,BBdnv,CCjlr,DDqwx,EEdvw,850
AAfqr,BBdnv,CCjlr,DDqwx,EEdvw,402
AAdlq,BBgmt,CCjlr,DDqwx,EEdvw,204
AAfqr,BBgmt,CCjlr,DDqwx,EEdvw,510
AAdlq,BBfmw,CCjlr,DDqwx,EEdvw,175
AAfqr,BBfmw,CCjlr,DDqwx,EEdvw,412
AAdlq,BBdnv,CCbmr,DDqwx,EEdvw,919
AAfqr,BBdnv,CCbmr,DDqwx,EEdvw,268
AAdlq,BBgmt,CCbmr,DDqwx,EEdvw,447
AAfqr,BBgmt,CCbmr,DDqwx,EEdvw,508
AAdlq,BBfmw,CCbmr,DDqwx,EEdvw,504
AAfqr,BBfmw,CCbmr,DDqwx,EEdvw,472
AAdlq,BBdnv,CCgls,DDqwx,EEdvw,820
AAfqr,BBdnv,CCgls,DDqwx,EEdvw,493
AAdlq,BBgmt,CCgls,DDqwx,EEdvw,416
AAfqr,BBgmt,CCgls,DDqwx,EEdvw,833
AAdlq,BBfmw,CCgls,DDqwx,EEdvw,390
AAfqr,BBfmw,CCgls,DDqwx,EEdvw,522
AAdlq,BBdnv,CCdgn,DDqwx,EEfhp,526
AAfqr,BBdnv,CCdgn,DDqwx,EEfhp,794
AAdlq,BBgmt,CCdgn,DDqwx,EEfhp,609
AAfqr,BBgmt,CCdgn,DDqwx,EEfhp,77
AAdlq,BBfmw,CCdgn,DDqwx,EEfhp,866
AAfqr,BBfmw,CCdgn,DDqwx,EEfhp,441
AAdlq,BBdnv,CCjlr,DDqwx,EEfhp,200
AAfqr,BBdnv,CCjlr,DDqwx,EEfhp,699
AAdlq,BBgmt,CCjlr,DDqwx,EEfhp,990
AAfqr,BBgmt,CCjlr,DDqwx,EEfhp,97
AAdlq,BBfmw,CCjlr,DDqwx,EEfhp,967
AAfqr,BBfmw,CCjlr,DDqwx,EEfhp,767
AAdlq,BBdnv,CCbmr,DDqwx,EEfhp,637
AAfqr,BBdnv,CCbmr,DDqwx,EEfhp,786
AAdlq,BBgmt,CCbmr,DDqwx,EEfhp,404
AAfqr,BBgmt,CCbmr,DDqwx,EEfhp,76
AAdlq,BBfmw,CCbmr,DDqwx,EEfhp,490
AAfqr,BBfmw,CCbmr,DDqwx,EEfhp,216
AAdlq,BBdnv,CCgls,DDqwx,EEfhp,285
AAfqr,BBdnv,CCgls,DDqwx,EEfhp,147
AAdlq,BBgmt,CCgls,DDqwx,EEfhp,25
AAfqr,BBgmt,CCgls,DDqwx,EEfhp,907
AAdlq,BBfmw,CCgls,DDqwx,EEfhp,605
AAfqr,BBfmw,CCgls,DDqwx,EEfhp,21
AAdlq,BBdnv,CCdgn,DDprs,EErsw,862
AAfqr,BBdnv,CCdgn,DDprs,EErsw,318
AAdlq,BBgmt,CCdgn,DDprs,EErsw,469
AAfqr,BBgmt,CCdgn,DDprs,EErsw,203
AAdlq,BBfmw,CCdgn,DDprs,EErsw,355
AAfqr,BBfmw,CCdgn,DDprs,EErsw,912
AAdlq,BBdnv,CCjlr,DDprs,EErsw,930
AAfqr,BBdnv,CCjlr,DDprs,EErsw,546
AAdlq,BBgmt,CCjlr,DDprs,EErsw,106
AAfqr,BBgmt,CCjlr,DDprs,EErsw,763
AAdlq,BBfmw,CCjlr,DDprs,EErsw,167
AAfqr,BBfmw,CCjlr,DDprs,EErsw,229
AAdlq,BBdnv,CCbmr,DDprs,EErsw,851
AAfqr,BBdnv,CCbmr,DDprs,EErsw,242
AAdlq,BBgmt,CCbmr,DDprs,EErsw,586
AAfqr,BBgmt,CCbmr,DDprs,EErsw,357
AAdlq,BBfmw,CCbmr,DDprs,EErsw,492
AAfqr,BBfmw,CCbmr,DDprs,EErsw,904
AAdlq,BBdnv,CCgls,DDprs,EErsw,992
AAfqr,BBdnv,CCgls,DDprs,EErsw,246
AAdlq,BBgmt,CCgls,DDprs,EErsw,654
AAfqr,BBgmt,CCgls,DDprs,EErsw,267
AAdlq,BBfmw,CCgls,DDprs,EErsw,451
AAfqr,BBfmw,CCgls,DDprs,EErsw,332
AAdlq,BBdnv,CCdgn,DDprs,EEdjy,415
AAfqr,BBdnv,CCdgn,DDprs,EEdjy,123
AAdlq,BBgmt,CCdgn,DDprs,EEdjy,643
AAfqr,BBgmt,CCdgn,DDprs,EEdjy,983
AAdlq,BBfmw,CCdgn,DDprs,EEdjy,867
AAfqr,BBfmw,CCdgn,DDprs,EEdjy,269
AAdlq,BBdnv,CCjlr,DDprs,EEdjy,117
AAfqr,BBdnv,CCjlr,DDprs,EEdjy,524
AAdlq,BBgmt,CCjlr,DDprs,EEdjy,566
AAfqr,BBgmt,CCjlr,DDprs,EEdjy,561
AAdlq,BBfmw,CCjlr,DDprs,EEdjy,535
AAfqr,BBfmw,CCjlr,DDprs,EEdjy,799
AAdlq,BBdnv,CCbmr,DDprs,EEdjy,179
AAfqr,BBdnv,CCbmr,DDprs,EEdjy,545
AAdlq,BBgmt,CCbmr,DDprs,EEdjy,400
AAfqr,BBgmt,CCbmr,DDprs,EEdjy,220
AAdlq,BBfmw,CCbmr,DDprs,EEdjy,104
AAfqr,BBfmw,CCbmr,DDprs,EEdjy,924
AAdlq,BBdnv,CCgls,DDprs,EEdjy,55
AAfqr,BBdnv,CCgls,DDprs,EEdjy,756
AAdlq,BBgmt,CCgls,DDprs,EEdjy,72
AAfqr,BBgmt,CCgls,DDprs,EEdjy,382
AAdlq,BBfmw,CCgls,DDprs,EEdjy,340
AAfqr,BBfmw,CCgls,DDprs,EEdjy,473
AAdlq,BBdnv,CCdgn,DDrtw,EEkty,326
AAfqr,BBdnv,CCdgn,DDrtw,EEkty,287
AAdlq,BBgmt,CCdgn,DDrtw,EEkty,130
AAfqr,BBgmt,CCdgn,DDrtw,EEkty,124
AAdlq,BBfmw,CCdgn,DDrtw,EEkty,260
AAfqr,BBfmw,CCdgn,DDrtw,EEkty,474
AAdlq,BBdnv,CCjlr,DDrtw,EEkty,847
AAfqr,BBdnv,CCjlr,DDrtw,EEkty,624
AAdlq,BBgmt,CCjlr,DDrtw,EEkty,476
AAfqr,BBgmt,CCjlr,DDrtw,EEkty,307
AAdlq,BBfmw,CCjlr,DDrtw,EEkty,911
AAfqr,BBfmw,CCjlr,DDrtw,EEkty,736
AAdlq,BBdnv,CCbmr,DDrtw,EEkty,70
AAfqr,BBdnv,CCbmr,DDrtw,EEkty,161
AAdlq,BBgmt,CCbmr,DDrtw,EEkty,814
AAfqr,BBgmt,CCbmr,DDrtw,EEkty,656
AAdlq,BBfmw,CCbmr,DDrtw,EEkty,428
AAfqr,BBfmw,CCbmr,DDrtw,EEkty,558
AAdlq,BBdnv,CCgls,DDrtw,EEkty,962
AAfqr,BBdnv,CCgls,DDrtw,EEkty,352
AAdlq,BBgmt,CCgls,DDrtw,EEkty,480
AAfqr,BBgmt,CCgls,DDrtw,EEkty,903
AAdlq,BBfmw,CCgls,DDrtw,EEkty,873
AAfqr,BBfmw,CCgls,DDrtw,EEkty,118
AAdlq,BBdnv,CCdgn,DDrtw,EEhnz,166
AAfqr,BBdnv,CCdgn,DDrtw,EEhnz,470
AAdlq,BBgmt,CCdgn,DDrtw,EEhnz,119
AAfqr,BBgmt,CCdgn,DDrtw,EEhnz,808
AAdlq,BBfmw,CCdgn,DDrtw,EEhnz,496
AAfqr,BBfmw,CCdgn,DDrtw,EEhnz,224
AAdlq,BBdnv,CCjlr,DDrtw,EEhnz,590
AAfqr,BBdnv,CCjlr,DDrtw,EEhnz,630
AAdlq,BBgmt,CCjlr,DDrtw,EEhnz,712
AAfqr,BBgmt,CCjlr,DDrtw,EEhnz,791
AAdlq,BBfmw,CCjlr,DDrtw,EEhnz,757
AAfqr,BBfmw,CCjlr,DDrtw,EEhnz,888
AAdlq,BBdnv,CCbmr,DDrtw,EEhnz,406
AAfqr,BBdnv,CCbmr,DDrtw,EEhnz,41
AAdlq,BBgmt,CCbmr,DDrtw,EEhnz,925
AAfqr,BBgmt,CCbmr,DDrtw,EEhnz,864
AAdlq,BBfmw,CCbmr,DDrtw,EEhnz,883
AAfqr,BBfmw,CCbmr,DDrtw,EEhnz,854
AAdlq,BBdnv,CCgls,DDrtw,EEhnz,15
AAfqr,BBdnv,CCgls,DDrtw,EEhnz,205
AAdlq,BBgmt,CCgls,DDrtw,EEhnz,635
AAfqr,BBgmt,CCgls,DDrtw,EEhnz,315
AAdlq,BBfmw,CCgls,DDrtw,EEhnz,202
AAfqr,BBfmw,CCgls,DDrtw,EEhnz,325

