Import-Export,Year,Category,Item,Value
Import_Export,Year,Category,Item,Value
Import,2017,Cereals,Rice,115
Export,2017,Cereals,Rice,163
Import,2018,Cereals,Rice,209
Export,2018,Cereals,Rice,921
Import,2017,Cereals,Seeds,517
Export,2017,Cereals,Seeds,607
Import,2018,Cereals,Seeds,995
Export,2018,Cereals,Seeds,810
Import,2017,Dairy,Cream,131
Export,2017,Dairy,Cream,959
Import,2018,Dairy,Cream,138
Export,2018,Dairy,Cream,837
Import,2017,Dairy,Cheese,831
Export,2017,Dairy,Cheese,32
Import,2018,Dairy,Cheese,290
Export,2018,Dairy,Cheese,855
