{
"filename": "Food_import-export_in_tons_set149_4_DB.csv",
"questions": [{"name": "template 1",
 "sql": "SELECT Value FROM DBdata WHERE ((AA = 'AAsvz' AND BB = 'BBqsw' AND CC = 'CClmp')) AND ((DD = 'DDcst' AND EE = 'EEfqy'))",
 "sqlResult": "{866}",
 "nlq": "What is the amount of AAsvz of EEfqy in CClmp of BBqsw?"},
{"name": "template 2",
 "sql": "SELECT Value FROM DBdata WHERE ((AA = 'AAdhp' AND BB = 'BBqsw' AND CC = 'CClmp')) AND ((DD = 'DDcst' AND EE = 'EEqxz') OR (DD = 'DDdkp' AND EE = 'EEdjs') OR (DD = 'DDdkp' AND EE = 'EEbgz') OR (DD = 'DDdkp' AND EE = 'EEgkt') OR (DD = 'DDcmx' AND EE = 'EEjpr') OR (DD = 'DDcmx' AND EE = 'EEbpr') OR (DD = 'DDcmx' AND EE = 'EEdgx'))",
 "sqlResult": "{875} || {740} || {985} || {256} || {394} || {404} || {73}",
 "nlq": "What is the amount of AAdhp of EEbgz, EEjpr, EEdjs, EEqxz, EEdgx, EEbpr, or EEgkt in CClmp of BBqsw?"},
{"name": "template 3",
 "sql": "SELECT Value FROM DBdata WHERE ((AA = 'AAdhp' AND BB = 'BBpwy' AND CC = 'CChpv') OR (AA = 'AAsvz' AND BB = 'BBpwy' AND CC = 'CChpv') OR (AA = 'AAdhp' AND BB = 'BBqsw' AND CC = 'CChpv') OR (AA = 'AAsvz' AND BB = 'BBqsw' AND CC = 'CChpv') OR (AA = 'AAdhp' AND BB = 'BBpwy' AND CC = 'CCbdv') OR (AA = 'AAsvz' AND BB = 'BBpwy' AND CC = 'CCbdv') OR (AA = 'AAdhp' AND BB = 'BBqsw' AND CC = 'CCbdv')) AND ((DD = 'DDdkp' AND EE = 'EEgkt'))",
 "sqlResult": "{918} || {90} || {661} || {541} || {85} || {32} || {275}",
 "nlq": "What is the amount of AAsvz or AAdhp of EEgkt in CChpv of BBqsw or CChpv or CCbdv of BBpwy or of AAdhp of EEgkt in CCbdv of BBqsw?"},
{"name": "template 4",
 "sql": "SELECT avg(Value),sum(Value) FROM DBdata WHERE ((AA = 'AAdhp' AND BB = 'BBqsw' AND CC = 'CClmp') OR (AA = 'AAdhp' AND BB = 'BBpwy' AND CC = 'CCbdv')) AND ((DD = 'DDcst' AND EE = 'EEqxz'))",
 "sqlResult": "{935.5 | 1871}",
 "nlq": "What are the average and total amounts of AAdhp of EEqxz in CClmp of BBqsw or CCbdv of BBpwy?"},
{"name": "template 6",
 "sql": "SELECT Value FROM DBdata WHERE ((AA = 'AAdhp' AND BB = 'BBqsw' AND CC = 'CClmp') OR (AA = 'AAsvz' AND BB = 'BBqsw' AND CC = 'CCdhn') OR (AA = 'AAsvz' AND BB = 'BBpwy' AND CC = 'CCbdv') OR (AA = 'AAsvz' AND BB = 'BBqsw' AND CC = 'CCbdv')) AND ((DD = 'DDdkp' AND EE = 'EEgkt') OR (DD = 'DDcmx' AND EE = 'EEjpr'))",
 "sqlResult": "{256} || {879} || {32} || {485} || {394} || {553} || {244} || {851}",
 "nlq": "What is the amount of AAsvz of EEjpr or EEgkt in CCdhn or CCbdv of BBqsw or CCbdv of BBpwy or of AAdhp of EEjpr or EEgkt in CClmp of BBqsw?"},
{"name": "template 7",
 "sql": "SELECT min(Value),max(Value) FROM DBdata WHERE ((AA = 'AAsvz' AND BB = 'BBqsw' AND CC = 'CClmp')) AND ((DD = 'DDcst' AND EE = 'EEcdq') OR (DD = 'DDdkp' AND EE = 'EEdjs') OR (DD = 'DDcmx' AND EE = 'EEdgx'))",
 "sqlResult": "{104 | 928}",
 "nlq": "What are the minimum and maximum amounts of AAsvz of EEdjs, EEcdq, or EEdgx in CClmp of BBqsw?"},
{"name": "template 8",
 "sql": "SELECT AA,BB,CC,avg(Value),max(Value) FROM DBdata WHERE ((AA = 'AAsvz' AND BB = 'BBpwy' AND CC = 'CClmp') OR (AA = 'AAdhp' AND BB = 'BBqsw' AND CC = 'CClmp') OR (AA = 'AAdhp' AND BB = 'BBpwy' AND CC = 'CChpv') OR (AA = 'AAdhp' AND BB = 'BBqsw' AND CC = 'CCbdv') OR (AA = 'AAsvz' AND BB = 'BBqsw' AND CC = 'CCbdv')) AND ((DD = 'DDcst' AND EE = 'EEfqy') OR (DD = 'DDcst' AND EE = 'EEqxz') OR (DD = 'DDcst' AND EE = 'EEcdq') OR (DD = 'DDcmx' AND EE = 'EEjpr') OR (DD = 'DDcmx' AND EE = 'EEbpr')) GROUP BY AA,BB,CC",
 "sqlResult": "{AAsvz | BBpwy | CClmp | 372.8 | 544} || {AAsvz | BBqsw | CCbdv | 660.6 | 959} || {AAdhp | BBpwy | CChpv | 344.8 | 617} || {AAdhp | BBqsw | CClmp | 471.6 | 875} || {AAdhp | BBqsw | CCbdv | 529.4 | 898}",
 "nlq": "What are the average and maximum amounts for each AAdhp-AAsvz, BB, and CC, of AAsvz of EEjpr, EEfqy, EEqxz, EEcdq, or EEbpr in CClmp of BBpwy or CCbdv of BBqsw or of AAdhp of EEjpr, EEfqy, EEqxz, EEcdq, or EEbpr in CClmp or CCbdv of BBqsw or CChpv of BBpwy? Please, report the corresponding AAdhp-AAsvz, BB, and CC."},
{"name": "template 9",
 "sql": "SELECT min(Value) FROM DBdata WHERE ((AA = 'AAdhp' AND BB = 'BBpwy' AND CC = 'CCdhn')) AND (DD IN ('DDcst','DDdkp','DDcmx')) GROUP BY DD",
 "sqlResult": "{383} || {64} || {219}",
 "nlq": "What is the minimum amount for each DD, of AAdhp of DDcmx, DDcst, or DDdkp in CCdhn of BBpwy?"},
{"name": "template 10",
 "sql": "SELECT DD,max(Value) FROM DBdata WHERE ((AA = 'AAdhp' AND BB = 'BBqsw' AND CC = 'CChpv')) AND (DD IN ('DDcst','DDdkp','DDcmx')) GROUP BY DD",
 "sqlResult": "{DDcmx | 603} || {DDcst | 842} || {DDdkp | 661}",
 "nlq": "What is the maximum amount for each DD, of AAdhp of DDcmx, DDcst, or DDdkp in CChpv of BBqsw? Please, report the corresponding DD."},
{"name": "template 11",
 "sql": "SELECT DD,AA,BB,CC,sum(Value) FROM DBdata WHERE ((AA = 'AAsvz' AND BB = 'BBqsw' AND CC = 'CClmp') OR (AA = 'AAsvz' AND BB = 'BBpwy' AND CC = 'CCbdv') OR (AA = 'AAsvz' AND BB = 'BBqsw' AND CC = 'CCbdv')) AND (DD IN ('DDcst','DDdkp','DDcmx')) GROUP BY DD,AA,BB,CC",
 "sqlResult": "{DDcmx | AAsvz | BBpwy | CCbdv | 476} || {DDcmx | AAsvz | BBqsw | CClmp | 470} || {DDcmx | AAsvz | BBqsw | CCbdv | 1462} || {DDcst | AAsvz | BBpwy | CCbdv | 949} || {DDcst | AAsvz | BBqsw | CClmp | 2334} || {DDcst | AAsvz | BBqsw | CCbdv | 1929} || {DDdkp | AAsvz | BBpwy | CCbdv | 1437} || {DDdkp | AAsvz | BBqsw | CClmp | 632} || {DDdkp | AAsvz | BBqsw | CCbdv | 1580}",
 "nlq": "What is the total amount for each DD, AAdhp-AAsvz, BB, and CC, of AAsvz of DDcmx, DDcst, or DDdkp in CClmp or CCbdv of BBqsw or CCbdv of BBpwy? Please, report the corresponding DD, AAdhp-AAsvz, BB, and CC."},
{"name": "template 12",
 "sql": "SELECT Value FROM DBdata WHERE ((AA = 'AAsvz' AND BB = 'BBqsw' AND CC = 'CCbdv')) AND (DD IN ('DDdkp','DDcmx')) ORDER BY VALUE ASC LIMIT 4",
 "sqlResult": "{88} || {233} || {485} || {523}",
 "nlq": "What are the bottom 4 amounts of AAsvz of DDcmx or DDdkp in CCbdv of BBqsw?"},
{"name": "template 13",
 "sql": "SELECT Value FROM DBdata WHERE ((AA = 'AAsvz' AND BB = 'BBpwy' AND CC = 'CCbdv')) AND (DD IN ('DDcst','DDdkp')) ORDER BY VALUE ASC",
 "sqlResult": "{32} || {125} || {386} || {438} || {452} || {953}",
 "nlq": "What are the amounts ordered by increasing values of AAsvz of DDcst or DDdkp in CCbdv of BBpwy?"},
{"name": "template 14",
 "sql": "SELECT DD,EE FROM DBdata WHERE ((AA = 'AAsvz' AND BB = 'BBpwy' AND CC = 'CCbdv')) AND Value < 479.63",
 "sqlResult": "{DDcst | EEfqy} || {DDcst | EEqxz} || {DDcst | EEcdq} || {DDdkp | EEdjs} || {DDdkp | EEgkt} || {DDcmx | EEjpr} || {DDcmx | EEbpr} || {DDcmx | EEdgx}",
 "nlq": "What are the DD and EE for which the amount of AAsvz in CCbdv of BBpwy is lower than 479.63?"},
{"name": "template 15",
 "sql": "SELECT DD,EE,Value FROM DBdata WHERE ((AA = 'AAsvz' AND BB = 'BBqsw' AND CC = 'CChpv')) AND (DD,EE) IN (SELECT DD,EE FROM DBdata WHERE ((AA = 'AAsvz' AND BB = 'BBpwy' AND CC = 'CCbdv')) AND Value < 479.63)",
 "sqlResult": "{DDcst | EEfqy | 548} || {DDcst | EEqxz | 636} || {DDcst | EEcdq | 212} || {DDdkp | EEdjs | 478} || {DDdkp | EEgkt | 541} || {DDcmx | EEjpr | 575} || {DDcmx | EEbpr | 160} || {DDcmx | EEdgx | 140}",
 "nlq": "What is the amount of AAsvz in CChpv of BBqsw of DD and of EE for which the amount of AAsvz in CCbdv of BBpwy is lower than 479.63? Please, report the corresponding DD, EE, and amount of import-export."}]
}

