{
"filename": "Food_import-export_in_tons_set148_1_DB.csv",
"questions": [{"name": "template 1",
 "sql": "SELECT Value FROM DBdata WHERE ((BB = 'BBbmr' AND CC = 'CCfsv' AND AA = 'AAfxz')) AND ((DD = 'DDdfz' AND EE = 'EEbhw'))",
 "sqlResult": "{149}",
 "nlq": "What is the amount of AAfxz of EEbhw in CCfsv of BBbmr?"},
{"name": "template 2",
 "sql": "SELECT Value FROM DBdata WHERE ((BB = 'BBjnt' AND CC = 'CCdmn' AND AA = 'AAfny')) AND ((DD = 'DDdfz' AND EE = 'EEbhw') OR (DD = 'DDdfw' AND EE = 'EEchm') OR (DD = 'DDhpw' AND EE = 'EEmnz'))",
 "sqlResult": "{786} || {559} || {39}",
 "nlq": "What is the amount of AAfny of EEmnz, EEbhw, or EEchm in CCdmn of BBjnt?"},
{"name": "template 3",
 "sql": "SELECT Value FROM DBdata WHERE ((BB = 'BBjnt' AND CC = 'CCcpy' AND AA = 'AAfny') OR (BB = 'BBjnt' AND CC = 'CCcpy' AND AA = 'AAfxz') OR (BB = 'BBbmr' AND CC = 'CCfsv' AND AA = 'AAfny') OR (BB = 'BBbmr' AND CC = 'CCfsv' AND AA = 'AAfxz') OR (BB = 'BBjnt' AND CC = 'CCfsv' AND AA = 'AAfny') OR (BB = 'BBbmr' AND CC = 'CCfst' AND AA = 'AAfny') OR (BB = 'BBbmr' AND CC = 'CCfst' AND AA = 'AAfxz') OR (BB = 'BBjnt' AND CC = 'CCfst' AND AA = 'AAfxz') OR (BB = 'BBjnt' AND CC = 'CCdmn' AND AA = 'AAfxz')) AND ((DD = 'DDdfz' AND EE = 'EEhpv'))",
 "sqlResult": "{272} || {449} || {677} || {338} || {206} || {635} || {645} || {576} || {882}",
 "nlq": "What is the amount of AAfxz or AAfny of EEhpv in CCcpy of BBjnt or CCfsv or CCfst of BBbmr, of AAfny of EEhpv in CCfsv of BBjnt, or of AAfxz of EEhpv in CCfst or CCdmn of BBjnt?"},
{"name": "template 4",
 "sql": "SELECT min(Value),sum(Value) FROM DBdata WHERE ((BB = 'BBbmr' AND CC = 'CCcpy' AND AA = 'AAfny') OR (BB = 'BBbmr' AND CC = 'CCcpy' AND AA = 'AAfxz') OR (BB = 'BBjnt' AND CC = 'CCcpy' AND AA = 'AAfny') OR (BB = 'BBjnt' AND CC = 'CCcpy' AND AA = 'AAfxz') OR (BB = 'BBbmr' AND CC = 'CCfsv' AND AA = 'AAfny') OR (BB = 'BBjnt' AND CC = 'CCfsv' AND AA = 'AAfny') OR (BB = 'BBjnt' AND CC = 'CCfsv' AND AA = 'AAfxz') OR (BB = 'BBbmr' AND CC = 'CCfst' AND AA = 'AAfny') OR (BB = 'BBjnt' AND CC = 'CCdmn' AND AA = 'AAfny')) AND ((DD = 'DDhpw' AND EE = 'EEmnz'))",
 "sqlResult": "{11 | 3996}",
 "nlq": "What are the minimum and total amounts of AAfny of EEmnz in CCcpy, CCfsv, or CCfst of BBbmr or CCcpy, CCfsv, or CCdmn of BBjnt or of AAfxz of EEmnz in CCcpy of BBbmr or BBjnt or CCfsv of BBjnt?"},
{"name": "template 6",
 "sql": "SELECT Value FROM DBdata WHERE ((BB = 'BBjnt' AND CC = 'CCcpy' AND AA = 'AAfny') OR (BB = 'BBjnt' AND CC = 'CCfsv' AND AA = 'AAfxz') OR (BB = 'BBbmr' AND CC = 'CCfst' AND AA = 'AAfxz') OR (BB = 'BBjnt' AND CC = 'CCfst' AND AA = 'AAfny') OR (BB = 'BBjnt' AND CC = 'CCfst' AND AA = 'AAfxz')) AND ((DD = 'DDdfz' AND EE = 'EEdpy') OR (DD = 'DDdfw' AND EE = 'EEltx') OR (DD = 'DDhpw' AND EE = 'EEmnz'))",
 "sqlResult": "{629} || {573} || {924} || {412} || {688} || {539} || {297} || {564} || {994} || {27} || {88} || {11} || {992} || {329} || {60}",
 "nlq": "What is the amount of AAfxz of EEmnz, EEdpy, or EEltx in CCfsv or CCfst of BBjnt or CCfst of BBbmr or of AAfny of EEmnz, EEdpy, or EEltx in CCcpy or CCfst of BBjnt?"},
{"name": "template 7",
 "sql": "SELECT avg(Value),sum(Value) FROM DBdata WHERE ((BB = 'BBjnt' AND CC = 'CCfst' AND AA = 'AAfny')) AND ((DD = 'DDdfz' AND EE = 'EEdpy') OR (DD = 'DDdfw' AND EE = 'EEchm') OR (DD = 'DDdfw' AND EE = 'EEltx') OR (DD = 'DDhpw' AND EE = 'EEfxy'))",
 "sqlResult": "{492.5 | 1970}",
 "nlq": "What are the average and total amounts of AAfny of EEfxy, EEchm, EEdpy, or EEltx in CCfst of BBjnt?"},
{"name": "template 8",
 "sql": "SELECT BB,CC,AA,sum(Value),avg(Value) FROM DBdata WHERE ((BB = 'BBjnt' AND CC = 'CCfsv' AND AA = 'AAfny') OR (BB = 'BBjnt' AND CC = 'CCfst' AND AA = 'AAfxz') OR (BB = 'BBjnt' AND CC = 'CCdmn' AND AA = 'AAfny')) AND ((DD = 'DDdfz' AND EE = 'EEbhw') OR (DD = 'DDdfz' AND EE = 'EEdpy') OR (DD = 'DDdfz' AND EE = 'EEhpv') OR (DD = 'DDhpw' AND EE = 'EEfxy')) GROUP BY BB,CC,AA",
 "sqlResult": "{BBjnt | CCfsv | AAfny | 1850 | 462.5} || {BBjnt | CCfst | AAfxz | 2962 | 740.5} || {BBjnt | CCdmn | AAfny | 2612 | 653}",
 "nlq": "What are the total and average amounts for each BB, CC, and AAfny-AAfxz, of AAfny of EEhpv, EEbhw, EEfxy, or EEdpy in CCfsv or CCdmn of BBjnt or of AAfxz of EEhpv, EEbhw, EEfxy, or EEdpy in CCfst of BBjnt? Please, report the corresponding BB, CC, and AAfny-AAfxz."},
{"name": "template 9",
 "sql": "SELECT min(Value) FROM DBdata WHERE ((BB = 'BBbmr' AND CC = 'CCfsv' AND AA = 'AAfny')) AND (DD IN ('DDdfz','DDdfw','DDhpw')) GROUP BY DD",
 "sqlResult": "{425} || {307} || {279}",
 "nlq": "What is the minimum amount for each DD, of AAfny of DDdfw, DDhpw, or DDdfz in CCfsv of BBbmr?"},
{"name": "template 10",
 "sql": "SELECT DD,min(Value) FROM DBdata WHERE ((BB = 'BBjnt' AND CC = 'CCcpy' AND AA = 'AAfny')) AND (DD IN ('DDdfz','DDdfw','DDhpw')) GROUP BY DD",
 "sqlResult": "{DDdfw | 539} || {DDhpw | 80} || {DDdfz | 272}",
 "nlq": "What is the minimum amount for each DD, of AAfny of DDdfw, DDhpw, or DDdfz in CCcpy of BBjnt? Please, report the corresponding DD."},
{"name": "template 11",
 "sql": "SELECT DD,BB,CC,AA,avg(Value) FROM DBdata WHERE ((BB = 'BBbmr' AND CC = 'CCcpy' AND AA = 'AAfxz') OR (BB = 'BBbmr' AND CC = 'CCfst' AND AA = 'AAfny') OR (BB = 'BBbmr' AND CC = 'CCdmn' AND AA = 'AAfxz')) AND (DD IN ('DDdfz','DDdfw','DDhpw')) GROUP BY DD,BB,CC,AA",
 "sqlResult": "{DDdfw | BBbmr | CCcpy | AAfxz | 227} || {DDdfw | BBbmr | CCfst | AAfny | 671.67} || {DDdfw | BBbmr | CCdmn | AAfxz | 552} || {DDhpw | BBbmr | CCcpy | AAfxz | 378.5} || {DDhpw | BBbmr | CCfst | AAfny | 497.5} || {DDhpw | BBbmr | CCdmn | AAfxz | 684} || {DDdfz | BBbmr | CCcpy | AAfxz | 755.33} || {DDdfz | BBbmr | CCfst | AAfny | 601.67} || {DDdfz | BBbmr | CCdmn | AAfxz | 426.67}",
 "nlq": "What is the average amount for each DD, BB, CC, and AAfny-AAfxz, of AAfxz of DDdfw, DDhpw, or DDdfz in CCcpy or CCdmn of BBbmr or of AAfny of DDdfw, DDhpw, or DDdfz in CCfst of BBbmr? Please, report the corresponding DD, BB, CC, and AAfny-AAfxz."},
{"name": "template 12",
 "sql": "SELECT Value FROM DBdata WHERE ((BB = 'BBbmr' AND CC = 'CCfst' AND AA = 'AAfxz')) AND (DD IN ('DDdfw','DDhpw')) ORDER BY VALUE DESC LIMIT 4",
 "sqlResult": "{992} || {564} || {352} || {288}",
 "nlq": "What are the top 4 amounts of AAfxz of DDdfw or DDhpw in CCfst of BBbmr?"},
{"name": "template 13",
 "sql": "SELECT Value FROM DBdata WHERE ((BB = 'BBbmr' AND CC = 'CCfst' AND AA = 'AAfxz')) AND (DD IN ('DDdfz','DDdfw')) ORDER BY VALUE DESC",
 "sqlResult": "{924} || {645} || {564} || {556} || {288} || {250}",
 "nlq": "What are the amounts ordered by decreasing values of AAfxz of DDdfw or DDdfz in CCfst of BBbmr?"},
{"name": "template 14",
 "sql": "SELECT DD,EE FROM DBdata WHERE ((BB = 'BBbmr' AND CC = 'CCdmn' AND AA = 'AAfxz')) AND Value > 492.08",
 "sqlResult": "{DDdfz | EEbhw} || {DDdfw | EEchm} || {DDdfw | EEltx} || {DDhpw | EEmnz}",
 "nlq": "What are the DD and EE for which the amount of AAfxz in CCdmn of BBbmr is greater than 492.08?"},
{"name": "template 15",
 "sql": "SELECT DD,EE,Value FROM DBdata WHERE ((BB = 'BBjnt' AND CC = 'CCdmn' AND AA = 'AAfny')) AND (DD,EE) IN (SELECT DD,EE FROM DBdata WHERE ((BB = 'BBbmr' AND CC = 'CCdmn' AND AA = 'AAfxz')) AND Value > 492.08)",
 "sqlResult": "{DDdfz | EEbhw | 786} || {DDdfw | EEchm | 559} || {DDdfw | EEltx | 36} || {DDhpw | EEmnz | 39}",
 "nlq": "What is the amount of AAfny in CCdmn of BBjnt of DD and of EE for which the amount of AAfxz in CCdmn of BBbmr is greater than 492.08? Please, report the corresponding DD, EE, and amount of import-export."}]
}

