AAgj-AAcj,BB,CC,DD,Value
AA,BB,CC,DD,Value
AAgj,BBdq,CCfl,DDjl,971
AAcj,BBdq,CCfl,DDjl,289
AAgj,BBqw,CCfl,DDjl,877
AAcj,BBqw,CCfl,DDjl,975
AAgj,BBdq,CCfl,DDcl,666
AAcj,BBdq,CCfl,DDcl,893
AAgj,BBqw,CCfl,DDcl,637
AAcj,BBqw,CCfl,DDcl,37
AAgj,BBdq,CCjn,DDry,725
AAcj,BBdq,CCjn,DDry,547
AAgj,BBqw,CCjn,DDry,793
AAcj,BBqw,CCjn,DDry,147
AAgj,BBdq,CCjn,DDmx,764
AAcj,BBdq,CCjn,DDmx,526
AAgj,BBqw,CCjn,DDmx,909
AAcj,BBqw,CCjn,DDmx,385
AAgj,BBdq,CCjn,DDhl,314
AAcj,BBdq,CCjn,DDhl,410
AAgj,BBqw,CCjn,DDhl,858
AAcj,BBqw,CCjn,DDhl,253
AAgj,BBdq,CCsz,DDnw,576
AAcj,BBdq,CCsz,DDnw,573
AAgj,BBqw,CCsz,DDnw,121
AAcj,BBqw,CCsz,DDnw,362
AAgj,BBdq,CCsz,DDjv,164
AAcj,BBdq,CCsz,DDjv,190
AAgj,BBqw,CCsz,DDjv,174
AAcj,BBqw,CCsz,DDjv,854
AAgj,BBdq,CCsz,DDjt,866
AAcj,BBdq,CCsz,DDjt,196
AAgj,BBqw,CCsz,DDjt,29
AAcj,BBqw,CCsz,DDjt,27

