AAjmt-AAlwy,BB,CC,DD,EE,Value
AA,BB,CC,DD,EE,Value
AAjmt,BBkls,CCcmy,DDkpx,EEdrs,235
AAlwy,BBkls,CCcmy,DDkpx,EEdrs,733
AAjmt,BBsty,CCcmy,DDkpx,EEdrs,534
AAlwy,BBsty,CCcmy,DDkpx,EEdrs,44
AAjmt,BBrsx,CCcmy,DDkpx,EEdrs,220
AAlwy,BBrsx,CCcmy,DDkpx,EEdrs,603
AAjmt,BBkls,CCdjx,DDkpx,EEdrs,270
AAlwy,BBkls,CCdjx,DDkpx,EEdrs,588
AAjmt,BBsty,CCdjx,DDkpx,EEdrs,457
AAlwy,BBsty,CCdjx,DDkpx,EEdrs,774
AAjmt,BBrsx,CCdjx,DDkpx,EEdrs,739
AAlwy,BBrsx,CCdjx,DDkpx,EEdrs,443
AAjmt,BBkls,CCbpw,DDkpx,EEdrs,147
AAlwy,BBkls,CCbpw,DDkpx,EEdrs,557
AAjmt,BBsty,CCbpw,DDkpx,EEdrs,337
AAlwy,BBsty,CCbpw,DDkpx,EEdrs,319
AAjmt,BBrsx,CCbpw,DDkpx,EEdrs,366
AAlwy,BBrsx,CCbpw,DDkpx,EEdrs,650
AAjmt,BBkls,CCcsw,DDkpx,EEdrs,910
AAlwy,BBkls,CCcsw,DDkpx,EEdrs,96
AAjmt,BBsty,CCcsw,DDkpx,EEdrs,814
AAlwy,BBsty,CCcsw,DDkpx,EEdrs,39
AAjmt,BBrsx,CCcsw,DDkpx,EEdrs,456
AAlwy,BBrsx,CCcsw,DDkpx,EEdrs,238
AAjmt,BBkls,CCcmy,DDkpx,EEftw,510
AAlwy,BBkls,CCcmy,DDkpx,EEftw,695
AAjmt,BBsty,CCcmy,DDkpx,EEftw,249
AAlwy,BBsty,CCcmy,DDkpx,EEftw,234
AAjmt,BBrsx,CCcmy,DDkpx,EEftw,79
AAlwy,BBrsx,CCcmy,DDkpx,EEftw,135
AAjmt,BBkls,CCdjx,DDkpx,EEftw,426
AAlwy,BBkls,CCdjx,DDkpx,EEftw,626
AAjmt,BBsty,CCdjx,DDkpx,EEftw,345
AAlwy,BBsty,CCdjx,DDkpx,EEftw,843
AAjmt,BBrsx,CCdjx,DDkpx,EEftw,640
AAlwy,BBrsx,CCdjx,DDkpx,EEftw,258
AAjmt,BBkls,CCbpw,DDkpx,EEftw,538
AAlwy,BBkls,CCbpw,DDkpx,EEftw,530
AAjmt,BBsty,CCbpw,DDkpx,EEftw,526
AAlwy,BBsty,CCbpw,DDkpx,EEftw,327
AAjmt,BBrsx,CCbpw,DDkpx,EEftw,742
AAlwy,BBrsx,CCbpw,DDkpx,EEftw,975
AAjmt,BBkls,CCcsw,DDkpx,EEftw,232
AAlwy,BBkls,CCcsw,DDkpx,EEftw,132
AAjmt,BBsty,CCcsw,DDkpx,EEftw,269
AAlwy,BBsty,CCcsw,DDkpx,EEftw,718
AAjmt,BBrsx,CCcsw,DDkpx,EEftw,777
AAlwy,BBrsx,CCcsw,DDkpx,EEftw,564
AAjmt,BBkls,CCcmy,DDdqv,EEcrs,959
AAlwy,BBkls,CCcmy,DDdqv,EEcrs,783
AAjmt,BBsty,CCcmy,DDdqv,EEcrs,360
AAlwy,BBsty,CCcmy,DDdqv,EEcrs,923
AAjmt,BBrsx,CCcmy,DDdqv,EEcrs,542
AAlwy,BBrsx,CCcmy,DDdqv,EEcrs,500
AAjmt,BBkls,CCdjx,DDdqv,EEcrs,957
AAlwy,BBkls,CCdjx,DDdqv,EEcrs,143
AAjmt,BBsty,CCdjx,DDdqv,EEcrs,801
AAlwy,BBsty,CCdjx,DDdqv,EEcrs,821
AAjmt,BBrsx,CCdjx,DDdqv,EEcrs,436
AAlwy,BBrsx,CCdjx,DDdqv,EEcrs,809
AAjmt,BBkls,CCbpw,DDdqv,EEcrs,194
AAlwy,BBkls,CCbpw,DDdqv,EEcrs,655
AAjmt,BBsty,CCbpw,DDdqv,EEcrs,363
AAlwy,BBsty,CCbpw,DDdqv,EEcrs,151
AAjmt,BBrsx,CCbpw,DDdqv,EEcrs,58
AAlwy,BBrsx,CCbpw,DDdqv,EEcrs,933
AAjmt,BBkls,CCcsw,DDdqv,EEcrs,756
AAlwy,BBkls,CCcsw,DDdqv,EEcrs,996
AAjmt,BBsty,CCcsw,DDdqv,EEcrs,404
AAlwy,BBsty,CCcsw,DDdqv,EEcrs,242
AAjmt,BBrsx,CCcsw,DDdqv,EEcrs,33
AAlwy,BBrsx,CCcsw,DDdqv,EEcrs,175
AAjmt,BBkls,CCcmy,DDdqv,EEcfs,584
AAlwy,BBkls,CCcmy,DDdqv,EEcfs,275
AAjmt,BBsty,CCcmy,DDdqv,EEcfs,102
AAlwy,BBsty,CCcmy,DDdqv,EEcfs,738
AAjmt,BBrsx,CCcmy,DDdqv,EEcfs,252
AAlwy,BBrsx,CCcmy,DDdqv,EEcfs,922
AAjmt,BBkls,CCdjx,DDdqv,EEcfs,378
AAlwy,BBkls,CCdjx,DDdqv,EEcfs,869
AAjmt,BBsty,CCdjx,DDdqv,EEcfs,117
AAlwy,BBsty,CCdjx,DDdqv,EEcfs,682
AAjmt,BBrsx,CCdjx,DDdqv,EEcfs,620
AAlwy,BBrsx,CCdjx,DDdqv,EEcfs,997
AAjmt,BBkls,CCbpw,DDdqv,EEcfs,519
AAlwy,BBkls,CCbpw,DDdqv,EEcfs,837
AAjmt,BBsty,CCbpw,DDdqv,EEcfs,960
AAlwy,BBsty,CCbpw,DDdqv,EEcfs,769
AAjmt,BBrsx,CCbpw,DDdqv,EEcfs,23
AAlwy,BBrsx,CCbpw,DDdqv,EEcfs,546
AAjmt,BBkls,CCcsw,DDdqv,EEcfs,971
AAlwy,BBkls,CCcsw,DDdqv,EEcfs,121
AAjmt,BBsty,CCcsw,DDdqv,EEcfs,591
AAlwy,BBsty,CCcsw,DDdqv,EEcfs,778
AAjmt,BBrsx,CCcsw,DDdqv,EEcfs,355
AAlwy,BBrsx,CCcsw,DDdqv,EEcfs,802
AAjmt,BBkls,CCcmy,DDdqv,EElqt,221
AAlwy,BBkls,CCcmy,DDdqv,EElqt,217
AAjmt,BBsty,CCcmy,DDdqv,EElqt,495
AAlwy,BBsty,CCcmy,DDdqv,EElqt,525
AAjmt,BBrsx,CCcmy,DDdqv,EElqt,57
AAlwy,BBrsx,CCcmy,DDdqv,EElqt,657
AAjmt,BBkls,CCdjx,DDdqv,EElqt,313
AAlwy,BBkls,CCdjx,DDdqv,EElqt,698
AAjmt,BBsty,CCdjx,DDdqv,EElqt,954
AAlwy,BBsty,CCdjx,DDdqv,EElqt,207
AAjmt,BBrsx,CCdjx,DDdqv,EElqt,704
AAlwy,BBrsx,CCdjx,DDdqv,EElqt,267
AAjmt,BBkls,CCbpw,DDdqv,EElqt,740
AAlwy,BBkls,CCbpw,DDdqv,EElqt,942
AAjmt,BBsty,CCbpw,DDdqv,EElqt,894
AAlwy,BBsty,CCbpw,DDdqv,EElqt,161
AAjmt,BBrsx,CCbpw,DDdqv,EElqt,230
AAlwy,BBrsx,CCbpw,DDdqv,EElqt,283
AAjmt,BBkls,CCcsw,DDdqv,EElqt,90
AAlwy,BBkls,CCcsw,DDdqv,EElqt,803
AAjmt,BBsty,CCcsw,DDdqv,EElqt,246
AAlwy,BBsty,CCcsw,DDdqv,EElqt,889
AAjmt,BBrsx,CCcsw,DDdqv,EElqt,576
AAlwy,BBrsx,CCcsw,DDdqv,EElqt,280

