Import-Export,Year,Category,Item,Value
Import_Export,Year,Category,Item,Value
Import,2021,Meat,Duck,971
Export,2021,Meat,Duck,289
Import,2022,Meat,Duck,877
Export,2022,Meat,Duck,975
Import,2021,Meat,Lamb,666
Export,2021,Meat,Lamb,893
Import,2022,Meat,Lamb,637
Export,2022,Meat,Lamb,37
Import,2021,Cereals,Corn,725
Export,2021,Cereals,Corn,547
Import,2022,Cereals,Corn,793
Export,2022,Cereals,Corn,147
Import,2021,Cereals,Oats,764
Export,2021,Cereals,Oats,526
Import,2022,Cereals,Oats,909
Export,2022,Cereals,Oats,385
Import,2021,Cereals,Rice,314
Export,2021,Cereals,Rice,410
Import,2022,Cereals,Rice,858
Export,2022,Cereals,Rice,253
Import,2021,Dairy,Butter,576
Export,2021,Dairy,Butter,573
Import,2022,Dairy,Butter,121
Export,2022,Dairy,Butter,362
Import,2021,Dairy,Cream,164
Export,2021,Dairy,Cream,190
Import,2022,Dairy,Cream,174
Export,2022,Dairy,Cream,854
Import,2021,Dairy,Cheese,866
Export,2021,Dairy,Cheese,196
Import,2022,Dairy,Cheese,29
Export,2022,Dairy,Cheese,27
