{
"filename": "Food_import-export_in_tons_set138_3_DB.csv",
"questions": [{"name": "template 1",
 "sql": "SELECT Value FROM DBdata WHERE ((Import_Export = 'Export' AND Year = '2018')) AND ((Category = 'Meat' AND Item = 'Camel'))",
 "sqlResult": "{80}",
 "nlq": "What is the amount of Export of Camel in 2018?"},
{"name": "template 2",
 "sql": "SELECT Value FROM DBdata WHERE ((Import_Export = 'Import' AND Year = '2017')) AND ((Category = 'Meat' AND Item = 'Camel') OR (Category = 'Cereals' AND Item = 'Seeds') OR (Category = 'Cereals' AND Item = 'Wheat') OR (Category = 'Cereals' AND Item = 'Soybeans') OR (Category = 'Dairy' AND Item = 'Cream') OR (Category = 'Dairy' AND Item = 'Yoghurt'))",
 "sqlResult": "{444} || {740} || {613} || {912} || {719} || {639}",
 "nlq": "What is the amount of Import of Camel, Cream, Seeds, Soybeans, Wheat, or Yoghurt in 2017?"},
{"name": "template 3",
 "sql": "SELECT Value FROM DBdata WHERE ((Import_Export = 'Import' AND Year = '2016') OR (Import_Export = 'Export' AND Year = '2016') OR (Import_Export = 'Export' AND Year = '2017')) AND ((Category = 'Dairy' AND Item = 'Cheese'))",
 "sqlResult": "{987} || {300} || {628}",
 "nlq": "What is the amount of Export or Import of Cheese in 2016 or of Export of Cheese in 2017?"},
{"name": "template 4",
 "sql": "SELECT sum(Value),max(Value) FROM DBdata WHERE ((Import_Export = 'Export' AND Year = '2016') OR (Import_Export = 'Export' AND Year = '2018')) AND ((Category = 'Cereals' AND Item = 'Soybeans'))",
 "sqlResult": "{965 | 509}",
 "nlq": "What are the total and maximum amounts of Export of Soybeans in 2016 or 2018?"},
{"name": "template 5",
 "sql": "SELECT avg(Value) FROM DBdata WHERE Import_Export = 'Import' AND (Year IN ('2016','2017','2018')) AND ((Category = 'Dairy' AND Item = 'Cream'))",
 "sqlResult": "{380.67}",
 "nlq": "What is the average amount of Import of Cream in 2016, 2017, or 2018?"},
{"name": "template 6",
 "sql": "SELECT Value FROM DBdata WHERE ((Import_Export = 'Import' AND Year = '2016') OR (Import_Export = 'Export' AND Year = '2016') OR (Import_Export = 'Import' AND Year = '2017') OR (Import_Export = 'Export' AND Year = '2017') OR (Import_Export = 'Export' AND Year = '2018')) AND ((Category = 'Meat' AND Item = 'Duck') OR (Category = 'Dairy' AND Item = 'Cheese'))",
 "sqlResult": "{725} || {644} || {503} || {324} || {353} || {987} || {300} || {624} || {628} || {132}",
 "nlq": "What is the amount of Export or Import of Cheese or Duck in 2016 or 2017 or of Export of Cheese or Duck in 2018?"},
{"name": "template 7",
 "sql": "SELECT sum(Value),max(Value) FROM DBdata WHERE ((Import_Export = 'Import' AND Year = '2018')) AND ((Category = 'Meat' AND Item = 'Duck') OR (Category = 'Cereals' AND Item = 'Soybeans'))",
 "sqlResult": "{1189 | 884}",
 "nlq": "What are the total and maximum amounts of Import of Duck or Soybeans in 2018?"},
{"name": "template 8",
 "sql": "SELECT Import_Export,Year,avg(Value),max(Value) FROM DBdata WHERE ((Import_Export = 'Import' AND Year = '2016') OR (Import_Export = 'Export' AND Year = '2016') OR (Import_Export = 'Import' AND Year = '2017') OR (Import_Export = 'Export' AND Year = '2017') OR (Import_Export = 'Import' AND Year = '2018')) AND ((Category = 'Meat' AND Item = 'Pork') OR (Category = 'Meat' AND Item = 'Duck')) GROUP BY Import_Export,Year",
 "sqlResult": "{Export | 2016 | 752.5 | 861} || {Export | 2017 | 360.5 | 397} || {Import | 2016 | 475 | 725} || {Import | 2017 | 598.5 | 694} || {Import | 2018 | 326.5 | 348}",
 "nlq": "What are the average and maximum amounts for each Import-Export and Year, of Import of Duck or Pork in 2016, 2017, or 2018 or of Export of Duck or Pork in 2016 or 2017? Please, report the corresponding Import-Export and Year."},
{"name": "template 9",
 "sql": "SELECT min(Value) FROM DBdata WHERE ((Import_Export = 'Export' AND Year = '2016')) AND (Category IN ('Meat','Cereals','Dairy')) GROUP BY Category",
 "sqlResult": "{456} || {218} || {95}",
 "nlq": "What is the minimum amount for each Category, of Export of Cereals, Dairy, or Meat in 2016?"},
{"name": "template 10",
 "sql": "SELECT Category,avg(Value) FROM DBdata WHERE ((Import_Export = 'Export' AND Year = '2017')) AND (Category IN ('Meat','Cereals','Dairy')) GROUP BY Category",
 "sqlResult": "{Cereals | 511} || {Dairy | 377.33} || {Meat | 474.33}",
 "nlq": "What is the average amount for each Category, of Export of Cereals, Dairy, or Meat in 2017? Please, report the corresponding Category."},
{"name": "template 11",
 "sql": "SELECT Category,Import_Export,Year,sum(Value) FROM DBdata WHERE ((Import_Export = 'Import' AND Year = '2016') OR (Import_Export = 'Import' AND Year = '2017') OR (Import_Export = 'Import' AND Year = '2018')) AND (Category IN ('Meat','Cereals','Dairy')) GROUP BY Category,Import_Export,Year",
 "sqlResult": "{Cereals | Import | 2016 | 846} || {Cereals | Import | 2017 | 2265} || {Cereals | Import | 2018 | 2182} || {Dairy | Import | 2016 | 1976} || {Dairy | Import | 2017 | 1982} || {Dairy | Import | 2018 | 535} || {Meat | Import | 2016 | 972} || {Meat | Import | 2017 | 1641} || {Meat | Import | 2018 | 838}",
 "nlq": "What is the total amount for each Category, Import-Export, and Year, of Import of Cereals, Dairy, or Meat in 2016, 2017, or 2018? Please, report the corresponding Category, Import-Export, and Year."},
{"name": "template 12",
 "sql": "SELECT Value FROM DBdata WHERE ((Import_Export = 'Import' AND Year = '2016')) AND (Category IN ('Meat','Dairy')) ORDER BY VALUE DESC LIMIT 3",
 "sqlResult": "{987} || {725} || {697}",
 "nlq": "What are the top 3 amounts of Import of Dairy or Meat in 2016?"},
{"name": "template 13",
 "sql": "SELECT Value FROM DBdata WHERE ((Import_Export = 'Import' AND Year = '2016')) AND (Category IN ('Meat','Cereals')) ORDER BY VALUE ASC",
 "sqlResult": "{22} || {90} || {190} || {225} || {566} || {725}",
 "nlq": "What are the amounts ordered by increasing values of Import of Cereals or Meat in 2016?"},
{"name": "template 14",
 "sql": "SELECT Category,Item FROM DBdata WHERE ((Import_Export = 'Import' AND Year = '2017')) AND Value > 465.57",
 "sqlResult": "{Meat | Pork} || {Meat | Duck} || {Cereals | Seeds} || {Cereals | Wheat} || {Cereals | Soybeans} || {Dairy | Cream} || {Dairy | Cheese} || {Dairy | Yoghurt}",
 "nlq": "What are the Category and Item for which the amount of Import in 2017 is greater than 465.57?"},
{"name": "template 15",
 "sql": "SELECT Category,Item,Value FROM DBdata WHERE ((Import_Export = 'Export' AND Year = '2016')) AND (Category,Item) IN (SELECT Category,Item FROM DBdata WHERE ((Import_Export = 'Import' AND Year = '2017')) AND Value > 465.57)",
 "sqlResult": "{Meat | Pork | 861} || {Meat | Duck | 644} || {Cereals | Seeds | 995} || {Cereals | Wheat | 681} || {Cereals | Soybeans | 456} || {Dairy | Cream | 218} || {Dairy | Cheese | 300} || {Dairy | Yoghurt | 258}",
 "nlq": "What is the amount of Export in 2016 of Category and of Item for which the amount of Import in 2017 is greater than 465.57? Please, report the corresponding Category, Item, and amount of import-export."}]
}
