{
"filename": "Food_import-export_in_tons_set137_3_DB.csv",
"questions": [{"name": "template 1",
 "sql": "SELECT Value FROM DBdata WHERE ((Import_Export = 'Export' AND Year = '2019')) AND ((Category = 'Meat' AND Item = 'Duck'))",
 "sqlResult": "{826}",
 "nlq": "What is the amount of Export of Duck in 2019?"},
{"name": "template 2",
 "sql": "SELECT Value FROM DBdata WHERE ((Import_Export = 'Import' AND Year = '2019')) AND ((Category = 'Meat' AND Item = 'Camel') OR (Category = 'Dairy' AND Item = 'Milk'))",
 "sqlResult": "{933} || {440}",
 "nlq": "What is the amount of Import of Camel or Milk in 2019?"},
{"name": "template 3",
 "sql": "SELECT Value FROM DBdata WHERE ((Import_Export = 'Export' AND Year = '2019') OR (Import_Export = 'Export' AND Year = '2020')) AND ((Category = 'Meat' AND Item = 'Duck'))",
 "sqlResult": "{826} || {130}",
 "nlq": "What is the amount of Export of Duck in 2019 or 2020?"},
{"name": "template 4",
 "sql": "SELECT max(Value),min(Value) FROM DBdata WHERE ((Import_Export = 'Import' AND Year = '2019') OR (Import_Export = 'Import' AND Year = '2020') OR (Import_Export = 'Export' AND Year = '2020')) AND ((Category = 'Meat' AND Item = 'Camel'))",
 "sqlResult": "{933 | 31}",
 "nlq": "What are the maximum and minimum amounts of Import of Camel in 2019 or 2020 or of Export of Camel in 2020?"},
{"name": "template 5",
 "sql": "SELECT avg(Value) FROM DBdata WHERE (Import_Export IN ('Import','Export')) AND ((Category = 'Meat' AND Item = 'Duck'))",
 "sqlResult": "{589.5}",
 "nlq": "What is the average amount of Export or Import of Duck?"},
{"name": "template 6",
 "sql": "SELECT Value FROM DBdata WHERE ((Import_Export = 'Import' AND Year = '2018') OR (Import_Export = 'Export' AND Year = '2020')) AND ((Category = 'Meat' AND Item = 'Lamb') OR (Category = 'Cereals' AND Item = 'Rice') OR (Category = 'Cereals' AND Item = 'Wheat'))",
 "sqlResult": "{448} || {889} || {190} || {724} || {154} || {196}",
 "nlq": "What is the amount of Import of Lamb, Rice, or Wheat in 2018 or of Export of Lamb, Rice, or Wheat in 2020?"},
{"name": "template 7",
 "sql": "SELECT min(Value),avg(Value) FROM DBdata WHERE ((Import_Export = 'Export' AND Year = '2020')) AND ((Category = 'Cereals' AND Item = 'Seeds') OR (Category = 'Dairy' AND Item = 'Butter'))",
 "sqlResult": "{198 | 470}",
 "nlq": "What are the minimum and average amounts of Export of Butter or Seeds in 2020?"},
{"name": "template 8",
 "sql": "SELECT Import_Export,Year,sum(Value),max(Value) FROM DBdata WHERE ((Import_Export = 'Import' AND Year = '2018') OR (Import_Export = 'Import' AND Year = '2020')) AND ((Category = 'Meat' AND Item = 'Duck') OR (Category = 'Meat' AND Item = 'Lamb') OR (Category = 'Cereals' AND Item = 'Wheat')) GROUP BY Import_Export,Year",
 "sqlResult": "{Import | 2018 | 1313 | 711} || {Import | 2020 | 2150 | 1000}",
 "nlq": "What are the total and maximum amounts for each Import-Export and Year, of Import of Duck, Lamb, or Wheat in 2018 or 2020? Please, report the corresponding Import-Export and Year."},
{"name": "template 9",
 "sql": "SELECT min(Value) FROM DBdata WHERE ((Import_Export = 'Import' AND Year = '2019')) AND (Category IN ('Meat','Cereals','Dairy')) GROUP BY Category",
 "sqlResult": "{117} || {440} || {359}",
 "nlq": "What is the minimum amount for each Category, of Import of Cereals, Dairy, or Meat in 2019?"},
{"name": "template 10",
 "sql": "SELECT Category,avg(Value) FROM DBdata WHERE ((Import_Export = 'Import' AND Year = '2018')) AND (Category IN ('Meat','Cereals','Dairy')) GROUP BY Category",
 "sqlResult": "{Cereals | 309.67} || {Dairy | 634.5} || {Meat | 616.67}",
 "nlq": "What is the average amount for each Category, of Import of Cereals, Dairy, or Meat in 2018? Please, report the corresponding Category."},
{"name": "template 11",
 "sql": "SELECT Category,Import_Export,Year,max(Value) FROM DBdata WHERE ((Import_Export = 'Import' AND Year = '2018') OR (Import_Export = 'Export' AND Year = '2018') OR (Import_Export = 'Import' AND Year = '2019')) AND (Category IN ('Meat','Cereals','Dairy')) GROUP BY Category,Import_Export,Year",
 "sqlResult": "{Cereals | Export | 2018 | 685} || {Cereals | Import | 2018 | 585} || {Cereals | Import | 2019 | 976} || {Dairy | Export | 2018 | 537} || {Dairy | Import | 2018 | 972} || {Dairy | Import | 2019 | 971} || {Meat | Export | 2018 | 762} || {Meat | Import | 2018 | 711} || {Meat | Import | 2019 | 933}",
 "nlq": "What is the maximum amount for each Category, Import-Export, and Year, of Export or Import of Cereals, Dairy, or Meat in 2018 or of Import of Cereals, Dairy, or Meat in 2019? Please, report the corresponding Category, Import-Export, and Year."},
{"name": "template 12",
 "sql": "SELECT Value FROM DBdata WHERE ((Import_Export = 'Export' AND Year = '2019')) AND (Category IN ('Meat','Dairy')) ORDER BY VALUE DESC LIMIT 3",
 "sqlResult": "{939} || {826} || {774}",
 "nlq": "What are the top 3 amounts of Export of Dairy or Meat in 2019?"},
{"name": "template 13",
 "sql": "SELECT Value FROM DBdata WHERE ((Import_Export = 'Import' AND Year = '2020')) AND (Category IN ('Meat','Cereals')) ORDER BY VALUE DESC",
 "sqlResult": "{1000} || {945} || {505} || {468} || {431} || {205}",
 "nlq": "What are the amounts ordered by decreasing values of Import of Cereals or Meat in 2020?"},
{"name": "template 14",
 "sql": "SELECT Category,Item FROM DBdata WHERE ((Import_Export = 'Import' AND Year = '2020')) AND Value < 533.96",
 "sqlResult": "{Meat | Camel} || {Meat | Duck} || {Cereals | Rice} || {Cereals | Seeds} || {Dairy | Milk} || {Dairy | Butter}",
 "nlq": "What are the Category and Item for which the amount of Import in 2020 is lower than 533.96?"},
{"name": "template 15",
 "sql": "SELECT Category,Item,Value FROM DBdata WHERE ((Import_Export = 'Import' AND Year = '2018')) AND (Category,Item) IN (SELECT Category,Item FROM DBdata WHERE ((Import_Export = 'Import' AND Year = '2020')) AND Value < 533.96)",
 "sqlResult": "{Meat | Camel | 691} || {Meat | Duck | 711} || {Cereals | Rice | 190} || {Cereals | Seeds | 585} || {Dairy | Milk | 297} || {Dairy | Butter | 972}",
 "nlq": "What is the amount of Import in 2018 of Category and of Item for which the amount of Import in 2020 is lower than 533.96? Please, report the corresponding Category, Item, and amount of import-export."}]
}
