AApry-AAlpt,BB,CC,DD,EE,Value
AA,BB,CC,DD,EE,Value
AApry,BBflm,CCgnq,DDkvw,EEcjw,478
AAlpt,BBflm,CCgnq,DDkvw,EEcjw,854
AApry,BBbyz,CCgnq,DDkvw,EEcjw,283
AAlpt,BBbyz,CCgnq,DDkvw,EEcjw,291
AApry,BBflm,CCcfs,DDkvw,EEcjw,623
AAlpt,BBflm,CCcfs,DDkvw,EEcjw,707
AApry,BBbyz,CCcfs,DDkvw,EEcjw,67
AAlpt,BBbyz,CCcfs,DDkvw,EEcjw,924
AApry,BBflm,CCfpx,DDkvw,EEcjw,264
AAlpt,BBflm,CCfpx,DDkvw,EEcjw,972
AApry,BBbyz,CCfpx,DDkvw,EEcjw,694
AAlpt,BBbyz,CCfpx,DDkvw,EEcjw,846
AApry,BBflm,CCnqw,DDkvw,EEcjw,475
AAlpt,BBflm,CCnqw,DDkvw,EEcjw,921
AApry,BBbyz,CCnqw,DDkvw,EEcjw,750
AAlpt,BBbyz,CCnqw,DDkvw,EEcjw,884
AApry,BBflm,CCgnq,DDkvw,EEhnv,699
AAlpt,BBflm,CCgnq,DDkvw,EEhnv,456
AApry,BBbyz,CCgnq,DDkvw,EEhnv,135
AAlpt,BBbyz,CCgnq,DDkvw,EEhnv,698
AApry,BBflm,CCcfs,DDkvw,EEhnv,85
AAlpt,BBflm,CCcfs,DDkvw,EEhnv,895
AApry,BBbyz,CCcfs,DDkvw,EEhnv,869
AAlpt,BBbyz,CCcfs,DDkvw,EEhnv,352
AApry,BBflm,CCfpx,DDkvw,EEhnv,543
AAlpt,BBflm,CCfpx,DDkvw,EEhnv,510
AApry,BBbyz,CCfpx,DDkvw,EEhnv,238
AAlpt,BBbyz,CCfpx,DDkvw,EEhnv,315
AApry,BBflm,CCnqw,DDkvw,EEhnv,173
AAlpt,BBflm,CCnqw,DDkvw,EEhnv,21
AApry,BBbyz,CCnqw,DDkvw,EEhnv,361
AAlpt,BBbyz,CCnqw,DDkvw,EEhnv,33
AApry,BBflm,CCgnq,DDcfy,EEftw,159
AAlpt,BBflm,CCgnq,DDcfy,EEftw,916
AApry,BBbyz,CCgnq,DDcfy,EEftw,274
AAlpt,BBbyz,CCgnq,DDcfy,EEftw,746
AApry,BBflm,CCcfs,DDcfy,EEftw,167
AAlpt,BBflm,CCcfs,DDcfy,EEftw,950
AApry,BBbyz,CCcfs,DDcfy,EEftw,679
AAlpt,BBbyz,CCcfs,DDcfy,EEftw,445
AApry,BBflm,CCfpx,DDcfy,EEftw,738
AAlpt,BBflm,CCfpx,DDcfy,EEftw,504
AApry,BBbyz,CCfpx,DDcfy,EEftw,728
AAlpt,BBbyz,CCfpx,DDcfy,EEftw,37
AApry,BBflm,CCnqw,DDcfy,EEftw,765
AAlpt,BBflm,CCnqw,DDcfy,EEftw,665
AApry,BBbyz,CCnqw,DDcfy,EEftw,400
AAlpt,BBbyz,CCnqw,DDcfy,EEftw,144
AApry,BBflm,CCgnq,DDcfy,EEbnp,967
AAlpt,BBflm,CCgnq,DDcfy,EEbnp,371
AApry,BBbyz,CCgnq,DDcfy,EEbnp,308
AAlpt,BBbyz,CCgnq,DDcfy,EEbnp,814
AApry,BBflm,CCcfs,DDcfy,EEbnp,425
AAlpt,BBflm,CCcfs,DDcfy,EEbnp,399
AApry,BBbyz,CCcfs,DDcfy,EEbnp,508
AAlpt,BBbyz,CCcfs,DDcfy,EEbnp,524
AApry,BBflm,CCfpx,DDcfy,EEbnp,992
AAlpt,BBflm,CCfpx,DDcfy,EEbnp,447
AApry,BBbyz,CCfpx,DDcfy,EEbnp,71
AAlpt,BBbyz,CCfpx,DDcfy,EEbnp,312
AApry,BBflm,CCnqw,DDcfy,EEbnp,673
AAlpt,BBflm,CCnqw,DDcfy,EEbnp,129
AApry,BBbyz,CCnqw,DDcfy,EEbnp,59
AAlpt,BBbyz,CCnqw,DDcfy,EEbnp,993
AApry,BBflm,CCgnq,DDcfy,EEcnt,953
AAlpt,BBflm,CCgnq,DDcfy,EEcnt,685
AApry,BBbyz,CCgnq,DDcfy,EEcnt,398
AAlpt,BBbyz,CCgnq,DDcfy,EEcnt,102
AApry,BBflm,CCcfs,DDcfy,EEcnt,454
AAlpt,BBflm,CCcfs,DDcfy,EEcnt,956
AApry,BBbyz,CCcfs,DDcfy,EEcnt,741
AAlpt,BBbyz,CCcfs,DDcfy,EEcnt,207
AApry,BBflm,CCfpx,DDcfy,EEcnt,231
AAlpt,BBflm,CCfpx,DDcfy,EEcnt,722
AApry,BBbyz,CCfpx,DDcfy,EEcnt,820
AAlpt,BBbyz,CCfpx,DDcfy,EEcnt,602
AApry,BBflm,CCnqw,DDcfy,EEcnt,31
AAlpt,BBflm,CCnqw,DDcfy,EEcnt,158
AApry,BBbyz,CCnqw,DDcfy,EEcnt,712
AAlpt,BBbyz,CCnqw,DDcfy,EEcnt,880
AApry,BBflm,CCgnq,DDhmr,EElnw,198
AAlpt,BBflm,CCgnq,DDhmr,EElnw,390
AApry,BBbyz,CCgnq,DDhmr,EElnw,714
AAlpt,BBbyz,CCgnq,DDhmr,EElnw,943
AApry,BBflm,CCcfs,DDhmr,EElnw,499
AAlpt,BBflm,CCcfs,DDhmr,EElnw,842
AApry,BBbyz,CCcfs,DDhmr,EElnw,516
AAlpt,BBbyz,CCcfs,DDhmr,EElnw,792
AApry,BBflm,CCfpx,DDhmr,EElnw,347
AAlpt,BBflm,CCfpx,DDhmr,EElnw,62
AApry,BBbyz,CCfpx,DDhmr,EElnw,154
AAlpt,BBbyz,CCfpx,DDhmr,EElnw,229
AApry,BBflm,CCnqw,DDhmr,EElnw,19
AAlpt,BBflm,CCnqw,DDhmr,EElnw,693
AApry,BBbyz,CCnqw,DDhmr,EElnw,141
AAlpt,BBbyz,CCnqw,DDhmr,EElnw,386
AApry,BBflm,CCgnq,DDhmr,EEdfz,584
AAlpt,BBflm,CCgnq,DDhmr,EEdfz,61
AApry,BBbyz,CCgnq,DDhmr,EEdfz,599
AAlpt,BBbyz,CCgnq,DDhmr,EEdfz,982
AApry,BBflm,CCcfs,DDhmr,EEdfz,96
AAlpt,BBflm,CCcfs,DDhmr,EEdfz,799
AApry,BBbyz,CCcfs,DDhmr,EEdfz,466
AAlpt,BBbyz,CCcfs,DDhmr,EEdfz,395
AApry,BBflm,CCfpx,DDhmr,EEdfz,612
AAlpt,BBflm,CCfpx,DDhmr,EEdfz,703
AApry,BBbyz,CCfpx,DDhmr,EEdfz,887
AAlpt,BBbyz,CCfpx,DDhmr,EEdfz,711
AApry,BBflm,CCnqw,DDhmr,EEdfz,210
AAlpt,BBflm,CCnqw,DDhmr,EEdfz,440
AApry,BBbyz,CCnqw,DDhmr,EEdfz,616
AAlpt,BBbyz,CCnqw,DDhmr,EEdfz,389
AApry,BBflm,CCgnq,DDhmr,EEmrs,658
AAlpt,BBflm,CCgnq,DDhmr,EEmrs,232
AApry,BBbyz,CCgnq,DDhmr,EEmrs,218
AAlpt,BBbyz,CCgnq,DDhmr,EEmrs,587
AApry,BBflm,CCcfs,DDhmr,EEmrs,204
AAlpt,BBflm,CCcfs,DDhmr,EEmrs,410
AApry,BBbyz,CCcfs,DDhmr,EEmrs,779
AAlpt,BBbyz,CCcfs,DDhmr,EEmrs,205
AApry,BBflm,CCfpx,DDhmr,EEmrs,935
AAlpt,BBflm,CCfpx,DDhmr,EEmrs,387
AApry,BBbyz,CCfpx,DDhmr,EEmrs,477
AAlpt,BBbyz,CCfpx,DDhmr,EEmrs,998
AApry,BBflm,CCnqw,DDhmr,EEmrs,639
AAlpt,BBflm,CCnqw,DDhmr,EEmrs,369
AApry,BBbyz,CCnqw,DDhmr,EEmrs,115
AAlpt,BBbyz,CCnqw,DDhmr,EEmrs,852

