Import-Export,Year,Quarter,Category,Item,Value
Import_Export,Year,Quarter,Category,Item,Value
Import,2020,Q1,Cereals,Wheat,235
Export,2020,Q1,Cereals,Wheat,733
Import,2021,Q1,Cereals,Wheat,534
Export,2021,Q1,Cereals,Wheat,44
Import,2022,Q1,Cereals,Wheat,220
Export,2022,Q1,Cereals,Wheat,603
Import,2020,Q2,Cereals,Wheat,270
Export,2020,Q2,Cereals,Wheat,588
Import,2021,Q2,Cereals,Wheat,457
Export,2021,Q2,Cereals,Wheat,774
Import,2022,Q2,Cereals,Wheat,739
Export,2022,Q2,Cereals,Wheat,443
Import,2020,Q3,Cereals,Wheat,147
Export,2020,Q3,Cereals,Wheat,557
Import,2021,Q3,Cereals,Wheat,337
Export,2021,Q3,Cereals,Wheat,319
Import,2022,Q3,Cereals,Wheat,366
Export,2022,Q3,Cereals,Wheat,650
Import,2020,Q4,Cereals,Wheat,910
Export,2020,Q4,Cereals,Wheat,96
Import,2021,Q4,Cereals,Wheat,814
Export,2021,Q4,Cereals,Wheat,39
Import,2022,Q4,Cereals,Wheat,456
Export,2022,Q4,Cereals,Wheat,238
Import,2020,Q1,Cereals,Soybeans,510
Export,2020,Q1,Cereals,Soybeans,695
Import,2021,Q1,Cereals,Soybeans,249
Export,2021,Q1,Cereals,Soybeans,234
Import,2022,Q1,Cereals,Soybeans,79
Export,2022,Q1,Cereals,Soybeans,135
Import,2020,Q2,Cereals,Soybeans,426
Export,2020,Q2,Cereals,Soybeans,626
Import,2021,Q2,Cereals,Soybeans,345
Export,2021,Q2,Cereals,Soybeans,843
Import,2022,Q2,Cereals,Soybeans,640
Export,2022,Q2,Cereals,Soybeans,258
Import,2020,Q3,Cereals,Soybeans,538
Export,2020,Q3,Cereals,Soybeans,530
Import,2021,Q3,Cereals,Soybeans,526
Export,2021,Q3,Cereals,Soybeans,327
Import,2022,Q3,Cereals,Soybeans,742
Export,2022,Q3,Cereals,Soybeans,975
Import,2020,Q4,Cereals,Soybeans,232
Export,2020,Q4,Cereals,Soybeans,132
Import,2021,Q4,Cereals,Soybeans,269
Export,2021,Q4,Cereals,Soybeans,718
Import,2022,Q4,Cereals,Soybeans,777
Export,2022,Q4,Cereals,Soybeans,564
Import,2020,Q1,Dairy,Milk,959
Export,2020,Q1,Dairy,Milk,783
Import,2021,Q1,Dairy,Milk,360
Export,2021,Q1,Dairy,Milk,923
Import,2022,Q1,Dairy,Milk,542
Export,2022,Q1,Dairy,Milk,500
Import,2020,Q2,Dairy,Milk,957
Export,2020,Q2,Dairy,Milk,143
Import,2021,Q2,Dairy,Milk,801
Export,2021,Q2,Dairy,Milk,821
Import,2022,Q2,Dairy,Milk,436
Export,2022,Q2,Dairy,Milk,809
Import,2020,Q3,Dairy,Milk,194
Export,2020,Q3,Dairy,Milk,655
Import,2021,Q3,Dairy,Milk,363
Export,2021,Q3,Dairy,Milk,151
Import,2022,Q3,Dairy,Milk,58
Export,2022,Q3,Dairy,Milk,933
Import,2020,Q4,Dairy,Milk,756
Export,2020,Q4,Dairy,Milk,996
Import,2021,Q4,Dairy,Milk,404
Export,2021,Q4,Dairy,Milk,242
Import,2022,Q4,Dairy,Milk,33
Export,2022,Q4,Dairy,Milk,175
Import,2020,Q1,Dairy,Butter,584
Export,2020,Q1,Dairy,Butter,275
Import,2021,Q1,Dairy,Butter,102
Export,2021,Q1,Dairy,Butter,738
Import,2022,Q1,Dairy,Butter,252
Export,2022,Q1,Dairy,Butter,922
Import,2020,Q2,Dairy,Butter,378
Export,2020,Q2,Dairy,Butter,869
Import,2021,Q2,Dairy,Butter,117
Export,2021,Q2,Dairy,Butter,682
Import,2022,Q2,Dairy,Butter,620
Export,2022,Q2,Dairy,Butter,997
Import,2020,Q3,Dairy,Butter,519
Export,2020,Q3,Dairy,Butter,837
Import,2021,Q3,Dairy,Butter,960
Export,2021,Q3,Dairy,Butter,769
Import,2022,Q3,Dairy,Butter,23
Export,2022,Q3,Dairy,Butter,546
Import,2020,Q4,Dairy,Butter,971
Export,2020,Q4,Dairy,Butter,121
Import,2021,Q4,Dairy,Butter,591
Export,2021,Q4,Dairy,Butter,778
Import,2022,Q4,Dairy,Butter,355
Export,2022,Q4,Dairy,Butter,802
Import,2020,Q1,Dairy,Cream,221
Export,2020,Q1,Dairy,Cream,217
Import,2021,Q1,Dairy,Cream,495
Export,2021,Q1,Dairy,Cream,525
Import,2022,Q1,Dairy,Cream,57
Export,2022,Q1,Dairy,Cream,657
Import,2020,Q2,Dairy,Cream,313
Export,2020,Q2,Dairy,Cream,698
Import,2021,Q2,Dairy,Cream,954
Export,2021,Q2,Dairy,Cream,207
Import,2022,Q2,Dairy,Cream,704
Export,2022,Q2,Dairy,Cream,267
Import,2020,Q3,Dairy,Cream,740
Export,2020,Q3,Dairy,Cream,942
Import,2021,Q3,Dairy,Cream,894
Export,2021,Q3,Dairy,Cream,161
Import,2022,Q3,Dairy,Cream,230
Export,2022,Q3,Dairy,Cream,283
Import,2020,Q4,Dairy,Cream,90
Export,2020,Q4,Dairy,Cream,803
Import,2021,Q4,Dairy,Cream,246
Export,2021,Q4,Dairy,Cream,889
Import,2022,Q4,Dairy,Cream,576
Export,2022,Q4,Dairy,Cream,280
