Import-Export,Year,Quarter,Category,Item,Value
Import_Export,Year,Quarter,Category,Item,Value
Import,2019,Q1,Meat,Beef,736
Export,2019,Q1,Meat,Beef,189
Import,2020,Q1,Meat,Beef,998
Export,2020,Q1,Meat,Beef,923
Import,2021,Q1,Meat,Beef,947
Export,2021,Q1,Meat,Beef,643
Import,2019,Q2,Meat,Beef,708
Export,2019,Q2,Meat,Beef,727
Import,2020,Q2,Meat,Beef,318
Export,2020,Q2,Meat,Beef,965
Import,2021,Q2,Meat,Beef,710
Export,2021,Q2,Meat,Beef,983
Import,2019,Q3,Meat,Beef,451
Export,2019,Q3,Meat,Beef,348
Import,2020,Q3,Meat,Beef,803
Export,2020,Q3,Meat,Beef,573
Import,2021,Q3,Meat,Beef,53
Export,2021,Q3,Meat,Beef,860
Import,2019,Q4,Meat,Beef,330
Export,2019,Q4,Meat,Beef,154
Import,2020,Q4,Meat,Beef,10
Export,2020,Q4,Meat,Beef,521
Import,2021,Q4,Meat,Beef,775
Export,2021,Q4,Meat,Beef,509
Import,2019,Q1,Meat,Chicken,778
Export,2019,Q1,Meat,Chicken,916
Import,2020,Q1,Meat,Chicken,655
Export,2020,Q1,Meat,Chicken,454
Import,2021,Q1,Meat,Chicken,431
Export,2021,Q1,Meat,Chicken,673
Import,2019,Q2,Meat,Chicken,525
Export,2019,Q2,Meat,Chicken,142
Import,2020,Q2,Meat,Chicken,806
Export,2020,Q2,Meat,Chicken,493
Import,2021,Q2,Meat,Chicken,580
Export,2021,Q2,Meat,Chicken,899
Import,2019,Q3,Meat,Chicken,726
Export,2019,Q3,Meat,Chicken,993
Import,2020,Q3,Meat,Chicken,182
Export,2020,Q3,Meat,Chicken,31
Import,2021,Q3,Meat,Chicken,437
Export,2021,Q3,Meat,Chicken,329
Import,2019,Q4,Meat,Chicken,455
Export,2019,Q4,Meat,Chicken,260
Import,2020,Q4,Meat,Chicken,331
Export,2020,Q4,Meat,Chicken,792
Import,2021,Q4,Meat,Chicken,506
Export,2021,Q4,Meat,Chicken,355
Import,2019,Q1,Meat,Pork,724
Export,2019,Q1,Meat,Pork,172
Import,2020,Q1,Meat,Pork,514
Export,2020,Q1,Meat,Pork,150
Import,2021,Q1,Meat,Pork,654
Export,2021,Q1,Meat,Pork,946
Import,2019,Q2,Meat,Pork,28
Export,2019,Q2,Meat,Pork,807
Import,2020,Q2,Meat,Pork,648
Export,2020,Q2,Meat,Pork,586
Import,2021,Q2,Meat,Pork,957
Export,2021,Q2,Meat,Pork,830
Import,2019,Q3,Meat,Pork,432
Export,2019,Q3,Meat,Pork,402
Import,2020,Q3,Meat,Pork,285
Export,2020,Q3,Meat,Pork,77
Import,2021,Q3,Meat,Pork,225
Export,2021,Q3,Meat,Pork,368
Import,2019,Q4,Meat,Pork,547
Export,2019,Q4,Meat,Pork,699
Import,2020,Q4,Meat,Pork,449
Export,2020,Q4,Meat,Pork,735
Import,2021,Q4,Meat,Pork,616
Export,2021,Q4,Meat,Pork,384
Import,2019,Q1,Cereals,Wheat,548
Export,2019,Q1,Cereals,Wheat,406
Import,2020,Q1,Cereals,Wheat,771
Export,2020,Q1,Cereals,Wheat,885
Import,2021,Q1,Cereals,Wheat,96
Export,2021,Q1,Cereals,Wheat,982
Import,2019,Q2,Cereals,Wheat,887
Export,2019,Q2,Cereals,Wheat,536
Import,2020,Q2,Cereals,Wheat,18
Export,2020,Q2,Cereals,Wheat,256
Import,2021,Q2,Cereals,Wheat,313
Export,2021,Q2,Cereals,Wheat,258
Import,2019,Q3,Cereals,Wheat,529
Export,2019,Q3,Cereals,Wheat,473
Import,2020,Q3,Cereals,Wheat,746
Export,2020,Q3,Cereals,Wheat,563
Import,2021,Q3,Cereals,Wheat,319
Export,2021,Q3,Cereals,Wheat,723
Import,2019,Q4,Cereals,Wheat,80
Export,2019,Q4,Cereals,Wheat,884
Import,2020,Q4,Cereals,Wheat,693
Export,2020,Q4,Cereals,Wheat,970
Import,2021,Q4,Cereals,Wheat,89
Export,2021,Q4,Cereals,Wheat,769
Import,2019,Q1,Cereals,Soybeans,392
Export,2019,Q1,Cereals,Soybeans,694
Import,2020,Q1,Cereals,Soybeans,139
Export,2020,Q1,Cereals,Soybeans,833
Import,2021,Q1,Cereals,Soybeans,102
Export,2021,Q1,Cereals,Soybeans,607
Import,2019,Q2,Cereals,Soybeans,274
Export,2019,Q2,Cereals,Soybeans,581
Import,2020,Q2,Cereals,Soybeans,456
Export,2020,Q2,Cereals,Soybeans,504
Import,2021,Q2,Cereals,Soybeans,121
Export,2021,Q2,Cereals,Soybeans,839
Import,2019,Q3,Cereals,Soybeans,879
Export,2019,Q3,Cereals,Soybeans,742
Import,2020,Q3,Cereals,Soybeans,268
Export,2020,Q3,Cereals,Soybeans,82
Import,2021,Q3,Cereals,Soybeans,890
Export,2021,Q3,Cereals,Soybeans,519
Import,2019,Q4,Cereals,Soybeans,788
Export,2019,Q4,Cereals,Soybeans,871
Import,2020,Q4,Cereals,Soybeans,812
Export,2020,Q4,Cereals,Soybeans,954
Import,2021,Q4,Cereals,Soybeans,842
Export,2021,Q4,Cereals,Soybeans,54
