Import-Export,Year,Quarter,Category,Item,Value
Import_Export,Year,Quarter,Category,Item,Value
Import,2015,Q1,Dairy,Butter,586
Export,2015,Q1,Dairy,Butter,841
Import,2016,Q1,Dairy,Butter,622
Export,2016,Q1,Dairy,Butter,866
Import,2015,Q2,Dairy,Butter,584
Export,2015,Q2,Dairy,Butter,722
Import,2016,Q2,Dairy,Butter,624
Export,2016,Q2,Dairy,Butter,499
Import,2015,Q3,Dairy,Butter,247
Export,2015,Q3,Dairy,Butter,272
Import,2016,Q3,Dairy,Butter,176
Export,2016,Q3,Dairy,Butter,347
Import,2015,Q4,Dairy,Butter,349
Export,2015,Q4,Dairy,Butter,864
Import,2016,Q4,Dairy,Butter,736
Export,2016,Q4,Dairy,Butter,250
Import,2015,Q1,Dairy,Cream,234
Export,2015,Q1,Dairy,Cream,580
Import,2016,Q1,Dairy,Cream,434
Export,2016,Q1,Dairy,Cream,515
Import,2015,Q2,Dairy,Cream,215
Export,2015,Q2,Dairy,Cream,491
Import,2016,Q2,Dairy,Cream,117
Export,2016,Q2,Dairy,Cream,539
Import,2015,Q3,Dairy,Cream,53
Export,2015,Q3,Dairy,Cream,216
Import,2016,Q3,Dairy,Cream,413
Export,2016,Q3,Dairy,Cream,175
Import,2015,Q4,Dairy,Cream,781
Export,2015,Q4,Dairy,Cream,630
Import,2016,Q4,Dairy,Cream,322
Export,2016,Q4,Dairy,Cream,24
Import,2015,Q1,Beverage,Tea,542
Export,2015,Q1,Beverage,Tea,464
Import,2016,Q1,Beverage,Tea,995
Export,2016,Q1,Beverage,Tea,128
Import,2015,Q2,Beverage,Tea,942
Export,2015,Q2,Beverage,Tea,308
Import,2016,Q2,Beverage,Tea,72
Export,2016,Q2,Beverage,Tea,652
Import,2015,Q3,Beverage,Tea,898
Export,2015,Q3,Beverage,Tea,851
Import,2016,Q3,Beverage,Tea,101
Export,2016,Q3,Beverage,Tea,603
Import,2015,Q4,Beverage,Tea,917
Export,2015,Q4,Beverage,Tea,344
Import,2016,Q4,Beverage,Tea,966
Export,2016,Q4,Beverage,Tea,220
Import,2015,Q1,Beverage,Soda,994
Export,2015,Q1,Beverage,Soda,543
Import,2016,Q1,Beverage,Soda,140
Export,2016,Q1,Beverage,Soda,159
Import,2015,Q2,Beverage,Soda,902
Export,2015,Q2,Beverage,Soda,666
Import,2016,Q2,Beverage,Soda,742
Export,2016,Q2,Beverage,Soda,23
Import,2015,Q3,Beverage,Soda,721
Export,2015,Q3,Beverage,Soda,422
Import,2016,Q3,Beverage,Soda,835
Export,2016,Q3,Beverage,Soda,700
Import,2015,Q4,Beverage,Soda,847
Export,2015,Q4,Beverage,Soda,947
Import,2016,Q4,Beverage,Soda,978
Export,2016,Q4,Beverage,Soda,654
Import,2015,Q1,Beverage,Juice,111
Export,2015,Q1,Beverage,Juice,825
Import,2016,Q1,Beverage,Juice,957
Export,2016,Q1,Beverage,Juice,477
Import,2015,Q2,Beverage,Juice,803
Export,2015,Q2,Beverage,Juice,949
Import,2016,Q2,Beverage,Juice,124
Export,2016,Q2,Beverage,Juice,86
Import,2015,Q3,Beverage,Juice,975
Export,2015,Q3,Beverage,Juice,267
Import,2016,Q3,Beverage,Juice,747
Export,2016,Q3,Beverage,Juice,78
Import,2015,Q4,Beverage,Juice,572
Export,2015,Q4,Beverage,Juice,256
Import,2016,Q4,Beverage,Juice,87
Export,2016,Q4,Beverage,Juice,797
