Import-Export,Year,Category,Item,Value
Import_Export,Year,Category,Item,Value
Import,2019,Dairy,Cream,643
Export,2019,Dairy,Cream,895
Import,2020,Dairy,Cream,947
Export,2020,Dairy,Cream,230
Import,2019,Dairy,Cheese,710
Export,2019,Dairy,Cheese,780
Import,2020,Dairy,Cheese,937
Export,2020,Dairy,Cheese,277
Import,2019,Dairy,Yoghurt,445
Export,2019,Dairy,Yoghurt,455
Import,2020,Dairy,Yoghurt,450
Export,2020,Dairy,Yoghurt,800
Import,2019,Beverage,Soda,233
Export,2019,Beverage,Soda,824
Import,2020,Beverage,Soda,281
Export,2020,Beverage,Soda,110
Import,2019,Beverage,Juice,327
Export,2019,Beverage,Juice,709
Import,2020,Beverage,Juice,962
Export,2020,Beverage,Juice,704
