{
"filename": "Food_import-export_in_tons_set137_3_DB.csv",
"questions": [{"name": "template 1",
 "sql": "SELECT Value FROM DBdata WHERE ((AA = 'AAcd' AND BB = 'BBln')) AND ((CC = 'CCcy' AND DD = 'DDcl'))",
 "sqlResult": "{826}",
 "nlq": "What is the amount of AAcd of DDcl in BBln?"},
{"name": "template 2",
 "sql": "SELECT Value FROM DBdata WHERE ((AA = 'AAdj' AND BB = 'BBln')) AND ((CC = 'CCcy' AND DD = 'DDdy') OR (CC = 'CCfz' AND DD = 'DDny'))",
 "sqlResult": "{933} || {440}",
 "nlq": "What is the amount of AAdj of DDdy or DDny in BBln?"},
{"name": "template 3",
 "sql": "SELECT Value FROM DBdata WHERE ((AA = 'AAcd' AND BB = 'BBln') OR (AA = 'AAcd' AND BB = 'BBlt')) AND ((CC = 'CCcy' AND DD = 'DDcl'))",
 "sqlResult": "{826} || {130}",
 "nlq": "What is the amount of AAcd of DDcl in BBln or BBlt?"},
{"name": "template 4",
 "sql": "SELECT max(Value),min(Value) FROM DBdata WHERE ((AA = 'AAdj' AND BB = 'BBln') OR (AA = 'AAdj' AND BB = 'BBlt') OR (AA = 'AAcd' AND BB = 'BBlt')) AND ((CC = 'CCcy' AND DD = 'DDdy'))",
 "sqlResult": "{933 | 31}",
 "nlq": "What are the maximum and minimum amounts of AAdj of DDdy in BBln or BBlt or of AAcd of DDdy in BBlt?"},
{"name": "template 5",
 "sql": "SELECT avg(Value) FROM DBdata WHERE (AA IN ('AAdj','AAcd')) AND ((CC = 'CCcy' AND DD = 'DDcl'))",
 "sqlResult": "{589.5}",
 "nlq": "What is the average amount of AAcd or AAdj of DDcl?"},
{"name": "template 6",
 "sql": "SELECT Value FROM DBdata WHERE ((AA = 'AAdj' AND BB = 'BBks') OR (AA = 'AAcd' AND BB = 'BBlt')) AND ((CC = 'CCcy' AND DD = 'DDht') OR (CC = 'CCty' AND DD = 'DDnz') OR (CC = 'CCty' AND DD = 'DDbf'))",
 "sqlResult": "{448} || {889} || {190} || {724} || {154} || {196}",
 "nlq": "What is the amount of AAdj of DDht, DDnz, or DDbf in BBks or of AAcd of DDht, DDnz, or DDbf in BBlt?"},
{"name": "template 7",
 "sql": "SELECT min(Value),avg(Value) FROM DBdata WHERE ((AA = 'AAcd' AND BB = 'BBlt')) AND ((CC = 'CCty' AND DD = 'DDbj') OR (CC = 'CCfz' AND DD = 'DDmp'))",
 "sqlResult": "{198 | 470}",
 "nlq": "What are the minimum and average amounts of AAcd of DDmp or DDbj in BBlt?"},
{"name": "template 8",
 "sql": "SELECT AA,BB,sum(Value),max(Value) FROM DBdata WHERE ((AA = 'AAdj' AND BB = 'BBks') OR (AA = 'AAdj' AND BB = 'BBlt')) AND ((CC = 'CCcy' AND DD = 'DDcl') OR (CC = 'CCcy' AND DD = 'DDht') OR (CC = 'CCty' AND DD = 'DDbf')) GROUP BY AA,BB",
 "sqlResult": "{AAdj | BBks | 1313 | 711} || {AAdj | BBlt | 2150 | 1000}",
 "nlq": "What are the total and maximum amounts for each AAdj-AAcd and BB, of AAdj of DDcl, DDht, or DDbf in BBks or BBlt? Please, report the corresponding AAdj-AAcd and BB."},
{"name": "template 9",
 "sql": "SELECT min(Value) FROM DBdata WHERE ((AA = 'AAdj' AND BB = 'BBln')) AND (CC IN ('CCcy','CCty','CCfz')) GROUP BY CC",
 "sqlResult": "{117} || {440} || {359}",
 "nlq": "What is the minimum amount for each CC, of AAdj of CCty, CCfz, or CCcy in BBln?"},
{"name": "template 10",
 "sql": "SELECT CC,avg(Value) FROM DBdata WHERE ((AA = 'AAdj' AND BB = 'BBks')) AND (CC IN ('CCcy','CCty','CCfz')) GROUP BY CC",
 "sqlResult": "{CCty | 309.67} || {CCfz | 634.5} || {CCcy | 616.67}",
 "nlq": "What is the average amount for each CC, of AAdj of CCty, CCfz, or CCcy in BBks? Please, report the corresponding CC."},
{"name": "template 11",
 "sql": "SELECT CC,AA,BB,max(Value) FROM DBdata WHERE ((AA = 'AAdj' AND BB = 'BBks') OR (AA = 'AAcd' AND BB = 'BBks') OR (AA = 'AAdj' AND BB = 'BBln')) AND (CC IN ('CCcy','CCty','CCfz')) GROUP BY CC,AA,BB",
 "sqlResult": "{CCty | AAcd | BBks | 685} || {CCty | AAdj | BBks | 585} || {CCty | AAdj | BBln | 976} || {CCfz | AAcd | BBks | 537} || {CCfz | AAdj | BBks | 972} || {CCfz | AAdj | BBln | 971} || {CCcy | AAcd | BBks | 762} || {CCcy | AAdj | BBks | 711} || {CCcy | AAdj | BBln | 933}",
 "nlq": "What is the maximum amount for each CC, AAdj-AAcd, and BB, of AAcd or AAdj of CCty, CCfz, or CCcy in BBks or of AAdj of CCty, CCfz, or CCcy in BBln? Please, report the corresponding CC, AAdj-AAcd, and BB."},
{"name": "template 12",
 "sql": "SELECT Value FROM DBdata WHERE ((AA = 'AAcd' AND BB = 'BBln')) AND (CC IN ('CCcy','CCfz')) ORDER BY VALUE DESC LIMIT 3",
 "sqlResult": "{939} || {826} || {774}",
 "nlq": "What are the top 3 amounts of AAcd of CCfz or CCcy in BBln?"},
{"name": "template 13",
 "sql": "SELECT Value FROM DBdata WHERE ((AA = 'AAdj' AND BB = 'BBlt')) AND (CC IN ('CCcy','CCty')) ORDER BY VALUE DESC",
 "sqlResult": "{1000} || {945} || {505} || {468} || {431} || {205}",
 "nlq": "What are the amounts ordered by decreasing values of AAdj of CCty or CCcy in BBlt?"},
{"name": "template 14",
 "sql": "SELECT CC,DD FROM DBdata WHERE ((AA = 'AAdj' AND BB = 'BBlt')) AND Value < 533.96",
 "sqlResult": "{CCcy | DDdy} || {CCcy | DDcl} || {CCty | DDnz} || {CCty | DDbj} || {CCfz | DDny} || {CCfz | DDmp}",
 "nlq": "What are the CC and DD for which the amount of AAdj in BBlt is lower than 533.96?"},
{"name": "template 15",
 "sql": "SELECT CC,DD,Value FROM DBdata WHERE ((AA = 'AAdj' AND BB = 'BBks')) AND (CC,DD) IN (SELECT CC,DD FROM DBdata WHERE ((AA = 'AAdj' AND BB = 'BBlt')) AND Value < 533.96)",
 "sqlResult": "{CCcy | DDdy | 691} || {CCcy | DDcl | 711} || {CCty | DDnz | 190} || {CCty | DDbj | 585} || {CCfz | DDny | 297} || {CCfz | DDmp | 972}",
 "nlq": "What is the amount of AAdj in BBks of CC and of DD for which the amount of AAdj in BBlt is lower than 533.96? Please, report the corresponding CC, DD, and amount of import-export."}]
}

