{
"filename": "Food_import-export_in_tons_set134_5_DB.csv",
"questions": [{"name": "template 1",
 "sql": "SELECT Value FROM DBdata WHERE ((Import_Export = 'Import' AND Year = '2017')) AND ((Category = 'Cereals' AND Item = 'Soybeans'))",
 "sqlResult": "{647}",
 "nlq": "What is the amount of Import of Soybeans in 2017?"},
{"name": "template 2",
 "sql": "SELECT Value FROM DBdata WHERE ((Import_Export = 'Export' AND Year = '2018')) AND ((Category = 'Cereals' AND Item = 'Seeds') OR (Category = 'Cereals' AND Item = 'Wheat') OR (Category = 'Beverage' AND Item = 'Coffee') OR (Category = 'Beverage' AND Item = 'Tea'))",
 "sqlResult": "{824} || {213} || {16} || {94}",
 "nlq": "What is the amount of Export of Coffee, Seeds, Tea, or Wheat in 2018?"},
{"name": "template 3",
 "sql": "SELECT Value FROM DBdata WHERE ((Import_Export = 'Import' AND Year = '2017') OR (Import_Export = 'Export' AND Year = '2017') OR (Import_Export = 'Import' AND Year = '2018') OR (Import_Export = 'Export' AND Year = '2018')) AND ((Category = 'Cereals' AND Item = 'Soybeans'))",
 "sqlResult": "{647} || {21} || {982} || {878}",
 "nlq": "What is the amount of Export or Import of Soybeans in 2017 or 2018?"},
{"name": "template 4",
 "sql": "SELECT max(Value),min(Value) FROM DBdata WHERE ((Import_Export = 'Import' AND Year = '2017') OR (Import_Export = 'Export' AND Year = '2017') OR (Import_Export = 'Import' AND Year = '2018') OR (Import_Export = 'Export' AND Year = '2018')) AND ((Category = 'Dairy' AND Item = 'Butter'))",
 "sqlResult": "{924 | 480}",
 "nlq": "What are the maximum and minimum amounts of Export or Import of Butter in 2017 or 2018?"},
{"name": "template 5",
 "sql": "SELECT avg(Value) FROM DBdata WHERE (Import_Export IN ('Import','Export')) AND ((Category = 'Cereals' AND Item = 'Soybeans'))",
 "sqlResult": "{632}",
 "nlq": "What is the average amount of Export or Import of Soybeans?"},
{"name": "template 6",
 "sql": "SELECT Value FROM DBdata WHERE ((Import_Export = 'Import' AND Year = '2017') OR (Import_Export = 'Export' AND Year = '2017') OR (Import_Export = 'Import' AND Year = '2018') OR (Import_Export = 'Export' AND Year = '2018')) AND ((Category = 'Cereals' AND Item = 'Seeds') OR (Category = 'Cereals' AND Item = 'Wheat') OR (Category = 'Dairy' AND Item = 'Butter') OR (Category = 'Beverage' AND Item = 'Coffee'))",
 "sqlResult": "{107} || {819} || {25} || {824} || {571} || {640} || {966} || {213} || {757} || {533} || {924} || {480} || {871} || {263} || {617} || {16}",
 "nlq": "What is the amount of Export or Import of Butter, Coffee, Seeds, or Wheat in 2017 or 2018?"},
{"name": "template 7",
 "sql": "SELECT max(Value),sum(Value) FROM DBdata WHERE ((Import_Export = 'Import' AND Year = '2018')) AND ((Category = 'Dairy' AND Item = 'Milk') OR (Category = 'Beverage' AND Item = 'Coffee'))",
 "sqlResult": "{617 | 1217}",
 "nlq": "What are the maximum and total amounts of Import of Coffee or Milk in 2018?"},
{"name": "template 8",
 "sql": "SELECT Import_Export,Year,max(Value),avg(Value) FROM DBdata WHERE ((Import_Export = 'Import' AND Year = '2017') OR (Import_Export = 'Export' AND Year = '2017') OR (Import_Export = 'Export' AND Year = '2018')) AND ((Category = 'Cereals' AND Item = 'Wheat') OR (Category = 'Cereals' AND Item = 'Soybeans') OR (Category = 'Dairy' AND Item = 'Milk') OR (Category = 'Dairy' AND Item = 'Butter') OR (Category = 'Beverage' AND Item = 'Tea')) GROUP BY Import_Export,Year",
 "sqlResult": "{Export | 2017 | 652 | 387.4} || {Export | 2018 | 878 | 482.2} || {Import | 2017 | 833 | 607.8}",
 "nlq": "What are the maximum and average amounts for each Import-Export and Year, of Export or Import of Butter, Milk, Soybeans, Tea, or Wheat in 2017 or of Export of Butter, Milk, Soybeans, Tea, or Wheat in 2018? Please, report the corresponding Import-Export and Year."},
{"name": "template 9",
 "sql": "SELECT min(Value) FROM DBdata WHERE ((Import_Export = 'Import' AND Year = '2017')) AND (Category IN ('Cereals','Dairy','Beverage')) GROUP BY Category",
 "sqlResult": "{833} || {107} || {231}",
 "nlq": "What is the minimum amount for each Category, of Import of Beverage, Cereals, or Dairy in 2017?"},
{"name": "template 10",
 "sql": "SELECT Category,sum(Value) FROM DBdata WHERE ((Import_Export = 'Import' AND Year = '2017')) AND (Category IN ('Cereals','Dairy','Beverage')) GROUP BY Category",
 "sqlResult": "{Beverage | 1704} || {Cereals | 1325} || {Dairy | 988}",
 "nlq": "What is the total amount for each Category, of Import of Beverage, Cereals, or Dairy in 2017? Please, report the corresponding Category."},
{"name": "template 11",
 "sql": "SELECT Category,Import_Export,Year,max(Value) FROM DBdata WHERE ((Import_Export = 'Import' AND Year = '2017') OR (Import_Export = 'Export' AND Year = '2017') OR (Import_Export = 'Export' AND Year = '2018')) AND (Category IN ('Cereals','Dairy','Beverage')) GROUP BY Category,Import_Export,Year",
 "sqlResult": "{Beverage | Export | 2017 | 652} || {Beverage | Export | 2018 | 94} || {Beverage | Import | 2017 | 871} || {Cereals | Export | 2017 | 819} || {Cereals | Export | 2018 | 878} || {Cereals | Import | 2017 | 647} || {Dairy | Export | 2017 | 533} || {Dairy | Export | 2018 | 746} || {Dairy | Import | 2017 | 757}",
 "nlq": "What is the maximum amount for each Category, Import-Export, and Year, of Export or Import of Beverage, Cereals, or Dairy in 2017 or of Export of Beverage, Cereals, or Dairy in 2018? Please, report the corresponding Category, Import-Export, and Year."},
{"name": "template 12",
 "sql": "SELECT Value FROM DBdata WHERE ((Import_Export = 'Export' AND Year = '2017')) AND (Category IN ('Cereals','Beverage')) ORDER BY VALUE ASC LIMIT 2",
 "sqlResult": "{21} || {263}",
 "nlq": "What are the bottom 2 amounts of Export of Beverage or Cereals in 2017?"},
{"name": "template 13",
 "sql": "SELECT Value FROM DBdata WHERE ((Import_Export = 'Import' AND Year = '2018')) AND (Category IN ('Cereals','Beverage')) ORDER BY VALUE DESC",
 "sqlResult": "{982} || {966} || {617} || {510} || {25}",
 "nlq": "What are the amounts ordered by decreasing values of Import of Beverage or Cereals in 2018?"},
{"name": "template 14",
 "sql": "SELECT Category,Item FROM DBdata WHERE ((Import_Export = 'Export' AND Year = '2017')) AND Value < 532.54",
 "sqlResult": "{Cereals | Soybeans} || {Dairy | Milk} || {Beverage | Coffee}",
 "nlq": "What are the Category and Item for which the amount of Export in 2017 is lower than 532.54?"},
{"name": "template 15",
 "sql": "SELECT Category,Item,Value FROM DBdata WHERE ((Import_Export = 'Import' AND Year = '2017')) AND (Category,Item) IN (SELECT Category,Item FROM DBdata WHERE ((Import_Export = 'Export' AND Year = '2017')) AND Value < 532.54)",
 "sqlResult": "{Cereals | Soybeans | 647} || {Dairy | Milk | 231} || {Beverage | Coffee | 871}",
 "nlq": "What is the amount of Import in 2017 of Category and of Item for which the amount of Export in 2017 is lower than 532.54? Please, report the corresponding Category, Item, and amount of import-export."}]
}
