Import-Export,Year,Quarter,Category,Item,Value
Import_Export,Year,Quarter,Category,Item,Value
Import,2018,Q1,Cereals,Wheat,459
Export,2018,Q1,Cereals,Wheat,734
Import,2019,Q1,Cereals,Wheat,74
Export,2019,Q1,Cereals,Wheat,21
Import,2018,Q2,Cereals,Wheat,168
Export,2018,Q2,Cereals,Wheat,251
Import,2019,Q2,Cereals,Wheat,34
Export,2019,Q2,Cereals,Wheat,315
Import,2018,Q3,Cereals,Wheat,238
Export,2018,Q3,Cereals,Wheat,699
Import,2019,Q3,Cereals,Wheat,738
Export,2019,Q3,Cereals,Wheat,949
Import,2018,Q4,Cereals,Wheat,723
Export,2018,Q4,Cereals,Wheat,80
Import,2019,Q4,Cereals,Wheat,97
Export,2019,Q4,Cereals,Wheat,220
Import,2018,Q1,Cereals,Soybeans,788
Export,2018,Q1,Cereals,Soybeans,455
Import,2019,Q1,Cereals,Soybeans,843
Export,2019,Q1,Cereals,Soybeans,523
Import,2018,Q2,Cereals,Soybeans,133
Export,2018,Q2,Cereals,Soybeans,246
Import,2019,Q2,Cereals,Soybeans,876
Export,2019,Q2,Cereals,Soybeans,400
Import,2018,Q3,Cereals,Soybeans,987
Export,2018,Q3,Cereals,Soybeans,604
Import,2019,Q3,Cereals,Soybeans,543
Export,2019,Q3,Cereals,Soybeans,660
Import,2018,Q4,Cereals,Soybeans,259
Export,2018,Q4,Cereals,Soybeans,436
Import,2019,Q4,Cereals,Soybeans,618
Export,2019,Q4,Cereals,Soybeans,423
Import,2018,Q1,Dairy,Butter,212
Export,2018,Q1,Dairy,Butter,986
Import,2019,Q1,Dairy,Butter,773
Export,2019,Q1,Dairy,Butter,165
Import,2018,Q2,Dairy,Butter,879
Export,2018,Q2,Dairy,Butter,363
Import,2019,Q2,Dairy,Butter,428
Export,2019,Q2,Dairy,Butter,230
Import,2018,Q3,Dairy,Butter,556
Export,2018,Q3,Dairy,Butter,88
Import,2019,Q3,Dairy,Butter,316
Export,2019,Q3,Dairy,Butter,156
Import,2018,Q4,Dairy,Butter,409
Export,2018,Q4,Dairy,Butter,338
Import,2019,Q4,Dairy,Butter,477
Export,2019,Q4,Dairy,Butter,81
Import,2018,Q1,Dairy,Cream,123
Export,2018,Q1,Dairy,Cream,317
Import,2019,Q1,Dairy,Cream,683
Export,2019,Q1,Dairy,Cream,973
Import,2018,Q2,Dairy,Cream,478
Export,2018,Q2,Dairy,Cream,255
Import,2019,Q2,Dairy,Cream,673
Export,2019,Q2,Dairy,Cream,497
Import,2018,Q3,Dairy,Cream,234
Export,2018,Q3,Dairy,Cream,420
Import,2019,Q3,Dairy,Cream,568
Export,2019,Q3,Dairy,Cream,96
Import,2018,Q4,Dairy,Cream,662
Export,2018,Q4,Dairy,Cream,607
Import,2019,Q4,Dairy,Cream,102
Export,2019,Q4,Dairy,Cream,278
Import,2018,Q1,Dairy,Cheese,395
Export,2018,Q1,Dairy,Cheese,458
Import,2019,Q1,Dairy,Cheese,603
Export,2019,Q1,Dairy,Cheese,240
Import,2018,Q2,Dairy,Cheese,634
Export,2018,Q2,Dairy,Cheese,194
Import,2019,Q2,Dairy,Cheese,563
Export,2019,Q2,Dairy,Cheese,928
Import,2018,Q3,Dairy,Cheese,561
Export,2018,Q3,Dairy,Cheese,509
Import,2019,Q3,Dairy,Cheese,472
Export,2019,Q3,Dairy,Cheese,137
Import,2018,Q4,Dairy,Cheese,934
Export,2018,Q4,Dairy,Cheese,910
Import,2019,Q4,Dairy,Cheese,726
Export,2019,Q4,Dairy,Cheese,731
Import,2018,Q1,Beverage,Tea,670
Export,2018,Q1,Beverage,Tea,136
Import,2019,Q1,Beverage,Tea,247
Export,2019,Q1,Beverage,Tea,337
Import,2018,Q2,Beverage,Tea,114
Export,2018,Q2,Beverage,Tea,217
Import,2019,Q2,Beverage,Tea,691
Export,2019,Q2,Beverage,Tea,419
Import,2018,Q3,Beverage,Tea,944
Export,2018,Q3,Beverage,Tea,956
Import,2019,Q3,Beverage,Tea,722
Export,2019,Q3,Beverage,Tea,938
Import,2018,Q4,Beverage,Tea,502
Export,2018,Q4,Beverage,Tea,181
Import,2019,Q4,Beverage,Tea,265
Export,2019,Q4,Beverage,Tea,422
Import,2018,Q1,Beverage,Soda,146
Export,2018,Q1,Beverage,Soda,529
Import,2019,Q1,Beverage,Soda,654
Export,2019,Q1,Beverage,Soda,44
Import,2018,Q2,Beverage,Soda,441
Export,2018,Q2,Beverage,Soda,816
Import,2019,Q2,Beverage,Soda,14
Export,2019,Q2,Beverage,Soda,717
Import,2018,Q3,Beverage,Soda,795
Export,2018,Q3,Beverage,Soda,175
Import,2019,Q3,Beverage,Soda,174
Export,2019,Q3,Beverage,Soda,915
Import,2018,Q4,Beverage,Soda,274
Export,2018,Q4,Beverage,Soda,799
Import,2019,Q4,Beverage,Soda,50
Export,2019,Q4,Beverage,Soda,345
