{
"filename": "Food_import-export_in_tons_set134_4_DB.csv",
"questions": [{"name": "template 1",
 "sql": "SELECT Value FROM DBdata WHERE ((Import_Export = 'Import' AND Year = '2017')) AND ((Category = 'Cereals' AND Item = 'Oats'))",
 "sqlResult": "{909}",
 "nlq": "What is the amount of Import of Oats in 2017?"},
{"name": "template 2",
 "sql": "SELECT Value FROM DBdata WHERE ((Import_Export = 'Import' AND Year = '2017')) AND ((Category = 'Meat' AND Item = 'Beef') OR (Category = 'Meat' AND Item = 'Chicken') OR (Category = 'Cereals' AND Item = 'Oats'))",
 "sqlResult": "{860} || {745} || {909}",
 "nlq": "What is the amount of Import of Beef, Chicken, or Oats in 2017?"},
{"name": "template 3",
 "sql": "SELECT Value FROM DBdata WHERE ((Import_Export = 'Import' AND Year = '2017') OR (Import_Export = 'Export' AND Year = '2017') OR (Import_Export = 'Import' AND Year = '2018') OR (Import_Export = 'Export' AND Year = '2018') OR (Import_Export = 'Import' AND Year = '2019') OR (Import_Export = 'Export' AND Year = '2019')) AND ((Category = 'Cereals' AND Item = 'Oats'))",
 "sqlResult": "{909} || {208} || {961} || {521} || {28} || {664}",
 "nlq": "What is the amount of Export or Import of Oats in 2017, 2018, or 2019?"},
{"name": "template 4",
 "sql": "SELECT sum(Value),min(Value) FROM DBdata WHERE ((Import_Export = 'Import' AND Year = '2017') OR (Import_Export = 'Export' AND Year = '2017') OR (Import_Export = 'Import' AND Year = '2018') OR (Import_Export = 'Export' AND Year = '2018') OR (Import_Export = 'Import' AND Year = '2019') OR (Import_Export = 'Export' AND Year = '2019')) AND ((Category = 'Meat' AND Item = 'Beef'))",
 "sqlResult": "{3059 | 20}",
 "nlq": "What are the total and minimum amounts of Export or Import of Beef in 2017, 2018, or 2019?"},
{"name": "template 5",
 "sql": "SELECT avg(Value) FROM DBdata WHERE Import_Export = 'Import' AND (Year IN ('2017','2018','2019')) AND ((Category = 'Cereals' AND Item = 'Rice'))",
 "sqlResult": "{520}",
 "nlq": "What is the average amount of Import of Rice in 2017, 2018, or 2019?"},
{"name": "template 6",
 "sql": "SELECT Value FROM DBdata WHERE ((Import_Export = 'Export' AND Year = '2017') OR (Import_Export = 'Import' AND Year = '2019')) AND ((Category = 'Meat' AND Item = 'Beef') OR (Category = 'Meat' AND Item = 'Chicken') OR (Category = 'Cereals' AND Item = 'Oats'))",
 "sqlResult": "{767} || {616} || {318} || {659} || {208} || {28}",
 "nlq": "What is the amount of Export of Beef, Chicken, or Oats in 2017 or of Import of Beef, Chicken, or Oats in 2019?"},
{"name": "template 7",
 "sql": "SELECT max(Value),min(Value) FROM DBdata WHERE ((Import_Export = 'Import' AND Year = '2018')) AND ((Category = 'Meat' AND Item = 'Chicken') OR (Category = 'Cereals' AND Item = 'Oats') OR (Category = 'Cereals' AND Item = 'Rice'))",
 "sqlResult": "{961 | 678}",
 "nlq": "What are the maximum and minimum amounts of Import of Chicken, Oats, or Rice in 2018?"},
{"name": "template 8",
 "sql": "SELECT Import_Export,Year,min(Value),avg(Value) FROM DBdata WHERE ((Import_Export = 'Export' AND Year = '2017') OR (Import_Export = 'Import' AND Year = '2018') OR (Import_Export = 'Import' AND Year = '2019')) AND ((Category = 'Meat' AND Item = 'Beef') OR (Category = 'Meat' AND Item = 'Chicken') OR (Category = 'Cereals' AND Item = 'Rice')) GROUP BY Import_Export,Year",
 "sqlResult": "{Export | 2017 | 318 | 617} || {Import | 2018 | 20 | 471.67} || {Import | 2019 | 509 | 594.67}",
 "nlq": "What are the minimum and average amounts for each Import-Export and Year, of Export of Beef, Chicken, or Rice in 2017 or of Import of Beef, Chicken, or Rice in 2018 or 2019? Please, report the corresponding Import-Export and Year."},
{"name": "template 9",
 "sql": "SELECT min(Value) FROM DBdata WHERE ((Import_Export = 'Export' AND Year = '2018')) AND (Category IN ('Meat','Cereals')) GROUP BY Category",
 "sqlResult": "{237} || {306}",
 "nlq": "What is the minimum amount for each Category, of Export of Cereals or Meat in 2018?"},
{"name": "template 10",
 "sql": "SELECT Category,sum(Value) FROM DBdata WHERE ((Import_Export = 'Export' AND Year = '2017')) AND (Category IN ('Meat','Cereals')) GROUP BY Category",
 "sqlResult": "{Cereals | 974} || {Meat | 1085}",
 "nlq": "What is the total amount for each Category, of Export of Cereals or Meat in 2017? Please, report the corresponding Category."},
{"name": "template 11",
 "sql": "SELECT Category,Import_Export,Year,sum(Value) FROM DBdata WHERE ((Import_Export = 'Import' AND Year = '2018') OR (Import_Export = 'Export' AND Year = '2018') OR (Import_Export = 'Export' AND Year = '2019')) AND (Category IN ('Meat','Cereals')) GROUP BY Category,Import_Export,Year",
 "sqlResult": "{Cereals | Export | 2018 | 758} || {Cereals | Export | 2019 | 1277} || {Cereals | Import | 2018 | 1639} || {Meat | Export | 2018 | 690} || {Meat | Export | 2019 | 1479} || {Meat | Import | 2018 | 737}",
 "nlq": "What is the total amount for each Category, Import-Export, and Year, of Export or Import of Cereals or Meat in 2018 or of Export of Cereals or Meat in 2019? Please, report the corresponding Category, Import-Export, and Year."},
{"name": "template 12",
 "sql": "SELECT Value FROM DBdata WHERE ((Import_Export = 'Import' AND Year = '2019')) AND (Category IN ('Meat','Cereals')) ORDER BY VALUE DESC LIMIT 3",
 "sqlResult": "{659} || {616} || {509}",
 "nlq": "What are the top 3 amounts of Import of Cereals or Meat in 2019?"},
{"name": "template 13",
 "sql": "SELECT Value FROM DBdata WHERE ((Import_Export = 'Import' AND Year = '2017')) AND (Category IN ('Meat','Cereals')) ORDER BY VALUE ASC",
 "sqlResult": "{373} || {745} || {860} || {909}",
 "nlq": "What are the amounts ordered by increasing values of Import of Cereals or Meat in 2017?"},
{"name": "template 14",
 "sql": "SELECT Category,Item FROM DBdata WHERE ((Import_Export = 'Export' AND Year = '2017')) AND Value < 555.75",
 "sqlResult": "{Meat | Chicken} || {Cereals | Oats}",
 "nlq": "What are the Category and Item for which the amount of Export in 2017 is lower than 555.75?"},
{"name": "template 15",
 "sql": "SELECT Category,Item,Value FROM DBdata WHERE ((Import_Export = 'Import' AND Year = '2018')) AND (Category,Item) IN (SELECT Category,Item FROM DBdata WHERE ((Import_Export = 'Export' AND Year = '2017')) AND Value < 555.75)",
 "sqlResult": "{Meat | Chicken | 717} || {Cereals | Oats | 961}",
 "nlq": "What is the amount of Import in 2018 of Category and of Item for which the amount of Export in 2017 is lower than 555.75? Please, report the corresponding Category, Item, and amount of import-export."}]
}
