Import-Export,Year,Quarter,Category,Item,Value
Import_Export,Year,Quarter,Category,Item,Value
Import,2015,Q1,Meat,Pork,192
Export,2015,Q1,Meat,Pork,345
Import,2016,Q1,Meat,Pork,533
Export,2016,Q1,Meat,Pork,112
Import,2017,Q1,Meat,Pork,350
Export,2017,Q1,Meat,Pork,622
Import,2015,Q2,Meat,Pork,602
Export,2015,Q2,Meat,Pork,646
Import,2016,Q2,Meat,Pork,707
Export,2016,Q2,Meat,Pork,895
Import,2017,Q2,Meat,Pork,652
Export,2017,Q2,Meat,Pork,410
Import,2015,Q3,Meat,Pork,867
Export,2015,Q3,Meat,Pork,221
Import,2016,Q3,Meat,Pork,825
Export,2016,Q3,Meat,Pork,702
Import,2017,Q3,Meat,Pork,945
Export,2017,Q3,Meat,Pork,639
Import,2015,Q4,Meat,Pork,97
Export,2015,Q4,Meat,Pork,28
Import,2016,Q4,Meat,Pork,253
Export,2016,Q4,Meat,Pork,814
Import,2017,Q4,Meat,Pork,872
Export,2017,Q4,Meat,Pork,381
Import,2015,Q1,Meat,Camel,158
Export,2015,Q1,Meat,Camel,82
Import,2016,Q1,Meat,Camel,267
Export,2016,Q1,Meat,Camel,553
Import,2017,Q1,Meat,Camel,619
Export,2017,Q1,Meat,Camel,186
Import,2015,Q2,Meat,Camel,960
Export,2015,Q2,Meat,Camel,724
Import,2016,Q2,Meat,Camel,759
Export,2016,Q2,Meat,Camel,973
Import,2017,Q2,Meat,Camel,466
Export,2017,Q2,Meat,Camel,963
Import,2015,Q3,Meat,Camel,438
Export,2015,Q3,Meat,Camel,440
Import,2016,Q3,Meat,Camel,10
Export,2016,Q3,Meat,Camel,247
Import,2017,Q3,Meat,Camel,510
Export,2017,Q3,Meat,Camel,55
Import,2015,Q4,Meat,Camel,767
Export,2015,Q4,Meat,Camel,99
Import,2016,Q4,Meat,Camel,446
Export,2016,Q4,Meat,Camel,858
Import,2017,Q4,Meat,Camel,666
Export,2017,Q4,Meat,Camel,239
Import,2015,Q1,Meat,Duck,35
Export,2015,Q1,Meat,Duck,502
Import,2016,Q1,Meat,Duck,927
Export,2016,Q1,Meat,Duck,324
Import,2017,Q1,Meat,Duck,916
Export,2017,Q1,Meat,Duck,686
Import,2015,Q2,Meat,Duck,899
Export,2015,Q2,Meat,Duck,901
Import,2016,Q2,Meat,Duck,402
Export,2016,Q2,Meat,Duck,958
Import,2017,Q2,Meat,Duck,722
Export,2017,Q2,Meat,Duck,63
Import,2015,Q3,Meat,Duck,180
Export,2015,Q3,Meat,Duck,53
Import,2016,Q3,Meat,Duck,792
Export,2016,Q3,Meat,Duck,492
Import,2017,Q3,Meat,Duck,189
Export,2017,Q3,Meat,Duck,57
Import,2015,Q4,Meat,Duck,892
Export,2015,Q4,Meat,Duck,758
Import,2016,Q4,Meat,Duck,912
Export,2016,Q4,Meat,Duck,559
Import,2017,Q4,Meat,Duck,898
Export,2017,Q4,Meat,Duck,421
Import,2015,Q1,Cereals,Oats,967
Export,2015,Q1,Cereals,Oats,162
Import,2016,Q1,Cereals,Oats,347
Export,2016,Q1,Cereals,Oats,184
Import,2017,Q1,Cereals,Oats,888
Export,2017,Q1,Cereals,Oats,769
Import,2015,Q2,Cereals,Oats,340
Export,2015,Q2,Cereals,Oats,965
Import,2016,Q2,Cereals,Oats,822
Export,2016,Q2,Cereals,Oats,890
Import,2017,Q2,Cereals,Oats,802
Export,2017,Q2,Cereals,Oats,778
Import,2015,Q3,Cereals,Oats,450
Export,2015,Q3,Cereals,Oats,834
Import,2016,Q3,Cereals,Oats,947
Export,2016,Q3,Cereals,Oats,335
Import,2017,Q3,Cereals,Oats,525
Export,2017,Q3,Cereals,Oats,982
Import,2015,Q4,Cereals,Oats,323
Export,2015,Q4,Cereals,Oats,896
Import,2016,Q4,Cereals,Oats,185
Export,2016,Q4,Cereals,Oats,476
Import,2017,Q4,Cereals,Oats,625
Export,2017,Q4,Cereals,Oats,670
Import,2015,Q1,Cereals,Rice,710
Export,2015,Q1,Cereals,Rice,157
Import,2016,Q1,Cereals,Rice,952
Export,2016,Q1,Cereals,Rice,280
Import,2017,Q1,Cereals,Rice,290
Export,2017,Q1,Cereals,Rice,500
Import,2015,Q2,Cereals,Rice,59
Export,2015,Q2,Cereals,Rice,228
Import,2016,Q2,Cereals,Rice,493
Export,2016,Q2,Cereals,Rice,194
Import,2017,Q2,Cereals,Rice,682
Export,2017,Q2,Cereals,Rice,570
Import,2015,Q3,Cereals,Rice,398
Export,2015,Q3,Cereals,Rice,182
Import,2016,Q3,Cereals,Rice,369
Export,2016,Q3,Cereals,Rice,529
Import,2017,Q3,Cereals,Rice,517
Export,2017,Q3,Cereals,Rice,488
Import,2015,Q4,Cereals,Rice,998
Export,2015,Q4,Cereals,Rice,804
Import,2016,Q4,Cereals,Rice,339
Export,2016,Q4,Cereals,Rice,344
Import,2017,Q4,Cereals,Rice,569
Export,2017,Q4,Cereals,Rice,658
Import,2015,Q1,Cereals,Seeds,853
Export,2015,Q1,Cereals,Seeds,155
Import,2016,Q1,Cereals,Seeds,264
Export,2016,Q1,Cereals,Seeds,886
Import,2017,Q1,Cereals,Seeds,725
Export,2017,Q1,Cereals,Seeds,292
Import,2015,Q2,Cereals,Seeds,84
Export,2015,Q2,Cereals,Seeds,552
Import,2016,Q2,Cereals,Seeds,621
Export,2016,Q2,Cereals,Seeds,206
Import,2017,Q2,Cereals,Seeds,377
Export,2017,Q2,Cereals,Seeds,370
Import,2015,Q3,Cereals,Seeds,489
Export,2015,Q3,Cereals,Seeds,289
Import,2016,Q3,Cereals,Seeds,439
Export,2016,Q3,Cereals,Seeds,361
Import,2017,Q3,Cereals,Seeds,910
Export,2017,Q3,Cereals,Seeds,734
Import,2015,Q4,Cereals,Seeds,357
Export,2015,Q4,Cereals,Seeds,773
Import,2016,Q4,Cereals,Seeds,935
Export,2016,Q4,Cereals,Seeds,684
Import,2017,Q4,Cereals,Seeds,561
Export,2017,Q4,Cereals,Seeds,174
