{
"filename": "Food_import-export_in_tons_set148_2_DB.csv",
"questions": [{"name": "template 1",
 "sql": "SELECT Value FROM DBdata WHERE ((Quarter = 'Q4' AND Year = '2019' AND Import_Export = 'Export')) AND ((Category = 'Dairy' AND Item = 'Yoghurt'))",
 "sqlResult": "{422}",
 "nlq": "What is the amount of Export of Yoghurt in Q4 of 2019?"},
{"name": "template 2",
 "sql": "SELECT Value FROM DBdata WHERE ((Quarter = 'Q3' AND Year = '2017' AND Import_Export = 'Export')) AND ((Category = 'Meat' AND Item = 'Pork') OR (Category = 'Meat' AND Item = 'Camel') OR (Category = 'Cereals' AND Item = 'Seeds') OR (Category = 'Dairy' AND Item = 'Cream') OR (Category = 'Dairy' AND Item = 'Yoghurt'))",
 "sqlResult": "{839} || {845} || {769} || {173} || {19}",
 "nlq": "What is the amount of Export of Camel, Cream, Pork, Seeds, or Yoghurt in Q3 of 2017?"},
{"name": "template 3",
 "sql": "SELECT Value FROM DBdata WHERE ((Quarter = 'Q1' AND Year = '2017' AND Import_Export = 'Import') OR (Quarter = 'Q1' AND Year = '2018' AND Import_Export = 'Import') OR (Quarter = 'Q2' AND Year = '2017' AND Import_Export = 'Import') OR (Quarter = 'Q2' AND Year = '2018' AND Import_Export = 'Export') OR (Quarter = 'Q3' AND Year = '2017' AND Import_Export = 'Import') OR (Quarter = 'Q3' AND Year = '2017' AND Import_Export = 'Export') OR (Quarter = 'Q3' AND Year = '2018' AND Import_Export = 'Import') OR (Quarter = 'Q3' AND Year = '2019' AND Import_Export = 'Import') OR (Quarter = 'Q4' AND Year = '2018' AND Import_Export = 'Export') OR (Quarter = 'Q4' AND Year = '2019' AND Import_Export = 'Export')) AND ((Category = 'Cereals' AND Item = 'Wheat'))",
 "sqlResult": "{720} || {24} || {710} || {574} || {429} || {476} || {912} || {288} || {469} || {199}",
 "nlq": "What is the amount of Import of Wheat in Q1 or Q3 of 2018 or Q1, Q2, or Q3 of 2017 or Q3 of 2019 or of Export of Wheat in Q2 or Q4 of 2018 or Q3 of 2017 or Q4 of 2019?"},
{"name": "template 4",
 "sql": "SELECT avg(Value),sum(Value) FROM DBdata WHERE ((Quarter = 'Q1' AND Year = '2017' AND Import_Export = 'Import') OR (Quarter = 'Q1' AND Year = '2018' AND Import_Export = 'Import') OR (Quarter = 'Q2' AND Year = '2018' AND Import_Export = 'Export') OR (Quarter = 'Q2' AND Year = '2019' AND Import_Export = 'Export') OR (Quarter = 'Q3' AND Year = '2017' AND Import_Export = 'Import') OR (Quarter = 'Q3' AND Year = '2019' AND Import_Export = 'Import')) AND ((Category = 'Meat' AND Item = 'Duck'))",
 "sqlResult": "{594.17 | 3565}",
 "nlq": "What are the average and total amounts of Import of Duck in Q1 of 2018 or Q1 or Q3 of 2017 or Q3 of 2019 or of Export of Duck in Q2 of 2018 or 2019?"},
{"name": "template 6",
 "sql": "SELECT Value FROM DBdata WHERE ((Quarter = 'Q1' AND Year = '2018' AND Import_Export = 'Import') OR (Quarter = 'Q2' AND Year = '2019' AND Import_Export = 'Import') OR (Quarter = 'Q3' AND Year = '2019' AND Import_Export = 'Import') OR (Quarter = 'Q4' AND Year = '2017' AND Import_Export = 'Export') OR (Quarter = 'Q4' AND Year = '2018' AND Import_Export = 'Import')) AND ((Category = 'Meat' AND Item = 'Duck') OR (Category = 'Cereals' AND Item = 'Wheat'))",
 "sqlResult": "{813} || {122} || {910} || {298} || {760} || {24} || {759} || {288} || {874} || {27}",
 "nlq": "What is the amount of Import of Duck or Wheat in Q1 or Q4 of 2018 or Q2 or Q3 of 2019 or of Export of Duck or Wheat in Q4 of 2017?"},
{"name": "template 7",
 "sql": "SELECT min(Value),max(Value) FROM DBdata WHERE ((Quarter = 'Q2' AND Year = '2018' AND Import_Export = 'Import')) AND ((Category = 'Meat' AND Item = 'Pork') OR (Category = 'Cereals' AND Item = 'Seeds') OR (Category = 'Cereals' AND Item = 'Wheat') OR (Category = 'Dairy' AND Item = 'Cream') OR (Category = 'Dairy' AND Item = 'Yoghurt'))",
 "sqlResult": "{13 | 905}",
 "nlq": "What are the minimum and maximum amounts of Import of Cream, Pork, Seeds, Wheat, or Yoghurt in Q2 of 2018?"},
{"name": "template 8",
 "sql": "SELECT Quarter,Year,Import_Export,max(Value),avg(Value) FROM DBdata WHERE ((Quarter = 'Q1' AND Year = '2017' AND Import_Export = 'Import') OR (Quarter = 'Q3' AND Year = '2019' AND Import_Export = 'Export')) AND ((Category = 'Meat' AND Item = 'Camel') OR (Category = 'Meat' AND Item = 'Duck') OR (Category = 'Cereals' AND Item = 'Wheat') OR (Category = 'Dairy' AND Item = 'Cheese')) GROUP BY Quarter,Year,Import_Export",
 "sqlResult": "{Q1 | 2017 | Import | 794 | 618} || {Q3 | 2019 | Export | 966 | 528}",
 "nlq": "What are the maximum and average amounts for each Quarter, Year, and Import-Export, of Import of Camel, Cheese, Duck, or Wheat in Q1 of 2017 or of Export of Camel, Cheese, Duck, or Wheat in Q3 of 2019? Please, report the corresponding Quarter, Year, and Import-Export."},
{"name": "template 9",
 "sql": "SELECT min(Value) FROM DBdata WHERE ((Quarter = 'Q1' AND Year = '2017' AND Import_Export = 'Import')) AND (Category IN ('Meat','Cereals','Dairy')) GROUP BY Category",
 "sqlResult": "{531} || {191} || {456}",
 "nlq": "What is the minimum amount for each Category, of Import of Cereals, Dairy, or Meat in Q1 of 2017?"},
{"name": "template 10",
 "sql": "SELECT Category,sum(Value) FROM DBdata WHERE ((Quarter = 'Q1' AND Year = '2018' AND Import_Export = 'Import')) AND (Category IN ('Meat','Cereals','Dairy')) GROUP BY Category",
 "sqlResult": "{Cereals | 103} || {Dairy | 1534} || {Meat | 2352}",
 "nlq": "What is the total amount for each Category, of Import of Cereals, Dairy, or Meat in Q1 of 2018? Please, report the corresponding Category."},
{"name": "template 11",
 "sql": "SELECT Category,Quarter,Year,Import_Export,sum(Value) FROM DBdata WHERE ((Quarter = 'Q1' AND Year = '2019' AND Import_Export = 'Import') OR (Quarter = 'Q2' AND Year = '2019' AND Import_Export = 'Export')) AND (Category IN ('Meat','Cereals','Dairy')) GROUP BY Category,Quarter,Year,Import_Export",
 "sqlResult": "{Cereals | Q1 | 2019 | Import | 1643} || {Cereals | Q2 | 2019 | Export | 763} || {Dairy | Q1 | 2019 | Import | 2139} || {Dairy | Q2 | 2019 | Export | 1387} || {Meat | Q1 | 2019 | Import | 1582} || {Meat | Q2 | 2019 | Export | 755}",
 "nlq": "What is the total amount for each Category, Quarter, Year, and Import-Export, of Import of Cereals, Dairy, or Meat in Q1 of 2019 or of Export of Cereals, Dairy, or Meat in Q2 of 2019? Please, report the corresponding Category, Quarter, Year, and Import-Export."},
{"name": "template 12",
 "sql": "SELECT Value FROM DBdata WHERE ((Quarter = 'Q1' AND Year = '2018' AND Import_Export = 'Import')) AND (Category IN ('Meat','Dairy')) ORDER BY VALUE ASC LIMIT 2",
 "sqlResult": "{381} || {445}",
 "nlq": "What are the bottom 2 amounts of Import of Dairy or Meat in Q1 of 2018?"},
{"name": "template 13",
 "sql": "SELECT Value FROM DBdata WHERE ((Quarter = 'Q4' AND Year = '2017' AND Import_Export = 'Import')) AND (Category IN ('Meat','Cereals')) ORDER BY VALUE ASC",
 "sqlResult": "{150} || {435} || {570} || {803} || {970}",
 "nlq": "What are the amounts ordered by increasing values of Import of Cereals or Meat in Q4 of 2017?"},
{"name": "template 14",
 "sql": "SELECT Category,Item FROM DBdata WHERE ((Quarter = 'Q3' AND Year = '2017' AND Import_Export = 'Export')) AND Value > 495.83",
 "sqlResult": "{Meat | Pork} || {Meat | Camel} || {Meat | Duck} || {Cereals | Seeds}",
 "nlq": "What are the Category and Item for which the amount of Export in Q3 of 2017 is greater than 495.83?"},
{"name": "template 15",
 "sql": "SELECT Category,Item,Value FROM DBdata WHERE ((Quarter = 'Q1' AND Year = '2018' AND Import_Export = 'Export')) AND (Category,Item) IN (SELECT Category,Item FROM DBdata WHERE ((Quarter = 'Q3' AND Year = '2017' AND Import_Export = 'Export')) AND Value > 495.83)",
 "sqlResult": "{Meat | Pork | 139} || {Meat | Camel | 440} || {Meat | Duck | 621} || {Cereals | Seeds | 121}",
 "nlq": "What is the amount of Export in Q1 of 2018 of Category and of Item for which the amount of Export in Q3 of 2017 is greater than 495.83? Please, report the corresponding Category, Item, and amount of import-export."}]
}
