{
"filename": "Food_import-export_in_tons_set136_5_DB.csv",
"questions": [{"name": "template 1",
 "sql": "SELECT Value FROM DBdata WHERE ((Import_Export = 'Import' AND Year = '2019')) AND ((Category = 'Beverage' AND Item = 'Tea'))",
 "sqlResult": "{821}",
 "nlq": "What is the amount of Import of Tea in 2019?"},
{"name": "template 2",
 "sql": "SELECT Value FROM DBdata WHERE ((Import_Export = 'Import' AND Year = '2017')) AND ((Category = 'Cereals' AND Item = 'Oats') OR (Category = 'Cereals' AND Item = 'Rice') OR (Category = 'Cereals' AND Item = 'Seeds') OR (Category = 'Beverage' AND Item = 'Coffee'))",
 "sqlResult": "{683} || {810} || {856} || {345}",
 "nlq": "What is the amount of Import of Coffee, Oats, Rice, or Seeds in 2017?"},
{"name": "template 3",
 "sql": "SELECT Value FROM DBdata WHERE ((Import_Export = 'Import' AND Year = '2017') OR (Import_Export = 'Export' AND Year = '2017') OR (Import_Export = 'Import' AND Year = '2018') OR (Import_Export = 'Export' AND Year = '2018') OR (Import_Export = 'Import' AND Year = '2019') OR (Import_Export = 'Export' AND Year = '2019')) AND ((Category = 'Beverage' AND Item = 'Coffee'))",
 "sqlResult": "{345} || {278} || {276} || {935} || {651} || {167}",
 "nlq": "What is the amount of Export or Import of Coffee in 2017, 2018, or 2019?"},
{"name": "template 4",
 "sql": "SELECT min(Value),max(Value) FROM DBdata WHERE ((Import_Export = 'Export' AND Year = '2017') OR (Import_Export = 'Export' AND Year = '2019')) AND ((Category = 'Beverage' AND Item = 'Coffee'))",
 "sqlResult": "{167 | 278}",
 "nlq": "What are the minimum and maximum amounts of Export of Coffee in 2017 or 2019?"},
{"name": "template 5",
 "sql": "SELECT avg(Value) FROM DBdata WHERE (Import_Export IN ('Import','Export')) AND ((Category = 'Dairy' AND Item = 'Milk'))",
 "sqlResult": "{510.33}",
 "nlq": "What is the average amount of Export or Import of Milk?"},
{"name": "template 6",
 "sql": "SELECT Value FROM DBdata WHERE ((Import_Export = 'Import' AND Year = '2018') OR (Import_Export = 'Import' AND Year = '2019')) AND ((Category = 'Dairy' AND Item = 'Milk') OR (Category = 'Beverage' AND Item = 'Tea') OR (Category = 'Beverage' AND Item = 'Soda'))",
 "sqlResult": "{799} || {845} || {712} || {821} || {753} || {262}",
 "nlq": "What is the amount of Import of Milk, Soda, or Tea in 2018 or 2019?"},
{"name": "template 7",
 "sql": "SELECT sum(Value),avg(Value) FROM DBdata WHERE ((Import_Export = 'Import' AND Year = '2017')) AND ((Category = 'Cereals' AND Item = 'Seeds') OR (Category = 'Dairy' AND Item = 'Butter') OR (Category = 'Beverage' AND Item = 'Tea'))",
 "sqlResult": "{1796 | 598.67}",
 "nlq": "What are the total and average amounts of Import of Butter, Seeds, or Tea in 2017?"},
{"name": "template 8",
 "sql": "SELECT Import_Export,Year,max(Value),sum(Value) FROM DBdata WHERE ((Import_Export = 'Export' AND Year = '2018') OR (Import_Export = 'Import' AND Year = '2019')) AND ((Category = 'Cereals' AND Item = 'Oats') OR (Category = 'Cereals' AND Item = 'Rice')) GROUP BY Import_Export,Year",
 "sqlResult": "{Export | 2018 | 847 | 867} || {Import | 2019 | 379 | 513}",
 "nlq": "What are the maximum and total amounts for each Import-Export and Year, of Export of Oats or Rice in 2018 or of Import of Oats or Rice in 2019? Please, report the corresponding Import-Export and Year."},
{"name": "template 9",
 "sql": "SELECT min(Value) FROM DBdata WHERE ((Import_Export = 'Export' AND Year = '2019')) AND (Category IN ('Cereals','Dairy','Beverage')) GROUP BY Category",
 "sqlResult": "{35} || {107} || {554}",
 "nlq": "What is the minimum amount for each Category, of Export of Beverage, Cereals, or Dairy in 2019?"},
{"name": "template 10",
 "sql": "SELECT Category,sum(Value) FROM DBdata WHERE ((Import_Export = 'Export' AND Year = '2018')) AND (Category IN ('Cereals','Dairy','Beverage')) GROUP BY Category",
 "sqlResult": "{Beverage | 2238} || {Cereals | 1699} || {Dairy | 1034}",
 "nlq": "What is the total amount for each Category, of Export of Beverage, Cereals, or Dairy in 2018? Please, report the corresponding Category."},
{"name": "template 11",
 "sql": "SELECT Category,Import_Export,Year,sum(Value) FROM DBdata WHERE ((Import_Export = 'Export' AND Year = '2017') OR (Import_Export = 'Import' AND Year = '2018') OR (Import_Export = 'Export' AND Year = '2019')) AND (Category IN ('Cereals','Dairy','Beverage')) GROUP BY Category,Import_Export,Year",
 "sqlResult": "{Beverage | Export | 2017 | 1425} || {Beverage | Export | 2019 | 615} || {Beverage | Import | 2018 | 1741} || {Cereals | Export | 2017 | 2381} || {Cereals | Export | 2019 | 777} || {Cereals | Import | 2018 | 903} || {Dairy | Export | 2017 | 837} || {Dairy | Export | 2019 | 1515} || {Dairy | Import | 2018 | 1750}",
 "nlq": "What is the total amount for each Category, Import-Export, and Year, of Export of Beverage, Cereals, or Dairy in 2017 or 2019 or of Import of Beverage, Cereals, or Dairy in 2018? Please, report the corresponding Category, Import-Export, and Year."},
{"name": "template 12",
 "sql": "SELECT Value FROM DBdata WHERE ((Import_Export = 'Export' AND Year = '2018')) AND (Category IN ('Dairy','Beverage')) ORDER BY VALUE DESC LIMIT 2",
 "sqlResult": "{935} || {811}",
 "nlq": "What are the top 2 amounts of Export of Beverage or Dairy in 2018?"},
{"name": "template 13",
 "sql": "SELECT Value FROM DBdata WHERE ((Import_Export = 'Import' AND Year = '2017')) AND (Category IN ('Cereals','Beverage')) ORDER BY VALUE ASC",
 "sqlResult": "{345} || {359} || {471} || {683} || {810} || {856}",
 "nlq": "What are the amounts ordered by increasing values of Import of Beverage or Cereals in 2017?"},
{"name": "template 14",
 "sql": "SELECT Category,Item FROM DBdata WHERE ((Import_Export = 'Export' AND Year = '2019')) AND Value > 536.38",
 "sqlResult": "{Cereals | Rice} || {Dairy | Milk} || {Dairy | Butter}",
 "nlq": "What are the Category and Item for which the amount of Export in 2019 is greater than 536.38?"},
{"name": "template 15",
 "sql": "SELECT Category,Item,Value FROM DBdata WHERE ((Import_Export = 'Import' AND Year = '2018')) AND (Category,Item) IN (SELECT Category,Item FROM DBdata WHERE ((Import_Export = 'Export' AND Year = '2019')) AND Value > 536.38)",
 "sqlResult": "{Cereals | Rice | 138} || {Dairy | Milk | 799} || {Dairy | Butter | 951}",
 "nlq": "What is the amount of Import in 2018 of Category and of Item for which the amount of Export in 2019 is greater than 536.38? Please, report the corresponding Category, Item, and amount of import-export."}]
}
