{
"filename": "Food_import-export_in_tons_set137_2_DB.csv",
"questions": [{"name": "template 1",
 "sql": "SELECT Value FROM DBdata WHERE ((AA = 'AAfl' AND BB = 'BBjp')) AND ((CC = 'CCdk' AND DD = 'DDfv'))",
 "sqlResult": "{120}",
 "nlq": "What is the amount of AAfl of DDfv in BBjp?"},
{"name": "template 2",
 "sql": "SELECT Value FROM DBdata WHERE ((AA = 'AAfl' AND BB = 'BBbt')) AND ((CC = 'CCdk' AND DD = 'DDsz') OR (CC = 'CCdk' AND DD = 'DDct') OR (CC = 'CCbr' AND DD = 'DDkn'))",
 "sqlResult": "{172} || {920} || {414}",
 "nlq": "What is the amount of AAfl of DDct, DDsz, or DDkn in BBbt?"},
{"name": "template 3",
 "sql": "SELECT Value FROM DBdata WHERE ((AA = 'AAfl' AND BB = 'BBjp') OR (AA = 'AAhx' AND BB = 'BBbt')) AND ((CC = 'CCbr' AND DD = 'DDbj'))",
 "sqlResult": "{54} || {754}",
 "nlq": "What is the amount of AAfl of DDbj in BBjp or of AAhx of DDbj in BBbt?"},
{"name": "template 4",
 "sql": "SELECT max(Value),sum(Value) FROM DBdata WHERE ((AA = 'AAhx' AND BB = 'BBjp') OR (AA = 'AAfl' AND BB = 'BBbt') OR (AA = 'AAhx' AND BB = 'BBbt')) AND ((CC = 'CCbr' AND DD = 'DDbj'))",
 "sqlResult": "{754 | 1346}",
 "nlq": "What are the maximum and total amounts of AAhx of DDbj in BBjp or BBbt or of AAfl of DDbj in BBbt?"},
{"name": "template 5",
 "sql": "SELECT avg(Value) FROM DBdata WHERE AA = 'AAhx' AND (BB IN ('BBjp','BBbt')) AND ((CC = 'CCbr' AND DD = 'DDkn'))",
 "sqlResult": "{138}",
 "nlq": "What is the average amount of AAhx of DDkn in BBjp or BBbt?"},
{"name": "template 6",
 "sql": "SELECT Value FROM DBdata WHERE ((AA = 'AAfl' AND BB = 'BBjp') OR (AA = 'AAhx' AND BB = 'BBjp') OR (AA = 'AAfl' AND BB = 'BBbt') OR (AA = 'AAhx' AND BB = 'BBbt')) AND ((CC = 'CCdk' AND DD = 'DDsz') OR (CC = 'CCdk' AND DD = 'DDct') OR (CC = 'CCbr' AND DD = 'DDkn') OR (CC = 'CCbr' AND DD = 'DDbj'))",
 "sqlResult": "{819} || {473} || {172} || {662} || {208} || {303} || {920} || {456} || {922} || {79} || {414} || {197} || {54} || {519} || {73} || {754}",
 "nlq": "What is the amount of AAhx or AAfl of DDct, DDsz, DDbj, or DDkn in BBjp or BBbt?"},
{"name": "template 7",
 "sql": "SELECT max(Value),avg(Value) FROM DBdata WHERE ((AA = 'AAhx' AND BB = 'BBbt')) AND ((CC = 'CCdk' AND DD = 'DDfv') OR (CC = 'CCdk' AND DD = 'DDsz') OR (CC = 'CCdk' AND DD = 'DDct') OR (CC = 'CCbr' AND DD = 'DDkn') OR (CC = 'CCbr' AND DD = 'DDbj'))",
 "sqlResult": "{979 | 609.6}",
 "nlq": "What are the maximum and average amounts of AAhx of DDfv, DDct, DDsz, DDbj, or DDkn in BBbt?"},
{"name": "template 8",
 "sql": "SELECT AA,BB,avg(Value),sum(Value) FROM DBdata WHERE ((AA = 'AAfl' AND BB = 'BBjp') OR (AA = 'AAhx' AND BB = 'BBjp') OR (AA = 'AAfl' AND BB = 'BBbt') OR (AA = 'AAhx' AND BB = 'BBbt')) AND ((CC = 'CCdk' AND DD = 'DDfv') OR (CC = 'CCdk' AND DD = 'DDsz') OR (CC = 'CCdk' AND DD = 'DDct') OR (CC = 'CCbr' AND DD = 'DDkn') OR (CC = 'CCbr' AND DD = 'DDbj')) GROUP BY AA,BB",
 "sqlResult": "{AAhx | BBjp | 466.4 | 2332} || {AAhx | BBbt | 609.6 | 3048} || {AAfl | BBjp | 424.6 | 2123} || {AAfl | BBbt | 441.2 | 2206}",
 "nlq": "What are the average and total amounts for each AAfl-AAhx and BB, of AAhx or AAfl of DDfv, DDct, DDsz, DDbj, or DDkn in BBjp or BBbt? Please, report the corresponding AAfl-AAhx and BB."},
{"name": "template 9",
 "sql": "SELECT min(Value) FROM DBdata WHERE ((AA = 'AAhx' AND BB = 'BBbt')) AND (CC IN ('CCdk','CCbr')) GROUP BY CC",
 "sqlResult": "{197} || {456}",
 "nlq": "What is the minimum amount for each CC, of AAhx of CCbr or CCdk in BBbt?"},
{"name": "template 10",
 "sql": "SELECT CC,min(Value) FROM DBdata WHERE ((AA = 'AAhx' AND BB = 'BBjp')) AND (CC IN ('CCdk','CCbr')) GROUP BY CC",
 "sqlResult": "{CCbr | 79} || {CCdk | 303}",
 "nlq": "What is the minimum amount for each CC, of AAhx of CCbr or CCdk in BBjp? Please, report the corresponding CC."},
{"name": "template 11",
 "sql": "SELECT CC,AA,BB,avg(Value) FROM DBdata WHERE ((AA = 'AAhx' AND BB = 'BBjp') OR (AA = 'AAfl' AND BB = 'BBbt')) AND (CC IN ('CCdk','CCbr')) GROUP BY CC,AA,BB",
 "sqlResult": "{CCbr | AAhx | BBjp | 299} || {CCbr | AAfl | BBbt | 243.5} || {CCdk | AAhx | BBjp | 578} || {CCdk | AAfl | BBbt | 573}",
 "nlq": "What is the average amount for each CC, AAfl-AAhx, and BB, of AAhx of CCbr or CCdk in BBjp or of AAfl of CCbr or CCdk in BBbt? Please, report the corresponding CC, AAfl-AAhx, and BB."},
{"name": "template 12",
 "sql": "SELECT Value FROM DBdata WHERE ((AA = 'AAhx' AND BB = 'BBjp')) AND (CC IN ('CCdk','CCbr')) ORDER BY VALUE ASC LIMIT 2",
 "sqlResult": "{79} || {303}",
 "nlq": "What are the bottom 2 amounts of AAhx of CCbr or CCdk in BBjp?"},
{"name": "template 13",
 "sql": "SELECT Value FROM DBdata WHERE ((AA = 'AAhx' AND BB = 'BBjp')) AND (CC IN ('CCdk','CCbr')) ORDER BY VALUE ASC",
 "sqlResult": "{79} || {303} || {473} || {519} || {958}",
 "nlq": "What are the amounts ordered by increasing values of AAhx of CCbr or CCdk in BBjp?"},
{"name": "template 14",
 "sql": "SELECT CC,DD FROM DBdata WHERE ((AA = 'AAfl' AND BB = 'BBjp')) AND Value < 485.45",
 "sqlResult": "{CCdk | DDfv} || {CCdk | DDct} || {CCbr | DDbj}",
 "nlq": "What are the CC and DD for which the amount of AAfl in BBjp is lower than 485.45?"},
{"name": "template 15",
 "sql": "SELECT CC,DD,Value FROM DBdata WHERE ((AA = 'AAhx' AND BB = 'BBbt')) AND (CC,DD) IN (SELECT CC,DD FROM DBdata WHERE ((AA = 'AAfl' AND BB = 'BBjp')) AND Value < 485.45)",
 "sqlResult": "{CCdk | DDfv | 979} || {CCdk | DDct | 456} || {CCbr | DDbj | 754}",
 "nlq": "What is the amount of AAhx in BBbt of CC and of DD for which the amount of AAfl in BBjp is lower than 485.45? Please, report the corresponding CC, DD, and amount of import-export."}]
}

