{
"filename": "Food_import-export_in_tons_set149_1_DB.csv",
"questions": [{"name": "template 1",
 "sql": "SELECT Value FROM DBdata WHERE ((Import_Export = 'Export' AND Year = '2019' AND Quarter = 'Q1')) AND ((Category = 'Dairy' AND Item = 'Milk'))",
 "sqlResult": "{440}",
 "nlq": "What is the amount of Export of Milk in Q1 of 2019?"},
{"name": "template 2",
 "sql": "SELECT Value FROM DBdata WHERE ((Import_Export = 'Export' AND Year = '2018' AND Quarter = 'Q4')) AND ((Category = 'Cereals' AND Item = 'Rice') OR (Category = 'Cereals' AND Item = 'Seeds'))",
 "sqlResult": "{82} || {842}",
 "nlq": "What is the amount of Export of Rice or Seeds in Q4 of 2018?"},
{"name": "template 3",
 "sql": "SELECT Value FROM DBdata WHERE ((Import_Export = 'Import' AND Year = '2018' AND Quarter = 'Q1') OR (Import_Export = 'Export' AND Year = '2018' AND Quarter = 'Q1') OR (Import_Export = 'Import' AND Year = '2018' AND Quarter = 'Q2') OR (Import_Export = 'Export' AND Year = '2019' AND Quarter = 'Q2') OR (Import_Export = 'Import' AND Year = '2018' AND Quarter = 'Q3') OR (Import_Export = 'Export' AND Year = '2018' AND Quarter = 'Q3') OR (Import_Export = 'Export' AND Year = '2019' AND Quarter = 'Q3') OR (Import_Export = 'Import' AND Year = '2019' AND Quarter = 'Q4') OR (Import_Export = 'Export' AND Year = '2019' AND Quarter = 'Q4')) AND ((Category = 'Dairy' AND Item = 'Milk'))",
 "sqlResult": "{969} || {346} || {280} || {252} || {744} || {940} || {505} || {706} || {949}",
 "nlq": "What is the amount of Import of Milk in Q1, Q2, or Q3 of 2018 or Q4 of 2019 or of Export of Milk in Q1 or Q3 of 2018 or Q2, Q3, or Q4 of 2019?"},
{"name": "template 4",
 "sql": "SELECT max(Value),avg(Value) FROM DBdata WHERE ((Import_Export = 'Export' AND Year = '2018' AND Quarter = 'Q1') OR (Import_Export = 'Import' AND Year = '2019' AND Quarter = 'Q1') OR (Import_Export = 'Import' AND Year = '2018' AND Quarter = 'Q2') OR (Import_Export = 'Export' AND Year = '2019' AND Quarter = 'Q2') OR (Import_Export = 'Export' AND Year = '2018' AND Quarter = 'Q3')) AND ((Category = 'Dairy' AND Item = 'Milk'))",
 "sqlResult": "{940 | 505.6}",
 "nlq": "What are the maximum and average amounts of Export of Milk in Q1 or Q3 of 2018 or Q2 of 2019 or of Import of Milk in Q1 of 2019 or Q2 of 2018?"},
{"name": "template 6",
 "sql": "SELECT Value FROM DBdata WHERE ((Import_Export = 'Import' AND Year = '2018' AND Quarter = 'Q2') OR (Import_Export = 'Import' AND Year = '2018' AND Quarter = 'Q3') OR (Import_Export = 'Export' AND Year = '2018' AND Quarter = 'Q3') OR (Import_Export = 'Export' AND Year = '2019' AND Quarter = 'Q3')) AND ((Category = 'Cereals' AND Item = 'Rice') OR (Category = 'Cereals' AND Item = 'Seeds') OR (Category = 'Dairy' AND Item = 'Milk') OR (Category = 'Dairy' AND Item = 'Butter'))",
 "sqlResult": "{534} || {441} || {610} || {649} || {279} || {547} || {471} || {725} || {280} || {744} || {940} || {505} || {133} || {481} || {956} || {664}",
 "nlq": "What is the amount of Import of Butter, Milk, Rice, or Seeds in Q2 or Q3 of 2018 or of Export of Butter, Milk, Rice, or Seeds in Q3 of 2018 or 2019?"},
{"name": "template 7",
 "sql": "SELECT sum(Value),max(Value) FROM DBdata WHERE ((Import_Export = 'Export' AND Year = '2019' AND Quarter = 'Q2')) AND ((Category = 'Cereals' AND Item = 'Seeds') OR (Category = 'Dairy' AND Item = 'Milk') OR (Category = 'Dairy' AND Item = 'Butter'))",
 "sqlResult": "{978 | 452}",
 "nlq": "What are the total and maximum amounts of Export of Butter, Milk, or Seeds in Q2 of 2019?"},
{"name": "template 8",
 "sql": "SELECT Import_Export,Year,Quarter,min(Value),avg(Value) FROM DBdata WHERE ((Import_Export = 'Export' AND Year = '2018' AND Quarter = 'Q1') OR (Import_Export = 'Import' AND Year = '2018' AND Quarter = 'Q4')) AND ((Category = 'Cereals' AND Item = 'Rice') OR (Category = 'Dairy' AND Item = 'Milk') OR (Category = 'Dairy' AND Item = 'Butter')) GROUP BY Import_Export,Year,Quarter",
 "sqlResult": "{Export | 2018 | Q1 | 346 | 662.67} || {Import | 2018 | Q4 | 194 | 469.33}",
 "nlq": "What are the minimum and average amounts for each Import-Export, Year, and Quarter, of Export of Butter, Milk, or Rice in Q1 of 2018 or of Import of Butter, Milk, or Rice in Q4 of 2018? Please, report the corresponding Import-Export, Year, and Quarter."},
{"name": "template 9",
 "sql": "SELECT min(Value) FROM DBdata WHERE ((Import_Export = 'Import' AND Year = '2018' AND Quarter = 'Q2')) AND (Category IN ('Cereals','Dairy')) GROUP BY Category",
 "sqlResult": "{279} || {133}",
 "nlq": "What is the minimum amount for each Category, of Import of Cereals or Dairy in Q2 of 2018?"},
{"name": "template 10",
 "sql": "SELECT Category,avg(Value) FROM DBdata WHERE ((Import_Export = 'Export' AND Year = '2019' AND Quarter = 'Q3')) AND (Category IN ('Cereals','Dairy')) GROUP BY Category",
 "sqlResult": "{Cereals | 687} || {Dairy | 584.5}",
 "nlq": "What is the average amount for each Category, of Export of Cereals or Dairy in Q3 of 2019? Please, report the corresponding Category."},
{"name": "template 11",
 "sql": "SELECT Category,Import_Export,Year,Quarter,min(Value) FROM DBdata WHERE ((Import_Export = 'Import' AND Year = '2018' AND Quarter = 'Q3') OR (Import_Export = 'Import' AND Year = '2019' AND Quarter = 'Q3')) AND (Category IN ('Cereals','Dairy')) GROUP BY Category,Import_Export,Year,Quarter",
 "sqlResult": "{Cereals | Import | 2018 | Q3 | 441} || {Cereals | Import | 2019 | Q3 | 175} || {Dairy | Import | 2018 | Q3 | 481} || {Dairy | Import | 2019 | Q3 | 384}",
 "nlq": "What is the minimum amount for each Category, Import-Export, Year, and Quarter, of Import of Cereals or Dairy in Q3 of 2018 or 2019? Please, report the corresponding Category, Import-Export, Year, and Quarter."},
{"name": "template 12",
 "sql": "SELECT Value FROM DBdata WHERE ((Import_Export = 'Import' AND Year = '2018' AND Quarter = 'Q2')) AND (Category IN ('Cereals','Dairy')) ORDER BY VALUE DESC LIMIT 3",
 "sqlResult": "{534} || {280} || {279}",
 "nlq": "What are the top 3 amounts of Import of Cereals or Dairy in Q2 of 2018?"},
{"name": "template 13",
 "sql": "SELECT Value FROM DBdata WHERE ((Import_Export = 'Import' AND Year = '2019' AND Quarter = 'Q2')) AND (Category IN ('Cereals','Dairy')) ORDER BY VALUE DESC",
 "sqlResult": "{955} || {788} || {568} || {27}",
 "nlq": "What are the amounts ordered by decreasing values of Import of Cereals or Dairy in Q2 of 2019?"},
{"name": "template 14",
 "sql": "SELECT Category,Item FROM DBdata WHERE ((Import_Export = 'Import' AND Year = '2019' AND Quarter = 'Q1')) AND Value > 546.95",
 "sqlResult": "{Cereals | Seeds} || {Dairy | Milk}",
 "nlq": "What are the Category and Item for which the amount of Import in Q1 of 2019 is greater than 546.95?"},
{"name": "template 15",
 "sql": "SELECT Category,Item,Value FROM DBdata WHERE ((Import_Export = 'Import' AND Year = '2019' AND Quarter = 'Q4')) AND (Category,Item) IN (SELECT Category,Item FROM DBdata WHERE ((Import_Export = 'Import' AND Year = '2019' AND Quarter = 'Q1')) AND Value > 546.95)",
 "sqlResult": "{Cereals | Seeds | 878} || {Dairy | Milk | 706}",
 "nlq": "What is the amount of Import in Q4 of 2019 of Category and of Item for which the amount of Import in Q1 of 2019 is greater than 546.95? Please, report the corresponding Category, Item, and amount of import-export."}]
}
