Import-Export,Year,Quarter,Category,Item,Value
Import_Export,Year,Quarter,Category,Item,Value
Import,2020,Q1,Cereals,Corn,444
Export,2020,Q1,Cereals,Corn,488
Import,2021,Q1,Cereals,Corn,950
Export,2021,Q1,Cereals,Corn,225
Import,2020,Q2,Cereals,Corn,842
Export,2020,Q2,Cereals,Corn,42
Import,2021,Q2,Cereals,Corn,142
Export,2021,Q2,Cereals,Corn,463
Import,2020,Q3,Cereals,Corn,391
Export,2020,Q3,Cereals,Corn,957
Import,2021,Q3,Cereals,Corn,841
Export,2021,Q3,Cereals,Corn,982
Import,2020,Q4,Cereals,Corn,626
Export,2020,Q4,Cereals,Corn,329
Import,2021,Q4,Cereals,Corn,293
Export,2021,Q4,Cereals,Corn,638
Import,2020,Q1,Cereals,Oats,616
Export,2020,Q1,Cereals,Oats,123
Import,2021,Q1,Cereals,Oats,170
Export,2021,Q1,Cereals,Oats,788
Import,2020,Q2,Cereals,Oats,900
Export,2020,Q2,Cereals,Oats,523
Import,2021,Q2,Cereals,Oats,365
Export,2021,Q2,Cereals,Oats,77
Import,2020,Q3,Cereals,Oats,277
Export,2020,Q3,Cereals,Oats,547
Import,2021,Q3,Cereals,Oats,773
Export,2021,Q3,Cereals,Oats,359
Import,2020,Q4,Cereals,Oats,487
Export,2020,Q4,Cereals,Oats,658
Import,2021,Q4,Cereals,Oats,969
Export,2021,Q4,Cereals,Oats,210
Import,2020,Q1,Dairy,Milk,92
Export,2020,Q1,Dairy,Milk,15
Import,2021,Q1,Dairy,Milk,991
Export,2021,Q1,Dairy,Milk,139
Import,2020,Q2,Dairy,Milk,458
Export,2020,Q2,Dairy,Milk,220
Import,2021,Q2,Dairy,Milk,670
Export,2021,Q2,Dairy,Milk,625
Import,2020,Q3,Dairy,Milk,156
Export,2020,Q3,Dairy,Milk,60
Import,2021,Q3,Dairy,Milk,848
Export,2021,Q3,Dairy,Milk,376
Import,2020,Q4,Dairy,Milk,789
Export,2020,Q4,Dairy,Milk,867
Import,2021,Q4,Dairy,Milk,468
Export,2021,Q4,Dairy,Milk,703
Import,2020,Q1,Dairy,Butter,825
Export,2020,Q1,Dairy,Butter,642
Import,2021,Q1,Dairy,Butter,43
Export,2021,Q1,Dairy,Butter,725
Import,2020,Q2,Dairy,Butter,775
Export,2020,Q2,Dairy,Butter,279
Import,2021,Q2,Dairy,Butter,705
Export,2021,Q2,Dairy,Butter,921
Import,2020,Q3,Dairy,Butter,309
Export,2020,Q3,Dairy,Butter,559
Import,2021,Q3,Dairy,Butter,978
Export,2021,Q3,Dairy,Butter,330
Import,2020,Q4,Dairy,Butter,130
Export,2020,Q4,Dairy,Butter,49
Import,2021,Q4,Dairy,Butter,152
Export,2021,Q4,Dairy,Butter,197
Import,2020,Q1,Beverage,Coffee,131
Export,2020,Q1,Beverage,Coffee,34
Import,2021,Q1,Beverage,Coffee,605
Export,2021,Q1,Beverage,Coffee,191
Import,2020,Q2,Beverage,Coffee,631
Export,2020,Q2,Beverage,Coffee,430
Import,2021,Q2,Beverage,Coffee,360
Export,2021,Q2,Beverage,Coffee,535
Import,2020,Q3,Beverage,Coffee,520
Export,2020,Q3,Beverage,Coffee,562
Import,2021,Q3,Beverage,Coffee,786
Export,2021,Q3,Beverage,Coffee,930
Import,2020,Q4,Beverage,Coffee,967
Export,2020,Q4,Beverage,Coffee,204
Import,2021,Q4,Beverage,Coffee,785
Export,2021,Q4,Beverage,Coffee,400
Import,2020,Q1,Beverage,Tea,255
Export,2020,Q1,Beverage,Tea,543
Import,2021,Q1,Beverage,Tea,866
Export,2021,Q1,Beverage,Tea,699
Import,2020,Q2,Beverage,Tea,679
Export,2020,Q2,Beverage,Tea,686
Import,2021,Q2,Beverage,Tea,340
Export,2021,Q2,Beverage,Tea,962
Import,2020,Q3,Beverage,Tea,832
Export,2020,Q3,Beverage,Tea,817
Import,2021,Q3,Beverage,Tea,331
Export,2021,Q3,Beverage,Tea,914
Import,2020,Q4,Beverage,Tea,420
Export,2020,Q4,Beverage,Tea,690
Import,2021,Q4,Beverage,Tea,206
Export,2021,Q4,Beverage,Tea,67
Import,2020,Q1,Beverage,Soda,495
Export,2020,Q1,Beverage,Soda,863
Import,2021,Q1,Beverage,Soda,200
Export,2021,Q1,Beverage,Soda,413
Import,2020,Q2,Beverage,Soda,965
Export,2020,Q2,Beverage,Soda,387
Import,2021,Q2,Beverage,Soda,678
Export,2021,Q2,Beverage,Soda,480
Import,2020,Q3,Beverage,Soda,253
Export,2020,Q3,Beverage,Soda,557
Import,2021,Q3,Beverage,Soda,241
Export,2021,Q3,Beverage,Soda,855
Import,2020,Q4,Beverage,Soda,654
Export,2020,Q4,Beverage,Soda,953
Import,2021,Q4,Beverage,Soda,560
Export,2021,Q4,Beverage,Soda,405
