{
"filename": "Food_import-export_in_tons_set148_3_DB.csv",
"questions": [{"name": "template 1",
 "sql": "SELECT Value FROM DBdata WHERE ((AA = 'AAdlq' AND CC = 'CCgls' AND BB = 'BBdnv')) AND ((DD = 'DDrtw' AND EE = 'EEkty'))",
 "sqlResult": "{962}",
 "nlq": "What is the amount of AAdlq of EEkty in CCgls of BBdnv?"},
{"name": "template 2",
 "sql": "SELECT Value FROM DBdata WHERE ((AA = 'AAfqr' AND CC = 'CCbmr' AND BB = 'BBdnv')) AND ((DD = 'DDqwx' AND EE = 'EEdvw') OR (DD = 'DDqwx' AND EE = 'EEfhp') OR (DD = 'DDprs' AND EE = 'EErsw') OR (DD = 'DDprs' AND EE = 'EEdjy') OR (DD = 'DDrtw' AND EE = 'EEkty') OR (DD = 'DDrtw' AND EE = 'EEhnz'))",
 "sqlResult": "{268} || {786} || {242} || {545} || {161} || {41}",
 "nlq": "What is the amount of AAfqr of EEhnz, EEdvw, EEkty, EEfhp, EErsw, or EEdjy in CCbmr of BBdnv?"},
{"name": "template 3",
 "sql": "SELECT Value FROM DBdata WHERE ((AA = 'AAdlq' AND CC = 'CCdgn' AND BB = 'BBdnv') OR (AA = 'AAdlq' AND CC = 'CCdgn' AND BB = 'BBgmt') OR (AA = 'AAfqr' AND CC = 'CCdgn' AND BB = 'BBgmt') OR (AA = 'AAdlq' AND CC = 'CCjlr' AND BB = 'BBgmt') OR (AA = 'AAfqr' AND CC = 'CCjlr' AND BB = 'BBgmt') OR (AA = 'AAfqr' AND CC = 'CCjlr' AND BB = 'BBfmw') OR (AA = 'AAdlq' AND CC = 'CCbmr' AND BB = 'BBfmw') OR (AA = 'AAdlq' AND CC = 'CCgls' AND BB = 'BBgmt') OR (AA = 'AAfqr' AND CC = 'CCgls' AND BB = 'BBgmt') OR (AA = 'AAdlq' AND CC = 'CCgls' AND BB = 'BBfmw')) AND ((DD = 'DDqwx' AND EE = 'EEfhp'))",
 "sqlResult": "{526} || {609} || {77} || {990} || {97} || {767} || {490} || {25} || {907} || {605}",
 "nlq": "What is the amount of AAdlq of EEfhp in CCdgn of BBdnv or BBgmt or CCjlr or CCgls of BBgmt or CCbmr or CCgls of BBfmw or of AAfqr of EEfhp in CCdgn, CCjlr, or CCgls of BBgmt or CCjlr of BBfmw?"},
{"name": "template 4",
 "sql": "SELECT avg(Value),min(Value) FROM DBdata WHERE ((AA = 'AAfqr' AND CC = 'CCdgn' AND BB = 'BBdnv') OR (AA = 'AAfqr' AND CC = 'CCdgn' AND BB = 'BBfmw') OR (AA = 'AAfqr' AND CC = 'CCgls' AND BB = 'BBgmt')) AND ((DD = 'DDrtw' AND EE = 'EEkty'))",
 "sqlResult": "{554.67 | 287}",
 "nlq": "What are the average and minimum amounts of AAfqr of EEkty in CCdgn of BBdnv or BBfmw or CCgls of BBgmt?"},
{"name": "template 6",
 "sql": "SELECT Value FROM DBdata WHERE ((AA = 'AAdlq' AND CC = 'CCjlr' AND BB = 'BBdnv') OR (AA = 'AAfqr' AND CC = 'CCbmr' AND BB = 'BBgmt') OR (AA = 'AAfqr' AND CC = 'CCgls' AND BB = 'BBgmt') OR (AA = 'AAfqr' AND CC = 'CCgls' AND BB = 'BBfmw')) AND ((DD = 'DDqwx' AND EE = 'EEfhp') OR (DD = 'DDprs' AND EE = 'EErsw') OR (DD = 'DDrtw' AND EE = 'EEkty'))",
 "sqlResult": "{200} || {76} || {907} || {21} || {930} || {357} || {267} || {332} || {847} || {656} || {903} || {118}",
 "nlq": "What is the amount of AAfqr of EEkty, EEfhp, or EErsw in CCbmr or CCgls of BBgmt or CCgls of BBfmw or of AAdlq of EEkty, EEfhp, or EErsw in CCjlr of BBdnv?"},
{"name": "template 7",
 "sql": "SELECT sum(Value),min(Value) FROM DBdata WHERE ((AA = 'AAfqr' AND CC = 'CCgls' AND BB = 'BBfmw')) AND ((DD = 'DDqwx' AND EE = 'EEdvw') OR (DD = 'DDrtw' AND EE = 'EEkty'))",
 "sqlResult": "{640 | 118}",
 "nlq": "What are the total and minimum amounts of AAfqr of EEdvw or EEkty in CCgls of BBfmw?"},
{"name": "template 8",
 "sql": "SELECT AA,CC,BB,max(Value),sum(Value) FROM DBdata WHERE ((AA = 'AAfqr' AND CC = 'CCdgn' AND BB = 'BBdnv') OR (AA = 'AAfqr' AND CC = 'CCbmr' AND BB = 'BBgmt') OR (AA = 'AAfqr' AND CC = 'CCbmr' AND BB = 'BBfmw')) AND ((DD = 'DDqwx' AND EE = 'EEfhp') OR (DD = 'DDprs' AND EE = 'EErsw') OR (DD = 'DDrtw' AND EE = 'EEhnz')) GROUP BY AA,CC,BB",
 "sqlResult": "{AAfqr | CCdgn | BBdnv | 794 | 1582} || {AAfqr | CCbmr | BBgmt | 864 | 1297} || {AAfqr | CCbmr | BBfmw | 904 | 1974}",
 "nlq": "What are the maximum and total amounts for each AAdlq-AAfqr, CC, and BB, of AAfqr of EEhnz, EEfhp, or EErsw in CCdgn of BBdnv or CCbmr of BBgmt or BBfmw? Please, report the corresponding AAdlq-AAfqr, CC, and BB."},
{"name": "template 9",
 "sql": "SELECT min(Value) FROM DBdata WHERE ((AA = 'AAdlq' AND CC = 'CCgls' AND BB = 'BBdnv')) AND (DD IN ('DDqwx','DDprs','DDrtw')) GROUP BY DD",
 "sqlResult": "{55} || {15} || {285}",
 "nlq": "What is the minimum amount for each DD, of AAdlq of DDprs, DDrtw, or DDqwx in CCgls of BBdnv?"},
{"name": "template 10",
 "sql": "SELECT DD,sum(Value) FROM DBdata WHERE ((AA = 'AAfqr' AND CC = 'CCgls' AND BB = 'BBgmt')) AND (DD IN ('DDqwx','DDprs','DDrtw')) GROUP BY DD",
 "sqlResult": "{DDprs | 649} || {DDrtw | 1218} || {DDqwx | 1740}",
 "nlq": "What is the total amount for each DD, of AAfqr of DDprs, DDrtw, or DDqwx in CCgls of BBgmt? Please, report the corresponding DD."},
{"name": "template 11",
 "sql": "SELECT DD,AA,CC,BB,avg(Value) FROM DBdata WHERE ((AA = 'AAdlq' AND CC = 'CCdgn' AND BB = 'BBfmw') OR (AA = 'AAfqr' AND CC = 'CCjlr' AND BB = 'BBdnv') OR (AA = 'AAfqr' AND CC = 'CCgls' AND BB = 'BBgmt')) AND (DD IN ('DDqwx','DDprs','DDrtw')) GROUP BY DD,AA,CC,BB",
 "sqlResult": "{DDprs | AAfqr | CCjlr | BBdnv | 535} || {DDprs | AAfqr | CCgls | BBgmt | 324.5} || {DDprs | AAdlq | CCdgn | BBfmw | 611} || {DDrtw | AAfqr | CCjlr | BBdnv | 627} || {DDrtw | AAfqr | CCgls | BBgmt | 609} || {DDrtw | AAdlq | CCdgn | BBfmw | 378} || {DDqwx | AAfqr | CCjlr | BBdnv | 550.5} || {DDqwx | AAfqr | CCgls | BBgmt | 870} || {DDqwx | AAdlq | CCdgn | BBfmw | 469.5}",
 "nlq": "What is the average amount for each DD, AAdlq-AAfqr, CC, and BB, of AAfqr of DDprs, DDrtw, or DDqwx in CCjlr of BBdnv or CCgls of BBgmt or of AAdlq of DDprs, DDrtw, or DDqwx in CCdgn of BBfmw? Please, report the corresponding DD, AAdlq-AAfqr, CC, and BB."},
{"name": "template 12",
 "sql": "SELECT Value FROM DBdata WHERE ((AA = 'AAfqr' AND CC = 'CCgls' AND BB = 'BBfmw')) AND (DD IN ('DDqwx','DDrtw')) ORDER BY VALUE DESC LIMIT 2",
 "sqlResult": "{522} || {325}",
 "nlq": "What are the top 2 amounts of AAfqr of DDrtw or DDqwx in CCgls of BBfmw?"},
{"name": "template 13",
 "sql": "SELECT Value FROM DBdata WHERE ((AA = 'AAfqr' AND CC = 'CCjlr' AND BB = 'BBgmt')) AND (DD IN ('DDqwx','DDprs')) ORDER BY VALUE ASC",
 "sqlResult": "{97} || {510} || {561} || {763}",
 "nlq": "What are the amounts ordered by increasing values of AAfqr of DDprs or DDqwx in CCjlr of BBgmt?"},
{"name": "template 14",
 "sql": "SELECT DD,EE FROM DBdata WHERE ((AA = 'AAfqr' AND CC = 'CCdgn' AND BB = 'BBgmt')) AND Value < 492.99",
 "sqlResult": "{DDqwx | EEdvw} || {DDqwx | EEfhp} || {DDprs | EErsw} || {DDrtw | EEkty}",
 "nlq": "What are the DD and EE for which the amount of AAfqr in CCdgn of BBgmt is lower than 492.99?"},
{"name": "template 15",
 "sql": "SELECT DD,EE,Value FROM DBdata WHERE ((AA = 'AAdlq' AND CC = 'CCjlr' AND BB = 'BBgmt')) AND (DD,EE) IN (SELECT DD,EE FROM DBdata WHERE ((AA = 'AAfqr' AND CC = 'CCdgn' AND BB = 'BBgmt')) AND Value < 492.99)",
 "sqlResult": "{DDqwx | EEdvw | 204} || {DDqwx | EEfhp | 990} || {DDprs | EErsw | 106} || {DDrtw | EEkty | 476}",
 "nlq": "What is the amount of AAdlq in CCjlr of BBgmt of DD and of EE for which the amount of AAfqr in CCdgn of BBgmt is lower than 492.99? Please, report the corresponding DD, EE, and amount of import-export."}]
}

