{
"filename": "Food_import-export_in_tons_set136_2_DB.csv",
"questions": [{"name": "template 1",
 "sql": "SELECT Value FROM DBdata WHERE ((BB = 'BBpz' AND AA = 'AAdv')) AND ((CC = 'CCcv' AND DD = 'DDry'))",
 "sqlResult": "{947}",
 "nlq": "What is the amount of AAdv of DDry in BBpz?"},
{"name": "template 2",
 "sql": "SELECT Value FROM DBdata WHERE ((BB = 'BBhj' AND AA = 'AAdv')) AND ((CC = 'CCcv' AND DD = 'DDry') OR (CC = 'CCcv' AND DD = 'DDnx') OR (CC = 'CChy' AND DD = 'DDbf') OR (CC = 'CChy' AND DD = 'DDnz'))",
 "sqlResult": "{643} || {445} || {233} || {327}",
 "nlq": "What is the amount of AAdv of DDry, DDnz, DDbf, or DDnx in BBhj?"},
{"name": "template 3",
 "sql": "SELECT Value FROM DBdata WHERE ((BB = 'BBhj' AND AA = 'AAdv') OR (BB = 'BBhj' AND AA = 'AAfk') OR (BB = 'BBpz' AND AA = 'AAdv') OR (BB = 'BBpz' AND AA = 'AAfk')) AND ((CC = 'CCcv' AND DD = 'DDnx'))",
 "sqlResult": "{445} || {455} || {450} || {800}",
 "nlq": "What is the amount of AAfk or AAdv of DDnx in BBhj or BBpz?"},
{"name": "template 4",
 "sql": "SELECT sum(Value),max(Value) FROM DBdata WHERE ((BB = 'BBhj' AND AA = 'AAdv') OR (BB = 'BBhj' AND AA = 'AAfk') OR (BB = 'BBpz' AND AA = 'AAfk')) AND ((CC = 'CChy' AND DD = 'DDnz'))",
 "sqlResult": "{1740 | 709}",
 "nlq": "What are the total and maximum amounts of AAfk or AAdv of DDnz in BBhj or of AAfk of DDnz in BBpz?"},
{"name": "template 5",
 "sql": "SELECT avg(Value) FROM DBdata WHERE BB = 'BBpz' AND (AA IN ('AAdv','AAfk')) AND ((CC = 'CCcv' AND DD = 'DDnx'))",
 "sqlResult": "{625}",
 "nlq": "What is the average amount of AAfk or AAdv of DDnx in BBpz?"},
{"name": "template 6",
 "sql": "SELECT Value FROM DBdata WHERE ((BB = 'BBhj' AND AA = 'AAdv') OR (BB = 'BBhj' AND AA = 'AAfk') OR (BB = 'BBpz' AND AA = 'AAdv') OR (BB = 'BBpz' AND AA = 'AAfk')) AND ((CC = 'CCcv' AND DD = 'DDry') OR (CC = 'CCcv' AND DD = 'DDht') OR (CC = 'CChy' AND DD = 'DDnz'))",
 "sqlResult": "{643} || {895} || {947} || {230} || {710} || {780} || {937} || {277} || {327} || {709} || {962} || {704}",
 "nlq": "What is the amount of AAfk or AAdv of DDht, DDry, or DDnz in BBhj or BBpz?"},
{"name": "template 7",
 "sql": "SELECT max(Value),min(Value) FROM DBdata WHERE ((BB = 'BBpz' AND AA = 'AAfk')) AND ((CC = 'CCcv' AND DD = 'DDry') OR (CC = 'CCcv' AND DD = 'DDnx') OR (CC = 'CChy' AND DD = 'DDbf') OR (CC = 'CChy' AND DD = 'DDnz'))",
 "sqlResult": "{800 | 110}",
 "nlq": "What are the maximum and minimum amounts of AAfk of DDry, DDnz, DDbf, or DDnx in BBpz?"},
{"name": "template 8",
 "sql": "SELECT BB,AA,avg(Value),sum(Value) FROM DBdata WHERE ((BB = 'BBhj' AND AA = 'AAfk') OR (BB = 'BBpz' AND AA = 'AAdv') OR (BB = 'BBpz' AND AA = 'AAfk')) AND ((CC = 'CCcv' AND DD = 'DDht') OR (CC = 'CChy' AND DD = 'DDbf')) GROUP BY BB,AA",
 "sqlResult": "{BBhj | AAfk | 802 | 1604} || {BBpz | AAfk | 193.5 | 387} || {BBpz | AAdv | 609 | 1218}",
 "nlq": "What are the average and total amounts for each BB and AAdv-AAfk, of AAfk of DDht or DDbf in BBhj or of AAfk or AAdv of DDht or DDbf in BBpz? Please, report the corresponding BB and AAdv-AAfk."},
{"name": "template 9",
 "sql": "SELECT min(Value) FROM DBdata WHERE ((BB = 'BBpz' AND AA = 'AAfk')) AND (CC IN ('CCcv','CChy')) GROUP BY CC",
 "sqlResult": "{110} || {230}",
 "nlq": "What is the minimum amount for each CC, of AAfk of CChy or CCcv in BBpz?"},
{"name": "template 10",
 "sql": "SELECT CC,sum(Value) FROM DBdata WHERE ((BB = 'BBhj' AND AA = 'AAfk')) AND (CC IN ('CCcv','CChy')) GROUP BY CC",
 "sqlResult": "{CChy | 1533} || {CCcv | 2130}",
 "nlq": "What is the total amount for each CC, of AAfk of CChy or CCcv in BBhj? Please, report the corresponding CC."},
{"name": "template 11",
 "sql": "SELECT CC,BB,AA,avg(Value) FROM DBdata WHERE ((BB = 'BBpz' AND AA = 'AAdv') OR (BB = 'BBpz' AND AA = 'AAfk')) AND (CC IN ('CCcv','CChy')) GROUP BY CC,BB,AA",
 "sqlResult": "{CChy | BBpz | AAfk | 407} || {CChy | BBpz | AAdv | 621.5} || {CCcv | BBpz | AAfk | 435.67} || {CCcv | BBpz | AAdv | 778}",
 "nlq": "What is the average amount for each CC, BB, and AAdv-AAfk, of AAfk or AAdv of CChy or CCcv in BBpz? Please, report the corresponding CC, BB, and AAdv-AAfk."},
{"name": "template 12",
 "sql": "SELECT Value FROM DBdata WHERE ((BB = 'BBhj' AND AA = 'AAfk')) AND (CC IN ('CCcv','CChy')) ORDER BY VALUE ASC LIMIT 4",
 "sqlResult": "{455} || {709} || {780} || {824}",
 "nlq": "What are the bottom 4 amounts of AAfk of CChy or CCcv in BBhj?"},
{"name": "template 13",
 "sql": "SELECT Value FROM DBdata WHERE ((BB = 'BBhj' AND AA = 'AAdv')) AND (CC IN ('CCcv','CChy')) ORDER BY VALUE DESC",
 "sqlResult": "{710} || {643} || {445} || {327} || {233}",
 "nlq": "What are the amounts ordered by decreasing values of AAdv of CChy or CCcv in BBhj?"},
{"name": "template 14",
 "sql": "SELECT CC,DD FROM DBdata WHERE ((BB = 'BBhj' AND AA = 'AAdv')) AND Value < 585.95",
 "sqlResult": "{CCcv | DDnx} || {CChy | DDbf} || {CChy | DDnz}",
 "nlq": "What are the CC and DD for which the amount of AAdv in BBhj is lower than 585.95?"},
{"name": "template 15",
 "sql": "SELECT CC,DD,Value FROM DBdata WHERE ((BB = 'BBhj' AND AA = 'AAfk')) AND (CC,DD) IN (SELECT CC,DD FROM DBdata WHERE ((BB = 'BBhj' AND AA = 'AAdv')) AND Value < 585.95)",
 "sqlResult": "{CCcv | DDnx | 455} || {CChy | DDbf | 824} || {CChy | DDnz | 709}",
 "nlq": "What is the amount of AAfk in BBhj of CC and of DD for which the amount of AAdv in BBhj is lower than 585.95? Please, report the corresponding CC, DD, and amount of import-export."}]
}

