{
"filename": "Food_import-export_in_tons_set146_4_DB.csv",
"questions": [{"name": "template 1",
 "sql": "SELECT Value FROM DBdata WHERE ((Year = '2017' AND Quarter = 'Q4' AND Import_Export = 'Export')) AND ((Category = 'Dairy' AND Item = 'Cream'))",
 "sqlResult": "{234}",
 "nlq": "What is the amount of Export of Cream in Q4 of 2017?"},
{"name": "template 2",
 "sql": "SELECT Value FROM DBdata WHERE ((Year = '2016' AND Quarter = 'Q1' AND Import_Export = 'Import')) AND ((Category = 'Dairy' AND Item = 'Cream') OR (Category = 'Dairy' AND Item = 'Cheese') OR (Category = 'Beverage' AND Item = 'Coffee') OR (Category = 'Beverage' AND Item = 'Tea') OR (Category = 'Beverage' AND Item = 'Soda'))",
 "sqlResult": "{710} || {633} || {762} || {107} || {563}",
 "nlq": "What is the amount of Import of Cheese, Coffee, Cream, Soda, or Tea in Q1 of 2016?"},
{"name": "template 3",
 "sql": "SELECT Value FROM DBdata WHERE ((Year = '2016' AND Quarter = 'Q1' AND Import_Export = 'Import') OR (Year = '2017' AND Quarter = 'Q1' AND Import_Export = 'Import') OR (Year = '2017' AND Quarter = 'Q2' AND Import_Export = 'Export') OR (Year = '2016' AND Quarter = 'Q3' AND Import_Export = 'Export') OR (Year = '2016' AND Quarter = 'Q4' AND Import_Export = 'Import') OR (Year = '2016' AND Quarter = 'Q4' AND Import_Export = 'Export')) AND ((Category = 'Beverage' AND Item = 'Tea'))",
 "sqlResult": "{107} || {351} || {140} || {57} || {533} || {497}",
 "nlq": "What is the amount of Import of Tea in Q1 of 2017 or Q1 or Q4 of 2016 or of Export of Tea in Q2 of 2017 or Q3 or Q4 of 2016?"},
{"name": "template 4",
 "sql": "SELECT sum(Value),avg(Value) FROM DBdata WHERE ((Year = '2016' AND Quarter = 'Q1' AND Import_Export = 'Import') OR (Year = '2016' AND Quarter = 'Q1' AND Import_Export = 'Export') OR (Year = '2017' AND Quarter = 'Q1' AND Import_Export = 'Import') OR (Year = '2017' AND Quarter = 'Q1' AND Import_Export = 'Export') OR (Year = '2016' AND Quarter = 'Q2' AND Import_Export = 'Import') OR (Year = '2016' AND Quarter = 'Q2' AND Import_Export = 'Export') OR (Year = '2017' AND Quarter = 'Q2' AND Import_Export = 'Export') OR (Year = '2016' AND Quarter = 'Q3' AND Import_Export = 'Import')) AND ((Category = 'Dairy' AND Item = 'Cheese'))",
 "sqlResult": "{4352 | 544}",
 "nlq": "What are the total and average amounts of Export of Cheese in Q1 or Q2 of 2016 or Q2 of 2017, of Export or Import of Cheese in Q1 of 2017, or of Import of Cheese in Q1, Q2, or Q3 of 2016?"},
{"name": "template 6",
 "sql": "SELECT Value FROM DBdata WHERE ((Year = '2016' AND Quarter = 'Q1' AND Import_Export = 'Export') OR (Year = '2017' AND Quarter = 'Q4' AND Import_Export = 'Import') OR (Year = '2017' AND Quarter = 'Q4' AND Import_Export = 'Export')) AND ((Category = 'Dairy' AND Item = 'Cream') OR (Category = 'Beverage' AND Item = 'Tea'))",
 "sqlResult": "{773} || {919} || {234} || {881} || {260} || {930}",
 "nlq": "What is the amount of Export of Cream or Tea in Q1 of 2016 or of Export or Import of Cream or Tea in Q4 of 2017?"},
{"name": "template 7",
 "sql": "SELECT avg(Value),min(Value) FROM DBdata WHERE ((Year = '2016' AND Quarter = 'Q1' AND Import_Export = 'Export')) AND ((Category = 'Dairy' AND Item = 'Cheese') OR (Category = 'Dairy' AND Item = 'Yoghurt') OR (Category = 'Beverage' AND Item = 'Tea'))",
 "sqlResult": "{615.67 | 51}",
 "nlq": "What are the average and minimum amounts of Export of Cheese, Tea, or Yoghurt in Q1 of 2016?"},
{"name": "template 8",
 "sql": "SELECT Year,Quarter,Import_Export,sum(Value),max(Value) FROM DBdata WHERE ((Year = '2017' AND Quarter = 'Q1' AND Import_Export = 'Import') OR (Year = '2016' AND Quarter = 'Q2' AND Import_Export = 'Import') OR (Year = '2017' AND Quarter = 'Q3' AND Import_Export = 'Import')) AND ((Category = 'Dairy' AND Item = 'Cream') OR (Category = 'Dairy' AND Item = 'Cheese') OR (Category = 'Dairy' AND Item = 'Yoghurt') OR (Category = 'Beverage' AND Item = 'Coffee') OR (Category = 'Beverage' AND Item = 'Soda')) GROUP BY Year,Quarter,Import_Export",
 "sqlResult": "{2016 | Q2 | Import | 2938 | 940} || {2017 | Q1 | Import | 3102 | 923} || {2017 | Q3 | Import | 3331 | 931}",
 "nlq": "What are the total and maximum amounts for each Year, Quarter, and Import-Export, of Import of Cheese, Coffee, Cream, Soda, or Yoghurt in Q1 or Q3 of 2017 or Q2 of 2016? Please, report the corresponding Year, Quarter, and Import-Export."},
{"name": "template 9",
 "sql": "SELECT min(Value) FROM DBdata WHERE ((Year = '2017' AND Quarter = 'Q1' AND Import_Export = 'Export')) AND (Category IN ('Dairy','Beverage')) GROUP BY Category",
 "sqlResult": "{10} || {42}",
 "nlq": "What is the minimum amount for each Category, of Export of Beverage or Dairy in Q1 of 2017?"},
{"name": "template 10",
 "sql": "SELECT Category,sum(Value) FROM DBdata WHERE ((Year = '2017' AND Quarter = 'Q1' AND Import_Export = 'Export')) AND (Category IN ('Dairy','Beverage')) GROUP BY Category",
 "sqlResult": "{Beverage | 643} || {Dairy | 1608}",
 "nlq": "What is the total amount for each Category, of Export of Beverage or Dairy in Q1 of 2017? Please, report the corresponding Category."},
{"name": "template 11",
 "sql": "SELECT Category,Year,Quarter,Import_Export,sum(Value) FROM DBdata WHERE ((Year = '2016' AND Quarter = 'Q1' AND Import_Export = 'Import') OR (Year = '2017' AND Quarter = 'Q4' AND Import_Export = 'Export')) AND (Category IN ('Dairy','Beverage')) GROUP BY Category,Year,Quarter,Import_Export",
 "sqlResult": "{Beverage | 2016 | Q1 | Import | 1432} || {Beverage | 2017 | Q4 | Export | 2903} || {Dairy | 2016 | Q1 | Import | 1637} || {Dairy | 2017 | Q4 | Export | 1322}",
 "nlq": "What is the total amount for each Category, Year, Quarter, and Import-Export, of Import of Beverage or Dairy in Q1 of 2016 or of Export of Beverage or Dairy in Q4 of 2017? Please, report the corresponding Category, Year, Quarter, and Import-Export."},
{"name": "template 12",
 "sql": "SELECT Value FROM DBdata WHERE ((Year = '2017' AND Quarter = 'Q1' AND Import_Export = 'Import')) AND (Category IN ('Dairy','Beverage')) ORDER BY VALUE DESC LIMIT 5",
 "sqlResult": "{923} || {767} || {753} || {355} || {351}",
 "nlq": "What are the top 5 amounts of Import of Beverage or Dairy in Q1 of 2017?"},
{"name": "template 13",
 "sql": "SELECT Value FROM DBdata WHERE ((Year = '2017' AND Quarter = 'Q2' AND Import_Export = 'Export')) AND (Category IN ('Dairy','Beverage')) ORDER BY VALUE ASC",
 "sqlResult": "{140} || {141} || {434} || {619} || {869} || {897}",
 "nlq": "What are the amounts ordered by increasing values of Export of Beverage or Dairy in Q2 of 2017?"},
{"name": "template 14",
 "sql": "SELECT Category,Item FROM DBdata WHERE ((Year = '2016' AND Quarter = 'Q1' AND Import_Export = 'Export')) AND Value < 528.48",
 "sqlResult": "{Dairy | Yoghurt} || {Beverage | Coffee} || {Beverage | Soda}",
 "nlq": "What are the Category and Item for which the amount of Export in Q1 of 2016 is lower than 528.48?"},
{"name": "template 15",
 "sql": "SELECT Category,Item,Value FROM DBdata WHERE ((Year = '2017' AND Quarter = 'Q2' AND Import_Export = 'Export')) AND (Category,Item) IN (SELECT Category,Item FROM DBdata WHERE ((Year = '2016' AND Quarter = 'Q1' AND Import_Export = 'Export')) AND Value < 528.48)",
 "sqlResult": "{Dairy | Yoghurt | 897} || {Beverage | Coffee | 619} || {Beverage | Soda | 434}",
 "nlq": "What is the amount of Export in Q2 of 2017 of Category and of Item for which the amount of Export in Q1 of 2016 is lower than 528.48? Please, report the corresponding Category, Item, and amount of import-export."}]
}
