{
"filename": "Food_import-export_in_tons_set146_3_DB.csv",
"questions": [{"name": "template 1",
 "sql": "SELECT Value FROM DBdata WHERE ((CC = 'CCdgk' AND BB = 'BBktz' AND AA = 'AAhsz')) AND ((DD = 'DDcms' AND EE = 'EEdqz'))",
 "sqlResult": "{126}",
 "nlq": "What is the amount of AAhsz of EEdqz in CCdgk of BBktz?"},
{"name": "template 2",
 "sql": "SELECT Value FROM DBdata WHERE ((CC = 'CChkm' AND BB = 'BBktz' AND AA = 'AAqsy')) AND ((DD = 'DDcms' AND EE = 'EEdpq') OR (DD = 'DDcms' AND EE = 'EEdqz') OR (DD = 'DDfnt' AND EE = 'EElrz') OR (DD = 'DDhjv' AND EE = 'EEgsy') OR (DD = 'DDhjv' AND EE = 'EEnqs') OR (DD = 'DDhjv' AND EE = 'EEbfs'))",
 "sqlResult": "{151} || {261} || {108} || {960} || {945} || {919}",
 "nlq": "What is the amount of AAqsy of EEgsy, EEdpq, EEbfs, EEnqs, EEdqz, or EElrz in CChkm of BBktz?"},
{"name": "template 3",
 "sql": "SELECT Value FROM DBdata WHERE ((CC = 'CCjsw' AND BB = 'BBdqy' AND AA = 'AAhsz') OR (CC = 'CCdgk' AND BB = 'BBcjn' AND AA = 'AAqsy') OR (CC = 'CCdgk' AND BB = 'BBcjn' AND AA = 'AAhsz') OR (CC = 'CCbhm' AND BB = 'BBdqy' AND AA = 'AAqsy') OR (CC = 'CCbhm' AND BB = 'BBcjn' AND AA = 'AAqsy') OR (CC = 'CChkm' AND BB = 'BBktz' AND AA = 'AAqsy') OR (CC = 'CChkm' AND BB = 'BBdqy' AND AA = 'AAqsy')) AND ((DD = 'DDcms' AND EE = 'EEdqz'))",
 "sqlResult": "{10} || {981} || {738} || {455} || {230} || {261} || {748}",
 "nlq": "What is the amount of AAqsy of EEdqz in CCbhm of BBcjn or CCbhm or CChkm of BBdqy or CChkm of BBktz, of AAhsz of EEdqz in CCjsw of BBdqy, or of AAhsz or AAqsy of EEdqz in CCdgk of BBcjn?"},
{"name": "template 4",
 "sql": "SELECT avg(Value),min(Value) FROM DBdata WHERE ((CC = 'CCjsw' AND BB = 'BBktz' AND AA = 'AAqsy') OR (CC = 'CCjsw' AND BB = 'BBktz' AND AA = 'AAhsz') OR (CC = 'CCjsw' AND BB = 'BBcjn' AND AA = 'AAqsy') OR (CC = 'CCdgk' AND BB = 'BBktz' AND AA = 'AAqsy') OR (CC = 'CCdgk' AND BB = 'BBdqy' AND AA = 'AAqsy') OR (CC = 'CCdgk' AND BB = 'BBdqy' AND AA = 'AAhsz') OR (CC = 'CCdgk' AND BB = 'BBcjn' AND AA = 'AAhsz') OR (CC = 'CCbhm' AND BB = 'BBktz' AND AA = 'AAqsy') OR (CC = 'CChkm' AND BB = 'BBktz' AND AA = 'AAqsy') OR (CC = 'CChkm' AND BB = 'BBcjn' AND AA = 'AAqsy')) AND ((DD = 'DDfnt' AND EE = 'EEgtz'))",
 "sqlResult": "{370.4 | 21}",
 "nlq": "What are the average and minimum amounts of AAqsy of EEgtz in CCjsw or CChkm of BBcjn or CCjsw, CCdgk, CCbhm, or CChkm of BBktz, of AAhsz of EEgtz in CCjsw of BBktz or CCdgk of BBcjn, or of AAhsz or AAqsy of EEgtz in CCdgk of BBdqy?"},
{"name": "template 6",
 "sql": "SELECT Value FROM DBdata WHERE ((CC = 'CCjsw' AND BB = 'BBcjn' AND AA = 'AAqsy') OR (CC = 'CCdgk' AND BB = 'BBdqy' AND AA = 'AAqsy') OR (CC = 'CCbhm' AND BB = 'BBktz' AND AA = 'AAhsz') OR (CC = 'CCbhm' AND BB = 'BBcjn' AND AA = 'AAhsz') OR (CC = 'CChkm' AND BB = 'BBktz' AND AA = 'AAqsy')) AND ((DD = 'DDcms' AND EE = 'EEnyz') OR (DD = 'DDfnt' AND EE = 'EElrz'))",
 "sqlResult": "{926} || {22} || {768} || {234} || {19} || {499} || {143} || {949} || {286} || {108}",
 "nlq": "What is the amount of AAqsy of EEnyz or EElrz in CCjsw of BBcjn or CCdgk of BBdqy or CChkm of BBktz or of AAhsz of EEnyz or EElrz in CCbhm of BBktz or BBcjn?"},
{"name": "template 7",
 "sql": "SELECT min(Value),max(Value) FROM DBdata WHERE ((CC = 'CCjsw' AND BB = 'BBktz' AND AA = 'AAhsz')) AND ((DD = 'DDcms' AND EE = 'EEdqz') OR (DD = 'DDcms' AND EE = 'EEnyz') OR (DD = 'DDfnt' AND EE = 'EEgtz') OR (DD = 'DDhjv' AND EE = 'EEgsy'))",
 "sqlResult": "{195 | 660}",
 "nlq": "What are the minimum and maximum amounts of AAhsz of EEgtz, EEgsy, EEnyz, or EEdqz in CCjsw of BBktz?"},
{"name": "template 8",
 "sql": "SELECT CC,BB,AA,sum(Value),avg(Value) FROM DBdata WHERE ((CC = 'CChkm' AND BB = 'BBktz' AND AA = 'AAhsz') OR (CC = 'CChkm' AND BB = 'BBdqy' AND AA = 'AAqsy')) AND ((DD = 'DDcms' AND EE = 'EEdpq') OR (DD = 'DDfnt' AND EE = 'EEfhj') OR (DD = 'DDfnt' AND EE = 'EEgtz') OR (DD = 'DDhjv' AND EE = 'EEgsy') OR (DD = 'DDhjv' AND EE = 'EEnqs')) GROUP BY CC,BB,AA",
 "sqlResult": "{CChkm | BBktz | AAhsz | 2379 | 475.8} || {CChkm | BBdqy | AAqsy | 2012 | 402.4}",
 "nlq": "What are the total and average amounts for each CC, BB, and AAqsy-AAhsz, of AAhsz of EEgtz, EEgsy, EEfhj, EEdpq, or EEnqs in CChkm of BBktz or of AAqsy of EEgtz, EEgsy, EEfhj, EEdpq, or EEnqs in CChkm of BBdqy? Please, report the corresponding CC, BB, and AAqsy-AAhsz."},
{"name": "template 9",
 "sql": "SELECT min(Value) FROM DBdata WHERE ((CC = 'CCbhm' AND BB = 'BBktz' AND AA = 'AAhsz')) AND (DD IN ('DDcms','DDfnt','DDhjv')) GROUP BY DD",
 "sqlResult": "{221} || {240} || {13}",
 "nlq": "What is the minimum amount for each DD, of AAhsz of DDhjv, DDcms, or DDfnt in CCbhm of BBktz?"},
{"name": "template 10",
 "sql": "SELECT DD,max(Value) FROM DBdata WHERE ((CC = 'CCjsw' AND BB = 'BBdqy' AND AA = 'AAqsy')) AND (DD IN ('DDcms','DDfnt','DDhjv')) GROUP BY DD",
 "sqlResult": "{DDhjv | 380} || {DDcms | 863} || {DDfnt | 610}",
 "nlq": "What is the maximum amount for each DD, of AAqsy of DDhjv, DDcms, or DDfnt in CCjsw of BBdqy? Please, report the corresponding DD."},
{"name": "template 11",
 "sql": "SELECT DD,CC,BB,AA,avg(Value) FROM DBdata WHERE ((CC = 'CCjsw' AND BB = 'BBktz' AND AA = 'AAhsz') OR (CC = 'CCdgk' AND BB = 'BBcjn' AND AA = 'AAqsy')) AND (DD IN ('DDcms','DDfnt','DDhjv')) GROUP BY DD,CC,BB,AA",
 "sqlResult": "{DDhjv | CCjsw | BBktz | AAhsz | 316.33} || {DDhjv | CCdgk | BBcjn | AAqsy | 805.33} || {DDcms | CCjsw | BBktz | AAhsz | 414.33} || {DDcms | CCdgk | BBcjn | AAqsy | 776} || {DDfnt | CCjsw | BBktz | AAhsz | 502} || {DDfnt | CCdgk | BBcjn | AAqsy | 830}",
 "nlq": "What is the average amount for each DD, CC, BB, and AAqsy-AAhsz, of AAhsz of DDhjv, DDcms, or DDfnt in CCjsw of BBktz or of AAqsy of DDhjv, DDcms, or DDfnt in CCdgk of BBcjn? Please, report the corresponding DD, CC, BB, and AAqsy-AAhsz."},
{"name": "template 12",
 "sql": "SELECT Value FROM DBdata WHERE ((CC = 'CCbhm' AND BB = 'BBdqy' AND AA = 'AAhsz')) AND (DD IN ('DDcms','DDfnt')) ORDER BY VALUE ASC LIMIT 3",
 "sqlResult": "{457} || {487} || {506}",
 "nlq": "What are the bottom 3 amounts of AAhsz of DDcms or DDfnt in CCbhm of BBdqy?"},
{"name": "template 13",
 "sql": "SELECT Value FROM DBdata WHERE ((CC = 'CCdgk' AND BB = 'BBcjn' AND AA = 'AAqsy')) AND (DD IN ('DDcms','DDfnt')) ORDER BY VALUE ASC",
 "sqlResult": "{433} || {697} || {884} || {909} || {914} || {981}",
 "nlq": "What are the amounts ordered by increasing values of AAqsy of DDcms or DDfnt in CCdgk of BBcjn?"},
{"name": "template 14",
 "sql": "SELECT DD,EE FROM DBdata WHERE ((CC = 'CChkm' AND BB = 'BBktz' AND AA = 'AAqsy')) AND Value < 502.61",
 "sqlResult": "{DDcms | EEdpq} || {DDcms | EEdqz} || {DDcms | EEnyz} || {DDfnt | EEfhj} || {DDfnt | EEgtz} || {DDfnt | EElrz}",
 "nlq": "What are the DD and EE for which the amount of AAqsy in CChkm of BBktz is lower than 502.61?"},
{"name": "template 15",
 "sql": "SELECT DD,EE,Value FROM DBdata WHERE ((CC = 'CChkm' AND BB = 'BBktz' AND AA = 'AAhsz')) AND (DD,EE) IN (SELECT DD,EE FROM DBdata WHERE ((CC = 'CChkm' AND BB = 'BBktz' AND AA = 'AAqsy')) AND Value < 502.61)",
 "sqlResult": "{DDcms | EEdpq | 992} || {DDcms | EEdqz | 730} || {DDcms | EEnyz | 719} || {DDfnt | EEfhj | 788} || {DDfnt | EEgtz | 177} || {DDfnt | EElrz | 755}",
 "nlq": "What is the amount of AAhsz in CChkm of BBktz of DD and of EE for which the amount of AAqsy in CChkm of BBktz is lower than 502.61? Please, report the corresponding DD, EE, and amount of import-export."}]
}

