{
"filename": "Food_import-export_in_tons_set148_3_DB.csv",
"questions": [{"name": "template 1",
 "sql": "SELECT Value FROM DBdata WHERE ((Import_Export = 'Import' AND Quarter = 'Q4' AND Year = '2019')) AND ((Category = 'Dairy' AND Item = 'Milk'))",
 "sqlResult": "{962}",
 "nlq": "What is the amount of Import of Milk in Q4 of 2019?"},
{"name": "template 2",
 "sql": "SELECT Value FROM DBdata WHERE ((Import_Export = 'Export' AND Quarter = 'Q3' AND Year = '2019')) AND ((Category = 'Meat' AND Item = 'Chicken') OR (Category = 'Meat' AND Item = 'Pork') OR (Category = 'Cereals' AND Item = 'Rice') OR (Category = 'Cereals' AND Item = 'Seeds') OR (Category = 'Dairy' AND Item = 'Milk') OR (Category = 'Dairy' AND Item = 'Butter'))",
 "sqlResult": "{268} || {786} || {242} || {545} || {161} || {41}",
 "nlq": "What is the amount of Export of Butter, Chicken, Milk, Pork, Rice, or Seeds in Q3 of 2019?"},
{"name": "template 3",
 "sql": "SELECT Value FROM DBdata WHERE ((Import_Export = 'Import' AND Quarter = 'Q1' AND Year = '2019') OR (Import_Export = 'Import' AND Quarter = 'Q1' AND Year = '2020') OR (Import_Export = 'Export' AND Quarter = 'Q1' AND Year = '2020') OR (Import_Export = 'Import' AND Quarter = 'Q2' AND Year = '2020') OR (Import_Export = 'Export' AND Quarter = 'Q2' AND Year = '2020') OR (Import_Export = 'Export' AND Quarter = 'Q2' AND Year = '2021') OR (Import_Export = 'Import' AND Quarter = 'Q3' AND Year = '2021') OR (Import_Export = 'Import' AND Quarter = 'Q4' AND Year = '2020') OR (Import_Export = 'Export' AND Quarter = 'Q4' AND Year = '2020') OR (Import_Export = 'Import' AND Quarter = 'Q4' AND Year = '2021')) AND ((Category = 'Meat' AND Item = 'Pork'))",
 "sqlResult": "{526} || {609} || {77} || {990} || {97} || {767} || {490} || {25} || {907} || {605}",
 "nlq": "What is the amount of Import of Pork in Q1 of 2019 or 2020 or Q2 or Q4 of 2020 or Q3 or Q4 of 2021 or of Export of Pork in Q1, Q2, or Q4 of 2020 or Q2 of 2021?"},
{"name": "template 4",
 "sql": "SELECT avg(Value),min(Value) FROM DBdata WHERE ((Import_Export = 'Export' AND Quarter = 'Q1' AND Year = '2019') OR (Import_Export = 'Export' AND Quarter = 'Q1' AND Year = '2021') OR (Import_Export = 'Export' AND Quarter = 'Q4' AND Year = '2020')) AND ((Category = 'Dairy' AND Item = 'Milk'))",
 "sqlResult": "{554.67 | 287}",
 "nlq": "What are the average and minimum amounts of Export of Milk in Q1 of 2019 or 2021 or Q4 of 2020?"},
{"name": "template 6",
 "sql": "SELECT Value FROM DBdata WHERE ((Import_Export = 'Import' AND Quarter = 'Q2' AND Year = '2019') OR (Import_Export = 'Export' AND Quarter = 'Q3' AND Year = '2020') OR (Import_Export = 'Export' AND Quarter = 'Q4' AND Year = '2020') OR (Import_Export = 'Export' AND Quarter = 'Q4' AND Year = '2021')) AND ((Category = 'Meat' AND Item = 'Pork') OR (Category = 'Cereals' AND Item = 'Rice') OR (Category = 'Dairy' AND Item = 'Milk'))",
 "sqlResult": "{200} || {76} || {907} || {21} || {930} || {357} || {267} || {332} || {847} || {656} || {903} || {118}",
 "nlq": "What is the amount of Export of Milk, Pork, or Rice in Q3 or Q4 of 2020 or Q4 of 2021 or of Import of Milk, Pork, or Rice in Q2 of 2019?"},
{"name": "template 7",
 "sql": "SELECT sum(Value),min(Value) FROM DBdata WHERE ((Import_Export = 'Export' AND Quarter = 'Q4' AND Year = '2021')) AND ((Category = 'Meat' AND Item = 'Chicken') OR (Category = 'Dairy' AND Item = 'Milk'))",
 "sqlResult": "{640 | 118}",
 "nlq": "What are the total and minimum amounts of Export of Chicken or Milk in Q4 of 2021?"},
{"name": "template 8",
 "sql": "SELECT Import_Export,Quarter,Year,max(Value),sum(Value) FROM DBdata WHERE ((Import_Export = 'Export' AND Quarter = 'Q1' AND Year = '2019') OR (Import_Export = 'Export' AND Quarter = 'Q3' AND Year = '2020') OR (Import_Export = 'Export' AND Quarter = 'Q3' AND Year = '2021')) AND ((Category = 'Meat' AND Item = 'Pork') OR (Category = 'Cereals' AND Item = 'Rice') OR (Category = 'Dairy' AND Item = 'Butter')) GROUP BY Import_Export,Quarter,Year",
 "sqlResult": "{Export | Q1 | 2019 | 794 | 1582} || {Export | Q3 | 2020 | 864 | 1297} || {Export | Q3 | 2021 | 904 | 1974}",
 "nlq": "What are the maximum and total amounts for each Import-Export, Quarter, and Year, of Export of Butter, Pork, or Rice in Q1 of 2019 or Q3 of 2020 or 2021? Please, report the corresponding Import-Export, Quarter, and Year."},
{"name": "template 9",
 "sql": "SELECT min(Value) FROM DBdata WHERE ((Import_Export = 'Import' AND Quarter = 'Q4' AND Year = '2019')) AND (Category IN ('Meat','Cereals','Dairy')) GROUP BY Category",
 "sqlResult": "{55} || {15} || {285}",
 "nlq": "What is the minimum amount for each Category, of Import of Cereals, Dairy, or Meat in Q4 of 2019?"},
{"name": "template 10",
 "sql": "SELECT Category,sum(Value) FROM DBdata WHERE ((Import_Export = 'Export' AND Quarter = 'Q4' AND Year = '2020')) AND (Category IN ('Meat','Cereals','Dairy')) GROUP BY Category",
 "sqlResult": "{Cereals | 649} || {Dairy | 1218} || {Meat | 1740}",
 "nlq": "What is the total amount for each Category, of Export of Cereals, Dairy, or Meat in Q4 of 2020? Please, report the corresponding Category."},
{"name": "template 11",
 "sql": "SELECT Category,Import_Export,Quarter,Year,avg(Value) FROM DBdata WHERE ((Import_Export = 'Import' AND Quarter = 'Q1' AND Year = '2021') OR (Import_Export = 'Export' AND Quarter = 'Q2' AND Year = '2019') OR (Import_Export = 'Export' AND Quarter = 'Q4' AND Year = '2020')) AND (Category IN ('Meat','Cereals','Dairy')) GROUP BY Category,Import_Export,Quarter,Year",
 "sqlResult": "{Cereals | Export | Q2 | 2019 | 535} || {Cereals | Export | Q4 | 2020 | 324.5} || {Cereals | Import | Q1 | 2021 | 611} || {Dairy | Export | Q2 | 2019 | 627} || {Dairy | Export | Q4 | 2020 | 609} || {Dairy | Import | Q1 | 2021 | 378} || {Meat | Export | Q2 | 2019 | 550.5} || {Meat | Export | Q4 | 2020 | 870} || {Meat | Import | Q1 | 2021 | 469.5}",
 "nlq": "What is the average amount for each Category, Import-Export, Quarter, and Year, of Export of Cereals, Dairy, or Meat in Q2 of 2019 or Q4 of 2020 or of Import of Cereals, Dairy, or Meat in Q1 of 2021? Please, report the corresponding Category, Import-Export, Quarter, and Year."},
{"name": "template 12",
 "sql": "SELECT Value FROM DBdata WHERE ((Import_Export = 'Export' AND Quarter = 'Q4' AND Year = '2021')) AND (Category IN ('Meat','Dairy')) ORDER BY VALUE DESC LIMIT 2",
 "sqlResult": "{522} || {325}",
 "nlq": "What are the top 2 amounts of Export of Dairy or Meat in Q4 of 2021?"},
{"name": "template 13",
 "sql": "SELECT Value FROM DBdata WHERE ((Import_Export = 'Export' AND Quarter = 'Q2' AND Year = '2020')) AND (Category IN ('Meat','Cereals')) ORDER BY VALUE ASC",
 "sqlResult": "{97} || {510} || {561} || {763}",
 "nlq": "What are the amounts ordered by increasing values of Export of Cereals or Meat in Q2 of 2020?"},
{"name": "template 14",
 "sql": "SELECT Category,Item FROM DBdata WHERE ((Import_Export = 'Export' AND Quarter = 'Q1' AND Year = '2020')) AND Value < 492.99",
 "sqlResult": "{Meat | Chicken} || {Meat | Pork} || {Cereals | Rice} || {Dairy | Milk}",
 "nlq": "What are the Category and Item for which the amount of Export in Q1 of 2020 is lower than 492.99?"},
{"name": "template 15",
 "sql": "SELECT Category,Item,Value FROM DBdata WHERE ((Import_Export = 'Import' AND Quarter = 'Q2' AND Year = '2020')) AND (Category,Item) IN (SELECT Category,Item FROM DBdata WHERE ((Import_Export = 'Export' AND Quarter = 'Q1' AND Year = '2020')) AND Value < 492.99)",
 "sqlResult": "{Meat | Chicken | 204} || {Meat | Pork | 990} || {Cereals | Rice | 106} || {Dairy | Milk | 476}",
 "nlq": "What is the amount of Import in Q2 of 2020 of Category and of Item for which the amount of Export in Q1 of 2020 is lower than 492.99? Please, report the corresponding Category, Item, and amount of import-export."}]
}
