{
"filename": "Food_import-export_in_tons_set149_4_DB.csv",
"questions": [{"name": "template 1",
 "sql": "SELECT Value FROM DBdata WHERE ((Import_Export = 'Export' AND Year = '2019' AND Quarter = 'Q1')) AND ((Category = 'Cereals' AND Item = 'Oats'))",
 "sqlResult": "{866}",
 "nlq": "What is the amount of Export of Oats in Q1 of 2019?"},
{"name": "template 2",
 "sql": "SELECT Value FROM DBdata WHERE ((Import_Export = 'Import' AND Year = '2019' AND Quarter = 'Q1')) AND ((Category = 'Cereals' AND Item = 'Rice') OR (Category = 'Dairy' AND Item = 'Cream') OR (Category = 'Dairy' AND Item = 'Cheese') OR (Category = 'Dairy' AND Item = 'Yoghurt') OR (Category = 'Beverage' AND Item = 'Coffee') OR (Category = 'Beverage' AND Item = 'Tea') OR (Category = 'Beverage' AND Item = 'Soda'))",
 "sqlResult": "{875} || {740} || {985} || {256} || {394} || {404} || {73}",
 "nlq": "What is the amount of Import of Cheese, Coffee, Cream, Rice, Soda, Tea, or Yoghurt in Q1 of 2019?"},
{"name": "template 3",
 "sql": "SELECT Value FROM DBdata WHERE ((Import_Export = 'Import' AND Year = '2018' AND Quarter = 'Q3') OR (Import_Export = 'Export' AND Year = '2018' AND Quarter = 'Q3') OR (Import_Export = 'Import' AND Year = '2019' AND Quarter = 'Q3') OR (Import_Export = 'Export' AND Year = '2019' AND Quarter = 'Q3') OR (Import_Export = 'Import' AND Year = '2018' AND Quarter = 'Q4') OR (Import_Export = 'Export' AND Year = '2018' AND Quarter = 'Q4') OR (Import_Export = 'Import' AND Year = '2019' AND Quarter = 'Q4')) AND ((Category = 'Dairy' AND Item = 'Yoghurt'))",
 "sqlResult": "{918} || {90} || {661} || {541} || {85} || {32} || {275}",
 "nlq": "What is the amount of Export or Import of Yoghurt in Q3 of 2019 or Q3 or Q4 of 2018 or of Import of Yoghurt in Q4 of 2019?"},
{"name": "template 4",
 "sql": "SELECT avg(Value),sum(Value) FROM DBdata WHERE ((Import_Export = 'Import' AND Year = '2019' AND Quarter = 'Q1') OR (Import_Export = 'Import' AND Year = '2018' AND Quarter = 'Q4')) AND ((Category = 'Cereals' AND Item = 'Rice'))",
 "sqlResult": "{935.5 | 1871}",
 "nlq": "What are the average and total amounts of Import of Rice in Q1 of 2019 or Q4 of 2018?"},
{"name": "template 6",
 "sql": "SELECT Value FROM DBdata WHERE ((Import_Export = 'Import' AND Year = '2019' AND Quarter = 'Q1') OR (Import_Export = 'Export' AND Year = '2019' AND Quarter = 'Q2') OR (Import_Export = 'Export' AND Year = '2018' AND Quarter = 'Q4') OR (Import_Export = 'Export' AND Year = '2019' AND Quarter = 'Q4')) AND ((Category = 'Dairy' AND Item = 'Yoghurt') OR (Category = 'Beverage' AND Item = 'Coffee'))",
 "sqlResult": "{256} || {879} || {32} || {485} || {394} || {553} || {244} || {851}",
 "nlq": "What is the amount of Export of Coffee or Yoghurt in Q2 or Q4 of 2019 or Q4 of 2018 or of Import of Coffee or Yoghurt in Q1 of 2019?"},
{"name": "template 7",
 "sql": "SELECT min(Value),max(Value) FROM DBdata WHERE ((Import_Export = 'Export' AND Year = '2019' AND Quarter = 'Q1')) AND ((Category = 'Cereals' AND Item = 'Seeds') OR (Category = 'Dairy' AND Item = 'Cream') OR (Category = 'Beverage' AND Item = 'Soda'))",
 "sqlResult": "{104 | 928}",
 "nlq": "What are the minimum and maximum amounts of Export of Cream, Seeds, or Soda in Q1 of 2019?"},
{"name": "template 8",
 "sql": "SELECT Import_Export,Year,Quarter,avg(Value),max(Value) FROM DBdata WHERE ((Import_Export = 'Export' AND Year = '2018' AND Quarter = 'Q1') OR (Import_Export = 'Import' AND Year = '2019' AND Quarter = 'Q1') OR (Import_Export = 'Import' AND Year = '2018' AND Quarter = 'Q3') OR (Import_Export = 'Import' AND Year = '2019' AND Quarter = 'Q4') OR (Import_Export = 'Export' AND Year = '2019' AND Quarter = 'Q4')) AND ((Category = 'Cereals' AND Item = 'Oats') OR (Category = 'Cereals' AND Item = 'Rice') OR (Category = 'Cereals' AND Item = 'Seeds') OR (Category = 'Beverage' AND Item = 'Coffee') OR (Category = 'Beverage' AND Item = 'Tea')) GROUP BY Import_Export,Year,Quarter",
 "sqlResult": "{Export | 2018 | Q1 | 372.8 | 544} || {Export | 2019 | Q4 | 660.6 | 959} || {Import | 2018 | Q3 | 344.8 | 617} || {Import | 2019 | Q1 | 471.6 | 875} || {Import | 2019 | Q4 | 529.4 | 898}",
 "nlq": "What are the average and maximum amounts for each Import-Export, Year, and Quarter, of Export of Coffee, Oats, Rice, Seeds, or Tea in Q1 of 2018 or Q4 of 2019 or of Import of Coffee, Oats, Rice, Seeds, or Tea in Q1 or Q4 of 2019 or Q3 of 2018? Please, report the corresponding Import-Export, Year, and Quarter."},
{"name": "template 9",
 "sql": "SELECT min(Value) FROM DBdata WHERE ((Import_Export = 'Import' AND Year = '2018' AND Quarter = 'Q2')) AND (Category IN ('Cereals','Dairy','Beverage')) GROUP BY Category",
 "sqlResult": "{383} || {64} || {219}",
 "nlq": "What is the minimum amount for each Category, of Import of Beverage, Cereals, or Dairy in Q2 of 2018?"},
{"name": "template 10",
 "sql": "SELECT Category,max(Value) FROM DBdata WHERE ((Import_Export = 'Import' AND Year = '2019' AND Quarter = 'Q3')) AND (Category IN ('Cereals','Dairy','Beverage')) GROUP BY Category",
 "sqlResult": "{Beverage | 603} || {Cereals | 842} || {Dairy | 661}",
 "nlq": "What is the maximum amount for each Category, of Import of Beverage, Cereals, or Dairy in Q3 of 2019? Please, report the corresponding Category."},
{"name": "template 11",
 "sql": "SELECT Category,Import_Export,Year,Quarter,sum(Value) FROM DBdata WHERE ((Import_Export = 'Export' AND Year = '2019' AND Quarter = 'Q1') OR (Import_Export = 'Export' AND Year = '2018' AND Quarter = 'Q4') OR (Import_Export = 'Export' AND Year = '2019' AND Quarter = 'Q4')) AND (Category IN ('Cereals','Dairy','Beverage')) GROUP BY Category,Import_Export,Year,Quarter",
 "sqlResult": "{Beverage | Export | 2018 | Q4 | 476} || {Beverage | Export | 2019 | Q1 | 470} || {Beverage | Export | 2019 | Q4 | 1462} || {Cereals | Export | 2018 | Q4 | 949} || {Cereals | Export | 2019 | Q1 | 2334} || {Cereals | Export | 2019 | Q4 | 1929} || {Dairy | Export | 2018 | Q4 | 1437} || {Dairy | Export | 2019 | Q1 | 632} || {Dairy | Export | 2019 | Q4 | 1580}",
 "nlq": "What is the total amount for each Category, Import-Export, Year, and Quarter, of Export of Beverage, Cereals, or Dairy in Q1 or Q4 of 2019 or Q4 of 2018? Please, report the corresponding Category, Import-Export, Year, and Quarter."},
{"name": "template 12",
 "sql": "SELECT Value FROM DBdata WHERE ((Import_Export = 'Export' AND Year = '2019' AND Quarter = 'Q4')) AND (Category IN ('Dairy','Beverage')) ORDER BY VALUE ASC LIMIT 4",
 "sqlResult": "{88} || {233} || {485} || {523}",
 "nlq": "What are the bottom 4 amounts of Export of Beverage or Dairy in Q4 of 2019?"},
{"name": "template 13",
 "sql": "SELECT Value FROM DBdata WHERE ((Import_Export = 'Export' AND Year = '2018' AND Quarter = 'Q4')) AND (Category IN ('Cereals','Dairy')) ORDER BY VALUE ASC",
 "sqlResult": "{32} || {125} || {386} || {438} || {452} || {953}",
 "nlq": "What are the amounts ordered by increasing values of Export of Cereals or Dairy in Q4 of 2018?"},
{"name": "template 14",
 "sql": "SELECT Category,Item FROM DBdata WHERE ((Import_Export = 'Export' AND Year = '2018' AND Quarter = 'Q4')) AND Value < 479.63",
 "sqlResult": "{Cereals | Oats} || {Cereals | Rice} || {Cereals | Seeds} || {Dairy | Cream} || {Dairy | Yoghurt} || {Beverage | Coffee} || {Beverage | Tea} || {Beverage | Soda}",
 "nlq": "What are the Category and Item for which the amount of Export in Q4 of 2018 is lower than 479.63?"},
{"name": "template 15",
 "sql": "SELECT Category,Item,Value FROM DBdata WHERE ((Import_Export = 'Export' AND Year = '2019' AND Quarter = 'Q3')) AND (Category,Item) IN (SELECT Category,Item FROM DBdata WHERE ((Import_Export = 'Export' AND Year = '2018' AND Quarter = 'Q4')) AND Value < 479.63)",
 "sqlResult": "{Cereals | Oats | 548} || {Cereals | Rice | 636} || {Cereals | Seeds | 212} || {Dairy | Cream | 478} || {Dairy | Yoghurt | 541} || {Beverage | Coffee | 575} || {Beverage | Tea | 160} || {Beverage | Soda | 140}",
 "nlq": "What is the amount of Export in Q3 of 2019 of Category and of Item for which the amount of Export in Q4 of 2018 is lower than 479.63? Please, report the corresponding Category, Item, and amount of import-export."}]
}
