{
"filename": "Food_import-export_in_tons_set134_3_DB.csv",
"questions": [{"name": "template 1",
 "sql": "SELECT Value FROM DBdata WHERE ((Year = '2021' AND Import_Export = 'Import')) AND ((Category = 'Cereals' AND Item = 'Corn'))",
 "sqlResult": "{816}",
 "nlq": "What is the amount of Import of Corn in 2021?"},
{"name": "template 2",
 "sql": "SELECT Value FROM DBdata WHERE ((Year = '2021' AND Import_Export = 'Export')) AND ((Category = 'Cereals' AND Item = 'Corn') OR (Category = 'Cereals' AND Item = 'Oats') OR (Category = 'Dairy' AND Item = 'Cheese'))",
 "sqlResult": "{888} || {953} || {142}",
 "nlq": "What is the amount of Export of Cheese, Corn, or Oats in 2021?"},
{"name": "template 3",
 "sql": "SELECT Value FROM DBdata WHERE ((Year = '2021' AND Import_Export = 'Import') OR (Year = '2021' AND Import_Export = 'Export')) AND ((Category = 'Dairy' AND Item = 'Yoghurt'))",
 "sqlResult": "{641} || {600}",
 "nlq": "What is the amount of Export or Import of Yoghurt in 2021?"},
{"name": "template 4",
 "sql": "SELECT sum(Value),min(Value) FROM DBdata WHERE ((Year = '2020' AND Import_Export = 'Import') OR (Year = '2020' AND Import_Export = 'Export') OR (Year = '2021' AND Import_Export = 'Import') OR (Year = '2021' AND Import_Export = 'Export')) AND ((Category = 'Dairy' AND Item = 'Cheese'))",
 "sqlResult": "{1547 | 108}",
 "nlq": "What are the total and minimum amounts of Export or Import of Cheese in 2020 or 2021?"},
{"name": "template 5",
 "sql": "SELECT avg(Value) FROM DBdata WHERE (Year IN ('2020','2021')) AND ((Category = 'Cereals' AND Item = 'Oats'))",
 "sqlResult": "{632.25}",
 "nlq": "What is the average amount of Oats in 2020 or 2021?"},
{"name": "template 6",
 "sql": "SELECT Value FROM DBdata WHERE ((Year = '2021' AND Import_Export = 'Import') OR (Year = '2021' AND Import_Export = 'Export')) AND ((Category = 'Cereals' AND Item = 'Corn') OR (Category = 'Cereals' AND Item = 'Oats') OR (Category = 'Dairy' AND Item = 'Cheese') OR (Category = 'Dairy' AND Item = 'Yoghurt'))",
 "sqlResult": "{816} || {888} || {67} || {953} || {108} || {142} || {641} || {600}",
 "nlq": "What is the amount of Export or Import of Cheese, Corn, Oats, or Yoghurt in 2021?"},
{"name": "template 7",
 "sql": "SELECT avg(Value),sum(Value) FROM DBdata WHERE ((Year = '2021' AND Import_Export = 'Export')) AND ((Category = 'Cereals' AND Item = 'Corn') OR (Category = 'Cereals' AND Item = 'Oats') OR (Category = 'Dairy' AND Item = 'Cheese') OR (Category = 'Dairy' AND Item = 'Yoghurt'))",
 "sqlResult": "{645.75 | 2583}",
 "nlq": "What are the average and total amounts of Export of Cheese, Corn, Oats, or Yoghurt in 2021?"},
{"name": "template 8",
 "sql": "SELECT Year,Import_Export,min(Value),max(Value) FROM DBdata WHERE ((Year = '2020' AND Import_Export = 'Export') OR (Year = '2021' AND Import_Export = 'Import') OR (Year = '2021' AND Import_Export = 'Export')) AND ((Category = 'Cereals' AND Item = 'Oats') OR (Category = 'Dairy' AND Item = 'Cheese')) GROUP BY Year,Import_Export",
 "sqlResult": "{2020 | Export | 565 | 902} || {2021 | Export | 142 | 953} || {2021 | Import | 67 | 108}",
 "nlq": "What are the minimum and maximum amounts for each Year and Import-Export, of Export of Cheese or Oats in 2020 or of Export or Import of Cheese or Oats in 2021? Please, report the corresponding Year and Import-Export."},
{"name": "template 9",
 "sql": "SELECT min(Value) FROM DBdata WHERE ((Year = '2020' AND Import_Export = 'Export')) AND (Category IN ('Cereals','Dairy')) GROUP BY Category",
 "sqlResult": "{902} || {565}",
 "nlq": "What is the minimum amount for each Category, of Export of Cereals or Dairy in 2020?"},
{"name": "template 10",
 "sql": "SELECT Category,min(Value) FROM DBdata WHERE ((Year = '2021' AND Import_Export = 'Import')) AND (Category IN ('Cereals','Dairy')) GROUP BY Category",
 "sqlResult": "{Cereals | 67} || {Dairy | 108}",
 "nlq": "What is the minimum amount for each Category, of Import of Cereals or Dairy in 2021? Please, report the corresponding Category."},
{"name": "template 11",
 "sql": "SELECT Category,Year,Import_Export,max(Value) FROM DBdata WHERE ((Year = '2020' AND Import_Export = 'Import') OR (Year = '2020' AND Import_Export = 'Export') OR (Year = '2021' AND Import_Export = 'Export')) AND (Category IN ('Cereals','Dairy')) GROUP BY Category,Year,Import_Export",
 "sqlResult": "{Cereals | 2020 | Export | 973} || {Cereals | 2020 | Import | 607} || {Cereals | 2021 | Export | 953} || {Dairy | 2020 | Export | 853} || {Dairy | 2020 | Import | 732} || {Dairy | 2021 | Export | 600}",
 "nlq": "What is the maximum amount for each Category, Year, and Import-Export, of Export or Import of Cereals or Dairy in 2020 or of Export of Cereals or Dairy in 2021? Please, report the corresponding Category, Year, and Import-Export."},
{"name": "template 12",
 "sql": "SELECT Value FROM DBdata WHERE ((Year = '2020' AND Import_Export = 'Import')) AND (Category IN ('Cereals','Dairy')) ORDER BY VALUE ASC LIMIT 3",
 "sqlResult": "{83} || {607} || {714}",
 "nlq": "What are the bottom 3 amounts of Import of Cereals or Dairy in 2020?"},
{"name": "template 13",
 "sql": "SELECT Value FROM DBdata WHERE ((Year = '2020' AND Import_Export = 'Import')) AND (Category IN ('Cereals','Dairy')) ORDER BY VALUE ASC",
 "sqlResult": "{83} || {607} || {714} || {732}",
 "nlq": "What are the amounts ordered by increasing values of Import of Cereals or Dairy in 2020?"},
{"name": "template 14",
 "sql": "SELECT Category,Item FROM DBdata WHERE ((Year = '2021' AND Import_Export = 'Export')) AND Value > 602.75",
 "sqlResult": "{Cereals | Corn} || {Cereals | Oats}",
 "nlq": "What are the Category and Item for which the amount of Export in 2021 is greater than 602.75?"},
{"name": "template 15",
 "sql": "SELECT Category,Item,Value FROM DBdata WHERE ((Year = '2020' AND Import_Export = 'Export')) AND (Category,Item) IN (SELECT Category,Item FROM DBdata WHERE ((Year = '2021' AND Import_Export = 'Export')) AND Value > 602.75)",
 "sqlResult": "{Cereals | Corn | 973} || {Cereals | Oats | 902}",
 "nlq": "What is the amount of Export in 2020 of Category and of Item for which the amount of Export in 2021 is greater than 602.75? Please, report the corresponding Category, Item, and amount of import-export."}]
}
