{
"filename": "Food_import-export_in_tons_set137_5_DB.csv",
"questions": [{"name": "template 1",
 "sql": "SELECT Value FROM DBdata WHERE ((Import_Export = 'Export' AND Year = '2018')) AND ((Category = 'Dairy' AND Item = 'Cream'))",
 "sqlResult": "{135}",
 "nlq": "What is the amount of Export of Cream in 2018?"},
{"name": "template 2",
 "sql": "SELECT Value FROM DBdata WHERE ((Import_Export = 'Export' AND Year = '2018')) AND ((Category = 'Dairy' AND Item = 'Cream') OR (Category = 'Dairy' AND Item = 'Yoghurt'))",
 "sqlResult": "{135} || {825}",
 "nlq": "What is the amount of Export of Cream or Yoghurt in 2018?"},
{"name": "template 3",
 "sql": "SELECT Value FROM DBdata WHERE ((Import_Export = 'Import' AND Year = '2016') OR (Import_Export = 'Export' AND Year = '2016') OR (Import_Export = 'Import' AND Year = '2017') OR (Import_Export = 'Export' AND Year = '2017') OR (Import_Export = 'Import' AND Year = '2018') OR (Import_Export = 'Export' AND Year = '2018')) AND ((Category = 'Dairy' AND Item = 'Cheese'))",
 "sqlResult": "{820} || {785} || {863} || {386} || {303} || {258}",
 "nlq": "What is the amount of Export or Import of Cheese in 2016, 2017, or 2018?"},
{"name": "template 4",
 "sql": "SELECT max(Value),min(Value) FROM DBdata WHERE ((Import_Export = 'Import' AND Year = '2016') OR (Import_Export = 'Export' AND Year = '2016') OR (Import_Export = 'Export' AND Year = '2017') OR (Import_Export = 'Import' AND Year = '2018')) AND ((Category = 'Cereals' AND Item = 'Seeds'))",
 "sqlResult": "{752 | 230}",
 "nlq": "What are the maximum and minimum amounts of Export or Import of Seeds in 2016, of Export of Seeds in 2017, or of Import of Seeds in 2018?"},
{"name": "template 5",
 "sql": "SELECT avg(Value) FROM DBdata WHERE Import_Export = 'Import' AND (Year IN ('2016','2017','2018')) AND ((Category = 'Dairy' AND Item = 'Cream'))",
 "sqlResult": "{646.67}",
 "nlq": "What is the average amount of Import of Cream in 2016, 2017, or 2018?"},
{"name": "template 6",
 "sql": "SELECT Value FROM DBdata WHERE ((Import_Export = 'Import' AND Year = '2016') OR (Import_Export = 'Export' AND Year = '2016') OR (Import_Export = 'Import' AND Year = '2017') OR (Import_Export = 'Import' AND Year = '2018') OR (Import_Export = 'Export' AND Year = '2018')) AND ((Category = 'Dairy' AND Item = 'Cheese') OR (Category = 'Dairy' AND Item = 'Yoghurt'))",
 "sqlResult": "{820} || {785} || {863} || {303} || {258} || {741} || {847} || {85} || {962} || {825}",
 "nlq": "What is the amount of Import of Cheese or Yoghurt in 2016, 2017, or 2018 or of Export of Cheese or Yoghurt in 2016 or 2018?"},
{"name": "template 7",
 "sql": "SELECT max(Value),avg(Value) FROM DBdata WHERE ((Import_Export = 'Import' AND Year = '2017')) AND ((Category = 'Cereals' AND Item = 'Rice') OR (Category = 'Cereals' AND Item = 'Seeds') OR (Category = 'Dairy' AND Item = 'Cream') OR (Category = 'Dairy' AND Item = 'Yoghurt'))",
 "sqlResult": "{930 | 579.5}",
 "nlq": "What are the maximum and average amounts of Import of Cream, Rice, Seeds, or Yoghurt in 2017?"},
{"name": "template 8",
 "sql": "SELECT Import_Export,Year,max(Value),sum(Value) FROM DBdata WHERE ((Import_Export = 'Export' AND Year = '2016') OR (Import_Export = 'Import' AND Year = '2017') OR (Import_Export = 'Export' AND Year = '2017') OR (Import_Export = 'Import' AND Year = '2018') OR (Import_Export = 'Export' AND Year = '2018')) AND ((Category = 'Cereals' AND Item = 'Rice') OR (Category = 'Dairy' AND Item = 'Cheese')) GROUP BY Import_Export,Year",
 "sqlResult": "{Export | 2016 | 785 | 896} || {Export | 2017 | 386 | 543} || {Export | 2018 | 983 | 1241} || {Import | 2017 | 903 | 1766} || {Import | 2018 | 688 | 991}",
 "nlq": "What are the maximum and total amounts for each Import-Export and Year, of Export of Cheese or Rice in 2016, 2017, or 2018 or of Import of Cheese or Rice in 2017 or 2018? Please, report the corresponding Import-Export and Year."},
{"name": "template 9",
 "sql": "SELECT min(Value) FROM DBdata WHERE ((Import_Export = 'Export' AND Year = '2018')) AND (Category IN ('Cereals','Dairy')) GROUP BY Category",
 "sqlResult": "{153} || {135}",
 "nlq": "What is the minimum amount for each Category, of Export of Cereals or Dairy in 2018?"},
{"name": "template 10",
 "sql": "SELECT Category,max(Value) FROM DBdata WHERE ((Import_Export = 'Import' AND Year = '2018')) AND (Category IN ('Cereals','Dairy')) GROUP BY Category",
 "sqlResult": "{Cereals | 688} || {Dairy | 962}",
 "nlq": "What is the maximum amount for each Category, of Import of Cereals or Dairy in 2018? Please, report the corresponding Category."},
{"name": "template 11",
 "sql": "SELECT Category,Import_Export,Year,max(Value) FROM DBdata WHERE ((Import_Export = 'Export' AND Year = '2016') OR (Import_Export = 'Import' AND Year = '2017')) AND (Category IN ('Cereals','Dairy')) GROUP BY Category,Import_Export,Year",
 "sqlResult": "{Cereals | Export | 2016 | 230} || {Cereals | Import | 2017 | 903} || {Dairy | Export | 2016 | 954} || {Dairy | Import | 2017 | 930}",
 "nlq": "What is the maximum amount for each Category, Import-Export, and Year, of Export of Cereals or Dairy in 2016 or of Import of Cereals or Dairy in 2017? Please, report the corresponding Category, Import-Export, and Year."},
{"name": "template 12",
 "sql": "SELECT Value FROM DBdata WHERE ((Import_Export = 'Export' AND Year = '2018')) AND (Category IN ('Cereals','Dairy')) ORDER BY VALUE ASC LIMIT 2",
 "sqlResult": "{135} || {153}",
 "nlq": "What are the bottom 2 amounts of Export of Cereals or Dairy in 2018?"},
{"name": "template 13",
 "sql": "SELECT Value FROM DBdata WHERE ((Import_Export = 'Import' AND Year = '2017')) AND (Category IN ('Cereals','Dairy')) ORDER BY VALUE ASC",
 "sqlResult": "{85} || {400} || {863} || {903} || {930}",
 "nlq": "What are the amounts ordered by increasing values of Import of Cereals or Dairy in 2017?"},
{"name": "template 14",
 "sql": "SELECT Category,Item FROM DBdata WHERE ((Import_Export = 'Import' AND Year = '2018')) AND Value > 532.53",
 "sqlResult": "{Cereals | Rice} || {Cereals | Seeds} || {Dairy | Yoghurt}",
 "nlq": "What are the Category and Item for which the amount of Import in 2018 is greater than 532.53?"},
{"name": "template 15",
 "sql": "SELECT Category,Item,Value FROM DBdata WHERE ((Import_Export = 'Export' AND Year = '2016')) AND (Category,Item) IN (SELECT Category,Item FROM DBdata WHERE ((Import_Export = 'Import' AND Year = '2018')) AND Value > 532.53)",
 "sqlResult": "{Cereals | Rice | 111} || {Cereals | Seeds | 230} || {Dairy | Yoghurt | 847}",
 "nlq": "What is the amount of Export in 2016 of Category and of Item for which the amount of Import in 2018 is greater than 532.53? Please, report the corresponding Category, Item, and amount of import-export."}]
}
