Import-Export,Year,Category,Item,Value
Import_Export,Year,Category,Item,Value
Import,2016,Cereals,Rice,234
Export,2016,Cereals,Rice,111
Import,2017,Cereals,Rice,903
Export,2017,Cereals,Rice,157
Import,2018,Cereals,Rice,688
Export,2018,Cereals,Rice,983
Import,2016,Cereals,Seeds,394
Export,2016,Cereals,Seeds,230
Import,2017,Cereals,Seeds,400
Export,2017,Cereals,Seeds,752
Import,2018,Cereals,Seeds,645
Export,2018,Cereals,Seeds,153
Import,2016,Dairy,Cream,691
Export,2016,Dairy,Cream,954
Import,2017,Dairy,Cream,930
Export,2017,Dairy,Cream,249
Import,2018,Dairy,Cream,319
Export,2018,Dairy,Cream,135
Import,2016,Dairy,Cheese,820
Export,2016,Dairy,Cheese,785
Import,2017,Dairy,Cheese,863
Export,2017,Dairy,Cheese,386
Import,2018,Dairy,Cheese,303
Export,2018,Dairy,Cheese,258
Import,2016,Dairy,Yoghurt,741
Export,2016,Dairy,Yoghurt,847
Import,2017,Dairy,Yoghurt,85
Export,2017,Dairy,Yoghurt,173
Import,2018,Dairy,Yoghurt,962
Export,2018,Dairy,Yoghurt,825
