{
"filename": "Food_import-export_in_tons_set145_2_DB.csv",
"questions": [{"name": "template 1",
 "sql": "SELECT Value FROM DBdata WHERE ((Import_Export = 'Import' AND Year = '2020' AND Quarter = 'Q3')) AND ((Category = 'Meat' AND Item = 'Chicken'))",
 "sqlResult": "{182}",
 "nlq": "What is the amount of Import of Chicken in Q3 of 2020?"},
{"name": "template 2",
 "sql": "SELECT Value FROM DBdata WHERE ((Import_Export = 'Export' AND Year = '2019' AND Quarter = 'Q2')) AND ((Category = 'Meat' AND Item = 'Chicken') OR (Category = 'Meat' AND Item = 'Pork'))",
 "sqlResult": "{142} || {807}",
 "nlq": "What is the amount of Export of Chicken or Pork in Q2 of 2019?"},
{"name": "template 3",
 "sql": "SELECT Value FROM DBdata WHERE ((Import_Export = 'Import' AND Year = '2019' AND Quarter = 'Q1') OR (Import_Export = 'Export' AND Year = '2019' AND Quarter = 'Q2') OR (Import_Export = 'Export' AND Year = '2020' AND Quarter = 'Q2') OR (Import_Export = 'Export' AND Year = '2021' AND Quarter = 'Q2') OR (Import_Export = 'Import' AND Year = '2020' AND Quarter = 'Q3') OR (Import_Export = 'Import' AND Year = '2021' AND Quarter = 'Q3') OR (Import_Export = 'Export' AND Year = '2021' AND Quarter = 'Q3') OR (Import_Export = 'Export' AND Year = '2019' AND Quarter = 'Q4') OR (Import_Export = 'Import' AND Year = '2020' AND Quarter = 'Q4')) AND ((Category = 'Meat' AND Item = 'Beef'))",
 "sqlResult": "{736} || {727} || {965} || {983} || {803} || {53} || {860} || {154} || {10}",
 "nlq": "What is the amount of Import of Beef in Q1 of 2019 or Q3 or Q4 of 2020, of Export of Beef in Q2 of 2019, 2020, or 2021 or Q4 of 2019, or of Export or Import of Beef in Q3 of 2021?"},
{"name": "template 4",
 "sql": "SELECT avg(Value),max(Value) FROM DBdata WHERE ((Import_Export = 'Export' AND Year = '2020' AND Quarter = 'Q1') OR (Import_Export = 'Export' AND Year = '2020' AND Quarter = 'Q2') OR (Import_Export = 'Export' AND Year = '2020' AND Quarter = 'Q4') OR (Import_Export = 'Export' AND Year = '2021' AND Quarter = 'Q4')) AND ((Category = 'Meat' AND Item = 'Pork'))",
 "sqlResult": "{463.75 | 735}",
 "nlq": "What are the average and maximum amounts of Export of Pork in Q1, Q2, or Q4 of 2020 or Q4 of 2021?"},
{"name": "template 6",
 "sql": "SELECT Value FROM DBdata WHERE ((Import_Export = 'Import' AND Year = '2020' AND Quarter = 'Q2') OR (Import_Export = 'Import' AND Year = '2019' AND Quarter = 'Q3') OR (Import_Export = 'Import' AND Year = '2019' AND Quarter = 'Q4') OR (Import_Export = 'Import' AND Year = '2020' AND Quarter = 'Q4')) AND ((Category = 'Meat' AND Item = 'Beef') OR (Category = 'Meat' AND Item = 'Chicken') OR (Category = 'Cereals' AND Item = 'Wheat'))",
 "sqlResult": "{318} || {451} || {330} || {10} || {806} || {726} || {455} || {331} || {18} || {529} || {80} || {693}",
 "nlq": "What is the amount of Import of Beef, Chicken, or Wheat in Q2 or Q4 of 2020 or Q3 or Q4 of 2019?"},
{"name": "template 7",
 "sql": "SELECT avg(Value),sum(Value) FROM DBdata WHERE ((Import_Export = 'Import' AND Year = '2021' AND Quarter = 'Q1')) AND ((Category = 'Meat' AND Item = 'Beef') OR (Category = 'Meat' AND Item = 'Chicken') OR (Category = 'Meat' AND Item = 'Pork') OR (Category = 'Cereals' AND Item = 'Wheat'))",
 "sqlResult": "{532 | 2128}",
 "nlq": "What are the average and total amounts of Import of Beef, Chicken, Pork, or Wheat in Q1 of 2021?"},
{"name": "template 8",
 "sql": "SELECT Import_Export,Year,Quarter,min(Value),sum(Value) FROM DBdata WHERE ((Import_Export = 'Export' AND Year = '2021' AND Quarter = 'Q1') OR (Import_Export = 'Import' AND Year = '2020' AND Quarter = 'Q2') OR (Import_Export = 'Export' AND Year = '2020' AND Quarter = 'Q3') OR (Import_Export = 'Import' AND Year = '2020' AND Quarter = 'Q4') OR (Import_Export = 'Import' AND Year = '2021' AND Quarter = 'Q4')) AND ((Category = 'Meat' AND Item = 'Pork') OR (Category = 'Cereals' AND Item = 'Wheat') OR (Category = 'Cereals' AND Item = 'Soybeans')) GROUP BY Import_Export,Year,Quarter",
 "sqlResult": "{Export | 2020 | Q3 | 77 | 722} || {Export | 2021 | Q1 | 607 | 2535} || {Import | 2020 | Q2 | 18 | 1122} || {Import | 2020 | Q4 | 449 | 1954} || {Import | 2021 | Q4 | 89 | 1547}",
 "nlq": "What are the minimum and total amounts for each Import-Export, Year, and Quarter, of Export of Pork, Soybeans, or Wheat in Q1 of 2021 or Q3 of 2020 or of Import of Pork, Soybeans, or Wheat in Q2 or Q4 of 2020 or Q4 of 2021? Please, report the corresponding Import-Export, Year, and Quarter."},
{"name": "template 9",
 "sql": "SELECT min(Value) FROM DBdata WHERE ((Import_Export = 'Import' AND Year = '2020' AND Quarter = 'Q3')) AND (Category IN ('Meat','Cereals')) GROUP BY Category",
 "sqlResult": "{268} || {182}",
 "nlq": "What is the minimum amount for each Category, of Import of Cereals or Meat in Q3 of 2020?"},
{"name": "template 10",
 "sql": "SELECT Category,avg(Value) FROM DBdata WHERE ((Import_Export = 'Export' AND Year = '2021' AND Quarter = 'Q4')) AND (Category IN ('Meat','Cereals')) GROUP BY Category",
 "sqlResult": "{Cereals | 411.5} || {Meat | 416}",
 "nlq": "What is the average amount for each Category, of Export of Cereals or Meat in Q4 of 2021? Please, report the corresponding Category."},
{"name": "template 11",
 "sql": "SELECT Category,Import_Export,Year,Quarter,sum(Value) FROM DBdata WHERE ((Import_Export = 'Export' AND Year = '2020' AND Quarter = 'Q1') OR (Import_Export = 'Import' AND Year = '2021' AND Quarter = 'Q3') OR (Import_Export = 'Import' AND Year = '2019' AND Quarter = 'Q4')) AND (Category IN ('Meat','Cereals')) GROUP BY Category,Import_Export,Year,Quarter",
 "sqlResult": "{Cereals | Export | 2020 | Q1 | 1718} || {Cereals | Import | 2019 | Q4 | 868} || {Cereals | Import | 2021 | Q3 | 1209} || {Meat | Export | 2020 | Q1 | 1527} || {Meat | Import | 2019 | Q4 | 1332} || {Meat | Import | 2021 | Q3 | 715}",
 "nlq": "What is the total amount for each Category, Import-Export, Year, and Quarter, of Import of Cereals or Meat in Q3 of 2021 or Q4 of 2019 or of Export of Cereals or Meat in Q1 of 2020? Please, report the corresponding Category, Import-Export, Year, and Quarter."},
{"name": "template 12",
 "sql": "SELECT Value FROM DBdata WHERE ((Import_Export = 'Import' AND Year = '2019' AND Quarter = 'Q4')) AND (Category IN ('Meat','Cereals')) ORDER BY VALUE ASC LIMIT 4",
 "sqlResult": "{80} || {330} || {455} || {547}",
 "nlq": "What are the bottom 4 amounts of Import of Cereals or Meat in Q4 of 2019?"},
{"name": "template 13",
 "sql": "SELECT Value FROM DBdata WHERE ((Import_Export = 'Export' AND Year = '2021' AND Quarter = 'Q2')) AND (Category IN ('Meat','Cereals')) ORDER BY VALUE DESC",
 "sqlResult": "{983} || {899} || {839} || {830} || {258}",
 "nlq": "What are the amounts ordered by decreasing values of Export of Cereals or Meat in Q2 of 2021?"},
{"name": "template 14",
 "sql": "SELECT Category,Item FROM DBdata WHERE ((Import_Export = 'Import' AND Year = '2020' AND Quarter = 'Q2')) AND Value < 543.79",
 "sqlResult": "{Meat | Beef} || {Cereals | Wheat} || {Cereals | Soybeans}",
 "nlq": "What are the Category and Item for which the amount of Import in Q2 of 2020 is lower than 543.79?"},
{"name": "template 15",
 "sql": "SELECT Category,Item,Value FROM DBdata WHERE ((Import_Export = 'Import' AND Year = '2021' AND Quarter = 'Q4')) AND (Category,Item) IN (SELECT Category,Item FROM DBdata WHERE ((Import_Export = 'Import' AND Year = '2020' AND Quarter = 'Q2')) AND Value < 543.79)",
 "sqlResult": "{Meat | Beef | 775} || {Cereals | Wheat | 89} || {Cereals | Soybeans | 842}",
 "nlq": "What is the amount of Import in Q4 of 2021 of Category and of Item for which the amount of Import in Q2 of 2020 is lower than 543.79? Please, report the corresponding Category, Item, and amount of import-export."}]
}
