{
"filename": "Food_import-export_in_tons_set135_4_DB.csv",
"questions": [{"name": "template 1",
 "sql": "SELECT Value FROM DBdata WHERE ((Import_Export = 'Export' AND Year = '2019')) AND ((Category = 'Cereals' AND Item = 'Soybeans'))",
 "sqlResult": "{729}",
 "nlq": "What is the amount of Export of Soybeans in 2019?"},
{"name": "template 2",
 "sql": "SELECT Value FROM DBdata WHERE ((Import_Export = 'Import' AND Year = '2019')) AND ((Category = 'Cereals' AND Item = 'Wheat') OR (Category = 'Dairy' AND Item = 'Cream') OR (Category = 'Dairy' AND Item = 'Yoghurt'))",
 "sqlResult": "{958} || {340} || {156}",
 "nlq": "What is the amount of Import of Cream, Wheat, or Yoghurt in 2019?"},
{"name": "template 3",
 "sql": "SELECT Value FROM DBdata WHERE ((Import_Export = 'Import' AND Year = '2019') OR (Import_Export = 'Export' AND Year = '2019') OR (Import_Export = 'Import' AND Year = '2020') OR (Import_Export = 'Export' AND Year = '2020') OR (Import_Export = 'Import' AND Year = '2021')) AND ((Category = 'Cereals' AND Item = 'Wheat'))",
 "sqlResult": "{958} || {37} || {329} || {792} || {423}",
 "nlq": "What is the amount of Import of Wheat in 2019, 2020, or 2021 or of Export of Wheat in 2019 or 2020?"},
{"name": "template 4",
 "sql": "SELECT sum(Value),max(Value) FROM DBdata WHERE ((Import_Export = 'Import' AND Year = '2019') OR (Import_Export = 'Export' AND Year = '2020') OR (Import_Export = 'Import' AND Year = '2021') OR (Import_Export = 'Export' AND Year = '2021')) AND ((Category = 'Dairy' AND Item = 'Yoghurt'))",
 "sqlResult": "{1784 | 881}",
 "nlq": "What are the total and maximum amounts of Import of Yoghurt in 2019 or 2021 or of Export of Yoghurt in 2020 or 2021?"},
{"name": "template 5",
 "sql": "SELECT avg(Value) FROM DBdata WHERE (Import_Export IN ('Import','Export')) AND ((Category = 'Dairy' AND Item = 'Yoghurt'))",
 "sqlResult": "{475.83}",
 "nlq": "What is the average amount of Export or Import of Yoghurt?"},
{"name": "template 6",
 "sql": "SELECT Value FROM DBdata WHERE ((Import_Export = 'Import' AND Year = '2019') OR (Import_Export = 'Export' AND Year = '2019') OR (Import_Export = 'Export' AND Year = '2020') OR (Import_Export = 'Export' AND Year = '2021')) AND ((Category = 'Cereals' AND Item = 'Wheat') OR (Category = 'Cereals' AND Item = 'Soybeans') OR (Category = 'Dairy' AND Item = 'Cream') OR (Category = 'Dairy' AND Item = 'Cheese'))",
 "sqlResult": "{958} || {37} || {792} || {558} || {780} || {729} || {265} || {564} || {340} || {370} || {954} || {21} || {541} || {399} || {997} || {685}",
 "nlq": "What is the amount of Export or Import of Cheese, Cream, Soybeans, or Wheat in 2019 or of Export of Cheese, Cream, Soybeans, or Wheat in 2020 or 2021?"},
{"name": "template 7",
 "sql": "SELECT max(Value),min(Value) FROM DBdata WHERE ((Import_Export = 'Export' AND Year = '2021')) AND ((Category = 'Cereals' AND Item = 'Wheat') OR (Category = 'Cereals' AND Item = 'Soybeans') OR (Category = 'Dairy' AND Item = 'Cream') OR (Category = 'Dairy' AND Item = 'Cheese'))",
 "sqlResult": "{685 | 21}",
 "nlq": "What are the maximum and minimum amounts of Export of Cheese, Cream, Soybeans, or Wheat in 2021?"},
{"name": "template 8",
 "sql": "SELECT Import_Export,Year,sum(Value),min(Value) FROM DBdata WHERE ((Import_Export = 'Import' AND Year = '2019') OR (Import_Export = 'Export' AND Year = '2019') OR (Import_Export = 'Import' AND Year = '2020') OR (Import_Export = 'Import' AND Year = '2021') OR (Import_Export = 'Export' AND Year = '2021')) AND ((Category = 'Cereals' AND Item = 'Wheat') OR (Category = 'Dairy' AND Item = 'Cheese')) GROUP BY Import_Export,Year",
 "sqlResult": "{Export | 2019 | 436 | 37} || {Export | 2021 | 1243 | 558} || {Import | 2019 | 1499 | 541} || {Import | 2020 | 784 | 329} || {Import | 2021 | 1212 | 423}",
 "nlq": "What are the total and minimum amounts for each Import-Export and Year, of Import of Cheese or Wheat in 2019, 2020, or 2021 or of Export of Cheese or Wheat in 2019 or 2021? Please, report the corresponding Import-Export and Year."},
{"name": "template 9",
 "sql": "SELECT min(Value) FROM DBdata WHERE ((Import_Export = 'Import' AND Year = '2019')) AND (Category IN ('Cereals','Dairy')) GROUP BY Category",
 "sqlResult": "{780} || {156}",
 "nlq": "What is the minimum amount for each Category, of Import of Cereals or Dairy in 2019?"},
{"name": "template 10",
 "sql": "SELECT Category,max(Value) FROM DBdata WHERE ((Import_Export = 'Export' AND Year = '2021')) AND (Category IN ('Cereals','Dairy')) GROUP BY Category",
 "sqlResult": "{Cereals | 564} || {Dairy | 731}",
 "nlq": "What is the maximum amount for each Category, of Export of Cereals or Dairy in 2021? Please, report the corresponding Category."},
{"name": "template 11",
 "sql": "SELECT Category,Import_Export,Year,avg(Value) FROM DBdata WHERE ((Import_Export = 'Export' AND Year = '2019') OR (Import_Export = 'Export' AND Year = '2020')) AND (Category IN ('Cereals','Dairy')) GROUP BY Category,Import_Export,Year",
 "sqlResult": "{Cereals | Export | 2019 | 383} || {Cereals | Export | 2020 | 528.5} || {Dairy | Export | 2019 | 585.33} || {Dairy | Export | 2020 | 655.67}",
 "nlq": "What is the average amount for each Category, Import-Export, and Year, of Export of Cereals or Dairy in 2019 or 2020? Please, report the corresponding Category, Import-Export, and Year."},
{"name": "template 12",
 "sql": "SELECT Value FROM DBdata WHERE ((Import_Export = 'Export' AND Year = '2021')) AND (Category IN ('Cereals','Dairy')) ORDER BY VALUE ASC LIMIT 4",
 "sqlResult": "{21} || {558} || {564} || {685}",
 "nlq": "What are the bottom 4 amounts of Export of Cereals or Dairy in 2021?"},
{"name": "template 13",
 "sql": "SELECT Value FROM DBdata WHERE ((Import_Export = 'Import' AND Year = '2019')) AND (Category IN ('Cereals','Dairy')) ORDER BY VALUE ASC",
 "sqlResult": "{156} || {340} || {541} || {780} || {958}",
 "nlq": "What are the amounts ordered by increasing values of Import of Cereals or Dairy in 2019?"},
{"name": "template 14",
 "sql": "SELECT Category,Item FROM DBdata WHERE ((Import_Export = 'Import' AND Year = '2019')) AND Value < 549.37",
 "sqlResult": "{Dairy | Cream} || {Dairy | Cheese} || {Dairy | Yoghurt}",
 "nlq": "What are the Category and Item for which the amount of Import in 2019 is lower than 549.37?"},
{"name": "template 15",
 "sql": "SELECT Category,Item,Value FROM DBdata WHERE ((Import_Export = 'Export' AND Year = '2019')) AND (Category,Item) IN (SELECT Category,Item FROM DBdata WHERE ((Import_Export = 'Import' AND Year = '2019')) AND Value < 549.37)",
 "sqlResult": "{Dairy | Cream | 370} || {Dairy | Cheese | 399} || {Dairy | Yoghurt | 987}",
 "nlq": "What is the amount of Export in 2019 of Category and of Item for which the amount of Import in 2019 is lower than 549.37? Please, report the corresponding Category, Item, and amount of import-export."}]
}
