{
"filename": "Food_import-export_in_tons_set147_5_DB.csv",
"questions": [{"name": "template 1",
 "sql": "SELECT Value FROM DBdata WHERE ((Import_Export = 'Export' AND Year = '2021' AND Quarter = 'Q3')) AND ((Category = 'Dairy' AND Item = 'Cheese'))",
 "sqlResult": "{324}",
 "nlq": "What is the amount of Export of Cheese in Q3 of 2021?"},
{"name": "template 2",
 "sql": "SELECT Value FROM DBdata WHERE ((Import_Export = 'Export' AND Year = '2020' AND Quarter = 'Q4')) AND ((Category = 'Meat' AND Item = 'Duck') OR (Category = 'Meat' AND Item = 'Lamb') OR (Category = 'Cereals' AND Item = 'Corn') OR (Category = 'Dairy' AND Item = 'Cream') OR (Category = 'Dairy' AND Item = 'Cheese') OR (Category = 'Dairy' AND Item = 'Yoghurt'))",
 "sqlResult": "{585} || {791} || {477} || {825} || {938} || {863}",
 "nlq": "What is the amount of Export of Cheese, Corn, Cream, Duck, Lamb, or Yoghurt in Q4 of 2020?"},
{"name": "template 3",
 "sql": "SELECT Value FROM DBdata WHERE ((Import_Export = 'Export' AND Year = '2022' AND Quarter = 'Q1') OR (Import_Export = 'Import' AND Year = '2020' AND Quarter = 'Q2') OR (Import_Export = 'Import' AND Year = '2020' AND Quarter = 'Q3') OR (Import_Export = 'Import' AND Year = '2021' AND Quarter = 'Q3') OR (Import_Export = 'Export' AND Year = '2022' AND Quarter = 'Q3') OR (Import_Export = 'Export' AND Year = '2020' AND Quarter = 'Q4') OR (Import_Export = 'Import' AND Year = '2021' AND Quarter = 'Q4')) AND ((Category = 'Meat' AND Item = 'Duck'))",
 "sqlResult": "{372} || {916} || {771} || {58} || {192} || {585} || {918}",
 "nlq": "What is the amount of Export of Duck in Q1 or Q3 of 2022 or Q4 of 2020 or of Import of Duck in Q2 or Q3 of 2020 or Q3 or Q4 of 2021?"},
{"name": "template 4",
 "sql": "SELECT min(Value),max(Value) FROM DBdata WHERE ((Import_Export = 'Import' AND Year = '2021' AND Quarter = 'Q1') OR (Import_Export = 'Export' AND Year = '2021' AND Quarter = 'Q2') OR (Import_Export = 'Import' AND Year = '2021' AND Quarter = 'Q3') OR (Import_Export = 'Import' AND Year = '2022' AND Quarter = 'Q4')) AND ((Category = 'Meat' AND Item = 'Lamb'))",
 "sqlResult": "{15 | 359}",
 "nlq": "What are the minimum and maximum amounts of Import of Lamb in Q1 or Q3 of 2021 or Q4 of 2022 or of Export of Lamb in Q2 of 2021?"},
{"name": "template 6",
 "sql": "SELECT Value FROM DBdata WHERE ((Import_Export = 'Import' AND Year = '2021' AND Quarter = 'Q1') OR (Import_Export = 'Import' AND Year = '2022' AND Quarter = 'Q1') OR (Import_Export = 'Export' AND Year = '2021' AND Quarter = 'Q3') OR (Import_Export = 'Export' AND Year = '2022' AND Quarter = 'Q4')) AND ((Category = 'Cereals' AND Item = 'Corn') OR (Category = 'Dairy' AND Item = 'Cheese') OR (Category = 'Dairy' AND Item = 'Yoghurt'))",
 "sqlResult": "{624} || {545} || {389} || {478} || {152} || {155} || {324} || {381} || {872} || {183} || {24} || {520}",
 "nlq": "What is the amount of Export of Cheese, Corn, or Yoghurt in Q3 of 2021 or Q4 of 2022 or of Import of Cheese, Corn, or Yoghurt in Q1 of 2021 or 2022?"},
{"name": "template 7",
 "sql": "SELECT max(Value),min(Value) FROM DBdata WHERE ((Import_Export = 'Export' AND Year = '2021' AND Quarter = 'Q4')) AND ((Category = 'Cereals' AND Item = 'Corn') OR (Category = 'Cereals' AND Item = 'Oats'))",
 "sqlResult": "{855 | 111}",
 "nlq": "What are the maximum and minimum amounts of Export of Corn or Oats in Q4 of 2021?"},
{"name": "template 8",
 "sql": "SELECT Import_Export,Year,Quarter,min(Value),sum(Value) FROM DBdata WHERE ((Import_Export = 'Export' AND Year = '2022' AND Quarter = 'Q1') OR (Import_Export = 'Export' AND Year = '2020' AND Quarter = 'Q3') OR (Import_Export = 'Export' AND Year = '2021' AND Quarter = 'Q3') OR (Import_Export = 'Import' AND Year = '2021' AND Quarter = 'Q4') OR (Import_Export = 'Import' AND Year = '2022' AND Quarter = 'Q4')) AND ((Category = 'Meat' AND Item = 'Duck') OR (Category = 'Cereals' AND Item = 'Corn')) GROUP BY Import_Export,Year,Quarter",
 "sqlResult": "{Export | 2020 | Q3 | 240 | 596} || {Export | 2021 | Q3 | 389 | 858} || {Export | 2022 | Q1 | 117 | 489} || {Import | 2021 | Q4 | 139 | 1057} || {Import | 2022 | Q4 | 182 | 992}",
 "nlq": "What are the minimum and total amounts for each Import-Export, Year, and Quarter, of Export of Corn or Duck in Q1 of 2022 or Q3 of 2020 or 2021 or of Import of Corn or Duck in Q4 of 2021 or 2022? Please, report the corresponding Import-Export, Year, and Quarter."},
{"name": "template 9",
 "sql": "SELECT min(Value) FROM DBdata WHERE ((Import_Export = 'Export' AND Year = '2020' AND Quarter = 'Q3')) AND (Category IN ('Meat','Cereals','Dairy')) GROUP BY Category",
 "sqlResult": "{356} || {264} || {240}",
 "nlq": "What is the minimum amount for each Category, of Export of Cereals, Dairy, or Meat in Q3 of 2020?"},
{"name": "template 10",
 "sql": "SELECT Category,min(Value) FROM DBdata WHERE ((Import_Export = 'Import' AND Year = '2020' AND Quarter = 'Q4')) AND (Category IN ('Meat','Cereals','Dairy')) GROUP BY Category",
 "sqlResult": "{Cereals | 482} || {Dairy | 110} || {Meat | 340}",
 "nlq": "What is the minimum amount for each Category, of Import of Cereals, Dairy, or Meat in Q4 of 2020? Please, report the corresponding Category."},
{"name": "template 11",
 "sql": "SELECT Category,Import_Export,Year,Quarter,max(Value) FROM DBdata WHERE ((Import_Export = 'Export' AND Year = '2020' AND Quarter = 'Q1') OR (Import_Export = 'Export' AND Year = '2020' AND Quarter = 'Q3') OR (Import_Export = 'Import' AND Year = '2020' AND Quarter = 'Q4')) AND (Category IN ('Meat','Cereals','Dairy')) GROUP BY Category,Import_Export,Year,Quarter",
 "sqlResult": "{Cereals | Export | 2020 | Q1 | 889} || {Cereals | Export | 2020 | Q3 | 959} || {Cereals | Import | 2020 | Q4 | 681} || {Dairy | Export | 2020 | Q1 | 768} || {Dairy | Export | 2020 | Q3 | 994} || {Dairy | Import | 2020 | Q4 | 752} || {Meat | Export | 2020 | Q1 | 688} || {Meat | Export | 2020 | Q3 | 278} || {Meat | Import | 2020 | Q4 | 898}",
 "nlq": "What is the maximum amount for each Category, Import-Export, Year, and Quarter, of Export of Cereals, Dairy, or Meat in Q1 or Q3 of 2020 or of Import of Cereals, Dairy, or Meat in Q4 of 2020? Please, report the corresponding Category, Import-Export, Year, and Quarter."},
{"name": "template 12",
 "sql": "SELECT Value FROM DBdata WHERE ((Import_Export = 'Import' AND Year = '2021' AND Quarter = 'Q1')) AND (Category IN ('Cereals','Dairy')) ORDER BY VALUE DESC LIMIT 4",
 "sqlResult": "{872} || {653} || {624} || {592}",
 "nlq": "What are the top 4 amounts of Import of Cereals or Dairy in Q1 of 2021?"},
{"name": "template 13",
 "sql": "SELECT Value FROM DBdata WHERE ((Import_Export = 'Export' AND Year = '2020' AND Quarter = 'Q2')) AND (Category IN ('Meat','Dairy')) ORDER BY VALUE ASC",
 "sqlResult": "{334} || {364} || {444} || {695} || {961}",
 "nlq": "What are the amounts ordered by increasing values of Export of Dairy or Meat in Q2 of 2020?"},
{"name": "template 14",
 "sql": "SELECT Category,Item FROM DBdata WHERE ((Import_Export = 'Import' AND Year = '2022' AND Quarter = 'Q1')) AND Value > 505.03",
 "sqlResult": "{Meat | Duck} || {Meat | Lamb} || {Cereals | Corn} || {Cereals | Oats} || {Cereals | Rice} || {Dairy | Cream}",
 "nlq": "What are the Category and Item for which the amount of Import in Q1 of 2022 is greater than 505.03?"},
{"name": "template 15",
 "sql": "SELECT Category,Item,Value FROM DBdata WHERE ((Import_Export = 'Export' AND Year = '2020' AND Quarter = 'Q4')) AND (Category,Item) IN (SELECT Category,Item FROM DBdata WHERE ((Import_Export = 'Import' AND Year = '2022' AND Quarter = 'Q1')) AND Value > 505.03)",
 "sqlResult": "{Meat | Duck | 585} || {Meat | Lamb | 791} || {Cereals | Corn | 477} || {Cereals | Oats | 802} || {Cereals | Rice | 87} || {Dairy | Cream | 825}",
 "nlq": "What is the amount of Export in Q4 of 2020 of Category and of Item for which the amount of Import in Q1 of 2022 is greater than 505.03? Please, report the corresponding Category, Item, and amount of import-export."}]
}
