{
"filename": "Food_import-export_in_tons_set147_1_DB.csv",
"questions": [{"name": "template 1",
 "sql": "SELECT Value FROM DBdata WHERE ((Import_Export = 'Import' AND Year = '2019' AND Quarter = 'Q2')) AND ((Category = 'Dairy' AND Item = 'Cream'))",
 "sqlResult": "{792}",
 "nlq": "What is the amount of Import of Cream in Q2 of 2019?"},
{"name": "template 2",
 "sql": "SELECT Value FROM DBdata WHERE ((Import_Export = 'Export' AND Year = '2019' AND Quarter = 'Q1')) AND ((Category = 'Cereals' AND Item = 'Wheat') OR (Category = 'Cereals' AND Item = 'Soybeans') OR (Category = 'Dairy' AND Item = 'Cheese') OR (Category = 'Beverage' AND Item = 'Tea') OR (Category = 'Beverage' AND Item = 'Soda'))",
 "sqlResult": "{12} || {987} || {353} || {475} || {941}",
 "nlq": "What is the amount of Export of Cheese, Soda, Soybeans, Tea, or Wheat in Q1 of 2019?"},
{"name": "template 3",
 "sql": "SELECT Value FROM DBdata WHERE ((Import_Export = 'Export' AND Year = '2019' AND Quarter = 'Q2') OR (Import_Export = 'Import' AND Year = '2021' AND Quarter = 'Q2') OR (Import_Export = 'Export' AND Year = '2021' AND Quarter = 'Q2') OR (Import_Export = 'Import' AND Year = '2021' AND Quarter = 'Q3') OR (Import_Export = 'Import' AND Year = '2020' AND Quarter = 'Q4') OR (Import_Export = 'Export' AND Year = '2020' AND Quarter = 'Q4')) AND ((Category = 'Dairy' AND Item = 'Cream'))",
 "sqlResult": "{724} || {672} || {30} || {916} || {969} || {301}",
 "nlq": "What is the amount of Export of Cream in Q2 of 2019 or 2021, of Import of Cream in Q2 or Q3 of 2021, or of Export or Import of Cream in Q4 of 2020?"},
{"name": "template 4",
 "sql": "SELECT sum(Value),avg(Value) FROM DBdata WHERE ((Import_Export = 'Export' AND Year = '2019' AND Quarter = 'Q1') OR (Import_Export = 'Import' AND Year = '2019' AND Quarter = 'Q3') OR (Import_Export = 'Export' AND Year = '2020' AND Quarter = 'Q3')) AND ((Category = 'Cereals' AND Item = 'Seeds'))",
 "sqlResult": "{2303 | 767.67}",
 "nlq": "What are the total and average amounts of Export of Seeds in Q1 of 2019 or Q3 of 2020 or of Import of Seeds in Q3 of 2019?"},
{"name": "template 6",
 "sql": "SELECT Value FROM DBdata WHERE ((Import_Export = 'Export' AND Year = '2021' AND Quarter = 'Q1') OR (Import_Export = 'Export' AND Year = '2019' AND Quarter = 'Q2') OR (Import_Export = 'Import' AND Year = '2021' AND Quarter = 'Q2') OR (Import_Export = 'Import' AND Year = '2020' AND Quarter = 'Q3') OR (Import_Export = 'Import' AND Year = '2020' AND Quarter = 'Q4')) AND ((Category = 'Cereals' AND Item = 'Wheat') OR (Category = 'Dairy' AND Item = 'Cream') OR (Category = 'Dairy' AND Item = 'Yoghurt'))",
 "sqlResult": "{200} || {212} || {480} || {845} || {68} || {193} || {724} || {672} || {687} || {969} || {658} || {630} || {407} || {40} || {591}",
 "nlq": "What is the amount of Export of Cream, Wheat, or Yoghurt in Q1 of 2021 or Q2 of 2019 or of Import of Cream, Wheat, or Yoghurt in Q2 of 2021 or Q3 or Q4 of 2020?"},
{"name": "template 7",
 "sql": "SELECT sum(Value),min(Value) FROM DBdata WHERE ((Import_Export = 'Import' AND Year = '2020' AND Quarter = 'Q1')) AND ((Category = 'Cereals' AND Item = 'Wheat') OR (Category = 'Dairy' AND Item = 'Yoghurt'))",
 "sqlResult": "{577 | 63}",
 "nlq": "What are the total and minimum amounts of Import of Wheat or Yoghurt in Q1 of 2020?"},
{"name": "template 8",
 "sql": "SELECT Import_Export,Year,Quarter,avg(Value),max(Value) FROM DBdata WHERE ((Import_Export = 'Export' AND Year = '2020' AND Quarter = 'Q1') OR (Import_Export = 'Import' AND Year = '2021' AND Quarter = 'Q1') OR (Import_Export = 'Export' AND Year = '2021' AND Quarter = 'Q3')) AND ((Category = 'Cereals' AND Item = 'Seeds') OR (Category = 'Beverage' AND Item = 'Tea') OR (Category = 'Beverage' AND Item = 'Soda')) GROUP BY Import_Export,Year,Quarter",
 "sqlResult": "{Export | 2020 | Q1 | 547.33 | 735} || {Export | 2021 | Q3 | 488.67 | 629} || {Import | 2021 | Q1 | 613 | 972}",
 "nlq": "What are the average and maximum amounts for each Import-Export, Year, and Quarter, of Export of Seeds, Soda, or Tea in Q1 of 2020 or Q3 of 2021 or of Import of Seeds, Soda, or Tea in Q1 of 2021? Please, report the corresponding Import-Export, Year, and Quarter."},
{"name": "template 9",
 "sql": "SELECT min(Value) FROM DBdata WHERE ((Import_Export = 'Export' AND Year = '2019' AND Quarter = 'Q4')) AND (Category IN ('Cereals','Dairy','Beverage')) GROUP BY Category",
 "sqlResult": "{577} || {152} || {282}",
 "nlq": "What is the minimum amount for each Category, of Export of Beverage, Cereals, or Dairy in Q4 of 2019?"},
{"name": "template 10",
 "sql": "SELECT Category,max(Value) FROM DBdata WHERE ((Import_Export = 'Export' AND Year = '2020' AND Quarter = 'Q1')) AND (Category IN ('Cereals','Dairy','Beverage')) GROUP BY Category",
 "sqlResult": "{Beverage | 735} || {Cereals | 787} || {Dairy | 686}",
 "nlq": "What is the maximum amount for each Category, of Export of Beverage, Cereals, or Dairy in Q1 of 2020? Please, report the corresponding Category."},
{"name": "template 11",
 "sql": "SELECT Category,Import_Export,Year,Quarter,sum(Value) FROM DBdata WHERE ((Import_Export = 'Export' AND Year = '2019' AND Quarter = 'Q4') OR (Import_Export = 'Export' AND Year = '2021' AND Quarter = 'Q4')) AND (Category IN ('Cereals','Dairy','Beverage')) GROUP BY Category,Import_Export,Year,Quarter",
 "sqlResult": "{Beverage | Export | 2019 | Q4 | 1270} || {Beverage | Export | 2021 | Q4 | 1883} || {Cereals | Export | 2019 | Q4 | 708} || {Cereals | Export | 2021 | Q4 | 1139} || {Dairy | Export | 2019 | Q4 | 1304} || {Dairy | Export | 2021 | Q4 | 1074}",
 "nlq": "What is the total amount for each Category, Import-Export, Year, and Quarter, of Export of Beverage, Cereals, or Dairy in Q4 of 2019 or 2021? Please, report the corresponding Category, Import-Export, Year, and Quarter."},
{"name": "template 12",
 "sql": "SELECT Value FROM DBdata WHERE ((Import_Export = 'Import' AND Year = '2021' AND Quarter = 'Q4')) AND (Category IN ('Cereals','Dairy')) ORDER BY VALUE DESC LIMIT 3",
 "sqlResult": "{614} || {387} || {329}",
 "nlq": "What are the top 3 amounts of Import of Cereals or Dairy in Q4 of 2021?"},
{"name": "template 13",
 "sql": "SELECT Value FROM DBdata WHERE ((Import_Export = 'Import' AND Year = '2020' AND Quarter = 'Q1')) AND (Category IN ('Dairy','Beverage')) ORDER BY VALUE DESC",
 "sqlResult": "{678} || {386} || {211} || {169} || {63}",
 "nlq": "What are the amounts ordered by decreasing values of Import of Beverage or Dairy in Q1 of 2020?"},
{"name": "template 14",
 "sql": "SELECT Category,Item FROM DBdata WHERE ((Import_Export = 'Import' AND Year = '2021' AND Quarter = 'Q2')) AND Value < 522.94",
 "sqlResult": "{Cereals | Wheat} || {Dairy | Yoghurt} || {Beverage | Tea} || {Beverage | Soda}",
 "nlq": "What are the Category and Item for which the amount of Import in Q2 of 2021 is lower than 522.94?"},
{"name": "template 15",
 "sql": "SELECT Category,Item,Value FROM DBdata WHERE ((Import_Export = 'Import' AND Year = '2019' AND Quarter = 'Q4')) AND (Category,Item) IN (SELECT Category,Item FROM DBdata WHERE ((Import_Export = 'Import' AND Year = '2021' AND Quarter = 'Q2')) AND Value < 522.94)",
 "sqlResult": "{Cereals | Wheat | 496} || {Dairy | Yoghurt | 583} || {Beverage | Tea | 607} || {Beverage | Soda | 674}",
 "nlq": "What is the amount of Import in Q4 of 2019 of Category and of Item for which the amount of Import in Q2 of 2021 is lower than 522.94? Please, report the corresponding Category, Item, and amount of import-export."}]
}
