{
"filename": "Food_import-export_in_tons_set149_5_DB.csv",
"questions": [{"name": "template 1",
 "sql": "SELECT Value FROM DBdata WHERE ((Import_Export = 'Import' AND Year = '2017' AND Quarter = 'Q2')) AND ((Category = 'Beverage' AND Item = 'Soda'))",
 "sqlResult": "{661}",
 "nlq": "What is the amount of Import of Soda in Q2 of 2017?"},
{"name": "template 2",
 "sql": "SELECT Value FROM DBdata WHERE ((Import_Export = 'Import' AND Year = '2017' AND Quarter = 'Q1')) AND ((Category = 'Cereals' AND Item = 'Rice') OR (Category = 'Cereals' AND Item = 'Seeds') OR (Category = 'Dairy' AND Item = 'Cream') OR (Category = 'Dairy' AND Item = 'Cheese') OR (Category = 'Beverage' AND Item = 'Tea') OR (Category = 'Beverage' AND Item = 'Soda'))",
 "sqlResult": "{965} || {790} || {191} || {362} || {853} || {112}",
 "nlq": "What is the amount of Import of Cheese, Cream, Rice, Seeds, Soda, or Tea in Q1 of 2017?"},
{"name": "template 3",
 "sql": "SELECT Value FROM DBdata WHERE ((Import_Export = 'Export' AND Year = '2017' AND Quarter = 'Q1') OR (Import_Export = 'Export' AND Year = '2018' AND Quarter = 'Q3')) AND ((Category = 'Dairy' AND Item = 'Cream'))",
 "sqlResult": "{538} || {612}",
 "nlq": "What is the amount of Export of Cream in Q1 of 2017 or Q3 of 2018?"},
{"name": "template 4",
 "sql": "SELECT sum(Value),max(Value) FROM DBdata WHERE ((Import_Export = 'Import' AND Year = '2017' AND Quarter = 'Q1') OR (Import_Export = 'Import' AND Year = '2018' AND Quarter = 'Q1') OR (Import_Export = 'Export' AND Year = '2017' AND Quarter = 'Q2') OR (Import_Export = 'Export' AND Year = '2018' AND Quarter = 'Q2') OR (Import_Export = 'Import' AND Year = '2017' AND Quarter = 'Q3') OR (Import_Export = 'Export' AND Year = '2017' AND Quarter = 'Q3') OR (Import_Export = 'Import' AND Year = '2018' AND Quarter = 'Q3') OR (Import_Export = 'Import' AND Year = '2017' AND Quarter = 'Q4') OR (Import_Export = 'Export' AND Year = '2017' AND Quarter = 'Q4') OR (Import_Export = 'Import' AND Year = '2018' AND Quarter = 'Q4')) AND ((Category = 'Dairy' AND Item = 'Cream'))",
 "sqlResult": "{4233 | 967}",
 "nlq": "What are the total and maximum amounts of Export of Cream in Q2 of 2018 or Q2, Q3, or Q4 of 2017 or of Import of Cream in Q1, Q3, or Q4 of 2017 or 2018?"},
{"name": "template 6",
 "sql": "SELECT Value FROM DBdata WHERE ((Import_Export = 'Export' AND Year = '2017' AND Quarter = 'Q1') OR (Import_Export = 'Export' AND Year = '2017' AND Quarter = 'Q3') OR (Import_Export = 'Import' AND Year = '2018' AND Quarter = 'Q3')) AND ((Category = 'Cereals' AND Item = 'Seeds') OR (Category = 'Dairy' AND Item = 'Cheese'))",
 "sqlResult": "{846} || {996} || {892} || {366} || {257} || {68}",
 "nlq": "What is the amount of Export of Cheese or Seeds in Q1 or Q3 of 2017 or of Import of Cheese or Seeds in Q3 of 2018?"},
{"name": "template 7",
 "sql": "SELECT min(Value),max(Value) FROM DBdata WHERE ((Import_Export = 'Import' AND Year = '2017' AND Quarter = 'Q2')) AND ((Category = 'Cereals' AND Item = 'Rice') OR (Category = 'Cereals' AND Item = 'Seeds') OR (Category = 'Dairy' AND Item = 'Cheese'))",
 "sqlResult": "{262 | 716}",
 "nlq": "What are the minimum and maximum amounts of Import of Cheese, Rice, or Seeds in Q2 of 2017?"},
{"name": "template 8",
 "sql": "SELECT Import_Export,Year,Quarter,max(Value),min(Value) FROM DBdata WHERE ((Import_Export = 'Import' AND Year = '2018' AND Quarter = 'Q1') OR (Import_Export = 'Import' AND Year = '2017' AND Quarter = 'Q2') OR (Import_Export = 'Export' AND Year = '2017' AND Quarter = 'Q2') OR (Import_Export = 'Export' AND Year = '2017' AND Quarter = 'Q3')) AND ((Category = 'Cereals' AND Item = 'Rice') OR (Category = 'Cereals' AND Item = 'Seeds')) GROUP BY Import_Export,Year,Quarter",
 "sqlResult": "{Export | 2017 | Q2 | 943 | 702} || {Export | 2017 | Q3 | 996 | 643} || {Import | 2017 | Q2 | 716 | 341} || {Import | 2018 | Q1 | 582 | 377}",
 "nlq": "What are the maximum and minimum amounts for each Import-Export, Year, and Quarter, of Import of Rice or Seeds in Q1 of 2018, of Export or Import of Rice or Seeds in Q2 of 2017, or of Export of Rice or Seeds in Q3 of 2017? Please, report the corresponding Import-Export, Year, and Quarter."},
{"name": "template 9",
 "sql": "SELECT min(Value) FROM DBdata WHERE ((Import_Export = 'Export' AND Year = '2017' AND Quarter = 'Q3')) AND (Category IN ('Cereals','Dairy','Beverage')) GROUP BY Category",
 "sqlResult": "{448} || {643} || {257}",
 "nlq": "What is the minimum amount for each Category, of Export of Beverage, Cereals, or Dairy in Q3 of 2017?"},
{"name": "template 10",
 "sql": "SELECT Category,sum(Value) FROM DBdata WHERE ((Import_Export = 'Export' AND Year = '2018' AND Quarter = 'Q1')) AND (Category IN ('Cereals','Dairy','Beverage')) GROUP BY Category",
 "sqlResult": "{Beverage | 640} || {Cereals | 1348} || {Dairy | 1831}",
 "nlq": "What is the total amount for each Category, of Export of Beverage, Cereals, or Dairy in Q1 of 2018? Please, report the corresponding Category."},
{"name": "template 11",
 "sql": "SELECT Category,Import_Export,Year,Quarter,max(Value) FROM DBdata WHERE ((Import_Export = 'Export' AND Year = '2017' AND Quarter = 'Q2') OR (Import_Export = 'Import' AND Year = '2018' AND Quarter = 'Q3')) AND (Category IN ('Cereals','Dairy','Beverage')) GROUP BY Category,Import_Export,Year,Quarter",
 "sqlResult": "{Beverage | Export | 2017 | Q2 | 928} || {Beverage | Import | 2018 | Q3 | 955} || {Cereals | Export | 2017 | Q2 | 943} || {Cereals | Import | 2018 | Q3 | 892} || {Dairy | Export | 2017 | Q2 | 311} || {Dairy | Import | 2018 | Q3 | 239}",
 "nlq": "What is the maximum amount for each Category, Import-Export, Year, and Quarter, of Export of Beverage, Cereals, or Dairy in Q2 of 2017 or of Import of Beverage, Cereals, or Dairy in Q3 of 2018? Please, report the corresponding Category, Import-Export, Year, and Quarter."},
{"name": "template 12",
 "sql": "SELECT Value FROM DBdata WHERE ((Import_Export = 'Export' AND Year = '2017' AND Quarter = 'Q3')) AND (Category IN ('Cereals','Beverage')) ORDER BY VALUE DESC LIMIT 3",
 "sqlResult": "{996} || {836} || {643}",
 "nlq": "What are the top 3 amounts of Export of Beverage or Cereals in Q3 of 2017?"},
{"name": "template 13",
 "sql": "SELECT Value FROM DBdata WHERE ((Import_Export = 'Export' AND Year = '2017' AND Quarter = 'Q2')) AND (Category IN ('Cereals','Beverage')) ORDER BY VALUE DESC",
 "sqlResult": "{943} || {928} || {702} || {543}",
 "nlq": "What are the amounts ordered by decreasing values of Export of Beverage or Cereals in Q2 of 2017?"},
{"name": "template 14",
 "sql": "SELECT Category,Item FROM DBdata WHERE ((Import_Export = 'Import' AND Year = '2018' AND Quarter = 'Q2')) AND Value < 555.21",
 "sqlResult": "{Dairy | Cheese} || {Beverage | Soda}",
 "nlq": "What are the Category and Item for which the amount of Import in Q2 of 2018 is lower than 555.21?"},
{"name": "template 15",
 "sql": "SELECT Category,Item,Value FROM DBdata WHERE ((Import_Export = 'Import' AND Year = '2018' AND Quarter = 'Q3')) AND (Category,Item) IN (SELECT Category,Item FROM DBdata WHERE ((Import_Export = 'Import' AND Year = '2018' AND Quarter = 'Q2')) AND Value < 555.21)",
 "sqlResult": "{Dairy | Cheese | 68} || {Beverage | Soda | 955}",
 "nlq": "What is the amount of Import in Q3 of 2018 of Category and of Item for which the amount of Import in Q2 of 2018 is lower than 555.21? Please, report the corresponding Category, Item, and amount of import-export."}]
}
