{
"filename": "Food_import-export_in_tons_set135_2_DB.csv",
"questions": [{"name": "template 1",
 "sql": "SELECT Value FROM DBdata WHERE ((AA = 'AAgs' AND BB = 'BBgn')) AND ((CC = 'CCbp' AND DD = 'DDlm'))",
 "sqlResult": "{235}",
 "nlq": "What is the amount of AAgs of DDlm in BBgn?"},
{"name": "template 2",
 "sql": "SELECT Value FROM DBdata WHERE ((AA = 'AAfs' AND BB = 'BBgn')) AND ((CC = 'CCbp' AND DD = 'DDlm') OR (CC = 'CCbp' AND DD = 'DDfy'))",
 "sqlResult": "{33} || {915}",
 "nlq": "What is the amount of AAfs of DDlm or DDfy in BBgn?"},
{"name": "template 3",
 "sql": "SELECT Value FROM DBdata WHERE ((AA = 'AAfs' AND BB = 'BBgn') OR (AA = 'AAgs' AND BB = 'BBgn') OR (AA = 'AAfs' AND BB = 'BBnt') OR (AA = 'AAgs' AND BB = 'BBnt')) AND ((CC = 'CChj' AND DD = 'DDls'))",
 "sqlResult": "{162} || {709} || {899} || {177}",
 "nlq": "What is the amount of AAgs or AAfs of DDls in BBgn or BBnt?"},
{"name": "template 4",
 "sql": "SELECT min(Value),max(Value) FROM DBdata WHERE ((AA = 'AAfs' AND BB = 'BBgn') OR (AA = 'AAfs' AND BB = 'BBnt')) AND ((CC = 'CCbp' AND DD = 'DDlm'))",
 "sqlResult": "{33 | 511}",
 "nlq": "What are the minimum and maximum amounts of AAfs of DDlm in BBgn or BBnt?"},
{"name": "template 5",
 "sql": "SELECT avg(Value) FROM DBdata WHERE (AA IN ('AAfs','AAgs')) AND ((CC = 'CChj' AND DD = 'DDls'))",
 "sqlResult": "{486.75}",
 "nlq": "What is the average amount of AAgs or AAfs of DDls?"},
{"name": "template 6",
 "sql": "SELECT Value FROM DBdata WHERE ((AA = 'AAfs' AND BB = 'BBgn') OR (AA = 'AAfs' AND BB = 'BBnt') OR (AA = 'AAgs' AND BB = 'BBnt')) AND ((CC = 'CChj' AND DD = 'DDls') OR (CC = 'CChj' AND DD = 'DDtx') OR (CC = 'CChj' AND DD = 'DDwx') OR (CC = 'CCbp' AND DD = 'DDlm'))",
 "sqlResult": "{162} || {899} || {177} || {814} || {956} || {958} || {315} || {641} || {410} || {33} || {511} || {130}",
 "nlq": "What is the amount of AAfs of DDwx, DDls, DDtx, or DDlm in BBgn or BBnt or of AAgs of DDwx, DDls, DDtx, or DDlm in BBnt?"},
{"name": "template 7",
 "sql": "SELECT max(Value),sum(Value) FROM DBdata WHERE ((AA = 'AAfs' AND BB = 'BBgn')) AND ((CC = 'CChj' AND DD = 'DDls') OR (CC = 'CChj' AND DD = 'DDtx') OR (CC = 'CChj' AND DD = 'DDwx') OR (CC = 'CCbp' AND DD = 'DDfy'))",
 "sqlResult": "{915 | 2206}",
 "nlq": "What are the maximum and total amounts of AAfs of DDwx, DDls, DDtx, or DDfy in BBgn?"},
{"name": "template 8",
 "sql": "SELECT AA,BB,avg(Value),min(Value) FROM DBdata WHERE ((AA = 'AAfs' AND BB = 'BBgn') OR (AA = 'AAgs' AND BB = 'BBgn') OR (AA = 'AAfs' AND BB = 'BBnt') OR (AA = 'AAgs' AND BB = 'BBnt')) AND ((CC = 'CChj' AND DD = 'DDls') OR (CC = 'CChj' AND DD = 'DDtx') OR (CC = 'CChj' AND DD = 'DDwx') OR (CC = 'CCbp' AND DD = 'DDlm') OR (CC = 'CCbp' AND DD = 'DDfy')) GROUP BY AA,BB",
 "sqlResult": "{AAgs | BBgn | 514.2 | 235} || {AAgs | BBnt | 507.8 | 130} || {AAfs | BBgn | 447.8 | 33} || {AAfs | BBnt | 715.6 | 511}",
 "nlq": "What are the average and minimum amounts for each AAfs-AAgs and BB, of AAgs or AAfs of DDwx, DDls, DDtx, DDlm, or DDfy in BBgn or BBnt? Please, report the corresponding AAfs-AAgs and BB."},
{"name": "template 9",
 "sql": "SELECT min(Value) FROM DBdata WHERE ((AA = 'AAgs' AND BB = 'BBgn')) AND (CC IN ('CChj','CCbp')) GROUP BY CC",
 "sqlResult": "{235} || {458}",
 "nlq": "What is the minimum amount for each CC, of AAgs of CCbp or CChj in BBgn?"},
{"name": "template 10",
 "sql": "SELECT CC,max(Value) FROM DBdata WHERE ((AA = 'AAgs' AND BB = 'BBnt')) AND (CC IN ('CChj','CCbp')) GROUP BY CC",
 "sqlResult": "{CCbp | 864} || {CChj | 958}",
 "nlq": "What is the maximum amount for each CC, of AAgs of CCbp or CChj in BBnt? Please, report the corresponding CC."},
{"name": "template 11",
 "sql": "SELECT CC,AA,BB,max(Value) FROM DBdata WHERE ((AA = 'AAfs' AND BB = 'BBnt') OR (AA = 'AAgs' AND BB = 'BBnt')) AND (CC IN ('CChj','CCbp')) GROUP BY CC,AA,BB",
 "sqlResult": "{CCbp | AAgs | BBnt | 864} || {CCbp | AAfs | BBnt | 571} || {CChj | AAgs | BBnt | 958} || {CChj | AAfs | BBnt | 956}",
 "nlq": "What is the maximum amount for each CC, AAfs-AAgs, and BB, of AAgs or AAfs of CCbp or CChj in BBnt? Please, report the corresponding CC, AAfs-AAgs, and BB."},
{"name": "template 12",
 "sql": "SELECT Value FROM DBdata WHERE ((AA = 'AAfs' AND BB = 'BBnt')) AND (CC IN ('CChj','CCbp')) ORDER BY VALUE DESC LIMIT 2",
 "sqlResult": "{956} || {899}",
 "nlq": "What are the top 2 amounts of AAfs of CCbp or CChj in BBnt?"},
{"name": "template 13",
 "sql": "SELECT Value FROM DBdata WHERE ((AA = 'AAfs' AND BB = 'BBgn')) AND (CC IN ('CChj','CCbp')) ORDER BY VALUE ASC",
 "sqlResult": "{33} || {162} || {315} || {814} || {915}",
 "nlq": "What are the amounts ordered by increasing values of AAfs of CCbp or CChj in BBgn?"},
{"name": "template 14",
 "sql": "SELECT CC,DD FROM DBdata WHERE ((AA = 'AAfs' AND BB = 'BBnt')) AND Value > 546.35",
 "sqlResult": "{CChj | DDls} || {CChj | DDtx} || {CChj | DDwx} || {CCbp | DDfy}",
 "nlq": "What are the CC and DD for which the amount of AAfs in BBnt is greater than 546.35?"},
{"name": "template 15",
 "sql": "SELECT CC,DD,Value FROM DBdata WHERE ((AA = 'AAgs' AND BB = 'BBgn')) AND (CC,DD) IN (SELECT CC,DD FROM DBdata WHERE ((AA = 'AAfs' AND BB = 'BBnt')) AND Value > 546.35)",
 "sqlResult": "{CChj | DDls | 709} || {CChj | DDtx | 536} || {CChj | DDwx | 458} || {CCbp | DDfy | 633}",
 "nlq": "What is the amount of AAgs in BBgn of CC and of DD for which the amount of AAfs in BBnt is greater than 546.35? Please, report the corresponding CC, DD, and amount of import-export."}]
}

