Import-Export,Year,Category,Item,Value
Import_Export,Year,Category,Item,Value
Import,2020,Dairy,Cream,990
Export,2020,Dairy,Cream,60
Import,2021,Dairy,Cream,159
Export,2021,Dairy,Cream,14
Import,2022,Dairy,Cream,209
Export,2022,Dairy,Cream,478
Import,2020,Dairy,Cheese,745
Export,2020,Dairy,Cheese,902
Import,2021,Dairy,Cheese,672
Export,2021,Dairy,Cheese,566
Import,2022,Dairy,Cheese,391
Export,2022,Dairy,Cheese,69
Import,2020,Beverage,Tea,301
Export,2020,Beverage,Tea,427
Import,2021,Beverage,Tea,462
Export,2021,Beverage,Tea,838
Import,2022,Beverage,Tea,717
Export,2022,Beverage,Tea,57
Import,2020,Beverage,Soda,276
Export,2020,Beverage,Soda,783
Import,2021,Beverage,Soda,740
Export,2021,Beverage,Soda,763
Import,2022,Beverage,Soda,416
Export,2022,Beverage,Soda,12
Import,2020,Beverage,Juice,227
Export,2020,Beverage,Juice,538
Import,2021,Beverage,Juice,930
Export,2021,Beverage,Juice,633
Import,2022,Beverage,Juice,594
Export,2022,Beverage,Juice,256
