AAfl-AAhx,BB,CC,DD,Value
AA,BB,CC,DD,Value
AAfl,BBjp,CCdk,DDfv,120
AAhx,BBjp,CCdk,DDfv,958
AAfl,BBbt,CCdk,DDfv,627
AAhx,BBbt,CCdk,DDfv,979
AAfl,BBjp,CCdk,DDsz,819
AAhx,BBjp,CCdk,DDsz,473
AAfl,BBbt,CCdk,DDsz,172
AAhx,BBbt,CCdk,DDsz,662
AAfl,BBjp,CCdk,DDct,208
AAhx,BBjp,CCdk,DDct,303
AAfl,BBbt,CCdk,DDct,920
AAhx,BBbt,CCdk,DDct,456
AAfl,BBjp,CCbr,DDkn,922
AAhx,BBjp,CCbr,DDkn,79
AAfl,BBbt,CCbr,DDkn,414
AAhx,BBbt,CCbr,DDkn,197
AAfl,BBjp,CCbr,DDbj,54
AAhx,BBjp,CCbr,DDbj,519
AAfl,BBbt,CCbr,DDbj,73
AAhx,BBbt,CCbr,DDbj,754

