{
"filename": "Food_import-export_in_tons_set145_3_DB.csv",
"questions": [{"name": "template 1",
 "sql": "SELECT Value FROM DBdata WHERE ((AA = 'AAcrw' AND BB = 'BBlqt' AND CC = 'CCdgp')) AND ((DD = 'DDbdz' AND EE = 'EEdgz'))",
 "sqlResult": "{175}",
 "nlq": "What is the amount of AAcrw of EEdgz in CCdgp of BBlqt?"},
{"name": "template 2",
 "sql": "SELECT Value FROM DBdata WHERE ((AA = 'AAchl' AND BB = 'BBbfz' AND CC = 'CCdht')) AND ((DD = 'DDdsw' AND EE = 'EEdpr') OR (DD = 'DDdsw' AND EE = 'EEmtw') OR (DD = 'DDflx' AND EE = 'EEhjq') OR (DD = 'DDflx' AND EE = 'EEjsv') OR (DD = 'DDbdz' AND EE = 'EEcfm'))",
 "sqlResult": "{74} || {843} || {773} || {683} || {247}",
 "nlq": "What is the amount of AAchl of EEhjq, EEjsv, EEmtw, EEcfm, or EEdpr in CCdht of BBbfz?"},
{"name": "template 3",
 "sql": "SELECT Value FROM DBdata WHERE ((AA = 'AAcrw' AND BB = 'BBbfz' AND CC = 'CCdht') OR (AA = 'AAcrw' AND BB = 'BBlqt' AND CC = 'CCnsw') OR (AA = 'AAchl' AND BB = 'BBbfz' AND CC = 'CCnsw') OR (AA = 'AAchl' AND BB = 'BBbfz' AND CC = 'CCdgp') OR (AA = 'AAchl' AND BB = 'BBbfz' AND CC = 'CCfsy')) AND ((DD = 'DDdsw' AND EE = 'EEmtw'))",
 "sqlResult": "{523} || {246} || {876} || {543} || {618}",
 "nlq": "What is the amount of AAcrw of EEmtw in CCdht of BBbfz or CCnsw of BBlqt or of AAchl of EEmtw in CCnsw, CCdgp, or CCfsy of BBbfz?"},
{"name": "template 4",
 "sql": "SELECT max(Value),sum(Value) FROM DBdata WHERE ((AA = 'AAcrw' AND BB = 'BBlqt' AND CC = 'CCdht') OR (AA = 'AAcrw' AND BB = 'BBbfz' AND CC = 'CCdht') OR (AA = 'AAchl' AND BB = 'BBlqt' AND CC = 'CCnsw') OR (AA = 'AAchl' AND BB = 'BBbfz' AND CC = 'CCnsw') OR (AA = 'AAcrw' AND BB = 'BBbfz' AND CC = 'CCnsw') OR (AA = 'AAchl' AND BB = 'BBlqt' AND CC = 'CCdgp') OR (AA = 'AAcrw' AND BB = 'BBlqt' AND CC = 'CCdgp') OR (AA = 'AAcrw' AND BB = 'BBbfz' AND CC = 'CCdgp') OR (AA = 'AAchl' AND BB = 'BBlqt' AND CC = 'CCfsy') OR (AA = 'AAcrw' AND BB = 'BBbfz' AND CC = 'CCfsy')) AND ((DD = 'DDflx' AND EE = 'EEfpy'))",
 "sqlResult": "{934 | 5695}",
 "nlq": "What are the maximum and total amounts of AAcrw of EEfpy in CCdht or CCdgp of BBlqt or CCdht, CCnsw, CCdgp, or CCfsy of BBbfz or of AAchl of EEfpy in CCnsw of BBbfz or CCnsw, CCdgp, or CCfsy of BBlqt?"},
{"name": "template 6",
 "sql": "SELECT Value FROM DBdata WHERE ((AA = 'AAcrw' AND BB = 'BBlqt' AND CC = 'CCdht') OR (AA = 'AAchl' AND BB = 'BBbfz' AND CC = 'CCdht')) AND ((DD = 'DDdsw' AND EE = 'EEdpr') OR (DD = 'DDflx' AND EE = 'EEjsv') OR (DD = 'DDbdz' AND EE = 'EEcfm'))",
 "sqlResult": "{734} || {74} || {317} || {683} || {136} || {247}",
 "nlq": "What is the amount of AAcrw of EEjsv, EEcfm, or EEdpr in CCdht of BBlqt or of AAchl of EEjsv, EEcfm, or EEdpr in CCdht of BBbfz?"},
{"name": "template 7",
 "sql": "SELECT sum(Value),min(Value) FROM DBdata WHERE ((AA = 'AAchl' AND BB = 'BBbfz' AND CC = 'CCnsw')) AND ((DD = 'DDdsw' AND EE = 'EEdpr') OR (DD = 'DDbdz' AND EE = 'EEdgz'))",
 "sqlResult": "{48 | 14}",
 "nlq": "What are the total and minimum amounts of AAchl of EEdgz or EEdpr in CCnsw of BBbfz?"},
{"name": "template 8",
 "sql": "SELECT AA,BB,CC,sum(Value),avg(Value) FROM DBdata WHERE ((AA = 'AAcrw' AND BB = 'BBbfz' AND CC = 'CCnsw') OR (AA = 'AAchl' AND BB = 'BBlqt' AND CC = 'CCdgp') OR (AA = 'AAchl' AND BB = 'BBbfz' AND CC = 'CCdgp') OR (AA = 'AAchl' AND BB = 'BBlqt' AND CC = 'CCfsy') OR (AA = 'AAcrw' AND BB = 'BBbfz' AND CC = 'CCfsy')) AND ((DD = 'DDflx' AND EE = 'EEjsv') OR (DD = 'DDflx' AND EE = 'EEfpy')) GROUP BY AA,BB,CC",
 "sqlResult": "{AAcrw | BBbfz | CCnsw | 1425 | 712.5} || {AAcrw | BBbfz | CCfsy | 1009 | 504.5} || {AAchl | BBlqt | CCdgp | 795 | 397.5} || {AAchl | BBlqt | CCfsy | 1596 | 798} || {AAchl | BBbfz | CCdgp | 1040 | 520}",
 "nlq": "What are the total and average amounts for each AAchl-AAcrw, BB, and CC, of AAchl of EEfpy or EEjsv in CCdgp of BBbfz or CCdgp or CCfsy of BBlqt or of AAcrw of EEfpy or EEjsv in CCnsw or CCfsy of BBbfz? Please, report the corresponding AAchl-AAcrw, BB, and CC."},
{"name": "template 9",
 "sql": "SELECT min(Value) FROM DBdata WHERE ((AA = 'AAchl' AND BB = 'BBbfz' AND CC = 'CCdgp')) AND (DD IN ('DDdsw','DDflx','DDbdz')) GROUP BY DD",
 "sqlResult": "{174} || {543} || {316}",
 "nlq": "What is the minimum amount for each DD, of AAchl of DDbdz, DDdsw, or DDflx in CCdgp of BBbfz?"},
{"name": "template 10",
 "sql": "SELECT DD,sum(Value) FROM DBdata WHERE ((AA = 'AAchl' AND BB = 'BBlqt' AND CC = 'CCdht')) AND (DD IN ('DDdsw','DDflx','DDbdz')) GROUP BY DD",
 "sqlResult": "{DDbdz | 816} || {DDdsw | 1247} || {DDflx | 730}",
 "nlq": "What is the total amount for each DD, of AAchl of DDbdz, DDdsw, or DDflx in CCdht of BBlqt? Please, report the corresponding DD."},
{"name": "template 11",
 "sql": "SELECT DD,AA,BB,CC,avg(Value) FROM DBdata WHERE ((AA = 'AAcrw' AND BB = 'BBbfz' AND CC = 'CCdht') OR (AA = 'AAcrw' AND BB = 'BBbfz' AND CC = 'CCdgp') OR (AA = 'AAcrw' AND BB = 'BBbfz' AND CC = 'CCfsy')) AND (DD IN ('DDdsw','DDflx','DDbdz')) GROUP BY DD,AA,BB,CC",
 "sqlResult": "{DDbdz | AAcrw | BBbfz | CCdht | 190.5} || {DDbdz | AAcrw | BBbfz | CCdgp | 926.5} || {DDbdz | AAcrw | BBbfz | CCfsy | 383.5} || {DDdsw | AAcrw | BBbfz | CCdht | 272} || {DDdsw | AAcrw | BBbfz | CCdgp | 804.5} || {DDdsw | AAcrw | BBbfz | CCfsy | 321.5} || {DDflx | AAcrw | BBbfz | CCdht | 459.33} || {DDflx | AAcrw | BBbfz | CCdgp | 129.67} || {DDflx | AAcrw | BBbfz | CCfsy | 363.33}",
 "nlq": "What is the average amount for each DD, AAchl-AAcrw, BB, and CC, of AAcrw of DDbdz, DDdsw, or DDflx in CCdht, CCdgp, or CCfsy of BBbfz? Please, report the corresponding DD, AAchl-AAcrw, BB, and CC."},
{"name": "template 12",
 "sql": "SELECT Value FROM DBdata WHERE ((AA = 'AAchl' AND BB = 'BBbfz' AND CC = 'CCdgp')) AND (DD IN ('DDdsw','DDbdz')) ORDER BY VALUE ASC LIMIT 3",
 "sqlResult": "{174} || {543} || {722}",
 "nlq": "What are the bottom 3 amounts of AAchl of DDbdz or DDdsw in CCdgp of BBbfz?"},
{"name": "template 13",
 "sql": "SELECT Value FROM DBdata WHERE ((AA = 'AAcrw' AND BB = 'BBlqt' AND CC = 'CCdht')) AND (DD IN ('DDdsw','DDflx')) ORDER BY VALUE DESC",
 "sqlResult": "{986} || {734} || {458} || {455} || {317}",
 "nlq": "What are the amounts ordered by decreasing values of AAcrw of DDdsw or DDflx in CCdht of BBlqt?"},
{"name": "template 14",
 "sql": "SELECT DD,EE FROM DBdata WHERE ((AA = 'AAchl' AND BB = 'BBlqt' AND CC = 'CCfsy')) AND Value > 461.26",
 "sqlResult": "{DDdsw | EEdpr} || {DDflx | EEjsv} || {DDflx | EEfpy} || {DDbdz | EEcfm}",
 "nlq": "What are the DD and EE for which the amount of AAchl in CCfsy of BBlqt is greater than 461.26?"},
{"name": "template 15",
 "sql": "SELECT DD,EE,Value FROM DBdata WHERE ((AA = 'AAchl' AND BB = 'BBbfz' AND CC = 'CCdht')) AND (DD,EE) IN (SELECT DD,EE FROM DBdata WHERE ((AA = 'AAchl' AND BB = 'BBlqt' AND CC = 'CCfsy')) AND Value > 461.26)",
 "sqlResult": "{DDdsw | EEdpr | 74} || {DDflx | EEjsv | 683} || {DDflx | EEfpy | 603} || {DDbdz | EEcfm | 247}",
 "nlq": "What is the amount of AAchl in CCdht of BBbfz of DD and of EE for which the amount of AAchl in CCfsy of BBlqt is greater than 461.26? Please, report the corresponding DD, EE, and amount of import-export."}]
}

