Import-Export,Year,Quarter,Category,Item,Value
Import_Export,Year,Quarter,Category,Item,Value
Import,2017,Q1,Meat,Pork,456
Export,2017,Q1,Meat,Pork,176
Import,2018,Q1,Meat,Pork,743
Export,2018,Q1,Meat,Pork,139
Import,2019,Q1,Meat,Pork,431
Export,2019,Q1,Meat,Pork,444
Import,2017,Q2,Meat,Pork,707
Export,2017,Q2,Meat,Pork,217
Import,2018,Q2,Meat,Pork,652
Export,2018,Q2,Meat,Pork,849
Import,2019,Q2,Meat,Pork,208
Export,2019,Q2,Meat,Pork,187
Import,2017,Q3,Meat,Pork,685
Export,2017,Q3,Meat,Pork,839
Import,2018,Q3,Meat,Pork,129
Export,2018,Q3,Meat,Pork,545
Import,2019,Q3,Meat,Pork,168
Export,2019,Q3,Meat,Pork,238
Import,2017,Q4,Meat,Pork,570
Export,2017,Q4,Meat,Pork,175
Import,2018,Q4,Meat,Pork,276
Export,2018,Q4,Meat,Pork,174
Import,2019,Q4,Meat,Pork,465
Export,2019,Q4,Meat,Pork,681
Import,2017,Q1,Meat,Camel,767
Export,2017,Q1,Meat,Camel,434
Import,2018,Q1,Meat,Camel,796
Export,2018,Q1,Meat,Camel,440
Import,2019,Q1,Meat,Camel,327
Export,2019,Q1,Meat,Camel,590
Import,2017,Q2,Meat,Camel,682
Export,2017,Q2,Meat,Camel,248
Import,2018,Q2,Meat,Camel,240
Export,2018,Q2,Meat,Camel,630
Import,2019,Q2,Meat,Camel,475
Export,2019,Q2,Meat,Camel,495
Import,2017,Q3,Meat,Camel,799
Export,2017,Q3,Meat,Camel,845
Import,2018,Q3,Meat,Camel,620
Export,2018,Q3,Meat,Camel,549
Import,2019,Q3,Meat,Camel,324
Export,2019,Q3,Meat,Camel,192
Import,2017,Q4,Meat,Camel,435
Export,2017,Q4,Meat,Camel,41
Import,2018,Q4,Meat,Camel,587
Export,2018,Q4,Meat,Camel,151
Import,2019,Q4,Meat,Camel,227
Export,2019,Q4,Meat,Camel,632
Import,2017,Q1,Meat,Duck,794
Export,2017,Q1,Meat,Duck,868
Import,2018,Q1,Meat,Duck,813
Export,2018,Q1,Meat,Duck,621
Import,2019,Q1,Meat,Duck,824
Export,2019,Q1,Meat,Duck,164
Import,2017,Q2,Meat,Duck,928
Export,2017,Q2,Meat,Duck,87
Import,2018,Q2,Meat,Duck,283
Export,2018,Q2,Meat,Duck,712
Import,2019,Q2,Meat,Duck,122
Export,2019,Q2,Meat,Duck,73
Import,2017,Q3,Meat,Duck,263
Export,2017,Q3,Meat,Duck,870
Import,2018,Q3,Meat,Duck,588
Export,2018,Q3,Meat,Duck,284
Import,2019,Q3,Meat,Duck,910
Export,2019,Q3,Meat,Duck,472
Import,2017,Q4,Meat,Duck,150
Export,2017,Q4,Meat,Duck,298
Import,2018,Q4,Meat,Duck,760
Export,2018,Q4,Meat,Duck,389
Import,2019,Q4,Meat,Duck,349
Export,2019,Q4,Meat,Duck,835
Import,2017,Q1,Cereals,Seeds,531
Export,2017,Q1,Cereals,Seeds,337
Import,2018,Q1,Cereals,Seeds,79
Export,2018,Q1,Cereals,Seeds,121
Import,2019,Q1,Cereals,Seeds,793
Export,2019,Q1,Cereals,Seeds,521
Import,2017,Q2,Cereals,Seeds,902
Export,2017,Q2,Cereals,Seeds,964
Import,2018,Q2,Cereals,Seeds,905
Export,2018,Q2,Cereals,Seeds,155
Import,2019,Q2,Cereals,Seeds,304
Export,2019,Q2,Cereals,Seeds,492
Import,2017,Q3,Cereals,Seeds,601
Export,2017,Q3,Cereals,Seeds,769
Import,2018,Q3,Cereals,Seeds,390
Export,2018,Q3,Cereals,Seeds,350
Import,2019,Q3,Cereals,Seeds,649
Export,2019,Q3,Cereals,Seeds,669
Import,2017,Q4,Cereals,Seeds,970
Export,2017,Q4,Cereals,Seeds,516
Import,2018,Q4,Cereals,Seeds,781
Export,2018,Q4,Cereals,Seeds,201
Import,2019,Q4,Cereals,Seeds,626
Export,2019,Q4,Cereals,Seeds,112
Import,2017,Q1,Cereals,Wheat,720
Export,2017,Q1,Cereals,Wheat,481
Import,2018,Q1,Cereals,Wheat,24
Export,2018,Q1,Cereals,Wheat,749
Import,2019,Q1,Cereals,Wheat,850
Export,2019,Q1,Cereals,Wheat,580
Import,2017,Q2,Cereals,Wheat,710
Export,2017,Q2,Cereals,Wheat,608
Import,2018,Q2,Cereals,Wheat,13
Export,2018,Q2,Cereals,Wheat,574
Import,2019,Q2,Cereals,Wheat,759
Export,2019,Q2,Cereals,Wheat,271
Import,2017,Q3,Cereals,Wheat,429
Export,2017,Q3,Cereals,Wheat,476
Import,2018,Q3,Cereals,Wheat,912
Export,2018,Q3,Cereals,Wheat,676
Import,2019,Q3,Cereals,Wheat,288
Export,2019,Q3,Cereals,Wheat,482
Import,2017,Q4,Cereals,Wheat,803
Export,2017,Q4,Cereals,Wheat,874
Import,2018,Q4,Cereals,Wheat,27
Export,2018,Q4,Cereals,Wheat,469
Import,2019,Q4,Cereals,Wheat,94
Export,2019,Q4,Cereals,Wheat,199
Import,2017,Q1,Dairy,Cream,753
Export,2017,Q1,Dairy,Cream,123
Import,2018,Q1,Dairy,Cream,381
Export,2018,Q1,Dairy,Cream,368
Import,2019,Q1,Dairy,Cream,832
Export,2019,Q1,Dairy,Cream,500
Import,2017,Q2,Dairy,Cream,801
Export,2017,Q2,Dairy,Cream,399
Import,2018,Q2,Dairy,Cream,300
Export,2018,Q2,Dairy,Cream,165
Import,2019,Q2,Dairy,Cream,719
Export,2019,Q2,Dairy,Cream,172
Import,2017,Q3,Dairy,Cream,229
Export,2017,Q3,Dairy,Cream,173
Import,2018,Q3,Dairy,Cream,479
Export,2018,Q3,Dairy,Cream,558
Import,2019,Q3,Dairy,Cream,887
Export,2019,Q3,Dairy,Cream,95
Import,2017,Q4,Dairy,Cream,89
Export,2017,Q4,Dairy,Cream,709
Import,2018,Q4,Dairy,Cream,99
Export,2018,Q4,Dairy,Cream,329
Import,2019,Q4,Dairy,Cream,891
Export,2019,Q4,Dairy,Cream,723
Import,2017,Q1,Dairy,Cheese,191
Export,2017,Q1,Dairy,Cheese,301
Import,2018,Q1,Dairy,Cheese,708
Export,2018,Q1,Dairy,Cheese,817
Import,2019,Q1,Dairy,Cheese,871
Export,2019,Q1,Dairy,Cheese,546
Import,2017,Q2,Dairy,Cheese,16
Export,2017,Q2,Dairy,Cheese,806
Import,2018,Q2,Dairy,Cheese,963
Export,2018,Q2,Dairy,Cheese,533
Import,2019,Q2,Dairy,Cheese,914
Export,2019,Q2,Dairy,Cheese,603
Import,2017,Q3,Dairy,Cheese,944
Export,2017,Q3,Dairy,Cheese,352
Import,2018,Q3,Dairy,Cheese,519
Export,2018,Q3,Dairy,Cheese,895
Import,2019,Q3,Dairy,Cheese,53
Export,2019,Q3,Dairy,Cheese,966
Import,2017,Q4,Dairy,Cheese,178
Export,2017,Q4,Dairy,Cheese,704
Import,2018,Q4,Dairy,Cheese,903
Export,2018,Q4,Dairy,Cheese,66
Import,2019,Q4,Dairy,Cheese,216
Export,2019,Q4,Dairy,Cheese,790
Import,2017,Q1,Dairy,Yoghurt,995
Export,2017,Q1,Dairy,Yoghurt,58
Import,2018,Q1,Dairy,Yoghurt,445
Export,2018,Q1,Dairy,Yoghurt,700
Import,2019,Q1,Dairy,Yoghurt,436
Export,2019,Q1,Dairy,Yoghurt,616
Import,2017,Q2,Dairy,Yoghurt,752
Export,2017,Q2,Dairy,Yoghurt,70
Import,2018,Q2,Dairy,Yoghurt,342
Export,2018,Q2,Dairy,Yoghurt,449
Import,2019,Q2,Dairy,Yoghurt,255
Export,2019,Q2,Dairy,Yoghurt,612
Import,2017,Q3,Dairy,Yoghurt,266
Export,2017,Q3,Dairy,Yoghurt,19
Import,2018,Q3,Dairy,Yoghurt,810
Export,2018,Q3,Dairy,Yoghurt,57
Import,2019,Q3,Dairy,Yoghurt,880
Export,2019,Q3,Dairy,Yoghurt,908
Import,2017,Q4,Dairy,Yoghurt,51
Export,2017,Q4,Dairy,Yoghurt,142
Import,2018,Q4,Dairy,Yoghurt,990
Export,2018,Q4,Dairy,Yoghurt,639
Import,2019,Q4,Dairy,Yoghurt,714
Export,2019,Q4,Dairy,Yoghurt,422
