{
"filename": "Food_import-export_in_tons_set137_4_DB.csv",
"questions": [{"name": "template 1",
 "sql": "SELECT Value FROM DBdata WHERE ((AA = 'AAgj' AND BB = 'BBqw')) AND ((CC = 'CCjn' AND DD = 'DDmx'))",
 "sqlResult": "{909}",
 "nlq": "What is the amount of AAgj of DDmx in BBqw?"},
{"name": "template 2",
 "sql": "SELECT Value FROM DBdata WHERE ((AA = 'AAgj' AND BB = 'BBqw')) AND ((CC = 'CCjn' AND DD = 'DDmx') OR (CC = 'CCjn' AND DD = 'DDhl') OR (CC = 'CCsz' AND DD = 'DDnw'))",
 "sqlResult": "{909} || {858} || {121}",
 "nlq": "What is the amount of AAgj of DDnw, DDmx, or DDhl in BBqw?"},
{"name": "template 3",
 "sql": "SELECT Value FROM DBdata WHERE ((AA = 'AAgj' AND BB = 'BBdq') OR (AA = 'AAcj' AND BB = 'BBdq') OR (AA = 'AAgj' AND BB = 'BBqw') OR (AA = 'AAcj' AND BB = 'BBqw')) AND ((CC = 'CCsz' AND DD = 'DDjt'))",
 "sqlResult": "{866} || {196} || {29} || {27}",
 "nlq": "What is the amount of AAcj or AAgj of DDjt in BBdq or BBqw?"},
{"name": "template 4",
 "sql": "SELECT min(Value),sum(Value) FROM DBdata WHERE ((AA = 'AAgj' AND BB = 'BBdq') OR (AA = 'AAcj' AND BB = 'BBdq') OR (AA = 'AAcj' AND BB = 'BBqw')) AND ((CC = 'CCjn' AND DD = 'DDry'))",
 "sqlResult": "{147 | 1419}",
 "nlq": "What are the minimum and total amounts of AAcj or AAgj of DDry in BBdq or of AAcj of DDry in BBqw?"},
{"name": "template 5",
 "sql": "SELECT avg(Value) FROM DBdata WHERE (AA IN ('AAgj','AAcj')) AND ((CC = 'CCsz' AND DD = 'DDjt'))",
 "sqlResult": "{279.5}",
 "nlq": "What is the average amount of AAcj or AAgj of DDjt?"},
{"name": "template 6",
 "sql": "SELECT Value FROM DBdata WHERE ((AA = 'AAgj' AND BB = 'BBdq') OR (AA = 'AAcj' AND BB = 'BBqw')) AND ((CC = 'CCfl' AND DD = 'DDcl') OR (CC = 'CCsz' AND DD = 'DDjv') OR (CC = 'CCsz' AND DD = 'DDjt'))",
 "sqlResult": "{666} || {37} || {164} || {854} || {866} || {27}",
 "nlq": "What is the amount of AAgj of DDjt, DDjv, or DDcl in BBdq or of AAcj of DDjt, DDjv, or DDcl in BBqw?"},
{"name": "template 7",
 "sql": "SELECT min(Value),avg(Value) FROM DBdata WHERE ((AA = 'AAcj' AND BB = 'BBdq')) AND ((CC = 'CCfl' AND DD = 'DDcl') OR (CC = 'CCjn' AND DD = 'DDry') OR (CC = 'CCjn' AND DD = 'DDmx') OR (CC = 'CCsz' AND DD = 'DDnw'))",
 "sqlResult": "{526 | 634.75}",
 "nlq": "What are the minimum and average amounts of AAcj of DDnw, DDry, DDcl, or DDmx in BBdq?"},
{"name": "template 8",
 "sql": "SELECT AA,BB,avg(Value),min(Value) FROM DBdata WHERE ((AA = 'AAgj' AND BB = 'BBqw') OR (AA = 'AAcj' AND BB = 'BBqw')) AND ((CC = 'CCfl' AND DD = 'DDjl') OR (CC = 'CCjn' AND DD = 'DDry') OR (CC = 'CCsz' AND DD = 'DDnw')) GROUP BY AA,BB",
 "sqlResult": "{AAcj | BBqw | 494.67 | 147} || {AAgj | BBqw | 597 | 121}",
 "nlq": "What are the average and minimum amounts for each AAgj-AAcj and BB, of AAcj or AAgj of DDnw, DDry, or DDjl in BBqw? Please, report the corresponding AAgj-AAcj and BB."},
{"name": "template 9",
 "sql": "SELECT min(Value) FROM DBdata WHERE ((AA = 'AAgj' AND BB = 'BBqw')) AND (CC IN ('CCfl','CCjn','CCsz')) GROUP BY CC",
 "sqlResult": "{793} || {29} || {637}",
 "nlq": "What is the minimum amount for each CC, of AAgj of CCjn, CCsz, or CCfl in BBqw?"},
{"name": "template 10",
 "sql": "SELECT CC,sum(Value) FROM DBdata WHERE ((AA = 'AAcj' AND BB = 'BBdq')) AND (CC IN ('CCfl','CCjn','CCsz')) GROUP BY CC",
 "sqlResult": "{CCjn | 1483} || {CCsz | 959} || {CCfl | 1182}",
 "nlq": "What is the total amount for each CC, of AAcj of CCjn, CCsz, or CCfl in BBdq? Please, report the corresponding CC."},
{"name": "template 11",
 "sql": "SELECT CC,AA,BB,sum(Value) FROM DBdata WHERE ((AA = 'AAcj' AND BB = 'BBdq') OR (AA = 'AAgj' AND BB = 'BBqw')) AND (CC IN ('CCfl','CCjn','CCsz')) GROUP BY CC,AA,BB",
 "sqlResult": "{CCjn | AAcj | BBdq | 1483} || {CCjn | AAgj | BBqw | 2560} || {CCsz | AAcj | BBdq | 959} || {CCsz | AAgj | BBqw | 324} || {CCfl | AAcj | BBdq | 1182} || {CCfl | AAgj | BBqw | 1514}",
 "nlq": "What is the total amount for each CC, AAgj-AAcj, and BB, of AAcj of CCjn, CCsz, or CCfl in BBdq or of AAgj of CCjn, CCsz, or CCfl in BBqw? Please, report the corresponding CC, AAgj-AAcj, and BB."},
{"name": "template 12",
 "sql": "SELECT Value FROM DBdata WHERE ((AA = 'AAgj' AND BB = 'BBqw')) AND (CC IN ('CCfl','CCsz')) ORDER BY VALUE DESC LIMIT 3",
 "sqlResult": "{877} || {637} || {174}",
 "nlq": "What are the top 3 amounts of AAgj of CCsz or CCfl in BBqw?"},
{"name": "template 13",
 "sql": "SELECT Value FROM DBdata WHERE ((AA = 'AAgj' AND BB = 'BBdq')) AND (CC IN ('CCfl','CCsz')) ORDER BY VALUE ASC",
 "sqlResult": "{164} || {576} || {666} || {866} || {971}",
 "nlq": "What are the amounts ordered by increasing values of AAgj of CCsz or CCfl in BBdq?"},
{"name": "template 14",
 "sql": "SELECT CC,DD FROM DBdata WHERE ((AA = 'AAcj' AND BB = 'BBqw')) AND Value > 503.38",
 "sqlResult": "{CCfl | DDjl} || {CCsz | DDjv}",
 "nlq": "What are the CC and DD for which the amount of AAcj in BBqw is greater than 503.38?"},
{"name": "template 15",
 "sql": "SELECT CC,DD,Value FROM DBdata WHERE ((AA = 'AAgj' AND BB = 'BBqw')) AND (CC,DD) IN (SELECT CC,DD FROM DBdata WHERE ((AA = 'AAcj' AND BB = 'BBqw')) AND Value > 503.38)",
 "sqlResult": "{CCfl | DDjl | 877} || {CCsz | DDjv | 174}",
 "nlq": "What is the amount of AAgj in BBqw of CC and of DD for which the amount of AAcj in BBqw is greater than 503.38? Please, report the corresponding CC, DD, and amount of import-export."}]
}

