{
"filename": "Food_import-export_in_tons_set134_2_DB.csv",
"questions": [{"name": "template 1",
 "sql": "SELECT Value FROM DBdata WHERE ((Import_Export = 'Export' AND Year = '2016')) AND ((Category = 'Cereals' AND Item = 'Rice'))",
 "sqlResult": "{390}",
 "nlq": "What is the amount of Export of Rice in 2016?"},
{"name": "template 2",
 "sql": "SELECT Value FROM DBdata WHERE ((Import_Export = 'Import' AND Year = '2016')) AND ((Category = 'Meat' AND Item = 'Beef') OR (Category = 'Meat' AND Item = 'Chicken') OR (Category = 'Cereals' AND Item = 'Corn') OR (Category = 'Cereals' AND Item = 'Oats'))",
 "sqlResult": "{174} || {264} || {920} || {634}",
 "nlq": "What is the amount of Import of Beef, Chicken, Corn, or Oats in 2016?"},
{"name": "template 3",
 "sql": "SELECT Value FROM DBdata WHERE ((Import_Export = 'Import' AND Year = '2015') OR (Import_Export = 'Export' AND Year = '2016')) AND ((Category = 'Cereals' AND Item = 'Oats'))",
 "sqlResult": "{53} || {699}",
 "nlq": "What is the amount of Import of Oats in 2015 or of Export of Oats in 2016?"},
{"name": "template 4",
 "sql": "SELECT sum(Value),max(Value) FROM DBdata WHERE ((Import_Export = 'Import' AND Year = '2015') OR (Import_Export = 'Export' AND Year = '2015') OR (Import_Export = 'Import' AND Year = '2016') OR (Import_Export = 'Export' AND Year = '2016')) AND ((Category = 'Meat' AND Item = 'Beef'))",
 "sqlResult": "{1251 | 610}",
 "nlq": "What are the total and maximum amounts of Export or Import of Beef in 2015 or 2016?"},
{"name": "template 5",
 "sql": "SELECT avg(Value) FROM DBdata WHERE Import_Export = 'Import' AND (Year IN ('2015','2016')) AND ((Category = 'Cereals' AND Item = 'Corn'))",
 "sqlResult": "{711.5}",
 "nlq": "What is the average amount of Import of Corn in 2015 or 2016?"},
{"name": "template 6",
 "sql": "SELECT Value FROM DBdata WHERE ((Import_Export = 'Import' AND Year = '2015') OR (Import_Export = 'Export' AND Year = '2015')) AND ((Category = 'Cereals' AND Item = 'Corn') OR (Category = 'Cereals' AND Item = 'Rice'))",
 "sqlResult": "{503} || {805} || {784} || {233}",
 "nlq": "What is the amount of Export or Import of Corn or Rice in 2015?"},
{"name": "template 7",
 "sql": "SELECT max(Value),sum(Value) FROM DBdata WHERE ((Import_Export = 'Export' AND Year = '2016')) AND ((Category = 'Meat' AND Item = 'Beef') OR (Category = 'Meat' AND Item = 'Chicken'))",
 "sqlResult": "{79 | 104}",
 "nlq": "What are the maximum and total amounts of Export of Beef or Chicken in 2016?"},
{"name": "template 8",
 "sql": "SELECT Import_Export,Year,avg(Value),min(Value) FROM DBdata WHERE ((Import_Export = 'Import' AND Year = '2015') OR (Import_Export = 'Export' AND Year = '2015') OR (Import_Export = 'Import' AND Year = '2016') OR (Import_Export = 'Export' AND Year = '2016')) AND ((Category = 'Meat' AND Item = 'Beef') OR (Category = 'Meat' AND Item = 'Chicken') OR (Category = 'Cereals' AND Item = 'Oats') OR (Category = 'Cereals' AND Item = 'Rice')) GROUP BY Import_Export,Year",
 "sqlResult": "{Export | 2015 | 500.5 | 233} || {Export | 2016 | 298.25 | 25} || {Import | 2015 | 382 | 53} || {Import | 2016 | 423.25 | 174}",
 "nlq": "What are the average and minimum amounts for each Import-Export and Year, of Export or Import of Beef, Chicken, Oats, or Rice in 2015 or 2016? Please, report the corresponding Import-Export and Year."},
{"name": "template 9",
 "sql": "SELECT min(Value) FROM DBdata WHERE ((Import_Export = 'Import' AND Year = '2015')) AND (Category IN ('Meat','Cereals')) GROUP BY Category",
 "sqlResult": "{53} || {81}",
 "nlq": "What is the minimum amount for each Category, of Import of Cereals or Meat in 2015?"},
{"name": "template 10",
 "sql": "SELECT Category,sum(Value) FROM DBdata WHERE ((Import_Export = 'Export' AND Year = '2015')) AND (Category IN ('Meat','Cereals')) GROUP BY Category",
 "sqlResult": "{Cereals | 1741} || {Meat | 1066}",
 "nlq": "What is the total amount for each Category, of Export of Cereals or Meat in 2015? Please, report the corresponding Category."},
{"name": "template 11",
 "sql": "SELECT Category,Import_Export,Year,avg(Value) FROM DBdata WHERE ((Import_Export = 'Export' AND Year = '2015') OR (Import_Export = 'Export' AND Year = '2016')) AND (Category IN ('Meat','Cereals')) GROUP BY Category,Import_Export,Year",
 "sqlResult": "{Cereals | Export | 2015 | 580.33} || {Cereals | Export | 2016 | 441} || {Meat | Export | 2015 | 533} || {Meat | Export | 2016 | 52}",
 "nlq": "What is the average amount for each Category, Import-Export, and Year, of Export of Cereals or Meat in 2015 or 2016? Please, report the corresponding Category, Import-Export, and Year."},
{"name": "template 12",
 "sql": "SELECT Value FROM DBdata WHERE ((Import_Export = 'Import' AND Year = '2016')) AND (Category IN ('Meat','Cereals')) ORDER BY VALUE DESC LIMIT 2",
 "sqlResult": "{920} || {634}",
 "nlq": "What are the top 2 amounts of Import of Cereals or Meat in 2016?"},
{"name": "template 13",
 "sql": "SELECT Value FROM DBdata WHERE ((Import_Export = 'Export' AND Year = '2015')) AND (Category IN ('Meat','Cereals')) ORDER BY VALUE ASC",
 "sqlResult": "{233} || {388} || {678} || {703} || {805}",
 "nlq": "What are the amounts ordered by increasing values of Export of Cereals or Meat in 2015?"},
{"name": "template 14",
 "sql": "SELECT Category,Item FROM DBdata WHERE ((Import_Export = 'Import' AND Year = '2016')) AND Value < 443.9",
 "sqlResult": "{Meat | Beef} || {Meat | Chicken}",
 "nlq": "What are the Category and Item for which the amount of Import in 2016 is lower than 443.9?"},
{"name": "template 15",
 "sql": "SELECT Category,Item,Value FROM DBdata WHERE ((Import_Export = 'Export' AND Year = '2016')) AND (Category,Item) IN (SELECT Category,Item FROM DBdata WHERE ((Import_Export = 'Import' AND Year = '2016')) AND Value < 443.9)",
 "sqlResult": "{Meat | Beef | 79} || {Meat | Chicken | 25}",
 "nlq": "What is the amount of Export in 2016 of Category and of Item for which the amount of Import in 2016 is lower than 443.9? Please, report the corresponding Category, Item, and amount of import-export."}]
}
