{
"filename": "Food_import-export_in_tons_set149_1_DB.csv",
"questions": [{"name": "template 1",
 "sql": "SELECT Value FROM DBdata WHERE ((AA = 'AAlmv' AND BB = 'BBbhq' AND CC = 'CCjrs')) AND ((DD = 'DDgtv' AND EE = 'EEcqt'))",
 "sqlResult": "{440}",
 "nlq": "What is the amount of AAlmv of EEcqt in CCjrs of BBbhq?"},
{"name": "template 2",
 "sql": "SELECT Value FROM DBdata WHERE ((AA = 'AAlmv' AND BB = 'BBhky' AND CC = 'CCfpr')) AND ((DD = 'DDnqy' AND EE = 'EEfkw') OR (DD = 'DDnqy' AND EE = 'EEnpt'))",
 "sqlResult": "{82} || {842}",
 "nlq": "What is the amount of AAlmv of EEfkw or EEnpt in CCfpr of BBhky?"},
{"name": "template 3",
 "sql": "SELECT Value FROM DBdata WHERE ((AA = 'AAfjy' AND BB = 'BBhky' AND CC = 'CCjrs') OR (AA = 'AAlmv' AND BB = 'BBhky' AND CC = 'CCjrs') OR (AA = 'AAfjy' AND BB = 'BBhky' AND CC = 'CCqtx') OR (AA = 'AAlmv' AND BB = 'BBbhq' AND CC = 'CCqtx') OR (AA = 'AAfjy' AND BB = 'BBhky' AND CC = 'CCdqw') OR (AA = 'AAlmv' AND BB = 'BBhky' AND CC = 'CCdqw') OR (AA = 'AAlmv' AND BB = 'BBbhq' AND CC = 'CCdqw') OR (AA = 'AAfjy' AND BB = 'BBbhq' AND CC = 'CCfpr') OR (AA = 'AAlmv' AND BB = 'BBbhq' AND CC = 'CCfpr')) AND ((DD = 'DDgtv' AND EE = 'EEcqt'))",
 "sqlResult": "{969} || {346} || {280} || {252} || {744} || {940} || {505} || {706} || {949}",
 "nlq": "What is the amount of AAfjy of EEcqt in CCjrs, CCqtx, or CCdqw of BBhky or CCfpr of BBbhq or of AAlmv of EEcqt in CCjrs or CCdqw of BBhky or CCqtx, CCdqw, or CCfpr of BBbhq?"},
{"name": "template 4",
 "sql": "SELECT max(Value),avg(Value) FROM DBdata WHERE ((AA = 'AAlmv' AND BB = 'BBhky' AND CC = 'CCjrs') OR (AA = 'AAfjy' AND BB = 'BBbhq' AND CC = 'CCjrs') OR (AA = 'AAfjy' AND BB = 'BBhky' AND CC = 'CCqtx') OR (AA = 'AAlmv' AND BB = 'BBbhq' AND CC = 'CCqtx') OR (AA = 'AAlmv' AND BB = 'BBhky' AND CC = 'CCdqw')) AND ((DD = 'DDgtv' AND EE = 'EEcqt'))",
 "sqlResult": "{940 | 505.6}",
 "nlq": "What are the maximum and average amounts of AAlmv of EEcqt in CCjrs or CCdqw of BBhky or CCqtx of BBbhq or of AAfjy of EEcqt in CCjrs of BBbhq or CCqtx of BBhky?"},
{"name": "template 6",
 "sql": "SELECT Value FROM DBdata WHERE ((AA = 'AAfjy' AND BB = 'BBhky' AND CC = 'CCqtx') OR (AA = 'AAfjy' AND BB = 'BBhky' AND CC = 'CCdqw') OR (AA = 'AAlmv' AND BB = 'BBhky' AND CC = 'CCdqw') OR (AA = 'AAlmv' AND BB = 'BBbhq' AND CC = 'CCdqw')) AND ((DD = 'DDnqy' AND EE = 'EEfkw') OR (DD = 'DDnqy' AND EE = 'EEnpt') OR (DD = 'DDgtv' AND EE = 'EEcqt') OR (DD = 'DDgtv' AND EE = 'EEchl'))",
 "sqlResult": "{534} || {441} || {610} || {649} || {279} || {547} || {471} || {725} || {280} || {744} || {940} || {505} || {133} || {481} || {956} || {664}",
 "nlq": "What is the amount of AAfjy of EEchl, EEcqt, EEfkw, or EEnpt in CCqtx or CCdqw of BBhky or of AAlmv of EEchl, EEcqt, EEfkw, or EEnpt in CCdqw of BBhky or BBbhq?"},
{"name": "template 7",
 "sql": "SELECT sum(Value),max(Value) FROM DBdata WHERE ((AA = 'AAlmv' AND BB = 'BBbhq' AND CC = 'CCqtx')) AND ((DD = 'DDnqy' AND EE = 'EEnpt') OR (DD = 'DDgtv' AND EE = 'EEcqt') OR (DD = 'DDgtv' AND EE = 'EEchl'))",
 "sqlResult": "{978 | 452}",
 "nlq": "What are the total and maximum amounts of AAlmv of EEchl, EEcqt, or EEnpt in CCqtx of BBbhq?"},
{"name": "template 8",
 "sql": "SELECT AA,BB,CC,min(Value),avg(Value) FROM DBdata WHERE ((AA = 'AAlmv' AND BB = 'BBhky' AND CC = 'CCjrs') OR (AA = 'AAfjy' AND BB = 'BBhky' AND CC = 'CCfpr')) AND ((DD = 'DDnqy' AND EE = 'EEfkw') OR (DD = 'DDgtv' AND EE = 'EEcqt') OR (DD = 'DDgtv' AND EE = 'EEchl')) GROUP BY AA,BB,CC",
 "sqlResult": "{AAlmv | BBhky | CCjrs | 346 | 662.67} || {AAfjy | BBhky | CCfpr | 194 | 469.33}",
 "nlq": "What are the minimum and average amounts for each AAfjy-AAlmv, BB, and CC, of AAlmv of EEchl, EEcqt, or EEfkw in CCjrs of BBhky or of AAfjy of EEchl, EEcqt, or EEfkw in CCfpr of BBhky? Please, report the corresponding AAfjy-AAlmv, BB, and CC."},
{"name": "template 9",
 "sql": "SELECT min(Value) FROM DBdata WHERE ((AA = 'AAfjy' AND BB = 'BBhky' AND CC = 'CCqtx')) AND (DD IN ('DDnqy','DDgtv')) GROUP BY DD",
 "sqlResult": "{279} || {133}",
 "nlq": "What is the minimum amount for each DD, of AAfjy of DDnqy or DDgtv in CCqtx of BBhky?"},
{"name": "template 10",
 "sql": "SELECT DD,avg(Value) FROM DBdata WHERE ((AA = 'AAlmv' AND BB = 'BBbhq' AND CC = 'CCdqw')) AND (DD IN ('DDnqy','DDgtv')) GROUP BY DD",
 "sqlResult": "{DDnqy | 687} || {DDgtv | 584.5}",
 "nlq": "What is the average amount for each DD, of AAlmv of DDnqy or DDgtv in CCdqw of BBbhq? Please, report the corresponding DD."},
{"name": "template 11",
 "sql": "SELECT DD,AA,BB,CC,min(Value) FROM DBdata WHERE ((AA = 'AAfjy' AND BB = 'BBhky' AND CC = 'CCdqw') OR (AA = 'AAfjy' AND BB = 'BBbhq' AND CC = 'CCdqw')) AND (DD IN ('DDnqy','DDgtv')) GROUP BY DD,AA,BB,CC",
 "sqlResult": "{DDnqy | AAfjy | BBhky | CCdqw | 441} || {DDnqy | AAfjy | BBbhq | CCdqw | 175} || {DDgtv | AAfjy | BBhky | CCdqw | 481} || {DDgtv | AAfjy | BBbhq | CCdqw | 384}",
 "nlq": "What is the minimum amount for each DD, AAfjy-AAlmv, BB, and CC, of AAfjy of DDnqy or DDgtv in CCdqw of BBhky or BBbhq? Please, report the corresponding DD, AAfjy-AAlmv, BB, and CC."},
{"name": "template 12",
 "sql": "SELECT Value FROM DBdata WHERE ((AA = 'AAfjy' AND BB = 'BBhky' AND CC = 'CCqtx')) AND (DD IN ('DDnqy','DDgtv')) ORDER BY VALUE DESC LIMIT 3",
 "sqlResult": "{534} || {280} || {279}",
 "nlq": "What are the top 3 amounts of AAfjy of DDnqy or DDgtv in CCqtx of BBhky?"},
{"name": "template 13",
 "sql": "SELECT Value FROM DBdata WHERE ((AA = 'AAfjy' AND BB = 'BBbhq' AND CC = 'CCqtx')) AND (DD IN ('DDnqy','DDgtv')) ORDER BY VALUE DESC",
 "sqlResult": "{955} || {788} || {568} || {27}",
 "nlq": "What are the amounts ordered by decreasing values of AAfjy of DDnqy or DDgtv in CCqtx of BBbhq?"},
{"name": "template 14",
 "sql": "SELECT DD,EE FROM DBdata WHERE ((AA = 'AAfjy' AND BB = 'BBbhq' AND CC = 'CCjrs')) AND Value > 546.95",
 "sqlResult": "{DDnqy | EEnpt} || {DDgtv | EEcqt}",
 "nlq": "What are the DD and EE for which the amount of AAfjy in CCjrs of BBbhq is greater than 546.95?"},
{"name": "template 15",
 "sql": "SELECT DD,EE,Value FROM DBdata WHERE ((AA = 'AAfjy' AND BB = 'BBbhq' AND CC = 'CCfpr')) AND (DD,EE) IN (SELECT DD,EE FROM DBdata WHERE ((AA = 'AAfjy' AND BB = 'BBbhq' AND CC = 'CCjrs')) AND Value > 546.95)",
 "sqlResult": "{DDnqy | EEnpt | 878} || {DDgtv | EEcqt | 706}",
 "nlq": "What is the amount of AAfjy in CCfpr of BBbhq of DD and of EE for which the amount of AAfjy in CCjrs of BBbhq is greater than 546.95? Please, report the corresponding DD, EE, and amount of import-export."}]
}

