{
"filename": "Food_import-export_in_tons_set146_5_DB.csv",
"questions": [{"name": "template 1",
 "sql": "SELECT Value FROM DBdata WHERE ((Year = '2019' AND Import_Export = 'Import' AND Quarter = 'Q2')) AND ((Category = 'Dairy' AND Item = 'Cheese'))",
 "sqlResult": "{593}",
 "nlq": "What is the amount of Import of Cheese in Q2 of 2019?"},
{"name": "template 2",
 "sql": "SELECT Value FROM DBdata WHERE ((Year = '2019' AND Import_Export = 'Export' AND Quarter = 'Q1')) AND ((Category = 'Cereals' AND Item = 'Seeds') OR (Category = 'Cereals' AND Item = 'Wheat') OR (Category = 'Cereals' AND Item = 'Soybeans') OR (Category = 'Dairy' AND Item = 'Butter') OR (Category = 'Dairy' AND Item = 'Cream') OR (Category = 'Beverage' AND Item = 'Coffee') OR (Category = 'Beverage' AND Item = 'Tea') OR (Category = 'Beverage' AND Item = 'Soda'))",
 "sqlResult": "{87} || {515} || {866} || {894} || {308} || {429} || {267} || {558}",
 "nlq": "What is the amount of Export of Butter, Coffee, Cream, Seeds, Soda, Soybeans, Tea, or Wheat in Q1 of 2019?"},
{"name": "template 3",
 "sql": "SELECT Value FROM DBdata WHERE ((Year = '2018' AND Import_Export = 'Import' AND Quarter = 'Q2') OR (Year = '2020' AND Import_Export = 'Import' AND Quarter = 'Q2') OR (Year = '2020' AND Import_Export = 'Export' AND Quarter = 'Q2') OR (Year = '2018' AND Import_Export = 'Export' AND Quarter = 'Q3') OR (Year = '2018' AND Import_Export = 'Import' AND Quarter = 'Q4') OR (Year = '2018' AND Import_Export = 'Export' AND Quarter = 'Q4') OR (Year = '2020' AND Import_Export = 'Import' AND Quarter = 'Q4')) AND ((Category = 'Dairy' AND Item = 'Cheese'))",
 "sqlResult": "{856} || {751} || {372} || {83} || {959} || {199} || {929}",
 "nlq": "What is the amount of Import of Cheese in Q2 or Q4 of 2018 or Q4 of 2020, of Export or Import of Cheese in Q2 of 2020, or of Export of Cheese in Q3 or Q4 of 2018?"},
{"name": "template 4",
 "sql": "SELECT avg(Value),min(Value) FROM DBdata WHERE ((Year = '2019' AND Import_Export = 'Import' AND Quarter = 'Q3') OR (Year = '2019' AND Import_Export = 'Import' AND Quarter = 'Q4')) AND ((Category = 'Beverage' AND Item = 'Coffee'))",
 "sqlResult": "{495.5 | 440}",
 "nlq": "What are the average and minimum amounts of Import of Coffee in Q3 or Q4 of 2019?"},
{"name": "template 6",
 "sql": "SELECT Value FROM DBdata WHERE ((Year = '2019' AND Import_Export = 'Export' AND Quarter = 'Q2') OR (Year = '2020' AND Import_Export = 'Export' AND Quarter = 'Q4')) AND ((Category = 'Cereals' AND Item = 'Soybeans') OR (Category = 'Dairy' AND Item = 'Cheese') OR (Category = 'Beverage' AND Item = 'Tea'))",
 "sqlResult": "{204} || {230} || {541} || {886} || {626} || {473}",
 "nlq": "What is the amount of Export of Cheese, Soybeans, or Tea in Q2 of 2019 or Q4 of 2020?"},
{"name": "template 7",
 "sql": "SELECT max(Value),min(Value) FROM DBdata WHERE ((Year = '2019' AND Import_Export = 'Export' AND Quarter = 'Q3')) AND ((Category = 'Dairy' AND Item = 'Cheese') OR (Category = 'Beverage' AND Item = 'Coffee') OR (Category = 'Beverage' AND Item = 'Tea') OR (Category = 'Beverage' AND Item = 'Soda'))",
 "sqlResult": "{939 | 114}",
 "nlq": "What are the maximum and minimum amounts of Export of Cheese, Coffee, Soda, or Tea in Q3 of 2019?"},
{"name": "template 8",
 "sql": "SELECT Year,Import_Export,Quarter,min(Value),avg(Value) FROM DBdata WHERE ((Year = '2018' AND Import_Export = 'Import' AND Quarter = 'Q1') OR (Year = '2019' AND Import_Export = 'Import' AND Quarter = 'Q1') OR (Year = '2019' AND Import_Export = 'Export' AND Quarter = 'Q3')) AND ((Category = 'Cereals' AND Item = 'Soybeans') OR (Category = 'Beverage' AND Item = 'Coffee')) GROUP BY Year,Import_Export,Quarter",
 "sqlResult": "{2018 | Import | Q1 | 108 | 180} || {2019 | Export | Q3 | 114 | 205.5} || {2019 | Import | Q1 | 549 | 638}",
 "nlq": "What are the minimum and average amounts for each Year, Import-Export, and Quarter, of Import of Coffee or Soybeans in Q1 of 2018 or 2019 or of Export of Coffee or Soybeans in Q3 of 2019? Please, report the corresponding Year, Import-Export, and Quarter."},
{"name": "template 9",
 "sql": "SELECT min(Value) FROM DBdata WHERE ((Year = '2020' AND Import_Export = 'Import' AND Quarter = 'Q3')) AND (Category IN ('Cereals','Dairy','Beverage')) GROUP BY Category",
 "sqlResult": "{69} || {211} || {161}",
 "nlq": "What is the minimum amount for each Category, of Import of Beverage, Cereals, or Dairy in Q3 of 2020?"},
{"name": "template 10",
 "sql": "SELECT Category,sum(Value) FROM DBdata WHERE ((Year = '2020' AND Import_Export = 'Export' AND Quarter = 'Q2')) AND (Category IN ('Cereals','Dairy','Beverage')) GROUP BY Category",
 "sqlResult": "{Beverage | 1524} || {Cereals | 1398} || {Dairy | 1702}",
 "nlq": "What is the total amount for each Category, of Export of Beverage, Cereals, or Dairy in Q2 of 2020? Please, report the corresponding Category."},
{"name": "template 11",
 "sql": "SELECT Category,Year,Import_Export,Quarter,avg(Value) FROM DBdata WHERE ((Year = '2020' AND Import_Export = 'Import' AND Quarter = 'Q1') OR (Year = '2020' AND Import_Export = 'Export' AND Quarter = 'Q2')) AND (Category IN ('Cereals','Dairy','Beverage')) GROUP BY Category,Year,Import_Export,Quarter",
 "sqlResult": "{Beverage | 2020 | Export | Q2 | 508} || {Beverage | 2020 | Import | Q1 | 367.33} || {Cereals | 2020 | Export | Q2 | 466} || {Cereals | 2020 | Import | Q1 | 354} || {Dairy | 2020 | Export | Q2 | 567.33} || {Dairy | 2020 | Import | Q1 | 357}",
 "nlq": "What is the average amount for each Category, Year, Import-Export, and Quarter, of Import of Beverage, Cereals, or Dairy in Q1 of 2020 or of Export of Beverage, Cereals, or Dairy in Q2 of 2020? Please, report the corresponding Category, Year, Import-Export, and Quarter."},
{"name": "template 12",
 "sql": "SELECT Value FROM DBdata WHERE ((Year = '2020' AND Import_Export = 'Export' AND Quarter = 'Q4')) AND (Category IN ('Cereals','Beverage')) ORDER BY VALUE DESC LIMIT 2",
 "sqlResult": "{988} || {862}",
 "nlq": "What are the top 2 amounts of Export of Beverage or Cereals in Q4 of 2020?"},
{"name": "template 13",
 "sql": "SELECT Value FROM DBdata WHERE ((Year = '2018' AND Import_Export = 'Export' AND Quarter = 'Q4')) AND (Category IN ('Cereals','Beverage')) ORDER BY VALUE ASC",
 "sqlResult": "{239} || {276} || {377} || {391} || {401} || {970}",
 "nlq": "What are the amounts ordered by increasing values of Export of Beverage or Cereals in Q4 of 2018?"},
{"name": "template 14",
 "sql": "SELECT Category,Item FROM DBdata WHERE ((Year = '2019' AND Import_Export = 'Import' AND Quarter = 'Q2')) AND Value < 501.34",
 "sqlResult": "{Cereals | Soybeans} || {Dairy | Cream}",
 "nlq": "What are the Category and Item for which the amount of Import in Q2 of 2019 is lower than 501.34?"},
{"name": "template 15",
 "sql": "SELECT Category,Item,Value FROM DBdata WHERE ((Year = '2020' AND Import_Export = 'Import' AND Quarter = 'Q2')) AND (Category,Item) IN (SELECT Category,Item FROM DBdata WHERE ((Year = '2019' AND Import_Export = 'Import' AND Quarter = 'Q2')) AND Value < 501.34)",
 "sqlResult": "{Cereals | Soybeans | 173} || {Dairy | Cream | 144}",
 "nlq": "What is the amount of Import in Q2 of 2020 of Category and of Item for which the amount of Import in Q2 of 2019 is lower than 501.34? Please, report the corresponding Category, Item, and amount of import-export."}]
}
