{
"filename": "Food_import-export_in_tons_set145_2_DB.csv",
"questions": [{"name": "template 1",
 "sql": "SELECT Value FROM DBdata WHERE ((AA = 'AAdhr' AND BB = 'BBjnq' AND CC = 'CCfnt')) AND ((DD = 'DDfgx' AND EE = 'EEnrw'))",
 "sqlResult": "{182}",
 "nlq": "What is the amount of AAdhr of EEnrw in CCfnt of BBjnq?"},
{"name": "template 2",
 "sql": "SELECT Value FROM DBdata WHERE ((AA = 'AAmyz' AND BB = 'BBhlx' AND CC = 'CCmty')) AND ((DD = 'DDfgx' AND EE = 'EEnrw') OR (DD = 'DDfgx' AND EE = 'EErtv'))",
 "sqlResult": "{142} || {807}",
 "nlq": "What is the amount of AAmyz of EEnrw or EErtv in CCmty of BBhlx?"},
{"name": "template 3",
 "sql": "SELECT Value FROM DBdata WHERE ((AA = 'AAdhr' AND BB = 'BBhlx' AND CC = 'CCbhv') OR (AA = 'AAmyz' AND BB = 'BBhlx' AND CC = 'CCmty') OR (AA = 'AAmyz' AND BB = 'BBjnq' AND CC = 'CCmty') OR (AA = 'AAmyz' AND BB = 'BBfxy' AND CC = 'CCmty') OR (AA = 'AAdhr' AND BB = 'BBjnq' AND CC = 'CCfnt') OR (AA = 'AAdhr' AND BB = 'BBfxy' AND CC = 'CCfnt') OR (AA = 'AAmyz' AND BB = 'BBfxy' AND CC = 'CCfnt') OR (AA = 'AAmyz' AND BB = 'BBhlx' AND CC = 'CCdsv') OR (AA = 'AAdhr' AND BB = 'BBjnq' AND CC = 'CCdsv')) AND ((DD = 'DDfgx' AND EE = 'EEfmn'))",
 "sqlResult": "{736} || {727} || {965} || {983} || {803} || {53} || {860} || {154} || {10}",
 "nlq": "What is the amount of AAdhr of EEfmn in CCbhv of BBhlx or CCfnt or CCdsv of BBjnq, of AAmyz of EEfmn in CCmty of BBhlx, BBjnq, or BBfxy or CCdsv of BBhlx, or of AAmyz or AAdhr of EEfmn in CCfnt of BBfxy?"},
{"name": "template 4",
 "sql": "SELECT avg(Value),max(Value) FROM DBdata WHERE ((AA = 'AAmyz' AND BB = 'BBjnq' AND CC = 'CCbhv') OR (AA = 'AAmyz' AND BB = 'BBjnq' AND CC = 'CCmty') OR (AA = 'AAmyz' AND BB = 'BBjnq' AND CC = 'CCdsv') OR (AA = 'AAmyz' AND BB = 'BBfxy' AND CC = 'CCdsv')) AND ((DD = 'DDfgx' AND EE = 'EErtv'))",
 "sqlResult": "{463.75 | 735}",
 "nlq": "What are the average and maximum amounts of AAmyz of EErtv in CCbhv, CCmty, or CCdsv of BBjnq or CCdsv of BBfxy?"},
{"name": "template 6",
 "sql": "SELECT Value FROM DBdata WHERE ((AA = 'AAdhr' AND BB = 'BBjnq' AND CC = 'CCmty') OR (AA = 'AAdhr' AND BB = 'BBhlx' AND CC = 'CCfnt') OR (AA = 'AAdhr' AND BB = 'BBhlx' AND CC = 'CCdsv') OR (AA = 'AAdhr' AND BB = 'BBjnq' AND CC = 'CCdsv')) AND ((DD = 'DDfgx' AND EE = 'EEfmn') OR (DD = 'DDfgx' AND EE = 'EEnrw') OR (DD = 'DDknq' AND EE = 'EEgkn'))",
 "sqlResult": "{318} || {451} || {330} || {10} || {806} || {726} || {455} || {331} || {18} || {529} || {80} || {693}",
 "nlq": "What is the amount of AAdhr of EEfmn, EEnrw, or EEgkn in CCmty or CCdsv of BBjnq or CCfnt or CCdsv of BBhlx?"},
{"name": "template 7",
 "sql": "SELECT avg(Value),sum(Value) FROM DBdata WHERE ((AA = 'AAdhr' AND BB = 'BBfxy' AND CC = 'CCbhv')) AND ((DD = 'DDfgx' AND EE = 'EEfmn') OR (DD = 'DDfgx' AND EE = 'EEnrw') OR (DD = 'DDfgx' AND EE = 'EErtv') OR (DD = 'DDknq' AND EE = 'EEgkn'))",
 "sqlResult": "{532 | 2128}",
 "nlq": "What are the average and total amounts of AAdhr of EEfmn, EEnrw, EErtv, or EEgkn in CCbhv of BBfxy?"},
{"name": "template 8",
 "sql": "SELECT AA,BB,CC,min(Value),sum(Value) FROM DBdata WHERE ((AA = 'AAmyz' AND BB = 'BBfxy' AND CC = 'CCbhv') OR (AA = 'AAdhr' AND BB = 'BBjnq' AND CC = 'CCmty') OR (AA = 'AAmyz' AND BB = 'BBjnq' AND CC = 'CCfnt') OR (AA = 'AAdhr' AND BB = 'BBjnq' AND CC = 'CCdsv') OR (AA = 'AAdhr' AND BB = 'BBfxy' AND CC = 'CCdsv')) AND ((DD = 'DDfgx' AND EE = 'EErtv') OR (DD = 'DDknq' AND EE = 'EEgkn') OR (DD = 'DDknq' AND EE = 'EEcpx')) GROUP BY AA,BB,CC",
 "sqlResult": "{AAmyz | BBjnq | CCfnt | 77 | 722} || {AAmyz | BBfxy | CCbhv | 607 | 2535} || {AAdhr | BBjnq | CCmty | 18 | 1122} || {AAdhr | BBjnq | CCdsv | 449 | 1954} || {AAdhr | BBfxy | CCdsv | 89 | 1547}",
 "nlq": "What are the minimum and total amounts for each AAdhr-AAmyz, BB, and CC, of AAmyz of EErtv, EEcpx, or EEgkn in CCbhv of BBfxy or CCfnt of BBjnq or of AAdhr of EErtv, EEcpx, or EEgkn in CCmty or CCdsv of BBjnq or CCdsv of BBfxy? Please, report the corresponding AAdhr-AAmyz, BB, and CC."},
{"name": "template 9",
 "sql": "SELECT min(Value) FROM DBdata WHERE ((AA = 'AAdhr' AND BB = 'BBjnq' AND CC = 'CCfnt')) AND (DD IN ('DDfgx','DDknq')) GROUP BY DD",
 "sqlResult": "{268} || {182}",
 "nlq": "What is the minimum amount for each DD, of AAdhr of DDknq or DDfgx in CCfnt of BBjnq?"},
{"name": "template 10",
 "sql": "SELECT DD,avg(Value) FROM DBdata WHERE ((AA = 'AAmyz' AND BB = 'BBfxy' AND CC = 'CCdsv')) AND (DD IN ('DDfgx','DDknq')) GROUP BY DD",
 "sqlResult": "{DDknq | 411.5} || {DDfgx | 416}",
 "nlq": "What is the average amount for each DD, of AAmyz of DDknq or DDfgx in CCdsv of BBfxy? Please, report the corresponding DD."},
{"name": "template 11",
 "sql": "SELECT DD,AA,BB,CC,sum(Value) FROM DBdata WHERE ((AA = 'AAmyz' AND BB = 'BBjnq' AND CC = 'CCbhv') OR (AA = 'AAdhr' AND BB = 'BBfxy' AND CC = 'CCfnt') OR (AA = 'AAdhr' AND BB = 'BBhlx' AND CC = 'CCdsv')) AND (DD IN ('DDfgx','DDknq')) GROUP BY DD,AA,BB,CC",
 "sqlResult": "{DDknq | AAmyz | BBjnq | CCbhv | 1718} || {DDknq | AAdhr | BBhlx | CCdsv | 868} || {DDknq | AAdhr | BBfxy | CCfnt | 1209} || {DDfgx | AAmyz | BBjnq | CCbhv | 1527} || {DDfgx | AAdhr | BBhlx | CCdsv | 1332} || {DDfgx | AAdhr | BBfxy | CCfnt | 715}",
 "nlq": "What is the total amount for each DD, AAdhr-AAmyz, BB, and CC, of AAdhr of DDknq or DDfgx in CCfnt of BBfxy or CCdsv of BBhlx or of AAmyz of DDknq or DDfgx in CCbhv of BBjnq? Please, report the corresponding DD, AAdhr-AAmyz, BB, and CC."},
{"name": "template 12",
 "sql": "SELECT Value FROM DBdata WHERE ((AA = 'AAdhr' AND BB = 'BBhlx' AND CC = 'CCdsv')) AND (DD IN ('DDfgx','DDknq')) ORDER BY VALUE ASC LIMIT 4",
 "sqlResult": "{80} || {330} || {455} || {547}",
 "nlq": "What are the bottom 4 amounts of AAdhr of DDknq or DDfgx in CCdsv of BBhlx?"},
{"name": "template 13",
 "sql": "SELECT Value FROM DBdata WHERE ((AA = 'AAmyz' AND BB = 'BBfxy' AND CC = 'CCmty')) AND (DD IN ('DDfgx','DDknq')) ORDER BY VALUE DESC",
 "sqlResult": "{983} || {899} || {839} || {830} || {258}",
 "nlq": "What are the amounts ordered by decreasing values of AAmyz of DDknq or DDfgx in CCmty of BBfxy?"},
{"name": "template 14",
 "sql": "SELECT DD,EE FROM DBdata WHERE ((AA = 'AAdhr' AND BB = 'BBjnq' AND CC = 'CCmty')) AND Value < 543.79",
 "sqlResult": "{DDfgx | EEfmn} || {DDknq | EEgkn} || {DDknq | EEcpx}",
 "nlq": "What are the DD and EE for which the amount of AAdhr in CCmty of BBjnq is lower than 543.79?"},
{"name": "template 15",
 "sql": "SELECT DD,EE,Value FROM DBdata WHERE ((AA = 'AAdhr' AND BB = 'BBfxy' AND CC = 'CCdsv')) AND (DD,EE) IN (SELECT DD,EE FROM DBdata WHERE ((AA = 'AAdhr' AND BB = 'BBjnq' AND CC = 'CCmty')) AND Value < 543.79)",
 "sqlResult": "{DDfgx | EEfmn | 775} || {DDknq | EEgkn | 89} || {DDknq | EEcpx | 842}",
 "nlq": "What is the amount of AAdhr in CCdsv of BBfxy of DD and of EE for which the amount of AAdhr in CCmty of BBjnq is lower than 543.79? Please, report the corresponding DD, EE, and amount of import-export."}]
}

