Import-Export,Year,Quarter,Category,Item,Value
Import_Export,Year,Quarter,Category,Item,Value
Import,2019,Q1,Meat,Pork,486
Export,2019,Q1,Meat,Pork,36
Import,2020,Q1,Meat,Pork,168
Export,2020,Q1,Meat,Pork,851
Import,2019,Q2,Meat,Pork,213
Export,2019,Q2,Meat,Pork,236
Import,2020,Q2,Meat,Pork,290
Export,2020,Q2,Meat,Pork,276
Import,2019,Q3,Meat,Pork,496
Export,2019,Q3,Meat,Pork,667
Import,2020,Q3,Meat,Pork,172
Export,2020,Q3,Meat,Pork,614
Import,2019,Q4,Meat,Pork,525
Export,2019,Q4,Meat,Pork,756
Import,2020,Q4,Meat,Pork,952
Export,2020,Q4,Meat,Pork,169
Import,2019,Q1,Meat,Camel,936
Export,2019,Q1,Meat,Camel,125
Import,2020,Q1,Meat,Camel,833
Export,2020,Q1,Meat,Camel,68
Import,2019,Q2,Meat,Camel,114
Export,2019,Q2,Meat,Camel,439
Import,2020,Q2,Meat,Camel,743
Export,2020,Q2,Meat,Camel,460
Import,2019,Q3,Meat,Camel,829
Export,2019,Q3,Meat,Camel,585
Import,2020,Q3,Meat,Camel,99
Export,2020,Q3,Meat,Camel,608
Import,2019,Q4,Meat,Camel,804
Export,2019,Q4,Meat,Camel,90
Import,2020,Q4,Meat,Camel,479
Export,2020,Q4,Meat,Camel,176
Import,2019,Q1,Meat,Duck,372
Export,2019,Q1,Meat,Duck,969
Import,2020,Q1,Meat,Duck,338
Export,2020,Q1,Meat,Duck,187
Import,2019,Q2,Meat,Duck,900
Export,2019,Q2,Meat,Duck,588
Import,2020,Q2,Meat,Duck,211
Export,2020,Q2,Meat,Duck,717
Import,2019,Q3,Meat,Duck,871
Export,2019,Q3,Meat,Duck,466
Import,2020,Q3,Meat,Duck,233
Export,2020,Q3,Meat,Duck,309
Import,2019,Q4,Meat,Duck,972
Export,2019,Q4,Meat,Duck,492
Import,2020,Q4,Meat,Duck,476
Export,2020,Q4,Meat,Duck,243
Import,2019,Q1,Cereals,Seeds,547
Export,2019,Q1,Cereals,Seeds,51
Import,2020,Q1,Cereals,Seeds,340
Export,2020,Q1,Cereals,Seeds,261
Import,2019,Q2,Cereals,Seeds,14
Export,2019,Q2,Cereals,Seeds,451
Import,2020,Q2,Cereals,Seeds,263
Export,2020,Q2,Cereals,Seeds,566
Import,2019,Q3,Cereals,Seeds,119
Export,2019,Q3,Cereals,Seeds,295
Import,2020,Q3,Cereals,Seeds,539
Export,2020,Q3,Cereals,Seeds,514
Import,2019,Q4,Cereals,Seeds,427
Export,2019,Q4,Cereals,Seeds,984
Import,2020,Q4,Cereals,Seeds,443
Export,2020,Q4,Cereals,Seeds,446
Import,2019,Q1,Cereals,Wheat,404
Export,2019,Q1,Cereals,Wheat,111
Import,2020,Q1,Cereals,Wheat,580
Export,2020,Q1,Cereals,Wheat,683
Import,2019,Q2,Cereals,Wheat,929
Export,2019,Q2,Cereals,Wheat,311
Import,2020,Q2,Cereals,Wheat,167
Export,2020,Q2,Cereals,Wheat,326
Import,2019,Q3,Cereals,Wheat,107
Export,2019,Q3,Cereals,Wheat,551
Import,2020,Q3,Cereals,Wheat,357
Export,2020,Q3,Cereals,Wheat,696
Import,2019,Q4,Cereals,Wheat,933
Export,2019,Q4,Cereals,Wheat,222
Import,2020,Q4,Cereals,Wheat,320
Export,2020,Q4,Cereals,Wheat,971
