{
"filename": "Food_import-export_in_tons_set138_3_DB.csv",
"questions": [{"name": "template 1",
 "sql": "SELECT Value FROM DBdata WHERE ((AA = 'AAmst' AND BB = 'BBnwz')) AND ((CC = 'CCkrs' AND DD = 'DDcvz'))",
 "sqlResult": "{80}",
 "nlq": "What is the amount of AAmst of DDcvz in BBnwz?"},
{"name": "template 2",
 "sql": "SELECT Value FROM DBdata WHERE ((AA = 'AAcsv' AND BB = 'BBjtz')) AND ((CC = 'CCkrs' AND DD = 'DDcvz') OR (CC = 'CClmx' AND DD = 'DDlrv') OR (CC = 'CClmx' AND DD = 'DDjvx') OR (CC = 'CClmx' AND DD = 'DDdpz') OR (CC = 'CClsw' AND DD = 'DDgks') OR (CC = 'CClsw' AND DD = 'DDrsx'))",
 "sqlResult": "{444} || {740} || {613} || {912} || {719} || {639}",
 "nlq": "What is the amount of AAcsv of DDcvz, DDgks, DDlrv, DDdpz, DDjvx, or DDrsx in BBjtz?"},
{"name": "template 3",
 "sql": "SELECT Value FROM DBdata WHERE ((AA = 'AAcsv' AND BB = 'BBcdn') OR (AA = 'AAmst' AND BB = 'BBcdn') OR (AA = 'AAmst' AND BB = 'BBjtz')) AND ((CC = 'CClsw' AND DD = 'DDbjt'))",
 "sqlResult": "{987} || {300} || {628}",
 "nlq": "What is the amount of AAmst or AAcsv of DDbjt in BBcdn or of AAmst of DDbjt in BBjtz?"},
{"name": "template 4",
 "sql": "SELECT sum(Value),max(Value) FROM DBdata WHERE ((AA = 'AAmst' AND BB = 'BBcdn') OR (AA = 'AAmst' AND BB = 'BBnwz')) AND ((CC = 'CClmx' AND DD = 'DDdpz'))",
 "sqlResult": "{965 | 509}",
 "nlq": "What are the total and maximum amounts of AAmst of DDdpz in BBcdn or BBnwz?"},
{"name": "template 5",
 "sql": "SELECT avg(Value) FROM DBdata WHERE AA = 'AAcsv' AND (BB IN ('BBcdn','BBjtz','BBnwz')) AND ((CC = 'CClsw' AND DD = 'DDgks'))",
 "sqlResult": "{380.67}",
 "nlq": "What is the average amount of AAcsv of DDgks in BBcdn, BBjtz, or BBnwz?"},
{"name": "template 6",
 "sql": "SELECT Value FROM DBdata WHERE ((AA = 'AAcsv' AND BB = 'BBcdn') OR (AA = 'AAmst' AND BB = 'BBcdn') OR (AA = 'AAcsv' AND BB = 'BBjtz') OR (AA = 'AAmst' AND BB = 'BBjtz') OR (AA = 'AAmst' AND BB = 'BBnwz')) AND ((CC = 'CCkrs' AND DD = 'DDqry') OR (CC = 'CClsw' AND DD = 'DDbjt'))",
 "sqlResult": "{725} || {644} || {503} || {324} || {353} || {987} || {300} || {624} || {628} || {132}",
 "nlq": "What is the amount of AAmst or AAcsv of DDbjt or DDqry in BBcdn or BBjtz or of AAmst of DDbjt or DDqry in BBnwz?"},
{"name": "template 7",
 "sql": "SELECT sum(Value),max(Value) FROM DBdata WHERE ((AA = 'AAcsv' AND BB = 'BBnwz')) AND ((CC = 'CCkrs' AND DD = 'DDqry') OR (CC = 'CClmx' AND DD = 'DDdpz'))",
 "sqlResult": "{1189 | 884}",
 "nlq": "What are the total and maximum amounts of AAcsv of DDqry or DDdpz in BBnwz?"},
{"name": "template 8",
 "sql": "SELECT AA,BB,avg(Value),max(Value) FROM DBdata WHERE ((AA = 'AAcsv' AND BB = 'BBcdn') OR (AA = 'AAmst' AND BB = 'BBcdn') OR (AA = 'AAcsv' AND BB = 'BBjtz') OR (AA = 'AAmst' AND BB = 'BBjtz') OR (AA = 'AAcsv' AND BB = 'BBnwz')) AND ((CC = 'CCkrs' AND DD = 'DDbmv') OR (CC = 'CCkrs' AND DD = 'DDqry')) GROUP BY AA,BB",
 "sqlResult": "{AAmst | BBcdn | 752.5 | 861} || {AAmst | BBjtz | 360.5 | 397} || {AAcsv | BBcdn | 475 | 725} || {AAcsv | BBjtz | 598.5 | 694} || {AAcsv | BBnwz | 326.5 | 348}",
 "nlq": "What are the average and maximum amounts for each AAcsv-AAmst and BB, of AAcsv of DDqry or DDbmv in BBcdn, BBjtz, or BBnwz or of AAmst of DDqry or DDbmv in BBcdn or BBjtz? Please, report the corresponding AAcsv-AAmst and BB."},
{"name": "template 9",
 "sql": "SELECT min(Value) FROM DBdata WHERE ((AA = 'AAmst' AND BB = 'BBcdn')) AND (CC IN ('CCkrs','CClmx','CClsw')) GROUP BY CC",
 "sqlResult": "{456} || {218} || {95}",
 "nlq": "What is the minimum amount for each CC, of AAmst of CClmx, CClsw, or CCkrs in BBcdn?"},
{"name": "template 10",
 "sql": "SELECT CC,avg(Value) FROM DBdata WHERE ((AA = 'AAmst' AND BB = 'BBjtz')) AND (CC IN ('CCkrs','CClmx','CClsw')) GROUP BY CC",
 "sqlResult": "{CClmx | 511} || {CClsw | 377.33} || {CCkrs | 474.33}",
 "nlq": "What is the average amount for each CC, of AAmst of CClmx, CClsw, or CCkrs in BBjtz? Please, report the corresponding CC."},
{"name": "template 11",
 "sql": "SELECT CC,AA,BB,sum(Value) FROM DBdata WHERE ((AA = 'AAcsv' AND BB = 'BBcdn') OR (AA = 'AAcsv' AND BB = 'BBjtz') OR (AA = 'AAcsv' AND BB = 'BBnwz')) AND (CC IN ('CCkrs','CClmx','CClsw')) GROUP BY CC,AA,BB",
 "sqlResult": "{CClmx | AAcsv | BBcdn | 846} || {CClmx | AAcsv | BBjtz | 2265} || {CClmx | AAcsv | BBnwz | 2182} || {CClsw | AAcsv | BBcdn | 1976} || {CClsw | AAcsv | BBjtz | 1982} || {CClsw | AAcsv | BBnwz | 535} || {CCkrs | AAcsv | BBcdn | 972} || {CCkrs | AAcsv | BBjtz | 1641} || {CCkrs | AAcsv | BBnwz | 838}",
 "nlq": "What is the total amount for each CC, AAcsv-AAmst, and BB, of AAcsv of CClmx, CClsw, or CCkrs in BBcdn, BBjtz, or BBnwz? Please, report the corresponding CC, AAcsv-AAmst, and BB."},
{"name": "template 12",
 "sql": "SELECT Value FROM DBdata WHERE ((AA = 'AAcsv' AND BB = 'BBcdn')) AND (CC IN ('CCkrs','CClsw')) ORDER BY VALUE DESC LIMIT 3",
 "sqlResult": "{987} || {725} || {697}",
 "nlq": "What are the top 3 amounts of AAcsv of CClsw or CCkrs in BBcdn?"},
{"name": "template 13",
 "sql": "SELECT Value FROM DBdata WHERE ((AA = 'AAcsv' AND BB = 'BBcdn')) AND (CC IN ('CCkrs','CClmx')) ORDER BY VALUE ASC",
 "sqlResult": "{22} || {90} || {190} || {225} || {566} || {725}",
 "nlq": "What are the amounts ordered by increasing values of AAcsv of CClmx or CCkrs in BBcdn?"},
{"name": "template 14",
 "sql": "SELECT CC,DD FROM DBdata WHERE ((AA = 'AAcsv' AND BB = 'BBjtz')) AND Value > 465.57",
 "sqlResult": "{CCkrs | DDbmv} || {CCkrs | DDqry} || {CClmx | DDlrv} || {CClmx | DDjvx} || {CClmx | DDdpz} || {CClsw | DDgks} || {CClsw | DDbjt} || {CClsw | DDrsx}",
 "nlq": "What are the CC and DD for which the amount of AAcsv in BBjtz is greater than 465.57?"},
{"name": "template 15",
 "sql": "SELECT CC,DD,Value FROM DBdata WHERE ((AA = 'AAmst' AND BB = 'BBcdn')) AND (CC,DD) IN (SELECT CC,DD FROM DBdata WHERE ((AA = 'AAcsv' AND BB = 'BBjtz')) AND Value > 465.57)",
 "sqlResult": "{CCkrs | DDbmv | 861} || {CCkrs | DDqry | 644} || {CClmx | DDlrv | 995} || {CClmx | DDjvx | 681} || {CClmx | DDdpz | 456} || {CClsw | DDgks | 218} || {CClsw | DDbjt | 300} || {CClsw | DDrsx | 258}",
 "nlq": "What is the amount of AAmst in BBcdn of CC and of DD for which the amount of AAcsv in BBjtz is greater than 465.57? Please, report the corresponding CC, DD, and amount of import-export."}]
}

