Import-Export,Year,Quarter,Category,Item,Value
Import_Export,Year,Quarter,Category,Item,Value
Import,2016,Q1,Dairy,Cream,710
Export,2016,Q1,Dairy,Cream,773
Import,2017,Q1,Dairy,Cream,923
Export,2017,Q1,Dairy,Cream,623
Import,2016,Q2,Dairy,Cream,139
Export,2016,Q2,Dairy,Cream,757
Import,2017,Q2,Dairy,Cream,122
Export,2017,Q2,Dairy,Cream,141
Import,2016,Q3,Dairy,Cream,548
Export,2016,Q3,Dairy,Cream,848
Import,2017,Q3,Dairy,Cream,830
Export,2017,Q3,Dairy,Cream,547
Import,2016,Q4,Dairy,Cream,730
Export,2016,Q4,Dairy,Cream,464
Import,2017,Q4,Dairy,Cream,919
Export,2017,Q4,Dairy,Cream,234
Import,2016,Q1,Dairy,Cheese,633
Export,2016,Q1,Dairy,Cheese,915
Import,2017,Q1,Dairy,Cheese,355
Export,2017,Q1,Dairy,Cheese,42
Import,2016,Q2,Dairy,Cheese,940
Export,2016,Q2,Dairy,Cheese,180
Import,2017,Q2,Dairy,Cheese,450
Export,2017,Q2,Dairy,Cheese,869
Import,2016,Q3,Dairy,Cheese,418
Export,2016,Q3,Dairy,Cheese,977
Import,2017,Q3,Dairy,Cheese,627
Export,2017,Q3,Dairy,Cheese,565
Import,2016,Q4,Dairy,Cheese,664
Export,2016,Q4,Dairy,Cheese,962
Import,2017,Q4,Dairy,Cheese,641
Export,2017,Q4,Dairy,Cheese,203
Import,2016,Q1,Dairy,Yoghurt,294
Export,2016,Q1,Dairy,Yoghurt,51
Import,2017,Q1,Dairy,Yoghurt,767
Export,2017,Q1,Dairy,Yoghurt,943
Import,2016,Q2,Dairy,Yoghurt,271
Export,2016,Q2,Dairy,Yoghurt,163
Import,2017,Q2,Dairy,Yoghurt,265
Export,2017,Q2,Dairy,Yoghurt,897
Import,2016,Q3,Dairy,Yoghurt,643
Export,2016,Q3,Dairy,Yoghurt,197
Import,2017,Q3,Dairy,Yoghurt,931
Export,2017,Q3,Dairy,Yoghurt,809
Import,2016,Q4,Dairy,Yoghurt,882
Export,2016,Q4,Dairy,Yoghurt,969
Import,2017,Q4,Dairy,Yoghurt,116
Export,2017,Q4,Dairy,Yoghurt,885
Import,2016,Q1,Beverage,Coffee,762
Export,2016,Q1,Beverage,Coffee,226
Import,2017,Q1,Beverage,Coffee,753
Export,2017,Q1,Beverage,Coffee,350
Import,2016,Q2,Beverage,Coffee,674
Export,2016,Q2,Beverage,Coffee,594
Import,2017,Q2,Beverage,Coffee,123
Export,2017,Q2,Beverage,Coffee,619
Import,2016,Q3,Beverage,Coffee,449
Export,2016,Q3,Beverage,Coffee,716
Import,2017,Q3,Beverage,Coffee,404
Export,2017,Q3,Beverage,Coffee,871
Import,2016,Q4,Beverage,Coffee,16
Export,2016,Q4,Beverage,Coffee,231
Import,2017,Q4,Beverage,Coffee,550
Export,2017,Q4,Beverage,Coffee,979
Import,2016,Q1,Beverage,Tea,107
Export,2016,Q1,Beverage,Tea,881
Import,2017,Q1,Beverage,Tea,351
Export,2017,Q1,Beverage,Tea,10
Import,2016,Q2,Beverage,Tea,712
Export,2016,Q2,Beverage,Tea,398
Import,2017,Q2,Beverage,Tea,88
Export,2017,Q2,Beverage,Tea,140
Import,2016,Q3,Beverage,Tea,613
Export,2016,Q3,Beverage,Tea,57
Import,2017,Q3,Beverage,Tea,993
Export,2017,Q3,Beverage,Tea,390
Import,2016,Q4,Beverage,Tea,533
Export,2016,Q4,Beverage,Tea,497
Import,2017,Q4,Beverage,Tea,260
Export,2017,Q4,Beverage,Tea,930
Import,2016,Q1,Beverage,Soda,563
Export,2016,Q1,Beverage,Soda,205
Import,2017,Q1,Beverage,Soda,304
Export,2017,Q1,Beverage,Soda,283
Import,2016,Q2,Beverage,Soda,914
Export,2016,Q2,Beverage,Soda,456
Import,2017,Q2,Beverage,Soda,370
Export,2017,Q2,Beverage,Soda,434
Import,2016,Q3,Beverage,Soda,478
Export,2016,Q3,Beverage,Soda,341
Import,2017,Q3,Beverage,Soda,539
Export,2017,Q3,Beverage,Soda,992
Import,2016,Q4,Beverage,Soda,26
Export,2016,Q4,Beverage,Soda,391
Import,2017,Q4,Beverage,Soda,335
Export,2017,Q4,Beverage,Soda,994
