AAsw-AAgr,BB,CC,DD,Value
AA,BB,CC,DD,Value
AAsw,BBbw,CCjy,DDkp,107
AAgr,BBbw,CCjy,DDkp,819
AAsw,BBbs,CCjy,DDkp,25
AAgr,BBbs,CCjy,DDkp,824
AAsw,BBbw,CCjy,DDgn,571
AAgr,BBbw,CCjy,DDgn,640
AAsw,BBbs,CCjy,DDgn,966
AAgr,BBbs,CCjy,DDgn,213
AAsw,BBbw,CCjy,DDdk,647
AAgr,BBbw,CCjy,DDdk,21
AAsw,BBbs,CCjy,DDdk,982
AAgr,BBbs,CCjy,DDdk,878
AAsw,BBbw,CCls,DDmp,231
AAgr,BBbw,CCls,DDmp,91
AAsw,BBbs,CCls,DDmp,600
AAgr,BBbs,CCls,DDmp,746
AAsw,BBbw,CCls,DDkn,757
AAgr,BBbw,CCls,DDkn,533
AAsw,BBbs,CCls,DDkn,924
AAgr,BBbs,CCls,DDkn,480
AAsw,BBbw,CCnt,DDpt,871
AAgr,BBbw,CCnt,DDpt,263
AAsw,BBbs,CCnt,DDpt,617
AAgr,BBbs,CCnt,DDpt,16
AAsw,BBbw,CCnt,DDxz,833
AAgr,BBbw,CCnt,DDxz,652
AAsw,BBbs,CCnt,DDxz,510
AAgr,BBbs,CCnt,DDxz,94

