{
"filename": "Food_import-export_in_tons_set138_5_DB.csv",
"questions": [{"name": "template 1",
 "sql": "SELECT Value FROM DBdata WHERE ((Year = '2018' AND Import_Export = 'Import')) AND ((Category = 'Beverage' AND Item = 'Tea'))",
 "sqlResult": "{680}",
 "nlq": "What is the amount of Import of Tea in 2018?"},
{"name": "template 2",
 "sql": "SELECT Value FROM DBdata WHERE ((Year = '2017' AND Import_Export = 'Import')) AND ((Category = 'Dairy' AND Item = 'Cream') OR (Category = 'Dairy' AND Item = 'Cheese') OR (Category = 'Beverage' AND Item = 'Tea') OR (Category = 'Beverage' AND Item = 'Soda'))",
 "sqlResult": "{956} || {380} || {462} || {184}",
 "nlq": "What is the amount of Import of Cheese, Cream, Soda, or Tea in 2017?"},
{"name": "template 3",
 "sql": "SELECT Value FROM DBdata WHERE ((Year = '2017' AND Import_Export = 'Export') OR (Year = '2018' AND Import_Export = 'Export')) AND ((Category = 'Dairy' AND Item = 'Cheese'))",
 "sqlResult": "{614} || {427}",
 "nlq": "What is the amount of Export of Cheese in 2017 or 2018?"},
{"name": "template 4",
 "sql": "SELECT max(Value),sum(Value) FROM DBdata WHERE ((Year = '2017' AND Import_Export = 'Import') OR (Year = '2017' AND Import_Export = 'Export') OR (Year = '2018' AND Import_Export = 'Import') OR (Year = '2018' AND Import_Export = 'Export')) AND ((Category = 'Beverage' AND Item = 'Tea'))",
 "sqlResult": "{680 | 1438}",
 "nlq": "What are the maximum and total amounts of Export or Import of Tea in 2017 or 2018?"},
{"name": "template 5",
 "sql": "SELECT avg(Value) FROM DBdata WHERE (Year IN ('2017','2018')) AND ((Category = 'Dairy' AND Item = 'Cream'))",
 "sqlResult": "{400.25}",
 "nlq": "What is the average amount of Cream in 2017 or 2018?"},
{"name": "template 6",
 "sql": "SELECT Value FROM DBdata WHERE ((Year = '2017' AND Import_Export = 'Import') OR (Year = '2017' AND Import_Export = 'Export') OR (Year = '2018' AND Import_Export = 'Import') OR (Year = '2018' AND Import_Export = 'Export')) AND ((Category = 'Dairy' AND Item = 'Yoghurt') OR (Category = 'Beverage' AND Item = 'Tea') OR (Category = 'Beverage' AND Item = 'Soda') OR (Category = 'Beverage' AND Item = 'Juice'))",
 "sqlResult": "{900} || {753} || {973} || {602} || {462} || {244} || {680} || {52} || {184} || {822} || {856} || {709} || {610} || {660} || {741} || {231}",
 "nlq": "What is the amount of Export or Import of Juice, Soda, Tea, or Yoghurt in 2017 or 2018?"},
{"name": "template 7",
 "sql": "SELECT min(Value),avg(Value) FROM DBdata WHERE ((Year = '2017' AND Import_Export = 'Export')) AND ((Category = 'Dairy' AND Item = 'Cream') OR (Category = 'Beverage' AND Item = 'Soda'))",
 "sqlResult": "{83 | 452.5}",
 "nlq": "What are the minimum and average amounts of Export of Cream or Soda in 2017?"},
{"name": "template 8",
 "sql": "SELECT Year,Import_Export,min(Value),avg(Value) FROM DBdata WHERE ((Year = '2017' AND Import_Export = 'Import') OR (Year = '2017' AND Import_Export = 'Export') OR (Year = '2018' AND Import_Export = 'Import') OR (Year = '2018' AND Import_Export = 'Export')) AND ((Category = 'Dairy' AND Item = 'Cream') OR (Category = 'Dairy' AND Item = 'Cheese') OR (Category = 'Beverage' AND Item = 'Juice')) GROUP BY Year,Import_Export",
 "sqlResult": "{2017 | Export | 83 | 452.33} || {2017 | Import | 380 | 648.67} || {2018 | Export | 203 | 287} || {2018 | Import | 359 | 619}",
 "nlq": "What are the minimum and average amounts for each Year and Import-Export, of Export or Import of Cheese, Cream, or Juice in 2017 or 2018? Please, report the corresponding Year and Import-Export."},
{"name": "template 9",
 "sql": "SELECT min(Value) FROM DBdata WHERE ((Year = '2017' AND Import_Export = 'Export')) AND (Category IN ('Dairy','Beverage')) GROUP BY Category",
 "sqlResult": "{244} || {83}",
 "nlq": "What is the minimum amount for each Category, of Export of Beverage or Dairy in 2017?"},
{"name": "template 10",
 "sql": "SELECT Category,avg(Value) FROM DBdata WHERE ((Year = '2018' AND Import_Export = 'Import')) AND (Category IN ('Dairy','Beverage')) GROUP BY Category",
 "sqlResult": "{Beverage | 759} || {Dairy | 696.33}",
 "nlq": "What is the average amount for each Category, of Import of Beverage or Dairy in 2018? Please, report the corresponding Category."},
{"name": "template 11",
 "sql": "SELECT Category,Year,Import_Export,min(Value) FROM DBdata WHERE ((Year = '2017' AND Import_Export = 'Export') OR (Year = '2018' AND Import_Export = 'Export')) AND (Category IN ('Dairy','Beverage')) GROUP BY Category,Year,Import_Export",
 "sqlResult": "{Beverage | 2017 | Export | 244} || {Beverage | 2018 | Export | 52} || {Dairy | 2017 | Export | 83} || {Dairy | 2018 | Export | 203}",
 "nlq": "What is the minimum amount for each Category, Year, and Import-Export, of Export of Beverage or Dairy in 2017 or 2018? Please, report the corresponding Category, Year, and Import-Export."},
{"name": "template 12",
 "sql": "SELECT Value FROM DBdata WHERE ((Year = '2018' AND Import_Export = 'Export')) AND (Category IN ('Dairy','Beverage')) ORDER BY VALUE ASC LIMIT 4",
 "sqlResult": "{52} || {203} || {231} || {427}",
 "nlq": "What are the bottom 4 amounts of Export of Beverage or Dairy in 2018?"},
{"name": "template 13",
 "sql": "SELECT Value FROM DBdata WHERE ((Year = '2017' AND Import_Export = 'Import')) AND (Category IN ('Dairy','Beverage')) ORDER BY VALUE DESC",
 "sqlResult": "{956} || {900} || {610} || {462} || {380} || {184}",
 "nlq": "What are the amounts ordered by decreasing values of Import of Beverage or Dairy in 2017?"},
{"name": "template 14",
 "sql": "SELECT Category,Item FROM DBdata WHERE ((Year = '2017' AND Import_Export = 'Import')) AND Value > 552.42",
 "sqlResult": "{Dairy | Cream} || {Dairy | Yoghurt} || {Beverage | Juice}",
 "nlq": "What are the Category and Item for which the amount of Import in 2017 is greater than 552.42?"},
{"name": "template 15",
 "sql": "SELECT Category,Item,Value FROM DBdata WHERE ((Year = '2017' AND Import_Export = 'Export')) AND (Category,Item) IN (SELECT Category,Item FROM DBdata WHERE ((Year = '2017' AND Import_Export = 'Import')) AND Value > 552.42)",
 "sqlResult": "{Dairy | Cream | 83} || {Dairy | Yoghurt | 753} || {Beverage | Juice | 660}",
 "nlq": "What is the amount of Export in 2017 of Category and of Item for which the amount of Import in 2017 is greater than 552.42? Please, report the corresponding Category, Item, and amount of import-export."}]
}
