AAfny-AAfxz,BB,CC,DD,EE,Value
AA,BB,CC,DD,EE,Value
AAfny,BBbmr,CCcpy,DDdfz,EEbhw,712
AAfxz,BBbmr,CCcpy,DDdfz,EEbhw,364
AAfny,BBjnt,CCcpy,DDdfz,EEbhw,427
AAfxz,BBjnt,CCcpy,DDdfz,EEbhw,899
AAfny,BBbmr,CCfsv,DDdfz,EEbhw,811
AAfxz,BBbmr,CCfsv,DDdfz,EEbhw,149
AAfny,BBjnt,CCfsv,DDdfz,EEbhw,604
AAfxz,BBjnt,CCfsv,DDdfz,EEbhw,102
AAfny,BBbmr,CCfst,DDdfz,EEbhw,405
AAfxz,BBbmr,CCfst,DDdfz,EEbhw,556
AAfny,BBjnt,CCfst,DDdfz,EEbhw,180
AAfxz,BBjnt,CCfst,DDdfz,EEbhw,797
AAfny,BBbmr,CCdmn,DDdfz,EEbhw,414
AAfxz,BBbmr,CCdmn,DDdfz,EEbhw,921
AAfny,BBjnt,CCdmn,DDdfz,EEbhw,786
AAfxz,BBjnt,CCdmn,DDdfz,EEbhw,177
AAfny,BBbmr,CCcpy,DDdfz,EEdpy,979
AAfxz,BBbmr,CCcpy,DDdfz,EEdpy,976
AAfny,BBjnt,CCcpy,DDdfz,EEdpy,629
AAfxz,BBjnt,CCcpy,DDdfz,EEdpy,223
AAfny,BBbmr,CCfsv,DDdfz,EEdpy,279
AAfxz,BBbmr,CCfsv,DDdfz,EEdpy,999
AAfny,BBjnt,CCfsv,DDdfz,EEdpy,602
AAfxz,BBjnt,CCfsv,DDdfz,EEdpy,573
AAfny,BBbmr,CCfst,DDdfz,EEdpy,765
AAfxz,BBbmr,CCfst,DDdfz,EEdpy,924
AAfny,BBjnt,CCfst,DDdfz,EEdpy,412
AAfxz,BBjnt,CCfst,DDdfz,EEdpy,688
AAfny,BBbmr,CCdmn,DDdfz,EEdpy,319
AAfxz,BBbmr,CCdmn,DDdfz,EEdpy,114
AAfny,BBjnt,CCdmn,DDdfz,EEdpy,424
AAfxz,BBjnt,CCdmn,DDdfz,EEdpy,445
AAfny,BBbmr,CCcpy,DDdfz,EEhpv,748
AAfxz,BBbmr,CCcpy,DDdfz,EEhpv,926
AAfny,BBjnt,CCcpy,DDdfz,EEhpv,272
AAfxz,BBjnt,CCcpy,DDdfz,EEhpv,449
AAfny,BBbmr,CCfsv,DDdfz,EEhpv,677
AAfxz,BBbmr,CCfsv,DDdfz,EEhpv,338
AAfny,BBjnt,CCfsv,DDdfz,EEhpv,206
AAfxz,BBjnt,CCfsv,DDdfz,EEhpv,409
AAfny,BBbmr,CCfst,DDdfz,EEhpv,635
AAfxz,BBbmr,CCfst,DDdfz,EEhpv,645
AAfny,BBjnt,CCfst,DDdfz,EEhpv,837
AAfxz,BBjnt,CCfst,DDdfz,EEhpv,576
AAfny,BBbmr,CCdmn,DDdfz,EEhpv,508
AAfxz,BBbmr,CCdmn,DDdfz,EEhpv,245
AAfny,BBjnt,CCdmn,DDdfz,EEhpv,610
AAfxz,BBjnt,CCdmn,DDdfz,EEhpv,882
AAfny,BBbmr,CCcpy,DDdfw,EEchm,357
AAfxz,BBbmr,CCcpy,DDdfw,EEchm,254
AAfny,BBjnt,CCcpy,DDdfw,EEchm,865
AAfxz,BBjnt,CCcpy,DDdfw,EEchm,93
AAfny,BBbmr,CCfsv,DDdfw,EEchm,425
AAfxz,BBbmr,CCfsv,DDdfw,EEchm,912
AAfny,BBjnt,CCfsv,DDdfw,EEchm,194
AAfxz,BBjnt,CCfsv,DDdfw,EEchm,746
AAfny,BBbmr,CCfst,DDdfw,EEchm,246
AAfxz,BBbmr,CCfst,DDdfw,EEchm,250
AAfny,BBjnt,CCfst,DDdfw,EEchm,459
AAfxz,BBjnt,CCfst,DDdfw,EEchm,544
AAfny,BBbmr,CCdmn,DDdfw,EEchm,702
AAfxz,BBbmr,CCdmn,DDdfw,EEchm,683
AAfny,BBjnt,CCdmn,DDdfw,EEchm,559
AAfxz,BBjnt,CCdmn,DDdfw,EEchm,86
AAfny,BBbmr,CCcpy,DDdfw,EEbrt,639
AAfxz,BBbmr,CCcpy,DDdfw,EEbrt,410
AAfny,BBjnt,CCcpy,DDdfw,EEbrt,948
AAfxz,BBjnt,CCcpy,DDdfw,EEbrt,172
AAfny,BBbmr,CCfsv,DDdfw,EEbrt,701
AAfxz,BBbmr,CCfsv,DDdfw,EEbrt,593
AAfny,BBjnt,CCfsv,DDdfw,EEbrt,732
AAfxz,BBjnt,CCfsv,DDdfw,EEbrt,660
AAfny,BBbmr,CCfst,DDdfw,EEbrt,998
AAfxz,BBbmr,CCfst,DDdfw,EEbrt,288
AAfny,BBjnt,CCfst,DDdfw,EEbrt,232
AAfxz,BBjnt,CCfst,DDdfw,EEbrt,242
AAfny,BBbmr,CCdmn,DDdfw,EEbrt,116
AAfxz,BBbmr,CCdmn,DDdfw,EEbrt,455
AAfny,BBjnt,CCdmn,DDdfw,EEbrt,171
AAfxz,BBjnt,CCdmn,DDdfw,EEbrt,356
AAfny,BBbmr,CCcpy,DDdfw,EEltx,986
AAfxz,BBbmr,CCcpy,DDdfw,EEltx,17
AAfny,BBjnt,CCcpy,DDdfw,EEltx,539
AAfxz,BBjnt,CCcpy,DDdfw,EEltx,599
AAfny,BBbmr,CCfsv,DDdfw,EEltx,436
AAfxz,BBbmr,CCfsv,DDdfw,EEltx,626
AAfny,BBjnt,CCfsv,DDdfw,EEltx,566
AAfxz,BBjnt,CCfsv,DDdfw,EEltx,297
AAfny,BBbmr,CCfst,DDdfw,EEltx,771
AAfxz,BBbmr,CCfst,DDdfw,EEltx,564
AAfny,BBjnt,CCfst,DDdfw,EEltx,994
AAfxz,BBjnt,CCfst,DDdfw,EEltx,27
AAfny,BBbmr,CCdmn,DDdfw,EEltx,259
AAfxz,BBbmr,CCdmn,DDdfw,EEltx,518
AAfny,BBjnt,CCdmn,DDdfw,EEltx,36
AAfxz,BBjnt,CCdmn,DDdfw,EEltx,58
AAfny,BBbmr,CCcpy,DDhpw,EEfxy,173
AAfxz,BBbmr,CCcpy,DDhpw,EEfxy,46
AAfny,BBjnt,CCcpy,DDhpw,EEfxy,80
AAfxz,BBjnt,CCcpy,DDhpw,EEfxy,67
AAfny,BBbmr,CCfsv,DDhpw,EEfxy,307
AAfxz,BBbmr,CCfsv,DDhpw,EEfxy,959
AAfny,BBjnt,CCfsv,DDhpw,EEfxy,438
AAfxz,BBjnt,CCfsv,DDhpw,EEfxy,807
AAfny,BBbmr,CCfst,DDhpw,EEfxy,649
AAfxz,BBbmr,CCfst,DDhpw,EEfxy,352
AAfny,BBjnt,CCfst,DDhpw,EEfxy,105
AAfxz,BBjnt,CCfst,DDhpw,EEfxy,901
AAfny,BBbmr,CCdmn,DDhpw,EEfxy,163
AAfxz,BBbmr,CCdmn,DDhpw,EEfxy,395
AAfny,BBjnt,CCdmn,DDhpw,EEfxy,792
AAfxz,BBjnt,CCdmn,DDhpw,EEfxy,146
AAfny,BBbmr,CCcpy,DDhpw,EEmnz,666
AAfxz,BBbmr,CCcpy,DDhpw,EEmnz,711
AAfny,BBjnt,CCcpy,DDhpw,EEmnz,88
AAfxz,BBjnt,CCcpy,DDhpw,EEmnz,993
AAfny,BBbmr,CCfsv,DDhpw,EEmnz,605
AAfxz,BBbmr,CCfsv,DDhpw,EEmnz,849
AAfny,BBjnt,CCfsv,DDhpw,EEmnz,537
AAfxz,BBjnt,CCfsv,DDhpw,EEmnz,11
AAfny,BBbmr,CCfst,DDhpw,EEmnz,346
AAfxz,BBbmr,CCfst,DDhpw,EEmnz,992
AAfny,BBjnt,CCfst,DDhpw,EEmnz,329
AAfxz,BBjnt,CCfst,DDhpw,EEmnz,60
AAfny,BBbmr,CCdmn,DDhpw,EEmnz,32
AAfxz,BBbmr,CCdmn,DDhpw,EEmnz,973
AAfny,BBjnt,CCdmn,DDhpw,EEmnz,39
AAfxz,BBjnt,CCdmn,DDhpw,EEmnz,376

