AAgt-AAhq,BB,CC,DD,Value
AA,BB,CC,DD,Value
AAgt,BBvx,CChn,DDcj,683
AAhq,BBvx,CChn,DDcj,533
AAgt,BBnz,CChn,DDcj,349
AAhq,BBnz,CChn,DDcj,847
AAgt,BBjq,CChn,DDcj,134
AAhq,BBjq,CChn,DDcj,107
AAgt,BBvx,CChn,DDpq,810
AAhq,BBvx,CChn,DDpq,957
AAgt,BBnz,CChn,DDpq,138
AAhq,BBnz,CChn,DDpq,20
AAgt,BBjq,CChn,DDpq,379
AAhq,BBjq,CChn,DDpq,555
AAgt,BBvx,CChn,DDdw,856
AAhq,BBvx,CChn,DDdw,891
AAgt,BBnz,CChn,DDdw,416
AAhq,BBnz,CChn,DDdw,832
AAgt,BBjq,CChn,DDdw,634
AAhq,BBjq,CChn,DDdw,115
AAgt,BBvx,CCqx,DDfs,214
AAhq,BBvx,CCqx,DDfs,422
AAgt,BBnz,CCqx,DDfs,799
AAhq,BBnz,CCqx,DDfs,228
AAgt,BBjq,CCqx,DDfs,845
AAhq,BBjq,CCqx,DDfs,554
AAgt,BBvx,CCqx,DDds,581
AAhq,BBvx,CCqx,DDds,415
AAgt,BBnz,CCqx,DDds,951
AAhq,BBnz,CCqx,DDds,806
AAgt,BBjq,CCqx,DDds,786
AAhq,BBjq,CCqx,DDds,961
AAgt,BBvx,CCcz,DDdr,345
AAhq,BBvx,CCcz,DDdr,278
AAgt,BBnz,CCcz,DDdr,276
AAhq,BBnz,CCcz,DDdr,935
AAgt,BBjq,CCcz,DDdr,651
AAhq,BBjq,CCcz,DDdr,167
AAgt,BBvx,CCcz,DDlv,359
AAhq,BBvx,CCcz,DDlv,357
AAgt,BBnz,CCcz,DDlv,712
AAhq,BBnz,CCcz,DDlv,811
AAgt,BBjq,CCcz,DDlv,821
AAhq,BBjq,CCcz,DDlv,413
AAgt,BBvx,CCcz,DDbm,471
AAhq,BBvx,CCcz,DDbm,790
AAgt,BBnz,CCcz,DDbm,753
AAhq,BBnz,CCcz,DDbm,492
AAgt,BBjq,CCcz,DDbm,262
AAhq,BBjq,CCcz,DDbm,35

