AAdhp-AAsvz,BB,CC,DD,EE,Value
AA,BB,CC,DD,EE,Value
AAdhp,BBpwy,CClmp,DDcst,EEfqy,794
AAsvz,BBpwy,CClmp,DDcst,EEfqy,544
AAdhp,BBqsw,CClmp,DDcst,EEfqy,449
AAsvz,BBqsw,CClmp,DDcst,EEfqy,866
AAdhp,BBpwy,CCdhn,DDcst,EEfqy,74
AAsvz,BBpwy,CCdhn,DDcst,EEfqy,417
AAdhp,BBqsw,CCdhn,DDcst,EEfqy,715
AAsvz,BBqsw,CCdhn,DDcst,EEfqy,194
AAdhp,BBpwy,CChpv,DDcst,EEfqy,148
AAsvz,BBpwy,CChpv,DDcst,EEfqy,477
AAdhp,BBqsw,CChpv,DDcst,EEfqy,499
AAsvz,BBqsw,CChpv,DDcst,EEfqy,548
AAdhp,BBpwy,CCbdv,DDcst,EEfqy,348
AAsvz,BBpwy,CCbdv,DDcst,EEfqy,438
AAdhp,BBqsw,CCbdv,DDcst,EEfqy,898
AAsvz,BBqsw,CCbdv,DDcst,EEfqy,346
AAdhp,BBpwy,CClmp,DDcst,EEqxz,508
AAsvz,BBpwy,CClmp,DDcst,EEqxz,450
AAdhp,BBqsw,CClmp,DDcst,EEqxz,875
AAsvz,BBqsw,CClmp,DDcst,EEqxz,540
AAdhp,BBpwy,CCdhn,DDcst,EEqxz,447
AAsvz,BBpwy,CCdhn,DDcst,EEqxz,729
AAdhp,BBqsw,CCdhn,DDcst,EEqxz,816
AAsvz,BBqsw,CCdhn,DDcst,EEqxz,269
AAdhp,BBpwy,CChpv,DDcst,EEqxz,498
AAsvz,BBpwy,CChpv,DDcst,EEqxz,596
AAdhp,BBqsw,CChpv,DDcst,EEqxz,235
AAsvz,BBqsw,CChpv,DDcst,EEqxz,636
AAdhp,BBpwy,CCbdv,DDcst,EEqxz,996
AAsvz,BBpwy,CCbdv,DDcst,EEqxz,386
AAdhp,BBqsw,CCbdv,DDcst,EEqxz,826
AAsvz,BBqsw,CCbdv,DDcst,EEqxz,624
AAdhp,BBpwy,CClmp,DDcst,EEcdq,674
AAsvz,BBpwy,CClmp,DDcst,EEcdq,188
AAdhp,BBqsw,CClmp,DDcst,EEcdq,236
AAsvz,BBqsw,CClmp,DDcst,EEcdq,928
AAdhp,BBpwy,CCdhn,DDcst,EEcdq,64
AAsvz,BBpwy,CCdhn,DDcst,EEcdq,991
AAdhp,BBqsw,CCdhn,DDcst,EEcdq,173
AAsvz,BBqsw,CCdhn,DDcst,EEcdq,564
AAdhp,BBpwy,CChpv,DDcst,EEcdq,359
AAsvz,BBpwy,CChpv,DDcst,EEcdq,456
AAdhp,BBqsw,CChpv,DDcst,EEcdq,842
AAsvz,BBqsw,CChpv,DDcst,EEcdq,212
AAdhp,BBpwy,CCbdv,DDcst,EEcdq,975
AAsvz,BBpwy,CCbdv,DDcst,EEcdq,125
AAdhp,BBqsw,CCbdv,DDcst,EEcdq,283
AAsvz,BBqsw,CCbdv,DDcst,EEcdq,959
AAdhp,BBpwy,CClmp,DDdkp,EEdjs,751
AAsvz,BBpwy,CClmp,DDdkp,EEdjs,722
AAdhp,BBqsw,CClmp,DDdkp,EEdjs,740
AAsvz,BBqsw,CClmp,DDdkp,EEdjs,351
AAdhp,BBpwy,CCdhn,DDdkp,EEdjs,667
AAsvz,BBpwy,CCdhn,DDdkp,EEdjs,925
AAdhp,BBqsw,CCdhn,DDdkp,EEdjs,403
AAsvz,BBqsw,CCdhn,DDdkp,EEdjs,440
AAdhp,BBpwy,CChpv,DDdkp,EEdjs,174
AAsvz,BBpwy,CChpv,DDdkp,EEdjs,297
AAdhp,BBqsw,CChpv,DDdkp,EEdjs,420
AAsvz,BBqsw,CChpv,DDdkp,EEdjs,478
AAdhp,BBpwy,CCbdv,DDdkp,EEdjs,294
AAsvz,BBpwy,CCbdv,DDdkp,EEdjs,452
AAdhp,BBqsw,CCbdv,DDdkp,EEdjs,433
AAsvz,BBqsw,CCbdv,DDdkp,EEdjs,233
AAdhp,BBpwy,CClmp,DDdkp,EEbgz,483
AAsvz,BBpwy,CClmp,DDdkp,EEbgz,753
AAdhp,BBqsw,CClmp,DDdkp,EEbgz,985
AAsvz,BBqsw,CClmp,DDdkp,EEbgz,71
AAdhp,BBpwy,CCdhn,DDdkp,EEbgz,393
AAsvz,BBpwy,CCdhn,DDdkp,EEbgz,108
AAdhp,BBqsw,CCdhn,DDdkp,EEbgz,62
AAsvz,BBqsw,CCdhn,DDdkp,EEbgz,442
AAdhp,BBpwy,CChpv,DDdkp,EEbgz,457
AAsvz,BBpwy,CChpv,DDdkp,EEbgz,635
AAdhp,BBqsw,CChpv,DDdkp,EEbgz,487
AAsvz,BBqsw,CChpv,DDdkp,EEbgz,694
AAdhp,BBpwy,CCbdv,DDdkp,EEbgz,166
AAsvz,BBpwy,CCbdv,DDdkp,EEbgz,953
AAdhp,BBqsw,CCbdv,DDdkp,EEbgz,55
AAsvz,BBqsw,CCbdv,DDdkp,EEbgz,862
AAdhp,BBpwy,CClmp,DDdkp,EEgkt,990
AAsvz,BBpwy,CClmp,DDdkp,EEgkt,410
AAdhp,BBqsw,CClmp,DDdkp,EEgkt,256
AAsvz,BBqsw,CClmp,DDdkp,EEgkt,210
AAdhp,BBpwy,CCdhn,DDdkp,EEgkt,219
AAsvz,BBpwy,CCdhn,DDdkp,EEgkt,589
AAdhp,BBqsw,CCdhn,DDdkp,EEgkt,854
AAsvz,BBqsw,CCdhn,DDdkp,EEgkt,879
AAdhp,BBpwy,CChpv,DDdkp,EEgkt,918
AAsvz,BBpwy,CChpv,DDdkp,EEgkt,90
AAdhp,BBqsw,CChpv,DDdkp,EEgkt,661
AAsvz,BBqsw,CChpv,DDdkp,EEgkt,541
AAdhp,BBpwy,CCbdv,DDdkp,EEgkt,85
AAsvz,BBpwy,CCbdv,DDdkp,EEgkt,32
AAdhp,BBqsw,CCbdv,DDdkp,EEgkt,275
AAsvz,BBqsw,CCbdv,DDdkp,EEgkt,485
AAdhp,BBpwy,CClmp,DDcmx,EEjpr,838
AAsvz,BBpwy,CClmp,DDcmx,EEjpr,502
AAdhp,BBqsw,CClmp,DDcmx,EEjpr,394
AAsvz,BBqsw,CClmp,DDcmx,EEjpr,137
AAdhp,BBpwy,CCdhn,DDcmx,EEjpr,383
AAsvz,BBpwy,CCdhn,DDcmx,EEjpr,861
AAdhp,BBqsw,CCdhn,DDcmx,EEjpr,118
AAsvz,BBqsw,CCdhn,DDcmx,EEjpr,553
AAdhp,BBpwy,CChpv,DDcmx,EEjpr,617
AAsvz,BBpwy,CChpv,DDcmx,EEjpr,131
AAdhp,BBqsw,CChpv,DDcmx,EEjpr,603
AAsvz,BBqsw,CChpv,DDcmx,EEjpr,575
AAdhp,BBpwy,CCbdv,DDcmx,EEjpr,414
AAsvz,BBpwy,CCbdv,DDcmx,EEjpr,244
AAdhp,BBqsw,CCbdv,DDcmx,EEjpr,530
AAsvz,BBqsw,CCbdv,DDcmx,EEjpr,851
AAdhp,BBpwy,CClmp,DDcmx,EEbpr,945
AAsvz,BBpwy,CClmp,DDcmx,EEbpr,180
AAdhp,BBqsw,CClmp,DDcmx,EEbpr,404
AAsvz,BBqsw,CClmp,DDcmx,EEbpr,229
AAdhp,BBpwy,CCdhn,DDcmx,EEbpr,389
AAsvz,BBpwy,CCdhn,DDcmx,EEbpr,65
AAdhp,BBqsw,CCdhn,DDcmx,EEbpr,902
AAsvz,BBqsw,CCdhn,DDcmx,EEbpr,940
AAdhp,BBpwy,CChpv,DDcmx,EEbpr,102
AAsvz,BBpwy,CChpv,DDcmx,EEbpr,408
AAdhp,BBqsw,CChpv,DDcmx,EEbpr,511
AAsvz,BBqsw,CChpv,DDcmx,EEbpr,160
AAdhp,BBpwy,CCbdv,DDcmx,EEbpr,226
AAsvz,BBpwy,CCbdv,DDcmx,EEbpr,182
AAdhp,BBqsw,CCbdv,DDcmx,EEbpr,110
AAsvz,BBqsw,CCbdv,DDcmx,EEbpr,523
AAdhp,BBpwy,CClmp,DDcmx,EEdgx,724
AAsvz,BBpwy,CClmp,DDcmx,EEdgx,796
AAdhp,BBqsw,CClmp,DDcmx,EEdgx,73
AAsvz,BBqsw,CClmp,DDcmx,EEdgx,104
AAdhp,BBpwy,CCdhn,DDcmx,EEdgx,910
AAsvz,BBpwy,CCdhn,DDcmx,EEdgx,179
AAdhp,BBqsw,CCdhn,DDcmx,EEdgx,907
AAsvz,BBqsw,CCdhn,DDcmx,EEdgx,972
AAdhp,BBpwy,CChpv,DDcmx,EEdgx,669
AAsvz,BBpwy,CChpv,DDcmx,EEdgx,733
AAdhp,BBqsw,CChpv,DDcmx,EEdgx,112
AAsvz,BBqsw,CChpv,DDcmx,EEdgx,140
AAdhp,BBpwy,CCbdv,DDcmx,EEdgx,397
AAsvz,BBpwy,CCbdv,DDcmx,EEdgx,50
AAdhp,BBqsw,CCbdv,DDcmx,EEdgx,91
AAsvz,BBqsw,CCbdv,DDcmx,EEdgx,88

