AAdv-AAfk,BB,CC,DD,Value
AA,BB,CC,DD,Value
AAdv,BBhj,CCcv,DDry,643
AAfk,BBhj,CCcv,DDry,895
AAdv,BBpz,CCcv,DDry,947
AAfk,BBpz,CCcv,DDry,230
AAdv,BBhj,CCcv,DDht,710
AAfk,BBhj,CCcv,DDht,780
AAdv,BBpz,CCcv,DDht,937
AAfk,BBpz,CCcv,DDht,277
AAdv,BBhj,CCcv,DDnx,445
AAfk,BBhj,CCcv,DDnx,455
AAdv,BBpz,CCcv,DDnx,450
AAfk,BBpz,CCcv,DDnx,800
AAdv,BBhj,CChy,DDbf,233
AAfk,BBhj,CChy,DDbf,824
AAdv,BBpz,CChy,DDbf,281
AAfk,BBpz,CChy,DDbf,110
AAdv,BBhj,CChy,DDnz,327
AAfk,BBhj,CChy,DDnz,709
AAdv,BBpz,CChy,DDnz,962
AAfk,BBpz,CChy,DDnz,704

