{
"filename": "Food_import-export_in_tons_set149_3_DB.csv",
"questions": [{"name": "template 1",
 "sql": "SELECT Value FROM DBdata WHERE ((Import_Export = 'Import' AND Year = '2021' AND Quarter = 'Q1')) AND ((Category = 'Dairy' AND Item = 'Milk'))",
 "sqlResult": "{991}",
 "nlq": "What is the amount of Import of Milk in Q1 of 2021?"},
{"name": "template 2",
 "sql": "SELECT Value FROM DBdata WHERE ((Import_Export = 'Export' AND Year = '2020' AND Quarter = 'Q1')) AND ((Category = 'Cereals' AND Item = 'Corn') OR (Category = 'Cereals' AND Item = 'Oats') OR (Category = 'Dairy' AND Item = 'Butter') OR (Category = 'Beverage' AND Item = 'Tea'))",
 "sqlResult": "{488} || {123} || {642} || {543}",
 "nlq": "What is the amount of Export of Butter, Corn, Oats, or Tea in Q1 of 2020?"},
{"name": "template 3",
 "sql": "SELECT Value FROM DBdata WHERE ((Import_Export = 'Export' AND Year = '2020' AND Quarter = 'Q1') OR (Import_Export = 'Import' AND Year = '2021' AND Quarter = 'Q1') OR (Import_Export = 'Import' AND Year = '2020' AND Quarter = 'Q2') OR (Import_Export = 'Export' AND Year = '2021' AND Quarter = 'Q2') OR (Import_Export = 'Import' AND Year = '2021' AND Quarter = 'Q4')) AND ((Category = 'Dairy' AND Item = 'Butter'))",
 "sqlResult": "{642} || {43} || {775} || {921} || {152}",
 "nlq": "What is the amount of Export of Butter in Q1 of 2020 or Q2 of 2021 or of Import of Butter in Q1 or Q4 of 2021 or Q2 of 2020?"},
{"name": "template 4",
 "sql": "SELECT min(Value),sum(Value) FROM DBdata WHERE ((Import_Export = 'Import' AND Year = '2020' AND Quarter = 'Q2') OR (Import_Export = 'Export' AND Year = '2020' AND Quarter = 'Q3')) AND ((Category = 'Dairy' AND Item = 'Milk'))",
 "sqlResult": "{60 | 518}",
 "nlq": "What are the minimum and total amounts of Import of Milk in Q2 of 2020 or of Export of Milk in Q3 of 2020?"},
{"name": "template 6",
 "sql": "SELECT Value FROM DBdata WHERE ((Import_Export = 'Import' AND Year = '2020' AND Quarter = 'Q1') OR (Import_Export = 'Export' AND Year = '2020' AND Quarter = 'Q2') OR (Import_Export = 'Import' AND Year = '2020' AND Quarter = 'Q3') OR (Import_Export = 'Import' AND Year = '2021' AND Quarter = 'Q4')) AND ((Category = 'Cereals' AND Item = 'Corn') OR (Category = 'Cereals' AND Item = 'Oats') OR (Category = 'Dairy' AND Item = 'Milk') OR (Category = 'Dairy' AND Item = 'Butter'))",
 "sqlResult": "{444} || {42} || {391} || {293} || {616} || {523} || {277} || {969} || {92} || {220} || {156} || {468} || {825} || {279} || {309} || {152}",
 "nlq": "What is the amount of Import of Butter, Corn, Milk, or Oats in Q1 or Q3 of 2020 or Q4 of 2021 or of Export of Butter, Corn, Milk, or Oats in Q2 of 2020?"},
{"name": "template 7",
 "sql": "SELECT min(Value),max(Value) FROM DBdata WHERE ((Import_Export = 'Import' AND Year = '2020' AND Quarter = 'Q1')) AND ((Category = 'Cereals' AND Item = 'Oats') OR (Category = 'Dairy' AND Item = 'Milk') OR (Category = 'Beverage' AND Item = 'Coffee') OR (Category = 'Beverage' AND Item = 'Tea'))",
 "sqlResult": "{92 | 616}",
 "nlq": "What are the minimum and maximum amounts of Import of Coffee, Milk, Oats, or Tea in Q1 of 2020?"},
{"name": "template 8",
 "sql": "SELECT Import_Export,Year,Quarter,max(Value),min(Value) FROM DBdata WHERE ((Import_Export = 'Import' AND Year = '2021' AND Quarter = 'Q1') OR (Import_Export = 'Export' AND Year = '2020' AND Quarter = 'Q2') OR (Import_Export = 'Export' AND Year = '2020' AND Quarter = 'Q3') OR (Import_Export = 'Import' AND Year = '2020' AND Quarter = 'Q4') OR (Import_Export = 'Import' AND Year = '2021' AND Quarter = 'Q4')) AND ((Category = 'Cereals' AND Item = 'Corn') OR (Category = 'Dairy' AND Item = 'Butter') OR (Category = 'Beverage' AND Item = 'Tea')) GROUP BY Import_Export,Year,Quarter",
 "sqlResult": "{Export | 2020 | Q2 | 686 | 42} || {Export | 2020 | Q3 | 957 | 559} || {Import | 2020 | Q4 | 626 | 130} || {Import | 2021 | Q1 | 950 | 43} || {Import | 2021 | Q4 | 293 | 152}",
 "nlq": "What are the maximum and minimum amounts for each Import-Export, Year, and Quarter, of Import of Butter, Corn, or Tea in Q1 or Q4 of 2021 or Q4 of 2020 or of Export of Butter, Corn, or Tea in Q2 or Q3 of 2020? Please, report the corresponding Import-Export, Year, and Quarter."},
{"name": "template 9",
 "sql": "SELECT min(Value) FROM DBdata WHERE ((Import_Export = 'Import' AND Year = '2020' AND Quarter = 'Q1')) AND (Category IN ('Cereals','Dairy','Beverage')) GROUP BY Category",
 "sqlResult": "{131} || {444} || {92}",
 "nlq": "What is the minimum amount for each Category, of Import of Beverage, Cereals, or Dairy in Q1 of 2020?"},
{"name": "template 10",
 "sql": "SELECT Category,min(Value) FROM DBdata WHERE ((Import_Export = 'Import' AND Year = '2021' AND Quarter = 'Q4')) AND (Category IN ('Cereals','Dairy','Beverage')) GROUP BY Category",
 "sqlResult": "{Beverage | 206} || {Cereals | 293} || {Dairy | 152}",
 "nlq": "What is the minimum amount for each Category, of Import of Beverage, Cereals, or Dairy in Q4 of 2021? Please, report the corresponding Category."},
{"name": "template 11",
 "sql": "SELECT Category,Import_Export,Year,Quarter,max(Value) FROM DBdata WHERE ((Import_Export = 'Import' AND Year = '2020' AND Quarter = 'Q3') OR (Import_Export = 'Export' AND Year = '2020' AND Quarter = 'Q4')) AND (Category IN ('Cereals','Dairy','Beverage')) GROUP BY Category,Import_Export,Year,Quarter",
 "sqlResult": "{Beverage | Export | 2020 | Q4 | 953} || {Beverage | Import | 2020 | Q3 | 832} || {Cereals | Export | 2020 | Q4 | 658} || {Cereals | Import | 2020 | Q3 | 391} || {Dairy | Export | 2020 | Q4 | 867} || {Dairy | Import | 2020 | Q3 | 309}",
 "nlq": "What is the maximum amount for each Category, Import-Export, Year, and Quarter, of Import of Beverage, Cereals, or Dairy in Q3 of 2020 or of Export of Beverage, Cereals, or Dairy in Q4 of 2020? Please, report the corresponding Category, Import-Export, Year, and Quarter."},
{"name": "template 12",
 "sql": "SELECT Value FROM DBdata WHERE ((Import_Export = 'Import' AND Year = '2021' AND Quarter = 'Q2')) AND (Category IN ('Cereals','Dairy')) ORDER BY VALUE ASC LIMIT 3",
 "sqlResult": "{142} || {365} || {670}",
 "nlq": "What are the bottom 3 amounts of Import of Cereals or Dairy in Q2 of 2021?"},
{"name": "template 13",
 "sql": "SELECT Value FROM DBdata WHERE ((Import_Export = 'Import' AND Year = '2021' AND Quarter = 'Q4')) AND (Category IN ('Dairy','Beverage')) ORDER BY VALUE DESC",
 "sqlResult": "{785} || {560} || {468} || {206} || {152}",
 "nlq": "What are the amounts ordered by decreasing values of Import of Beverage or Dairy in Q4 of 2021?"},
{"name": "template 14",
 "sql": "SELECT Category,Item FROM DBdata WHERE ((Import_Export = 'Export' AND Year = '2021' AND Quarter = 'Q3')) AND Value < 517.21",
 "sqlResult": "{Cereals | Oats} || {Dairy | Milk} || {Dairy | Butter}",
 "nlq": "What are the Category and Item for which the amount of Export in Q3 of 2021 is lower than 517.21?"},
{"name": "template 15",
 "sql": "SELECT Category,Item,Value FROM DBdata WHERE ((Import_Export = 'Import' AND Year = '2021' AND Quarter = 'Q4')) AND (Category,Item) IN (SELECT Category,Item FROM DBdata WHERE ((Import_Export = 'Export' AND Year = '2021' AND Quarter = 'Q3')) AND Value < 517.21)",
 "sqlResult": "{Cereals | Oats | 969} || {Dairy | Milk | 468} || {Dairy | Butter | 152}",
 "nlq": "What is the amount of Import in Q4 of 2021 of Category and of Item for which the amount of Export in Q3 of 2021 is lower than 517.21? Please, report the corresponding Category, Item, and amount of import-export."}]
}
