{
"filename": "Food_import-export_in_tons_set135_5_DB.csv",
"questions": [{"name": "template 1",
 "sql": "SELECT Value FROM DBdata WHERE ((Import_Export = 'Import' AND Year = '2018')) AND ((Category = 'Cereals' AND Item = 'Rice'))",
 "sqlResult": "{90}",
 "nlq": "What is the amount of Import of Rice in 2018?"},
{"name": "template 2",
 "sql": "SELECT Value FROM DBdata WHERE ((Import_Export = 'Import' AND Year = '2018')) AND ((Category = 'Cereals' AND Item = 'Corn') OR (Category = 'Cereals' AND Item = 'Rice'))",
 "sqlResult": "{483} || {90}",
 "nlq": "What is the amount of Import of Corn or Rice in 2018?"},
{"name": "template 3",
 "sql": "SELECT Value FROM DBdata WHERE ((Import_Export = 'Import' AND Year = '2019') OR (Import_Export = 'Export' AND Year = '2019')) AND ((Category = 'Cereals' AND Item = 'Rice'))",
 "sqlResult": "{232} || {636}",
 "nlq": "What is the amount of Export or Import of Rice in 2019?"},
{"name": "template 4",
 "sql": "SELECT min(Value),max(Value) FROM DBdata WHERE ((Import_Export = 'Import' AND Year = '2018') OR (Import_Export = 'Import' AND Year = '2019') OR (Import_Export = 'Export' AND Year = '2019')) AND ((Category = 'Cereals' AND Item = 'Rice'))",
 "sqlResult": "{90 | 636}",
 "nlq": "What are the minimum and maximum amounts of Import of Rice in 2018 or 2019 or of Export of Rice in 2019?"},
{"name": "template 5",
 "sql": "SELECT avg(Value) FROM DBdata WHERE Import_Export = 'Export' AND (Year IN ('2018','2019')) AND ((Category = 'Dairy' AND Item = 'Yoghurt'))",
 "sqlResult": "{906}",
 "nlq": "What is the average amount of Export of Yoghurt in 2018 or 2019?"},
{"name": "template 6",
 "sql": "SELECT Value FROM DBdata WHERE ((Import_Export = 'Import' AND Year = '2019') OR (Import_Export = 'Export' AND Year = '2019')) AND ((Category = 'Cereals' AND Item = 'Corn') OR (Category = 'Dairy' AND Item = 'Yoghurt'))",
 "sqlResult": "{940} || {763} || {481} || {840}",
 "nlq": "What is the amount of Export or Import of Corn or Yoghurt in 2019?"},
{"name": "template 7",
 "sql": "SELECT max(Value),min(Value) FROM DBdata WHERE ((Import_Export = 'Export' AND Year = '2019')) AND ((Category = 'Cereals' AND Item = 'Corn') OR (Category = 'Dairy' AND Item = 'Cheese') OR (Category = 'Dairy' AND Item = 'Yoghurt'))",
 "sqlResult": "{840 | 91}",
 "nlq": "What are the maximum and minimum amounts of Export of Cheese, Corn, or Yoghurt in 2019?"},
{"name": "template 8",
 "sql": "SELECT Import_Export,Year,sum(Value),avg(Value) FROM DBdata WHERE ((Import_Export = 'Import' AND Year = '2018') OR (Import_Export = 'Export' AND Year = '2018') OR (Import_Export = 'Import' AND Year = '2019') OR (Import_Export = 'Export' AND Year = '2019')) AND ((Category = 'Cereals' AND Item = 'Corn') OR (Category = 'Cereals' AND Item = 'Oats') OR (Category = 'Dairy' AND Item = 'Cheese') OR (Category = 'Dairy' AND Item = 'Yoghurt')) GROUP BY Import_Export,Year",
 "sqlResult": "{Export | 2018 | 1891 | 472.75} || {Export | 2019 | 2413 | 603.25} || {Import | 2018 | 2286 | 571.5} || {Import | 2019 | 2473 | 618.25}",
 "nlq": "What are the total and average amounts for each Import-Export and Year, of Export or Import of Cheese, Corn, Oats, or Yoghurt in 2018 or 2019? Please, report the corresponding Import-Export and Year."},
{"name": "template 9",
 "sql": "SELECT min(Value) FROM DBdata WHERE ((Import_Export = 'Import' AND Year = '2019')) AND (Category IN ('Cereals','Dairy')) GROUP BY Category",
 "sqlResult": "{232} || {203}",
 "nlq": "What is the minimum amount for each Category, of Import of Cereals or Dairy in 2019?"},
{"name": "template 10",
 "sql": "SELECT Category,avg(Value) FROM DBdata WHERE ((Import_Export = 'Import' AND Year = '2018')) AND (Category IN ('Cereals','Dairy')) GROUP BY Category",
 "sqlResult": "{Cereals | 395.67} || {Dairy | 594.5}",
 "nlq": "What is the average amount for each Category, of Import of Cereals or Dairy in 2018? Please, report the corresponding Category."},
{"name": "template 11",
 "sql": "SELECT Category,Import_Export,Year,avg(Value) FROM DBdata WHERE ((Import_Export = 'Export' AND Year = '2018') OR (Import_Export = 'Import' AND Year = '2019')) AND (Category IN ('Cereals','Dairy')) GROUP BY Category,Import_Export,Year",
 "sqlResult": "{Cereals | Export | 2018 | 299.67} || {Cereals | Import | 2019 | 673.67} || {Dairy | Export | 2018 | 612.5} || {Dairy | Import | 2019 | 342}",
 "nlq": "What is the average amount for each Category, Import-Export, and Year, of Export of Cereals or Dairy in 2018 or of Import of Cereals or Dairy in 2019? Please, report the corresponding Category, Import-Export, and Year."},
{"name": "template 12",
 "sql": "SELECT Value FROM DBdata WHERE ((Import_Export = 'Import' AND Year = '2018')) AND (Category IN ('Cereals','Dairy')) ORDER BY VALUE ASC LIMIT 4",
 "sqlResult": "{90} || {317} || {483} || {614}",
 "nlq": "What are the bottom 4 amounts of Import of Cereals or Dairy in 2018?"},
{"name": "template 13",
 "sql": "SELECT Value FROM DBdata WHERE ((Import_Export = 'Export' AND Year = '2019')) AND (Category IN ('Cereals','Dairy')) ORDER BY VALUE DESC",
 "sqlResult": "{840} || {763} || {719} || {636} || {91}",
 "nlq": "What are the amounts ordered by decreasing values of Export of Cereals or Dairy in 2019?"},
{"name": "template 14",
 "sql": "SELECT Category,Item FROM DBdata WHERE ((Import_Export = 'Import' AND Year = '2018')) AND Value > 512.7",
 "sqlResult": "{Cereals | Oats} || {Dairy | Cheese}",
 "nlq": "What are the Category and Item for which the amount of Import in 2018 is greater than 512.7?"},
{"name": "template 15",
 "sql": "SELECT Category,Item,Value FROM DBdata WHERE ((Import_Export = 'Import' AND Year = '2019')) AND (Category,Item) IN (SELECT Category,Item FROM DBdata WHERE ((Import_Export = 'Import' AND Year = '2018')) AND Value > 512.7)",
 "sqlResult": "{Cereals | Oats | 849} || {Dairy | Cheese | 203}",
 "nlq": "What is the amount of Import in 2019 of Category and of Item for which the amount of Import in 2018 is greater than 512.7? Please, report the corresponding Category, Item, and amount of import-export."}]
}
