Import-Export,Year,Quarter,Category,Item,Value
Import_Export,Year,Quarter,Category,Item,Value
Import,2016,Q1,Meat,Chicken,858
Export,2016,Q1,Meat,Chicken,550
Import,2017,Q1,Meat,Chicken,717
Export,2017,Q1,Meat,Chicken,419
Import,2018,Q1,Meat,Chicken,264
Export,2018,Q1,Meat,Chicken,126
Import,2016,Q2,Meat,Chicken,755
Export,2016,Q2,Meat,Chicken,574
Import,2017,Q2,Meat,Chicken,623
Export,2017,Q2,Meat,Chicken,130
Import,2018,Q2,Meat,Chicken,11
Export,2018,Q2,Meat,Chicken,202
Import,2016,Q3,Meat,Chicken,959
Export,2016,Q3,Meat,Chicken,399
Import,2017,Q3,Meat,Chicken,750
Export,2017,Q3,Meat,Chicken,22
Import,2018,Q3,Meat,Chicken,315
Export,2018,Q3,Meat,Chicken,383
Import,2016,Q4,Meat,Chicken,453
Export,2016,Q4,Meat,Chicken,701
Import,2017,Q4,Meat,Chicken,976
Export,2017,Q4,Meat,Chicken,378
Import,2018,Q4,Meat,Chicken,26
Export,2018,Q4,Meat,Chicken,173
Import,2016,Q1,Meat,Pork,305
Export,2016,Q1,Meat,Pork,100
Import,2017,Q1,Meat,Pork,452
Export,2017,Q1,Meat,Pork,256
Import,2018,Q1,Meat,Pork,113
Export,2018,Q1,Meat,Pork,384
Import,2016,Q2,Meat,Pork,489
Export,2016,Q2,Meat,Pork,936
Import,2017,Q2,Meat,Pork,843
Export,2017,Q2,Meat,Pork,472
Import,2018,Q2,Meat,Pork,445
Export,2018,Q2,Meat,Pork,245
Import,2016,Q3,Meat,Pork,78
Export,2016,Q3,Meat,Pork,789
Import,2017,Q3,Meat,Pork,16
Export,2017,Q3,Meat,Pork,687
Import,2018,Q3,Meat,Pork,543
Export,2018,Q3,Meat,Pork,122
Import,2016,Q4,Meat,Pork,547
Export,2016,Q4,Meat,Pork,65
Import,2017,Q4,Meat,Pork,413
Export,2017,Q4,Meat,Pork,693
Import,2018,Q4,Meat,Pork,121
Export,2018,Q4,Meat,Pork,249
Import,2016,Q1,Cereals,Corn,964
Export,2016,Q1,Cereals,Corn,830
Import,2017,Q1,Cereals,Corn,64
Export,2017,Q1,Cereals,Corn,369
Import,2018,Q1,Cereals,Corn,475
Export,2018,Q1,Cereals,Corn,438
Import,2016,Q2,Cereals,Corn,534
Export,2016,Q2,Cereals,Corn,491
Import,2017,Q2,Cereals,Corn,336
Export,2017,Q2,Cereals,Corn,824
Import,2018,Q2,Cereals,Corn,966
Export,2018,Q2,Cereals,Corn,290
Import,2016,Q3,Cereals,Corn,395
Export,2016,Q3,Cereals,Corn,825
Import,2017,Q3,Cereals,Corn,20
Export,2017,Q3,Cereals,Corn,665
Import,2018,Q3,Cereals,Corn,640
Export,2018,Q3,Cereals,Corn,732
Import,2016,Q4,Cereals,Corn,908
Export,2016,Q4,Cereals,Corn,513
Import,2017,Q4,Cereals,Corn,506
Export,2017,Q4,Cereals,Corn,246
Import,2018,Q4,Cereals,Corn,461
Export,2018,Q4,Cereals,Corn,895
Import,2016,Q1,Cereals,Oats,103
Export,2016,Q1,Cereals,Oats,517
Import,2017,Q1,Cereals,Oats,276
Export,2017,Q1,Cereals,Oats,154
Import,2018,Q1,Cereals,Oats,856
Export,2018,Q1,Cereals,Oats,269
Import,2016,Q2,Cereals,Oats,683
Export,2016,Q2,Cereals,Oats,228
Import,2017,Q2,Cereals,Oats,32
Export,2017,Q2,Cereals,Oats,182
Import,2018,Q2,Cereals,Oats,493
Export,2018,Q2,Cereals,Oats,38
Import,2016,Q3,Cereals,Oats,159
Export,2016,Q3,Cereals,Oats,864
Import,2017,Q3,Cereals,Oats,120
Export,2017,Q3,Cereals,Oats,690
Import,2018,Q3,Cereals,Oats,661
Export,2018,Q3,Cereals,Oats,783
Import,2016,Q4,Cereals,Oats,888
Export,2016,Q4,Cereals,Oats,510
Import,2017,Q4,Cereals,Oats,210
Export,2017,Q4,Cereals,Oats,881
Import,2018,Q4,Cereals,Oats,886
Export,2018,Q4,Cereals,Oats,86
Import,2016,Q1,Dairy,Cream,373
Export,2016,Q1,Dairy,Cream,577
Import,2017,Q1,Dairy,Cream,764
Export,2017,Q1,Dairy,Cream,144
Import,2018,Q1,Dairy,Cream,63
Export,2018,Q1,Dairy,Cream,163
Import,2016,Q2,Dairy,Cream,616
Export,2016,Q2,Dairy,Cream,817
Import,2017,Q2,Dairy,Cream,524
Export,2017,Q2,Dairy,Cream,187
Import,2018,Q2,Dairy,Cream,355
Export,2018,Q2,Dairy,Cream,578
Import,2016,Q3,Dairy,Cream,708
Export,2016,Q3,Dairy,Cream,827
Import,2017,Q3,Dairy,Cream,342
Export,2017,Q3,Dairy,Cream,132
Import,2018,Q3,Dairy,Cream,102
Export,2018,Q3,Dairy,Cream,958
Import,2016,Q4,Dairy,Cream,274
Export,2016,Q4,Dairy,Cream,790
Import,2017,Q4,Dairy,Cream,512
Export,2017,Q4,Dairy,Cream,503
Import,2018,Q4,Dairy,Cream,957
Export,2018,Q4,Dairy,Cream,306
Import,2016,Q1,Dairy,Cheese,580
Export,2016,Q1,Dairy,Cheese,139
Import,2017,Q1,Dairy,Cheese,380
Export,2017,Q1,Dairy,Cheese,555
Import,2018,Q1,Dairy,Cheese,492
Export,2018,Q1,Dairy,Cheese,387
Import,2016,Q2,Dairy,Cheese,223
Export,2016,Q2,Dairy,Cheese,667
Import,2017,Q2,Dairy,Cheese,429
Export,2017,Q2,Dairy,Cheese,390
Import,2018,Q2,Dairy,Cheese,371
Export,2018,Q2,Dairy,Cheese,846
Import,2016,Q3,Dairy,Cheese,455
Export,2016,Q3,Dairy,Cheese,115
Import,2017,Q3,Dairy,Cheese,876
Export,2017,Q3,Dairy,Cheese,209
Import,2018,Q3,Dairy,Cheese,295
Export,2018,Q3,Dairy,Cheese,254
Import,2016,Q4,Dairy,Cheese,40
Export,2016,Q4,Dairy,Cheese,177
Import,2017,Q4,Dairy,Cheese,125
Export,2017,Q4,Dairy,Cheese,416
Import,2018,Q4,Dairy,Cheese,255
Export,2018,Q4,Dairy,Cheese,76
