Import-Export,Year,Quarter,Category,Item,Value
Import_Export,Year,Quarter,Category,Item,Value
Import,2018,Q1,Cereals,Seeds,610
Export,2018,Q1,Cereals,Seeds,494
Import,2019,Q1,Cereals,Seeds,640
Export,2019,Q1,Cereals,Seeds,87
Import,2020,Q1,Cereals,Seeds,664
Export,2020,Q1,Cereals,Seeds,167
Import,2018,Q2,Cereals,Seeds,222
Export,2018,Q2,Cereals,Seeds,500
Import,2019,Q2,Cereals,Seeds,556
Export,2019,Q2,Cereals,Seeds,518
Import,2020,Q2,Cereals,Seeds,582
Export,2020,Q2,Cereals,Seeds,746
Import,2018,Q3,Cereals,Seeds,29
Export,2018,Q3,Cereals,Seeds,630
Import,2019,Q3,Cereals,Seeds,221
Export,2019,Q3,Cereals,Seeds,632
Import,2020,Q3,Cereals,Seeds,211
Export,2020,Q3,Cereals,Seeds,134
Import,2018,Q4,Cereals,Seeds,310
Export,2018,Q4,Cereals,Seeds,391
Import,2019,Q4,Cereals,Seeds,840
Export,2019,Q4,Cereals,Seeds,201
Import,2020,Q4,Cereals,Seeds,612
Export,2020,Q4,Cereals,Seeds,152
Import,2018,Q1,Cereals,Wheat,828
Export,2018,Q1,Cereals,Wheat,615
Import,2019,Q1,Cereals,Wheat,93
Export,2019,Q1,Cereals,Wheat,515
Import,2020,Q1,Cereals,Wheat,275
Export,2020,Q1,Cereals,Wheat,579
Import,2018,Q2,Cereals,Wheat,441
Export,2018,Q2,Cereals,Wheat,607
Import,2019,Q2,Cereals,Wheat,609
Export,2019,Q2,Cereals,Wheat,832
Import,2020,Q2,Cereals,Wheat,587
Export,2020,Q2,Cereals,Wheat,154
Import,2018,Q3,Cereals,Wheat,672
Export,2018,Q3,Cereals,Wheat,629
Import,2019,Q3,Cereals,Wheat,698
Export,2019,Q3,Cereals,Wheat,510
Import,2020,Q3,Cereals,Wheat,952
Export,2020,Q3,Cereals,Wheat,606
Import,2018,Q4,Cereals,Wheat,50
Export,2018,Q4,Cereals,Wheat,401
Import,2019,Q4,Cereals,Wheat,447
Export,2019,Q4,Cereals,Wheat,678
Import,2020,Q4,Cereals,Wheat,27
Export,2020,Q4,Cereals,Wheat,842
Import,2018,Q1,Cereals,Soybeans,252
Export,2018,Q1,Cereals,Soybeans,327
Import,2019,Q1,Cereals,Soybeans,727
Export,2019,Q1,Cereals,Soybeans,866
Import,2020,Q1,Cereals,Soybeans,123
Export,2020,Q1,Cereals,Soybeans,392
Import,2018,Q2,Cereals,Soybeans,638
Export,2018,Q2,Cereals,Soybeans,841
Import,2019,Q2,Cereals,Soybeans,420
Export,2019,Q2,Cereals,Soybeans,204
Import,2020,Q2,Cereals,Soybeans,173
Export,2020,Q2,Cereals,Soybeans,498
Import,2018,Q3,Cereals,Soybeans,284
Export,2018,Q3,Cereals,Soybeans,908
Import,2019,Q3,Cereals,Soybeans,80
Export,2019,Q3,Cereals,Soybeans,297
Import,2020,Q3,Cereals,Soybeans,677
Export,2020,Q3,Cereals,Soybeans,485
Import,2018,Q4,Cereals,Soybeans,725
Export,2018,Q4,Cereals,Soybeans,970
Import,2019,Q4,Cereals,Soybeans,524
Export,2019,Q4,Cereals,Soybeans,623
Import,2020,Q4,Cereals,Soybeans,21
Export,2020,Q4,Cereals,Soybeans,230
Import,2018,Q1,Dairy,Butter,914
Export,2018,Q1,Dairy,Butter,611
Import,2019,Q1,Dairy,Butter,445
Export,2019,Q1,Dairy,Butter,894
Import,2020,Q1,Dairy,Butter,140
Export,2020,Q1,Dairy,Butter,920
Import,2018,Q2,Dairy,Butter,31
Export,2018,Q2,Dairy,Butter,674
Import,2019,Q2,Dairy,Butter,772
Export,2019,Q2,Dairy,Butter,934
Import,2020,Q2,Dairy,Butter,695
Export,2020,Q2,Dairy,Butter,816
Import,2018,Q3,Dairy,Butter,775
Export,2018,Q3,Dairy,Butter,270
Import,2019,Q3,Dairy,Butter,542
Export,2019,Q3,Dairy,Butter,809
Import,2020,Q3,Dairy,Butter,707
Export,2020,Q3,Dairy,Butter,182
Import,2018,Q4,Dairy,Butter,602
Export,2018,Q4,Dairy,Butter,948
Import,2019,Q4,Dairy,Butter,20
Export,2019,Q4,Dairy,Butter,676
Import,2020,Q4,Dairy,Butter,302
Export,2020,Q4,Dairy,Butter,15
Import,2018,Q1,Dairy,Cream,706
Export,2018,Q1,Dairy,Cream,539
Import,2019,Q1,Dairy,Cream,851
Export,2019,Q1,Dairy,Cream,308
Import,2020,Q1,Dairy,Cream,631
Export,2020,Q1,Dairy,Cream,458
Import,2018,Q2,Dairy,Cream,585
Export,2018,Q2,Dairy,Cream,819
Import,2019,Q2,Dairy,Cream,247
Export,2019,Q2,Dairy,Cream,34
Import,2020,Q2,Dairy,Cream,144
Export,2020,Q2,Dairy,Cream,514
Import,2018,Q3,Dairy,Cream,789
Export,2018,Q3,Dairy,Cream,214
Import,2019,Q3,Dairy,Cream,852
Export,2019,Q3,Dairy,Cream,65
Import,2020,Q3,Dairy,Cream,161
Export,2020,Q3,Dairy,Cream,947
Import,2018,Q4,Dairy,Cream,285
Export,2018,Q4,Dairy,Cream,291
Import,2019,Q4,Dairy,Cream,148
Export,2019,Q4,Dairy,Cream,667
Import,2020,Q4,Dairy,Cream,561
Export,2020,Q4,Dairy,Cream,957
Import,2018,Q1,Dairy,Cheese,744
Export,2018,Q1,Dairy,Cheese,829
Import,2019,Q1,Dairy,Cheese,357
Export,2019,Q1,Dairy,Cheese,481
Import,2020,Q1,Dairy,Cheese,300
Export,2020,Q1,Dairy,Cheese,54
Import,2018,Q2,Dairy,Cheese,856
Export,2018,Q2,Dairy,Cheese,430
Import,2019,Q2,Dairy,Cheese,593
Export,2019,Q2,Dairy,Cheese,541
Import,2020,Q2,Dairy,Cheese,751
Export,2020,Q2,Dairy,Cheese,372
Import,2018,Q3,Dairy,Cheese,798
Export,2018,Q3,Dairy,Cheese,83
Import,2019,Q3,Dairy,Cheese,985
Export,2019,Q3,Dairy,Cheese,141
Import,2020,Q3,Dairy,Cheese,225
Export,2020,Q3,Dairy,Cheese,438
Import,2018,Q4,Dairy,Cheese,959
Export,2018,Q4,Dairy,Cheese,199
Import,2019,Q4,Dairy,Cheese,128
Export,2019,Q4,Dairy,Cheese,865
Import,2020,Q4,Dairy,Cheese,929
Export,2020,Q4,Dairy,Cheese,886
Import,2018,Q1,Beverage,Coffee,108
Export,2018,Q1,Beverage,Coffee,12
Import,2019,Q1,Beverage,Coffee,549
Export,2019,Q1,Beverage,Coffee,429
Import,2020,Q1,Beverage,Coffee,158
Export,2020,Q1,Beverage,Coffee,367
Import,2018,Q2,Beverage,Coffee,780
Export,2018,Q2,Beverage,Coffee,422
Import,2019,Q2,Beverage,Coffee,880
Export,2019,Q2,Beverage,Coffee,967
Import,2020,Q2,Beverage,Coffee,253
Export,2020,Q2,Beverage,Coffee,269
Import,2018,Q3,Beverage,Coffee,963
Export,2018,Q3,Beverage,Coffee,750
Import,2019,Q3,Beverage,Coffee,440
Export,2019,Q3,Beverage,Coffee,114
Import,2020,Q3,Beverage,Coffee,69
Export,2020,Q3,Beverage,Coffee,295
Import,2018,Q4,Beverage,Coffee,686
Export,2018,Q4,Beverage,Coffee,377
Import,2019,Q4,Beverage,Coffee,551
Export,2019,Q4,Beverage,Coffee,679
Import,2020,Q4,Beverage,Coffee,35
Export,2020,Q4,Beverage,Coffee,862
Import,2018,Q1,Beverage,Tea,569
Export,2018,Q1,Beverage,Tea,663
Import,2019,Q1,Beverage,Tea,804
Export,2019,Q1,Beverage,Tea,267
Import,2020,Q1,Beverage,Tea,119
Export,2020,Q1,Beverage,Tea,90
Import,2018,Q2,Beverage,Tea,917
Export,2018,Q2,Beverage,Tea,298
Import,2019,Q2,Beverage,Tea,734
Export,2019,Q2,Beverage,Tea,626
Import,2020,Q2,Beverage,Tea,827
Export,2020,Q2,Beverage,Tea,374
Import,2018,Q3,Beverage,Tea,40
Export,2018,Q3,Beverage,Tea,142
Import,2019,Q3,Beverage,Tea,475
Export,2019,Q3,Beverage,Tea,241
Import,2020,Q3,Beverage,Tea,578
Export,2020,Q3,Beverage,Tea,301
Import,2018,Q4,Beverage,Tea,720
Export,2018,Q4,Beverage,Tea,276
Import,2019,Q4,Beverage,Tea,131
Export,2019,Q4,Beverage,Tea,608
Import,2020,Q4,Beverage,Tea,236
Export,2020,Q4,Beverage,Tea,473
Import,2018,Q1,Beverage,Soda,506
Export,2018,Q1,Beverage,Soda,589
Import,2019,Q1,Beverage,Soda,365
Export,2019,Q1,Beverage,Soda,558
Import,2020,Q1,Beverage,Soda,825
Export,2020,Q1,Beverage,Soda,700
Import,2018,Q2,Beverage,Soda,442
Export,2018,Q2,Beverage,Soda,683
Import,2019,Q2,Beverage,Soda,634
Export,2019,Q2,Beverage,Soda,719
Import,2020,Q2,Beverage,Soda,476
Export,2020,Q2,Beverage,Soda,881
Import,2018,Q3,Beverage,Soda,282
Export,2018,Q3,Beverage,Soda,800
Import,2019,Q3,Beverage,Soda,787
Export,2019,Q3,Beverage,Soda,939
Import,2020,Q3,Beverage,Soda,235
Export,2020,Q3,Beverage,Soda,113
Import,2018,Q4,Beverage,Soda,940
Export,2018,Q4,Beverage,Soda,239
Import,2019,Q4,Beverage,Soda,433
Export,2019,Q4,Beverage,Soda,507
Import,2020,Q4,Beverage,Soda,633
Export,2020,Q4,Beverage,Soda,988
