AAkqs-AAgnv,BB,CC,DD,EE,Value
AA,BB,CC,DD,EE,Value
AAkqs,BBcmw,CCbfn,DDkmz,EEhry,71
AAgnv,BBcmw,CCbfn,DDkmz,EEhry,579
AAkqs,BBlvx,CCbfn,DDkmz,EEhry,692
AAgnv,BBlvx,CCbfn,DDkmz,EEhry,149
AAkqs,BBcmw,CCgrw,DDkmz,EEhry,939
AAgnv,BBcmw,CCgrw,DDkmz,EEhry,962
AAkqs,BBlvx,CCgrw,DDkmz,EEhry,810
AAgnv,BBlvx,CCgrw,DDkmz,EEhry,38
AAkqs,BBcmw,CCbcj,DDkmz,EEhry,928
AAgnv,BBcmw,CCbcj,DDkmz,EEhry,262
AAkqs,BBlvx,CCbcj,DDkmz,EEhry,596
AAgnv,BBlvx,CCbcj,DDkmz,EEhry,312
AAkqs,BBcmw,CCbdq,DDkmz,EEhry,215
AAgnv,BBcmw,CCbdq,DDkmz,EEhry,653
AAkqs,BBlvx,CCbdq,DDkmz,EEhry,823
AAgnv,BBlvx,CCbdq,DDkmz,EEhry,652
AAkqs,BBcmw,CCbfn,DDkmz,EEvwz,632
AAgnv,BBcmw,CCbfn,DDkmz,EEvwz,819
AAkqs,BBlvx,CCbfn,DDkmz,EEvwz,598
AAgnv,BBlvx,CCbfn,DDkmz,EEvwz,944
AAkqs,BBcmw,CCgrw,DDkmz,EEvwz,578
AAgnv,BBcmw,CCgrw,DDkmz,EEvwz,574
AAkqs,BBlvx,CCgrw,DDkmz,EEvwz,874
AAgnv,BBlvx,CCgrw,DDkmz,EEvwz,267
AAkqs,BBcmw,CCbcj,DDkmz,EEvwz,25
AAgnv,BBcmw,CCbcj,DDkmz,EEvwz,325
AAkqs,BBlvx,CCbcj,DDkmz,EEvwz,137
AAgnv,BBlvx,CCbcj,DDkmz,EEvwz,889
AAkqs,BBcmw,CCbdq,DDkmz,EEvwz,599
AAgnv,BBcmw,CCbdq,DDkmz,EEvwz,562
AAkqs,BBlvx,CCbdq,DDkmz,EEvwz,407
AAgnv,BBlvx,CCbdq,DDkmz,EEvwz,441
AAkqs,BBcmw,CCbfn,DDkmz,EEpry,513
AAgnv,BBcmw,CCbfn,DDkmz,EEpry,741
AAkqs,BBlvx,CCbfn,DDkmz,EEpry,935
AAgnv,BBlvx,CCbfn,DDkmz,EEpry,281
AAkqs,BBcmw,CCgrw,DDkmz,EEpry,981
AAgnv,BBcmw,CCgrw,DDkmz,EEpry,344
AAkqs,BBlvx,CCgrw,DDkmz,EEpry,628
AAgnv,BBlvx,CCgrw,DDkmz,EEpry,683
AAkqs,BBcmw,CCbcj,DDkmz,EEpry,986
AAgnv,BBcmw,CCbcj,DDkmz,EEpry,898
AAkqs,BBlvx,CCbcj,DDkmz,EEpry,536
AAgnv,BBlvx,CCbcj,DDkmz,EEpry,442
AAkqs,BBcmw,CCbdq,DDkmz,EEpry,155
AAgnv,BBcmw,CCbdq,DDkmz,EEpry,551
AAkqs,BBlvx,CCbdq,DDkmz,EEpry,623
AAgnv,BBlvx,CCbdq,DDkmz,EEpry,851
AAkqs,BBcmw,CCbfn,DDkpv,EEhny,81
AAgnv,BBcmw,CCbfn,DDkpv,EEhny,112
AAkqs,BBlvx,CCbfn,DDkpv,EEhny,797
AAgnv,BBlvx,CCbfn,DDkpv,EEhny,646
AAkqs,BBcmw,CCgrw,DDkpv,EEhny,661
AAgnv,BBcmw,CCgrw,DDkpv,EEhny,814
AAkqs,BBlvx,CCgrw,DDkpv,EEhny,838
AAgnv,BBlvx,CCgrw,DDkpv,EEhny,801
AAkqs,BBcmw,CCbcj,DDkpv,EEhny,272
AAgnv,BBcmw,CCbcj,DDkpv,EEhny,849
AAkqs,BBlvx,CCbcj,DDkpv,EEhny,465
AAgnv,BBlvx,CCbcj,DDkpv,EEhny,252
AAkqs,BBcmw,CCbdq,DDkpv,EEhny,24
AAgnv,BBcmw,CCbdq,DDkpv,EEhny,526
AAkqs,BBlvx,CCbdq,DDkpv,EEhny,430
AAgnv,BBlvx,CCbdq,DDkpv,EEhny,940
AAkqs,BBcmw,CCbfn,DDkpv,EEdrz,525
AAgnv,BBcmw,CCbfn,DDkpv,EEdrz,659
AAkqs,BBlvx,CCbfn,DDkpv,EEdrz,173
AAgnv,BBlvx,CCbfn,DDkpv,EEdrz,123
AAkqs,BBcmw,CCgrw,DDkpv,EEdrz,33
AAgnv,BBcmw,CCgrw,DDkpv,EEdrz,505
AAkqs,BBlvx,CCgrw,DDkpv,EEdrz,345
AAgnv,BBlvx,CCgrw,DDkpv,EEdrz,70
AAkqs,BBcmw,CCbcj,DDkpv,EEdrz,254
AAgnv,BBcmw,CCbcj,DDkpv,EEdrz,287
AAkqs,BBlvx,CCbcj,DDkpv,EEdrz,684
AAgnv,BBlvx,CCbcj,DDkpv,EEdrz,713
AAkqs,BBcmw,CCbdq,DDkpv,EEdrz,775
AAgnv,BBcmw,CCbdq,DDkpv,EEdrz,275
AAkqs,BBlvx,CCbdq,DDkpv,EEdrz,992
AAgnv,BBlvx,CCbdq,DDkpv,EEdrz,200

