AAfmn-AAfhz,BB,CC,DD,EE,Value
AA,BB,CC,DD,EE,Value
AAfmn,BBbvz,CCgnp,DDmpz,EEdjr,822
AAfhz,BBbvz,CCgnp,DDmpz,EEdjr,601
AAfmn,BBdsx,CCgnp,DDmpz,EEdjr,492
AAfhz,BBdsx,CCgnp,DDmpz,EEdjr,174
AAfmn,BBbvz,CCqsv,DDmpz,EEdjr,365
AAfhz,BBbvz,CCqsv,DDmpz,EEdjr,751
AAfmn,BBdsx,CCqsv,DDmpz,EEdjr,646
AAfhz,BBdsx,CCqsv,DDmpz,EEdjr,558
AAfmn,BBbvz,CCght,DDmpz,EEdjr,953
AAfhz,BBbvz,CCght,DDmpz,EEdjr,58
AAfmn,BBdsx,CCght,DDmpz,EEdjr,187
AAfhz,BBdsx,CCght,DDmpz,EEdjr,104
AAfmn,BBbvz,CCbhn,DDmpz,EEdjr,733
AAfhz,BBbvz,CCbhn,DDmpz,EEdjr,966
AAfmn,BBdsx,CCbhn,DDmpz,EEdjr,792
AAfhz,BBdsx,CCbhn,DDmpz,EEdjr,245
AAfmn,BBbvz,CCgnp,DDmpz,EElsy,719
AAfhz,BBbvz,CCgnp,DDmpz,EElsy,959
AAfmn,BBdsx,CCgnp,DDmpz,EElsy,218
AAfhz,BBdsx,CCgnp,DDmpz,EElsy,693
AAfmn,BBbvz,CCqsv,DDmpz,EElsy,579
AAfhz,BBbvz,CCqsv,DDmpz,EElsy,602
AAfmn,BBdsx,CCqsv,DDmpz,EElsy,64
AAfhz,BBdsx,CCqsv,DDmpz,EElsy,273
AAfmn,BBbvz,CCght,DDmpz,EElsy,763
AAfhz,BBbvz,CCght,DDmpz,EElsy,92
AAfmn,BBdsx,CCght,DDmpz,EElsy,961
AAfhz,BBdsx,CCght,DDmpz,EElsy,17
AAfmn,BBbvz,CCbhn,DDmpz,EElsy,510
AAfhz,BBbvz,CCbhn,DDmpz,EElsy,199
AAfmn,BBdsx,CCbhn,DDmpz,EElsy,395
AAfhz,BBdsx,CCbhn,DDmpz,EElsy,233
AAfmn,BBbvz,CCgnp,DDchn,EErsx,88
AAfhz,BBbvz,CCgnp,DDchn,EErsx,202
AAfmn,BBdsx,CCgnp,DDchn,EErsx,563
AAfhz,BBdsx,CCgnp,DDchn,EErsx,704
AAfmn,BBbvz,CCqsv,DDchn,EErsx,839
AAfhz,BBbvz,CCqsv,DDchn,EErsx,889
AAfmn,BBdsx,CCqsv,DDchn,EErsx,410
AAfhz,BBdsx,CCqsv,DDchn,EErsx,443
AAfmn,BBbvz,CCght,DDchn,EErsx,373
AAfhz,BBbvz,CCght,DDchn,EErsx,921
AAfmn,BBdsx,CCght,DDchn,EErsx,729
AAfhz,BBdsx,CCght,DDchn,EErsx,13
AAfmn,BBbvz,CCbhn,DDchn,EErsx,283
AAfhz,BBbvz,CCbhn,DDchn,EErsx,427
AAfmn,BBdsx,CCbhn,DDchn,EErsx,951
AAfhz,BBdsx,CCbhn,DDchn,EErsx,695
AAfmn,BBbvz,CCgnp,DDchn,EEntx,594
AAfhz,BBbvz,CCgnp,DDchn,EEntx,637
AAfmn,BBdsx,CCgnp,DDchn,EEntx,68
AAfhz,BBdsx,CCgnp,DDchn,EEntx,477
AAfmn,BBbvz,CCqsv,DDchn,EEntx,816
AAfhz,BBbvz,CCqsv,DDchn,EEntx,870
AAfmn,BBdsx,CCqsv,DDchn,EEntx,978
AAfhz,BBdsx,CCqsv,DDchn,EEntx,69
AAfmn,BBbvz,CCght,DDchn,EEntx,265
AAfhz,BBbvz,CCght,DDchn,EEntx,537
AAfmn,BBdsx,CCght,DDchn,EEntx,71
AAfhz,BBdsx,CCght,DDchn,EEntx,348
AAfmn,BBbvz,CCbhn,DDchn,EEntx,163
AAfhz,BBbvz,CCbhn,DDchn,EEntx,739
AAfmn,BBdsx,CCbhn,DDchn,EEntx,526
AAfhz,BBdsx,CCbhn,DDchn,EEntx,806
AAfmn,BBbvz,CCgnp,DDchn,EEhjw,549
AAfhz,BBbvz,CCgnp,DDchn,EEhjw,87
AAfmn,BBdsx,CCgnp,DDchn,EEhjw,416
AAfhz,BBdsx,CCgnp,DDchn,EEhjw,54
AAfmn,BBbvz,CCqsv,DDchn,EEhjw,387
AAfhz,BBbvz,CCqsv,DDchn,EEhjw,59
AAfmn,BBdsx,CCqsv,DDchn,EEhjw,189
AAfhz,BBdsx,CCqsv,DDchn,EEhjw,181
AAfmn,BBbvz,CCght,DDchn,EEhjw,755
AAfhz,BBbvz,CCght,DDchn,EEhjw,406
AAfmn,BBdsx,CCght,DDchn,EEhjw,984
AAfhz,BBdsx,CCght,DDchn,EEhjw,340
AAfmn,BBbvz,CCbhn,DDchn,EEhjw,657
AAfhz,BBbvz,CCbhn,DDchn,EEhjw,383
AAfmn,BBdsx,CCbhn,DDchn,EEhjw,97
AAfhz,BBdsx,CCbhn,DDchn,EEhjw,470

