{
"filename": "Food_import-export_in_tons_set134_2_DB.csv",
"questions": [{"name": "template 1",
 "sql": "SELECT Value FROM DBdata WHERE ((AA = 'AAxy' AND BB = 'BBhw')) AND ((CC = 'CChv' AND DD = 'DDny'))",
 "sqlResult": "{390}",
 "nlq": "What is the amount of AAxy of DDny in BBhw?"},
{"name": "template 2",
 "sql": "SELECT Value FROM DBdata WHERE ((AA = 'AAgr' AND BB = 'BBhw')) AND ((CC = 'CCdp' AND DD = 'DDgv') OR (CC = 'CCdp' AND DD = 'DDln') OR (CC = 'CChv' AND DD = 'DDhr') OR (CC = 'CChv' AND DD = 'DDdm'))",
 "sqlResult": "{174} || {264} || {920} || {634}",
 "nlq": "What is the amount of AAgr of DDgv, DDln, DDhr, or DDdm in BBhw?"},
{"name": "template 3",
 "sql": "SELECT Value FROM DBdata WHERE ((AA = 'AAgr' AND BB = 'BBqt') OR (AA = 'AAxy' AND BB = 'BBhw')) AND ((CC = 'CChv' AND DD = 'DDdm'))",
 "sqlResult": "{53} || {699}",
 "nlq": "What is the amount of AAgr of DDdm in BBqt or of AAxy of DDdm in BBhw?"},
{"name": "template 4",
 "sql": "SELECT sum(Value),max(Value) FROM DBdata WHERE ((AA = 'AAgr' AND BB = 'BBqt') OR (AA = 'AAxy' AND BB = 'BBqt') OR (AA = 'AAgr' AND BB = 'BBhw') OR (AA = 'AAxy' AND BB = 'BBhw')) AND ((CC = 'CCdp' AND DD = 'DDgv'))",
 "sqlResult": "{1251 | 610}",
 "nlq": "What are the total and maximum amounts of AAxy or AAgr of DDgv in BBqt or BBhw?"},
{"name": "template 5",
 "sql": "SELECT avg(Value) FROM DBdata WHERE AA = 'AAgr' AND (BB IN ('BBqt','BBhw')) AND ((CC = 'CChv' AND DD = 'DDhr'))",
 "sqlResult": "{711.5}",
 "nlq": "What is the average amount of AAgr of DDhr in BBqt or BBhw?"},
{"name": "template 6",
 "sql": "SELECT Value FROM DBdata WHERE ((AA = 'AAgr' AND BB = 'BBqt') OR (AA = 'AAxy' AND BB = 'BBqt')) AND ((CC = 'CChv' AND DD = 'DDhr') OR (CC = 'CChv' AND DD = 'DDny'))",
 "sqlResult": "{503} || {805} || {784} || {233}",
 "nlq": "What is the amount of AAxy or AAgr of DDhr or DDny in BBqt?"},
{"name": "template 7",
 "sql": "SELECT max(Value),sum(Value) FROM DBdata WHERE ((AA = 'AAxy' AND BB = 'BBhw')) AND ((CC = 'CCdp' AND DD = 'DDgv') OR (CC = 'CCdp' AND DD = 'DDln'))",
 "sqlResult": "{79 | 104}",
 "nlq": "What are the maximum and total amounts of AAxy of DDgv or DDln in BBhw?"},
{"name": "template 8",
 "sql": "SELECT AA,BB,avg(Value),min(Value) FROM DBdata WHERE ((AA = 'AAgr' AND BB = 'BBqt') OR (AA = 'AAxy' AND BB = 'BBqt') OR (AA = 'AAgr' AND BB = 'BBhw') OR (AA = 'AAxy' AND BB = 'BBhw')) AND ((CC = 'CCdp' AND DD = 'DDgv') OR (CC = 'CCdp' AND DD = 'DDln') OR (CC = 'CChv' AND DD = 'DDdm') OR (CC = 'CChv' AND DD = 'DDny')) GROUP BY AA,BB",
 "sqlResult": "{AAxy | BBqt | 500.5 | 233} || {AAxy | BBhw | 298.25 | 25} || {AAgr | BBqt | 382 | 53} || {AAgr | BBhw | 423.25 | 174}",
 "nlq": "What are the average and minimum amounts for each AAgr-AAxy and BB, of AAxy or AAgr of DDgv, DDln, DDdm, or DDny in BBqt or BBhw? Please, report the corresponding AAgr-AAxy and BB."},
{"name": "template 9",
 "sql": "SELECT min(Value) FROM DBdata WHERE ((AA = 'AAgr' AND BB = 'BBqt')) AND (CC IN ('CCdp','CChv')) GROUP BY CC",
 "sqlResult": "{53} || {81}",
 "nlq": "What is the minimum amount for each CC, of AAgr of CChv or CCdp in BBqt?"},
{"name": "template 10",
 "sql": "SELECT CC,sum(Value) FROM DBdata WHERE ((AA = 'AAxy' AND BB = 'BBqt')) AND (CC IN ('CCdp','CChv')) GROUP BY CC",
 "sqlResult": "{CChv | 1741} || {CCdp | 1066}",
 "nlq": "What is the total amount for each CC, of AAxy of CChv or CCdp in BBqt? Please, report the corresponding CC."},
{"name": "template 11",
 "sql": "SELECT CC,AA,BB,avg(Value) FROM DBdata WHERE ((AA = 'AAxy' AND BB = 'BBqt') OR (AA = 'AAxy' AND BB = 'BBhw')) AND (CC IN ('CCdp','CChv')) GROUP BY CC,AA,BB",
 "sqlResult": "{CChv | AAxy | BBqt | 580.33} || {CChv | AAxy | BBhw | 441} || {CCdp | AAxy | BBqt | 533} || {CCdp | AAxy | BBhw | 52}",
 "nlq": "What is the average amount for each CC, AAgr-AAxy, and BB, of AAxy of CChv or CCdp in BBqt or BBhw? Please, report the corresponding CC, AAgr-AAxy, and BB."},
{"name": "template 12",
 "sql": "SELECT Value FROM DBdata WHERE ((AA = 'AAgr' AND BB = 'BBhw')) AND (CC IN ('CCdp','CChv')) ORDER BY VALUE DESC LIMIT 2",
 "sqlResult": "{920} || {634}",
 "nlq": "What are the top 2 amounts of AAgr of CChv or CCdp in BBhw?"},
{"name": "template 13",
 "sql": "SELECT Value FROM DBdata WHERE ((AA = 'AAxy' AND BB = 'BBqt')) AND (CC IN ('CCdp','CChv')) ORDER BY VALUE ASC",
 "sqlResult": "{233} || {388} || {678} || {703} || {805}",
 "nlq": "What are the amounts ordered by increasing values of AAxy of CChv or CCdp in BBqt?"},
{"name": "template 14",
 "sql": "SELECT CC,DD FROM DBdata WHERE ((AA = 'AAgr' AND BB = 'BBhw')) AND Value < 443.9",
 "sqlResult": "{CCdp | DDgv} || {CCdp | DDln}",
 "nlq": "What are the CC and DD for which the amount of AAgr in BBhw is lower than 443.9?"},
{"name": "template 15",
 "sql": "SELECT CC,DD,Value FROM DBdata WHERE ((AA = 'AAxy' AND BB = 'BBhw')) AND (CC,DD) IN (SELECT CC,DD FROM DBdata WHERE ((AA = 'AAgr' AND BB = 'BBhw')) AND Value < 443.9)",
 "sqlResult": "{CCdp | DDgv | 79} || {CCdp | DDln | 25}",
 "nlq": "What is the amount of AAxy in BBhw of CC and of DD for which the amount of AAgr in BBhw is lower than 443.9? Please, report the corresponding CC, DD, and amount of import-export."}]
}

