AAjq-AApr,BB,CC,DD,Value
AA,BB,CC,DD,Value
AAjq,BBcy,CCmv,DDfr,334
AApr,BBcy,CCmv,DDfr,55
AAjq,BBgh,CCmv,DDfr,919
AApr,BBgh,CCmv,DDfr,450
AAjq,BBst,CCmv,DDfr,516
AApr,BBst,CCmv,DDfr,347
AAjq,BBcy,CCmv,DDcd,234
AApr,BBcy,CCmv,DDcd,941
AAjq,BBgh,CCmv,DDcd,405
AApr,BBgh,CCmv,DDcd,948
AAjq,BBst,CCmv,DDcd,517
AApr,BBst,CCmv,DDcd,918
AAjq,BBcy,CCmv,DDrx,329
AApr,BBcy,CCmv,DDrx,36
AAjq,BBgh,CCmv,DDrx,853
AApr,BBgh,CCmv,DDrx,390
AAjq,BBst,CCmv,DDrx,171
AApr,BBst,CCmv,DDrx,560
AAjq,BBcy,CCbk,DDqx,463
AApr,BBcy,CCbk,DDqx,49
AAjq,BBgh,CCbk,DDqx,567
AApr,BBgh,CCbk,DDqx,237
AAjq,BBst,CCbk,DDqx,397
AApr,BBst,CCbk,DDqx,806
AAjq,BBcy,CCbk,DDfg,885
AApr,BBcy,CCbk,DDfg,754
AAjq,BBgh,CCbk,DDfg,215
AApr,BBgh,CCbk,DDfg,842
AAjq,BBst,CCbk,DDfg,62
AApr,BBst,CCbk,DDfg,545
AAjq,BBcy,CCqr,DDhw,921
AApr,BBcy,CCqr,DDhw,123
AAjq,BBgh,CCqr,DDhw,18
AApr,BBgh,CCqr,DDhw,625
AAjq,BBst,CCqr,DDhw,943
AApr,BBst,CCqr,DDhw,701
AAjq,BBcy,CCqr,DDdz,513
AApr,BBcy,CCqr,DDdz,664
AAjq,BBgh,CCqr,DDdz,476
AApr,BBgh,CCqr,DDdz,191
AAjq,BBst,CCqr,DDdz,742
AApr,BBst,CCqr,DDdz,653
AAjq,BBcy,CCqr,DDjr,378
AApr,BBcy,CCqr,DDjr,797
AAjq,BBgh,CCqr,DDjr,666
AApr,BBgh,CCqr,DDjr,649
AAjq,BBst,CCqr,DDjr,710
AApr,BBst,CCqr,DDjr,104

