Import-Export,Year,Category,Item,Value
Import_Export,Year,Category,Item,Value
Import,2015,Meat,Chicken,162
Export,2015,Meat,Chicken,709
Import,2016,Meat,Chicken,899
Export,2016,Meat,Chicken,177
Import,2015,Meat,Pork,814
Export,2015,Meat,Pork,536
Import,2016,Meat,Pork,956
Export,2016,Meat,Pork,958
Import,2015,Meat,Camel,315
Export,2015,Meat,Camel,458
Import,2016,Meat,Camel,641
Export,2016,Meat,Camel,410
Import,2015,Cereals,Seeds,33
Export,2015,Cereals,Seeds,235
Import,2016,Cereals,Seeds,511
Export,2016,Cereals,Seeds,130
Import,2015,Cereals,Wheat,915
Export,2015,Cereals,Wheat,633
Import,2016,Cereals,Wheat,571
Export,2016,Cereals,Wheat,864
