Import-Export,Year,Quarter,Category,Item,Value
Import_Export,Year,Quarter,Category,Item,Value
Import,2020,Q1,Meat,Beef,614
Export,2020,Q1,Meat,Beef,534
Import,2021,Q1,Meat,Beef,267
Export,2021,Q1,Meat,Beef,111
Import,2020,Q2,Meat,Beef,777
Export,2020,Q2,Meat,Beef,124
Import,2021,Q2,Meat,Beef,728
Export,2021,Q2,Meat,Beef,901
Import,2020,Q3,Meat,Beef,386
Export,2020,Q3,Meat,Beef,338
Import,2021,Q3,Meat,Beef,858
Export,2021,Q3,Meat,Beef,57
Import,2020,Q4,Meat,Beef,649
Export,2020,Q4,Meat,Beef,268
Import,2021,Q4,Meat,Beef,431
Export,2021,Q4,Meat,Beef,658
Import,2020,Q1,Meat,Chicken,748
Export,2020,Q1,Meat,Chicken,850
Import,2021,Q1,Meat,Chicken,545
Export,2021,Q1,Meat,Chicken,377
Import,2020,Q2,Meat,Chicken,94
Export,2020,Q2,Meat,Chicken,948
Import,2021,Q2,Meat,Chicken,542
Export,2021,Q2,Meat,Chicken,911
Import,2020,Q3,Meat,Chicken,829
Export,2020,Q3,Meat,Chicken,474
Import,2021,Q3,Meat,Chicken,613
Export,2021,Q3,Meat,Chicken,863
Import,2020,Q4,Meat,Chicken,366
Export,2020,Q4,Meat,Chicken,187
Import,2021,Q4,Meat,Chicken,517
Export,2021,Q4,Meat,Chicken,261
Import,2020,Q1,Meat,Pork,508
Export,2020,Q1,Meat,Pork,273
Import,2021,Q1,Meat,Pork,121
Export,2021,Q1,Meat,Pork,381
Import,2020,Q2,Meat,Pork,74
Export,2020,Q2,Meat,Pork,500
Import,2021,Q2,Meat,Pork,740
Export,2021,Q2,Meat,Pork,176
Import,2020,Q3,Meat,Pork,766
Export,2020,Q3,Meat,Pork,480
Import,2021,Q3,Meat,Pork,488
Export,2021,Q3,Meat,Pork,233
Import,2020,Q4,Meat,Pork,561
Export,2020,Q4,Meat,Pork,548
Import,2021,Q4,Meat,Pork,905
Export,2021,Q4,Meat,Pork,216
Import,2020,Q1,Cereals,Oats,581
Export,2020,Q1,Cereals,Oats,243
Import,2021,Q1,Cereals,Oats,880
Export,2021,Q1,Cereals,Oats,605
Import,2020,Q2,Cereals,Oats,509
Export,2020,Q2,Cereals,Oats,609
Import,2021,Q2,Cereals,Oats,772
Export,2021,Q2,Cereals,Oats,369
Import,2020,Q3,Cereals,Oats,32
Export,2020,Q3,Cereals,Oats,828
Import,2021,Q3,Cereals,Oats,305
Export,2021,Q3,Cereals,Oats,93
Import,2020,Q4,Cereals,Oats,922
Export,2020,Q4,Cereals,Oats,321
Import,2021,Q4,Cereals,Oats,441
Export,2021,Q4,Cereals,Oats,691
Import,2020,Q1,Cereals,Rice,840
Export,2020,Q1,Cereals,Rice,647
Import,2021,Q1,Cereals,Rice,15
Export,2021,Q1,Cereals,Rice,85
Import,2020,Q2,Cereals,Rice,92
Export,2020,Q2,Cereals,Rice,299
Import,2021,Q2,Cereals,Rice,707
Export,2021,Q2,Cereals,Rice,291
Import,2020,Q3,Cereals,Rice,806
Export,2020,Q3,Cereals,Rice,429
Import,2021,Q3,Cereals,Rice,535
Export,2021,Q3,Cereals,Rice,426
Import,2020,Q4,Cereals,Rice,998
Export,2020,Q4,Cereals,Rice,73
Import,2021,Q4,Cereals,Rice,809
Export,2021,Q4,Cereals,Rice,557
Import,2020,Q1,Dairy,Milk,483
Export,2020,Q1,Dairy,Milk,522
Import,2021,Q1,Dairy,Milk,664
Export,2021,Q1,Dairy,Milk,159
Import,2020,Q2,Dairy,Milk,810
Export,2020,Q2,Dairy,Milk,551
Import,2021,Q2,Dairy,Milk,128
Export,2021,Q2,Dairy,Milk,387
Import,2020,Q3,Dairy,Milk,494
Export,2020,Q3,Dairy,Milk,585
Import,2021,Q3,Dairy,Milk,774
Export,2021,Q3,Dairy,Milk,831
Import,2020,Q4,Dairy,Milk,805
Export,2020,Q4,Dairy,Milk,576
Import,2021,Q4,Dairy,Milk,330
Export,2021,Q4,Dairy,Milk,326
Import,2020,Q1,Dairy,Butter,238
Export,2020,Q1,Dairy,Butter,317
Import,2021,Q1,Dairy,Butter,170
Export,2021,Q1,Dairy,Butter,737
Import,2020,Q2,Dairy,Butter,64
Export,2020,Q2,Dairy,Butter,225
Import,2021,Q2,Dairy,Butter,925
Export,2021,Q2,Dairy,Butter,185
Import,2020,Q3,Dairy,Butter,860
Export,2020,Q3,Dairy,Butter,207
Import,2021,Q3,Dairy,Butter,227
Export,2021,Q3,Dairy,Butter,673
Import,2020,Q4,Dairy,Butter,862
Export,2020,Q4,Dairy,Butter,114
Import,2021,Q4,Dairy,Butter,709
Export,2021,Q4,Dairy,Butter,599
Import,2020,Q1,Dairy,Cream,122
Export,2020,Q1,Dairy,Cream,564
Import,2021,Q1,Dairy,Cream,143
Export,2021,Q1,Dairy,Cream,684
Import,2020,Q2,Dairy,Cream,349
Export,2020,Q2,Dairy,Cream,983
Import,2021,Q2,Dairy,Cream,974
Export,2021,Q2,Dairy,Cream,258
Import,2020,Q3,Dairy,Cream,63
Export,2020,Q3,Dairy,Cream,213
Import,2021,Q3,Dairy,Cream,864
Export,2021,Q3,Dairy,Cream,944
Import,2020,Q4,Dairy,Cream,460
Export,2020,Q4,Dairy,Cream,307
Import,2021,Q4,Dairy,Cream,59
Export,2021,Q4,Dairy,Cream,895
