{
"filename": "Food_import-export_in_tons_set148_4_DB.csv",
"questions": [{"name": "template 1",
 "sql": "SELECT Value FROM DBdata WHERE ((Import_Export = 'Import' AND Year = '2022' AND Quarter = 'Q2')) AND ((Category = 'Dairy' AND Item = 'Milk'))",
 "sqlResult": "{436}",
 "nlq": "What is the amount of Import of Milk in Q2 of 2022?"},
{"name": "template 2",
 "sql": "SELECT Value FROM DBdata WHERE ((Import_Export = 'Export' AND Year = '2020' AND Quarter = 'Q4')) AND ((Category = 'Cereals' AND Item = 'Wheat') OR (Category = 'Cereals' AND Item = 'Soybeans'))",
 "sqlResult": "{96} || {132}",
 "nlq": "What is the amount of Export of Soybeans or Wheat in Q4 of 2020?"},
{"name": "template 3",
 "sql": "SELECT Value FROM DBdata WHERE ((Import_Export = 'Export' AND Year = '2022' AND Quarter = 'Q1') OR (Import_Export = 'Export' AND Year = '2020' AND Quarter = 'Q2') OR (Import_Export = 'Export' AND Year = '2020' AND Quarter = 'Q4')) AND ((Category = 'Cereals' AND Item = 'Soybeans'))",
 "sqlResult": "{135} || {626} || {132}",
 "nlq": "What is the amount of Export of Soybeans in Q1 of 2022 or Q2 or Q4 of 2020?"},
{"name": "template 4",
 "sql": "SELECT sum(Value),min(Value) FROM DBdata WHERE ((Import_Export = 'Export' AND Year = '2020' AND Quarter = 'Q1') OR (Import_Export = 'Export' AND Year = '2021' AND Quarter = 'Q1') OR (Import_Export = 'Export' AND Year = '2021' AND Quarter = 'Q2') OR (Import_Export = 'Import' AND Year = '2020' AND Quarter = 'Q3') OR (Import_Export = 'Export' AND Year = '2020' AND Quarter = 'Q3') OR (Import_Export = 'Export' AND Year = '2021' AND Quarter = 'Q3') OR (Import_Export = 'Import' AND Year = '2022' AND Quarter = 'Q3') OR (Import_Export = 'Import' AND Year = '2020' AND Quarter = 'Q4') OR (Import_Export = 'Export' AND Year = '2020' AND Quarter = 'Q4') OR (Import_Export = 'Import' AND Year = '2021' AND Quarter = 'Q4')) AND ((Category = 'Dairy' AND Item = 'Milk'))",
 "sqlResult": "{5741 | 58}",
 "nlq": "What are the total and minimum amounts of Export of Milk in Q1, Q2, or Q3 of 2021 or Q1, Q3, or Q4 of 2020 or of Import of Milk in Q3 of 2022 or Q3 or Q4 of 2020 or Q4 of 2021?"},
{"name": "template 6",
 "sql": "SELECT Value FROM DBdata WHERE ((Import_Export = 'Export' AND Year = '2020' AND Quarter = 'Q1') OR (Import_Export = 'Import' AND Year = '2022' AND Quarter = 'Q1')) AND ((Category = 'Cereals' AND Item = 'Soybeans') OR (Category = 'Dairy' AND Item = 'Milk'))",
 "sqlResult": "{695} || {79} || {783} || {542}",
 "nlq": "What is the amount of Export of Milk or Soybeans in Q1 of 2020 or of Import of Milk or Soybeans in Q1 of 2022?"},
{"name": "template 7",
 "sql": "SELECT avg(Value),sum(Value) FROM DBdata WHERE ((Import_Export = 'Export' AND Year = '2022' AND Quarter = 'Q2')) AND ((Category = 'Cereals' AND Item = 'Soybeans') OR (Category = 'Dairy' AND Item = 'Milk') OR (Category = 'Dairy' AND Item = 'Butter') OR (Category = 'Dairy' AND Item = 'Cream'))",
 "sqlResult": "{582.75 | 2331}",
 "nlq": "What are the average and total amounts of Export of Butter, Cream, Milk, or Soybeans in Q2 of 2022?"},
{"name": "template 8",
 "sql": "SELECT Import_Export,Year,Quarter,max(Value),sum(Value) FROM DBdata WHERE ((Import_Export = 'Export' AND Year = '2021' AND Quarter = 'Q2') OR (Import_Export = 'Import' AND Year = '2021' AND Quarter = 'Q4')) AND ((Category = 'Cereals' AND Item = 'Wheat') OR (Category = 'Cereals' AND Item = 'Soybeans') OR (Category = 'Dairy' AND Item = 'Milk') OR (Category = 'Dairy' AND Item = 'Butter') OR (Category = 'Dairy' AND Item = 'Cream')) GROUP BY Import_Export,Year,Quarter",
 "sqlResult": "{Export | 2021 | Q2 | 843 | 3327} || {Import | 2021 | Q4 | 814 | 2324}",
 "nlq": "What are the maximum and total amounts for each Import-Export, Year, and Quarter, of Export of Butter, Cream, Milk, Soybeans, or Wheat in Q2 of 2021 or of Import of Butter, Cream, Milk, Soybeans, or Wheat in Q4 of 2021? Please, report the corresponding Import-Export, Year, and Quarter."},
{"name": "template 9",
 "sql": "SELECT min(Value) FROM DBdata WHERE ((Import_Export = 'Export' AND Year = '2022' AND Quarter = 'Q3')) AND (Category IN ('Cereals','Dairy')) GROUP BY Category",
 "sqlResult": "{650} || {283}",
 "nlq": "What is the minimum amount for each Category, of Export of Cereals or Dairy in Q3 of 2022?"},
{"name": "template 10",
 "sql": "SELECT Category,sum(Value) FROM DBdata WHERE ((Import_Export = 'Export' AND Year = '2022' AND Quarter = 'Q3')) AND (Category IN ('Cereals','Dairy')) GROUP BY Category",
 "sqlResult": "{Cereals | 1625} || {Dairy | 1762}",
 "nlq": "What is the total amount for each Category, of Export of Cereals or Dairy in Q3 of 2022? Please, report the corresponding Category."},
{"name": "template 11",
 "sql": "SELECT Category,Import_Export,Year,Quarter,min(Value) FROM DBdata WHERE ((Import_Export = 'Import' AND Year = '2020' AND Quarter = 'Q2') OR (Import_Export = 'Export' AND Year = '2022' AND Quarter = 'Q2') OR (Import_Export = 'Export' AND Year = '2022' AND Quarter = 'Q3')) AND (Category IN ('Cereals','Dairy')) GROUP BY Category,Import_Export,Year,Quarter",
 "sqlResult": "{Cereals | Export | 2022 | Q2 | 258} || {Cereals | Export | 2022 | Q3 | 650} || {Cereals | Import | 2020 | Q2 | 270} || {Dairy | Export | 2022 | Q2 | 267} || {Dairy | Export | 2022 | Q3 | 283} || {Dairy | Import | 2020 | Q2 | 313}",
 "nlq": "What is the minimum amount for each Category, Import-Export, Year, and Quarter, of Import of Cereals or Dairy in Q2 of 2020 or of Export of Cereals or Dairy in Q2 or Q3 of 2022? Please, report the corresponding Category, Import-Export, Year, and Quarter."},
{"name": "template 12",
 "sql": "SELECT Value FROM DBdata WHERE ((Import_Export = 'Import' AND Year = '2022' AND Quarter = 'Q4')) AND (Category IN ('Cereals','Dairy')) ORDER BY VALUE ASC LIMIT 2",
 "sqlResult": "{33} || {355}",
 "nlq": "What are the bottom 2 amounts of Import of Cereals or Dairy in Q4 of 2022?"},
{"name": "template 13",
 "sql": "SELECT Value FROM DBdata WHERE ((Import_Export = 'Import' AND Year = '2021' AND Quarter = 'Q3')) AND (Category IN ('Cereals','Dairy')) ORDER BY VALUE ASC",
 "sqlResult": "{337} || {363} || {526} || {894} || {960}",
 "nlq": "What are the amounts ordered by increasing values of Import of Cereals or Dairy in Q3 of 2021?"},
{"name": "template 14",
 "sql": "SELECT Category,Item FROM DBdata WHERE ((Import_Export = 'Import' AND Year = '2021' AND Quarter = 'Q2')) AND Value < 501.58",
 "sqlResult": "{Cereals | Wheat} || {Cereals | Soybeans} || {Dairy | Butter}",
 "nlq": "What are the Category and Item for which the amount of Import in Q2 of 2021 is lower than 501.58?"},
{"name": "template 15",
 "sql": "SELECT Category,Item,Value FROM DBdata WHERE ((Import_Export = 'Export' AND Year = '2020' AND Quarter = 'Q2')) AND (Category,Item) IN (SELECT Category,Item FROM DBdata WHERE ((Import_Export = 'Import' AND Year = '2021' AND Quarter = 'Q2')) AND Value < 501.58)",
 "sqlResult": "{Cereals | Wheat | 588} || {Cereals | Soybeans | 626} || {Dairy | Butter | 869}",
 "nlq": "What is the amount of Export in Q2 of 2020 of Category and of Item for which the amount of Import in Q2 of 2021 is lower than 501.58? Please, report the corresponding Category, Item, and amount of import-export."}]
}
