Import-Export,Year,Category,Item,Value
Import_Export,Year,Category,Item,Value
Import,2019,Cereals,Corn,894
Export,2019,Cereals,Corn,525
Import,2020,Cereals,Corn,690
Export,2020,Cereals,Corn,421
Import,2021,Cereals,Corn,617
Export,2021,Cereals,Corn,384
Import,2019,Cereals,Oats,345
Export,2019,Cereals,Oats,294
Import,2020,Cereals,Oats,559
Export,2020,Cereals,Oats,386
Import,2021,Cereals,Oats,884
Export,2021,Cereals,Oats,327
Import,2019,Cereals,Rice,600
Export,2019,Cereals,Rice,156
Import,2020,Cereals,Rice,249
Export,2020,Cereals,Rice,178
Import,2021,Cereals,Rice,58
Export,2021,Cereals,Rice,842
Import,2019,Dairy,Cheese,596
Export,2019,Dairy,Cheese,50
Import,2020,Dairy,Cheese,923
Export,2020,Dairy,Cheese,292
Import,2021,Dairy,Cheese,119
Export,2021,Dairy,Cheese,78
Import,2019,Dairy,Yoghurt,563
Export,2019,Dairy,Yoghurt,148
Import,2020,Dairy,Yoghurt,315
Export,2020,Dairy,Yoghurt,597
Import,2021,Dairy,Yoghurt,324
Export,2021,Dairy,Yoghurt,742
Import,2019,Beverage,Tea,519
Export,2019,Beverage,Tea,474
Import,2020,Beverage,Tea,287
Export,2020,Beverage,Tea,628
Import,2021,Beverage,Tea,862
Export,2021,Beverage,Tea,494
Import,2019,Beverage,Soda,705
Export,2019,Beverage,Soda,203
Import,2020,Beverage,Soda,790
Export,2020,Beverage,Soda,312
Import,2021,Beverage,Soda,932
Export,2021,Beverage,Soda,681
Import,2019,Beverage,Juice,282
Export,2019,Beverage,Juice,234
Import,2020,Beverage,Juice,136
Export,2020,Beverage,Juice,260
Import,2021,Beverage,Juice,858
Export,2021,Beverage,Juice,288
