AApv-AApt,BB,CC,DD,Value
AA,BB,CC,DD,Value
AApv,BBxz,CCgv,DDbc,894
AApt,BBxz,CCgv,DDbc,525
AApv,BBjq,CCgv,DDbc,690
AApt,BBjq,CCgv,DDbc,421
AApv,BBfp,CCgv,DDbc,617
AApt,BBfp,CCgv,DDbc,384
AApv,BBxz,CCgv,DDwx,345
AApt,BBxz,CCgv,DDwx,294
AApv,BBjq,CCgv,DDwx,559
AApt,BBjq,CCgv,DDwx,386
AApv,BBfp,CCgv,DDwx,884
AApt,BBfp,CCgv,DDwx,327
AApv,BBxz,CCgv,DDqy,600
AApt,BBxz,CCgv,DDqy,156
AApv,BBjq,CCgv,DDqy,249
AApt,BBjq,CCgv,DDqy,178
AApv,BBfp,CCgv,DDqy,58
AApt,BBfp,CCgv,DDqy,842
AApv,BBxz,CCmx,DDsz,596
AApt,BBxz,CCmx,DDsz,50
AApv,BBjq,CCmx,DDsz,923
AApt,BBjq,CCmx,DDsz,292
AApv,BBfp,CCmx,DDsz,119
AApt,BBfp,CCmx,DDsz,78
AApv,BBxz,CCmx,DDjl,563
AApt,BBxz,CCmx,DDjl,148
AApv,BBjq,CCmx,DDjl,315
AApt,BBjq,CCmx,DDjl,597
AApv,BBfp,CCmx,DDjl,324
AApt,BBfp,CCmx,DDjl,742
AApv,BBxz,CCnv,DDrv,519
AApt,BBxz,CCnv,DDrv,474
AApv,BBjq,CCnv,DDrv,287
AApt,BBjq,CCnv,DDrv,628
AApv,BBfp,CCnv,DDrv,862
AApt,BBfp,CCnv,DDrv,494
AApv,BBxz,CCnv,DDdw,705
AApt,BBxz,CCnv,DDdw,203
AApv,BBjq,CCnv,DDdw,790
AApt,BBjq,CCnv,DDdw,312
AApv,BBfp,CCnv,DDdw,932
AApt,BBfp,CCnv,DDdw,681
AApv,BBxz,CCnv,DDgk,282
AApt,BBxz,CCnv,DDgk,234
AApv,BBjq,CCnv,DDgk,136
AApt,BBjq,CCnv,DDgk,260
AApv,BBfp,CCnv,DDgk,858
AApt,BBfp,CCnv,DDgk,288

