{
"filename": "Food_import-export_in_tons_set147_2_DB.csv",
"questions": [{"name": "template 1",
 "sql": "SELECT Value FROM DBdata WHERE ((AA = 'AArtw' AND BB = 'BBdjk' AND CC = 'CCbgh')) AND ((DD = 'DDhns' AND EE = 'EEbsy'))",
 "sqlResult": "{978}",
 "nlq": "What is the amount of AArtw of EEbsy in CCbgh of BBdjk?"},
{"name": "template 2",
 "sql": "SELECT Value FROM DBdata WHERE ((AA = 'AAdls' AND BB = 'BBgjm' AND CC = 'CChks')) AND ((DD = 'DDhms' AND EE = 'EEcgh') OR (DD = 'DDhns' AND EE = 'EEkst') OR (DD = 'DDhns' AND EE = 'EEbsy') OR (DD = 'DDhns' AND EE = 'EEjtz'))",
 "sqlResult": "{216} || {851} || {422} || {267}",
 "nlq": "What is the amount of AAdls of EEcgh, EEjtz, EEbsy, or EEkst in CChks of BBgjm?"},
{"name": "template 3",
 "sql": "SELECT Value FROM DBdata WHERE ((AA = 'AArtw' AND BB = 'BBgjm' AND CC = 'CCdjm') OR (AA = 'AAdls' AND BB = 'BBdjk' AND CC = 'CCdjm') OR (AA = 'AArtw' AND BB = 'BBdjk' AND CC = 'CChks') OR (AA = 'AAdls' AND BB = 'BBdjk' AND CC = 'CCbgh')) AND ((DD = 'DDhms' AND EE = 'EEcgh'))",
 "sqlResult": "{215} || {539} || {413} || {24}",
 "nlq": "What is the amount of AArtw of EEcgh in CCdjm of BBgjm or CChks of BBdjk or of AAdls of EEcgh in CCdjm or CCbgh of BBdjk?"},
{"name": "template 4",
 "sql": "SELECT avg(Value),max(Value) FROM DBdata WHERE ((AA = 'AArtw' AND BB = 'BBgjm' AND CC = 'CCbft') OR (AA = 'AAdls' AND BB = 'BBdjk' AND CC = 'CCbft') OR (AA = 'AAdls' AND BB = 'BBdjk' AND CC = 'CCdjm') OR (AA = 'AAdls' AND BB = 'BBgjm' AND CC = 'CChks')) AND ((DD = 'DDhns' AND EE = 'EEkst'))",
 "sqlResult": "{543.25 | 851}",
 "nlq": "What are the average and maximum amounts of AAdls of EEkst in CCbft or CCdjm of BBdjk or CChks of BBgjm or of AArtw of EEkst in CCbft of BBgjm?"},
{"name": "template 6",
 "sql": "SELECT Value FROM DBdata WHERE ((AA = 'AAdls' AND BB = 'BBdjk' AND CC = 'CCbft') OR (AA = 'AArtw' AND BB = 'BBgjm' AND CC = 'CCdjm') OR (AA = 'AArtw' AND BB = 'BBdjk' AND CC = 'CCdjm') OR (AA = 'AArtw' AND BB = 'BBdjk' AND CC = 'CChks') OR (AA = 'AAdls' AND BB = 'BBdjk' AND CC = 'CChks')) AND ((DD = 'DDhms' AND EE = 'EEdly') OR (DD = 'DDhns' AND EE = 'EEkst') OR (DD = 'DDhns' AND EE = 'EEbsy'))",
 "sqlResult": "{866} || {584} || {624} || {176} || {347} || {128} || {942} || {72} || {101} || {603} || {159} || {902} || {742} || {835} || {700}",
 "nlq": "What is the amount of AArtw of EEdly, EEbsy, or EEkst in CCdjm of BBgjm or BBdjk or CChks of BBdjk or of AAdls of EEdly, EEbsy, or EEkst in CCbft or CChks of BBdjk?"},
{"name": "template 7",
 "sql": "SELECT max(Value),sum(Value) FROM DBdata WHERE ((AA = 'AArtw' AND BB = 'BBgjm' AND CC = 'CChks')) AND ((DD = 'DDhms' AND EE = 'EEcgh') OR (DD = 'DDhns' AND EE = 'EEkst'))",
 "sqlResult": "{898 | 951}",
 "nlq": "What are the maximum and total amounts of AArtw of EEcgh or EEkst in CChks of BBgjm?"},
{"name": "template 8",
 "sql": "SELECT AA,BB,CC,max(Value),min(Value) FROM DBdata WHERE ((AA = 'AArtw' AND BB = 'BBgjm' AND CC = 'CCbft') OR (AA = 'AAdls' AND BB = 'BBgjm' AND CC = 'CCbft') OR (AA = 'AArtw' AND BB = 'BBgjm' AND CC = 'CCdjm') OR (AA = 'AAdls' AND BB = 'BBgjm' AND CC = 'CCdjm') OR (AA = 'AAdls' AND BB = 'BBgjm' AND CC = 'CChks')) AND ((DD = 'DDhms' AND EE = 'EEdly') OR (DD = 'DDhms' AND EE = 'EEcgh') OR (DD = 'DDhns' AND EE = 'EEbsy') OR (DD = 'DDhns' AND EE = 'EEjtz')) GROUP BY AA,BB,CC",
 "sqlResult": "{AAdls | BBgjm | CCbft | 841 | 543} || {AAdls | BBgjm | CCdjm | 949 | 491} || {AAdls | BBgjm | CChks | 422 | 216} || {AArtw | BBgjm | CCbft | 994 | 111} || {AArtw | BBgjm | CCdjm | 902 | 215}",
 "nlq": "What are the maximum and minimum amounts for each AArtw-AAdls, BB, and CC, of AAdls or AArtw of EEdly, EEcgh, EEjtz, or EEbsy in CCbft or CCdjm of BBgjm or of AAdls of EEdly, EEcgh, EEjtz, or EEbsy in CChks of BBgjm? Please, report the corresponding AArtw-AAdls, BB, and CC."},
{"name": "template 9",
 "sql": "SELECT min(Value) FROM DBdata WHERE ((AA = 'AArtw' AND BB = 'BBgjm' AND CC = 'CCdjm')) AND (DD IN ('DDhms','DDhns')) GROUP BY DD",
 "sqlResult": "{803} || {215}",
 "nlq": "What is the minimum amount for each DD, of AArtw of DDhns or DDhms in CCdjm of BBgjm?"},
{"name": "template 10",
 "sql": "SELECT DD,sum(Value) FROM DBdata WHERE ((AA = 'AAdls' AND BB = 'BBgjm' AND CC = 'CChks')) AND (DD IN ('DDhms','DDhns')) GROUP BY DD",
 "sqlResult": "{DDhns | 1540} || {DDhms | 488}",
 "nlq": "What is the total amount for each DD, of AAdls of DDhns or DDhms in CChks of BBgjm? Please, report the corresponding DD."},
{"name": "template 11",
 "sql": "SELECT DD,AA,BB,CC,avg(Value) FROM DBdata WHERE ((AA = 'AAdls' AND BB = 'BBgjm' AND CC = 'CCbft') OR (AA = 'AAdls' AND BB = 'BBgjm' AND CC = 'CCdjm') OR (AA = 'AAdls' AND BB = 'BBdjk' AND CC = 'CCdjm')) AND (DD IN ('DDhms','DDhns')) GROUP BY DD,AA,BB,CC",
 "sqlResult": "{DDhns | AAdls | BBgjm | CCbft | 610.67} || {DDhns | AAdls | BBgjm | CCdjm | 641} || {DDhns | AAdls | BBdjk | CCdjm | 253.67} || {DDhms | AAdls | BBgjm | CCbft | 710.5} || {DDhms | AAdls | BBgjm | CCdjm | 606.5} || {DDhms | AAdls | BBdjk | CCdjm | 519}",
 "nlq": "What is the average amount for each DD, AArtw-AAdls, BB, and CC, of AAdls of DDhns or DDhms in CCbft or CCdjm of BBgjm or CCdjm of BBdjk? Please, report the corresponding DD, AArtw-AAdls, BB, and CC."},
{"name": "template 12",
 "sql": "SELECT Value FROM DBdata WHERE ((AA = 'AArtw' AND BB = 'BBdjk' AND CC = 'CChks')) AND (DD IN ('DDhms','DDhns')) ORDER BY VALUE DESC LIMIT 4",
 "sqlResult": "{835} || {747} || {413} || {176}",
 "nlq": "What are the top 4 amounts of AArtw of DDhns or DDhms in CChks of BBdjk?"},
{"name": "template 13",
 "sql": "SELECT Value FROM DBdata WHERE ((AA = 'AAdls' AND BB = 'BBdjk' AND CC = 'CCbft')) AND (DD IN ('DDhms','DDhns')) ORDER BY VALUE DESC",
 "sqlResult": "{866} || {515} || {477} || {159} || {128}",
 "nlq": "What are the amounts ordered by decreasing values of AAdls of DDhns or DDhms in CCbft of BBdjk?"},
{"name": "template 14",
 "sql": "SELECT DD,EE FROM DBdata WHERE ((AA = 'AArtw' AND BB = 'BBgjm' AND CC = 'CCbft')) AND Value < 521.39",
 "sqlResult": "{DDhms | EEcgh} || {DDhns | EEjtz}",
 "nlq": "What are the DD and EE for which the amount of AArtw in CCbft of BBgjm is lower than 521.39?"},
{"name": "template 15",
 "sql": "SELECT DD,EE,Value FROM DBdata WHERE ((AA = 'AArtw' AND BB = 'BBdjk' AND CC = 'CCbft')) AND (DD,EE) IN (SELECT DD,EE FROM DBdata WHERE ((AA = 'AArtw' AND BB = 'BBgjm' AND CC = 'CCbft')) AND Value < 521.39)",
 "sqlResult": "{DDhms | EEcgh | 434} || {DDhns | EEjtz | 957}",
 "nlq": "What is the amount of AArtw in CCbft of BBdjk of DD and of EE for which the amount of AArtw in CCbft of BBgjm is lower than 521.39? Please, report the corresponding DD, EE, and amount of import-export."}]
}

