{
"filename": "Food_import-export_in_tons_set145_5_DB.csv",
"questions": [{"name": "template 1",
 "sql": "SELECT Value FROM DBdata WHERE ((Import_Export = 'Export' AND Year = '2017' AND Quarter = 'Q4')) AND ((Category = 'Cereals' AND Item = 'Seeds'))",
 "sqlResult": "{305}",
 "nlq": "What is the amount of Export of Seeds in Q4 of 2017?"},
{"name": "template 2",
 "sql": "SELECT Value FROM DBdata WHERE ((Import_Export = 'Import' AND Year = '2019' AND Quarter = 'Q2')) AND ((Category = 'Meat' AND Item = 'Lamb') OR (Category = 'Cereals' AND Item = 'Seeds') OR (Category = 'Dairy' AND Item = 'Cream') OR (Category = 'Dairy' AND Item = 'Cheese'))",
 "sqlResult": "{979} || {43} || {699} || {242}",
 "nlq": "What is the amount of Import of Cheese, Cream, Lamb, or Seeds in Q2 of 2019?"},
{"name": "template 3",
 "sql": "SELECT Value FROM DBdata WHERE ((Import_Export = 'Export' AND Year = '2019' AND Quarter = 'Q1') OR (Import_Export = 'Export' AND Year = '2017' AND Quarter = 'Q2') OR (Import_Export = 'Import' AND Year = '2019' AND Quarter = 'Q3') OR (Import_Export = 'Export' AND Year = '2017' AND Quarter = 'Q4')) AND ((Category = 'Cereals' AND Item = 'Seeds'))",
 "sqlResult": "{220} || {141} || {254} || {305}",
 "nlq": "What is the amount of Export of Seeds in Q1 of 2019 or Q2 or Q4 of 2017 or of Import of Seeds in Q3 of 2019?"},
{"name": "template 4",
 "sql": "SELECT sum(Value),max(Value) FROM DBdata WHERE ((Import_Export = 'Export' AND Year = '2017' AND Quarter = 'Q1') OR (Import_Export = 'Export' AND Year = '2017' AND Quarter = 'Q2') OR (Import_Export = 'Import' AND Year = '2018' AND Quarter = 'Q2') OR (Import_Export = 'Import' AND Year = '2017' AND Quarter = 'Q3') OR (Import_Export = 'Export' AND Year = '2018' AND Quarter = 'Q3') OR (Import_Export = 'Import' AND Year = '2019' AND Quarter = 'Q3') OR (Import_Export = 'Export' AND Year = '2017' AND Quarter = 'Q4') OR (Import_Export = 'Import' AND Year = '2018' AND Quarter = 'Q4') OR (Import_Export = 'Export' AND Year = '2019' AND Quarter = 'Q4')) AND ((Category = 'Dairy' AND Item = 'Cheese'))",
 "sqlResult": "{5531 | 963}",
 "nlq": "What are the total and maximum amounts of Export of Cheese in Q1, Q2, or Q4 of 2017 or Q3 of 2018 or Q4 of 2019 or of Import of Cheese in Q2 or Q4 of 2018 or Q3 of 2017 or 2019?"},
{"name": "template 6",
 "sql": "SELECT Value FROM DBdata WHERE ((Import_Export = 'Export' AND Year = '2018' AND Quarter = 'Q2') OR (Import_Export = 'Export' AND Year = '2017' AND Quarter = 'Q4') OR (Import_Export = 'Import' AND Year = '2019' AND Quarter = 'Q4')) AND ((Category = 'Meat' AND Item = 'Duck') OR (Category = 'Meat' AND Item = 'Lamb') OR (Category = 'Cereals' AND Item = 'Seeds') OR (Category = 'Dairy' AND Item = 'Cream'))",
 "sqlResult": "{124} || {716} || {793} || {831} || {403} || {550} || {430} || {305} || {631} || {78} || {987} || {584}",
 "nlq": "What is the amount of Export of Cream, Duck, Lamb, or Seeds in Q2 of 2018 or Q4 of 2017 or of Import of Cream, Duck, Lamb, or Seeds in Q4 of 2019?"},
{"name": "template 7",
 "sql": "SELECT sum(Value),min(Value) FROM DBdata WHERE ((Import_Export = 'Export' AND Year = '2017' AND Quarter = 'Q3')) AND ((Category = 'Meat' AND Item = 'Duck') OR (Category = 'Cereals' AND Item = 'Rice') OR (Category = 'Cereals' AND Item = 'Seeds') OR (Category = 'Dairy' AND Item = 'Cheese'))",
 "sqlResult": "{2060 | 12}",
 "nlq": "What are the total and minimum amounts of Export of Cheese, Duck, Rice, or Seeds in Q3 of 2017?"},
{"name": "template 8",
 "sql": "SELECT Import_Export,Year,Quarter,min(Value),max(Value) FROM DBdata WHERE ((Import_Export = 'Import' AND Year = '2017' AND Quarter = 'Q1') OR (Import_Export = 'Export' AND Year = '2017' AND Quarter = 'Q1') OR (Import_Export = 'Export' AND Year = '2019' AND Quarter = 'Q2') OR (Import_Export = 'Export' AND Year = '2017' AND Quarter = 'Q4') OR (Import_Export = 'Import' AND Year = '2019' AND Quarter = 'Q4')) AND ((Category = 'Meat' AND Item = 'Duck') OR (Category = 'Meat' AND Item = 'Lamb') OR (Category = 'Cereals' AND Item = 'Rice') OR (Category = 'Dairy' AND Item = 'Cream') OR (Category = 'Dairy' AND Item = 'Cheese')) GROUP BY Import_Export,Year,Quarter",
 "sqlResult": "{Export | 2017 | Q1 | 175 | 960} || {Export | 2017 | Q4 | 257 | 987} || {Export | 2019 | Q2 | 165 | 820} || {Import | 2017 | Q1 | 390 | 866} || {Import | 2019 | Q4 | 340 | 796}",
 "nlq": "What are the minimum and maximum amounts for each Import-Export, Year, and Quarter, of Export of Cheese, Cream, Duck, Lamb, or Rice in Q2 of 2019 or Q4 of 2017, of Import of Cheese, Cream, Duck, Lamb, or Rice in Q4 of 2019, or of Export or Import of Cheese, Cream, Duck, Lamb, or Rice in Q1 of 2017? Please, report the corresponding Import-Export, Year, and Quarter."},
{"name": "template 9",
 "sql": "SELECT min(Value) FROM DBdata WHERE ((Import_Export = 'Export' AND Year = '2017' AND Quarter = 'Q4')) AND (Category IN ('Meat','Cereals','Dairy')) GROUP BY Category",
 "sqlResult": "{305} || {257} || {403}",
 "nlq": "What is the minimum amount for each Category, of Export of Cereals, Dairy, or Meat in Q4 of 2017?"},
{"name": "template 10",
 "sql": "SELECT Category,max(Value) FROM DBdata WHERE ((Import_Export = 'Import' AND Year = '2019' AND Quarter = 'Q2')) AND (Category IN ('Meat','Cereals','Dairy')) GROUP BY Category",
 "sqlResult": "{Cereals | 64} || {Dairy | 699} || {Meat | 979}",
 "nlq": "What is the maximum amount for each Category, of Import of Cereals, Dairy, or Meat in Q2 of 2019? Please, report the corresponding Category."},
{"name": "template 11",
 "sql": "SELECT Category,Import_Export,Year,Quarter,sum(Value) FROM DBdata WHERE ((Import_Export = 'Export' AND Year = '2017' AND Quarter = 'Q1') OR (Import_Export = 'Import' AND Year = '2018' AND Quarter = 'Q3') OR (Import_Export = 'Import' AND Year = '2018' AND Quarter = 'Q4')) AND (Category IN ('Meat','Cereals','Dairy')) GROUP BY Category,Import_Export,Year,Quarter",
 "sqlResult": "{Cereals | Export | 2017 | Q1 | 1337} || {Cereals | Import | 2018 | Q3 | 1116} || {Cereals | Import | 2018 | Q4 | 837} || {Dairy | Export | 2017 | Q1 | 633} || {Dairy | Import | 2018 | Q3 | 571} || {Dairy | Import | 2018 | Q4 | 191} || {Meat | Export | 2017 | Q1 | 1246} || {Meat | Import | 2018 | Q3 | 935} || {Meat | Import | 2018 | Q4 | 985}",
 "nlq": "What is the total amount for each Category, Import-Export, Year, and Quarter, of Export of Cereals, Dairy, or Meat in Q1 of 2017 or of Import of Cereals, Dairy, or Meat in Q3 or Q4 of 2018? Please, report the corresponding Category, Import-Export, Year, and Quarter."},
{"name": "template 12",
 "sql": "SELECT Value FROM DBdata WHERE ((Import_Export = 'Import' AND Year = '2019' AND Quarter = 'Q4')) AND (Category IN ('Cereals','Dairy')) ORDER BY VALUE ASC LIMIT 2",
 "sqlResult": "{340} || {584}",
 "nlq": "What are the bottom 2 amounts of Import of Cereals or Dairy in Q4 of 2019?"},
{"name": "template 13",
 "sql": "SELECT Value FROM DBdata WHERE ((Import_Export = 'Export' AND Year = '2018' AND Quarter = 'Q3')) AND (Category IN ('Meat','Cereals')) ORDER BY VALUE DESC",
 "sqlResult": "{776} || {293} || {208} || {178}",
 "nlq": "What are the amounts ordered by decreasing values of Export of Cereals or Meat in Q3 of 2018?"},
{"name": "template 14",
 "sql": "SELECT Category,Item FROM DBdata WHERE ((Import_Export = 'Export' AND Year = '2018' AND Quarter = 'Q4')) AND Value > 508.94",
 "sqlResult": "{Meat | Lamb} || {Cereals | Rice} || {Cereals | Seeds} || {Dairy | Cheese}",
 "nlq": "What are the Category and Item for which the amount of Export in Q4 of 2018 is greater than 508.94?"},
{"name": "template 15",
 "sql": "SELECT Category,Item,Value FROM DBdata WHERE ((Import_Export = 'Export' AND Year = '2017' AND Quarter = 'Q2')) AND (Category,Item) IN (SELECT Category,Item FROM DBdata WHERE ((Import_Export = 'Export' AND Year = '2018' AND Quarter = 'Q4')) AND Value > 508.94)",
 "sqlResult": "{Meat | Lamb | 216} || {Cereals | Rice | 392} || {Cereals | Seeds | 141} || {Dairy | Cheese | 927}",
 "nlq": "What is the amount of Export in Q2 of 2017 of Category and of Item for which the amount of Export in Q4 of 2018 is greater than 508.94? Please, report the corresponding Category, Item, and amount of import-export."}]
}
