AAklp-AAhlx,BB,CC,DD,EE,Value
AA,BB,CC,DD,EE,Value
AAklp,BBfjq,CCdpz,DDbfh,EErtv,486
AAhlx,BBfjq,CCdpz,DDbfh,EErtv,36
AAklp,BBbny,CCdpz,DDbfh,EErtv,168
AAhlx,BBbny,CCdpz,DDbfh,EErtv,851
AAklp,BBfjq,CCfgm,DDbfh,EErtv,213
AAhlx,BBfjq,CCfgm,DDbfh,EErtv,236
AAklp,BBbny,CCfgm,DDbfh,EErtv,290
AAhlx,BBbny,CCfgm,DDbfh,EErtv,276
AAklp,BBfjq,CChjr,DDbfh,EErtv,496
AAhlx,BBfjq,CChjr,DDbfh,EErtv,667
AAklp,BBbny,CChjr,DDbfh,EErtv,172
AAhlx,BBbny,CChjr,DDbfh,EErtv,614
AAklp,BBfjq,CCdgz,DDbfh,EErtv,525
AAhlx,BBfjq,CCdgz,DDbfh,EErtv,756
AAklp,BBbny,CCdgz,DDbfh,EErtv,952
AAhlx,BBbny,CCdgz,DDbfh,EErtv,169
AAklp,BBfjq,CCdpz,DDbfh,EEdgx,936
AAhlx,BBfjq,CCdpz,DDbfh,EEdgx,125
AAklp,BBbny,CCdpz,DDbfh,EEdgx,833
AAhlx,BBbny,CCdpz,DDbfh,EEdgx,68
AAklp,BBfjq,CCfgm,DDbfh,EEdgx,114
AAhlx,BBfjq,CCfgm,DDbfh,EEdgx,439
AAklp,BBbny,CCfgm,DDbfh,EEdgx,743
AAhlx,BBbny,CCfgm,DDbfh,EEdgx,460
AAklp,BBfjq,CChjr,DDbfh,EEdgx,829
AAhlx,BBfjq,CChjr,DDbfh,EEdgx,585
AAklp,BBbny,CChjr,DDbfh,EEdgx,99
AAhlx,BBbny,CChjr,DDbfh,EEdgx,608
AAklp,BBfjq,CCdgz,DDbfh,EEdgx,804
AAhlx,BBfjq,CCdgz,DDbfh,EEdgx,90
AAklp,BBbny,CCdgz,DDbfh,EEdgx,479
AAhlx,BBbny,CCdgz,DDbfh,EEdgx,176
AAklp,BBfjq,CCdpz,DDbfh,EElvx,372
AAhlx,BBfjq,CCdpz,DDbfh,EElvx,969
AAklp,BBbny,CCdpz,DDbfh,EElvx,338
AAhlx,BBbny,CCdpz,DDbfh,EElvx,187
AAklp,BBfjq,CCfgm,DDbfh,EElvx,900
AAhlx,BBfjq,CCfgm,DDbfh,EElvx,588
AAklp,BBbny,CCfgm,DDbfh,EElvx,211
AAhlx,BBbny,CCfgm,DDbfh,EElvx,717
AAklp,BBfjq,CChjr,DDbfh,EElvx,871
AAhlx,BBfjq,CChjr,DDbfh,EElvx,466
AAklp,BBbny,CChjr,DDbfh,EElvx,233
AAhlx,BBbny,CChjr,DDbfh,EElvx,309
AAklp,BBfjq,CCdgz,DDbfh,EElvx,972
AAhlx,BBfjq,CCdgz,DDbfh,EElvx,492
AAklp,BBbny,CCdgz,DDbfh,EElvx,476
AAhlx,BBbny,CCdgz,DDbfh,EElvx,243
AAklp,BBfjq,CCdpz,DDcjy,EEcgk,547
AAhlx,BBfjq,CCdpz,DDcjy,EEcgk,51
AAklp,BBbny,CCdpz,DDcjy,EEcgk,340
AAhlx,BBbny,CCdpz,DDcjy,EEcgk,261
AAklp,BBfjq,CCfgm,DDcjy,EEcgk,14
AAhlx,BBfjq,CCfgm,DDcjy,EEcgk,451
AAklp,BBbny,CCfgm,DDcjy,EEcgk,263
AAhlx,BBbny,CCfgm,DDcjy,EEcgk,566
AAklp,BBfjq,CChjr,DDcjy,EEcgk,119
AAhlx,BBfjq,CChjr,DDcjy,EEcgk,295
AAklp,BBbny,CChjr,DDcjy,EEcgk,539
AAhlx,BBbny,CChjr,DDcjy,EEcgk,514
AAklp,BBfjq,CCdgz,DDcjy,EEcgk,427
AAhlx,BBfjq,CCdgz,DDcjy,EEcgk,984
AAklp,BBbny,CCdgz,DDcjy,EEcgk,443
AAhlx,BBbny,CCdgz,DDcjy,EEcgk,446
AAklp,BBfjq,CCdpz,DDcjy,EEcmw,404
AAhlx,BBfjq,CCdpz,DDcjy,EEcmw,111
AAklp,BBbny,CCdpz,DDcjy,EEcmw,580
AAhlx,BBbny,CCdpz,DDcjy,EEcmw,683
AAklp,BBfjq,CCfgm,DDcjy,EEcmw,929
AAhlx,BBfjq,CCfgm,DDcjy,EEcmw,311
AAklp,BBbny,CCfgm,DDcjy,EEcmw,167
AAhlx,BBbny,CCfgm,DDcjy,EEcmw,326
AAklp,BBfjq,CChjr,DDcjy,EEcmw,107
AAhlx,BBfjq,CChjr,DDcjy,EEcmw,551
AAklp,BBbny,CChjr,DDcjy,EEcmw,357
AAhlx,BBbny,CChjr,DDcjy,EEcmw,696
AAklp,BBfjq,CCdgz,DDcjy,EEcmw,933
AAhlx,BBfjq,CCdgz,DDcjy,EEcmw,222
AAklp,BBbny,CCdgz,DDcjy,EEcmw,320
AAhlx,BBbny,CCdgz,DDcjy,EEcmw,971

