AAcsv-AAmst,BB,CC,DD,Value
AA,BB,CC,DD,Value
AAcsv,BBcdn,CCkrs,DDbmv,225
AAmst,BBcdn,CCkrs,DDbmv,861
AAcsv,BBjtz,CCkrs,DDbmv,694
AAmst,BBjtz,CCkrs,DDbmv,397
AAcsv,BBnwz,CCkrs,DDbmv,348
AAmst,BBnwz,CCkrs,DDbmv,562
AAcsv,BBcdn,CCkrs,DDcvz,22
AAmst,BBcdn,CCkrs,DDcvz,95
AAcsv,BBjtz,CCkrs,DDcvz,444
AAmst,BBjtz,CCkrs,DDcvz,702
AAcsv,BBnwz,CCkrs,DDcvz,185
AAmst,BBnwz,CCkrs,DDcvz,80
AAcsv,BBcdn,CCkrs,DDqry,725
AAmst,BBcdn,CCkrs,DDqry,644
AAcsv,BBjtz,CCkrs,DDqry,503
AAmst,BBjtz,CCkrs,DDqry,324
AAcsv,BBnwz,CCkrs,DDqry,305
AAmst,BBnwz,CCkrs,DDqry,353
AAcsv,BBcdn,CClmx,DDlrv,190
AAmst,BBcdn,CClmx,DDlrv,995
AAcsv,BBjtz,CClmx,DDlrv,740
AAmst,BBjtz,CClmx,DDlrv,929
AAcsv,BBnwz,CClmx,DDlrv,991
AAmst,BBnwz,CClmx,DDlrv,60
AAcsv,BBcdn,CClmx,DDjvx,90
AAmst,BBcdn,CClmx,DDjvx,681
AAcsv,BBjtz,CClmx,DDjvx,613
AAmst,BBjtz,CClmx,DDjvx,411
AAcsv,BBnwz,CClmx,DDjvx,307
AAmst,BBnwz,CClmx,DDjvx,192
AAcsv,BBcdn,CClmx,DDdpz,566
AAmst,BBcdn,CClmx,DDdpz,456
AAcsv,BBjtz,CClmx,DDdpz,912
AAmst,BBjtz,CClmx,DDdpz,193
AAcsv,BBnwz,CClmx,DDdpz,884
AAmst,BBnwz,CClmx,DDdpz,509
AAcsv,BBcdn,CClsw,DDgks,292
AAmst,BBcdn,CClsw,DDgks,218
AAcsv,BBjtz,CClsw,DDgks,719
AAmst,BBjtz,CClsw,DDgks,163
AAcsv,BBnwz,CClsw,DDgks,131
AAmst,BBnwz,CClsw,DDgks,568
AAcsv,BBcdn,CClsw,DDbjt,987
AAmst,BBcdn,CClsw,DDbjt,300
AAcsv,BBjtz,CClsw,DDbjt,624
AAmst,BBjtz,CClsw,DDbjt,628
AAcsv,BBnwz,CClsw,DDbjt,150
AAmst,BBnwz,CClsw,DDbjt,132
AAcsv,BBcdn,CClsw,DDrsx,697
AAmst,BBcdn,CClsw,DDrsx,258
AAcsv,BBjtz,CClsw,DDrsx,639
AAmst,BBjtz,CClsw,DDrsx,341
AAcsv,BBnwz,CClsw,DDrsx,254
AAmst,BBnwz,CClsw,DDrsx,852

