Import-Export,Year,Category,Item,Value
Import_Export,Year,Category,Item,Value
Import,2018,Meat,Beef,435
Export,2018,Meat,Beef,462
Import,2019,Meat,Beef,269
Export,2019,Meat,Beef,46
Import,2020,Meat,Beef,670
Export,2020,Meat,Beef,659
Import,2018,Meat,Chicken,574
Export,2018,Meat,Chicken,67
Import,2019,Meat,Chicken,490
Export,2019,Meat,Chicken,816
Import,2020,Meat,Chicken,979
Export,2020,Meat,Chicken,115
Import,2018,Meat,Pork,260
Export,2018,Meat,Pork,599
Import,2019,Meat,Pork,969
Export,2019,Meat,Pork,317
Import,2020,Meat,Pork,876
Export,2020,Meat,Pork,545
Import,2018,Cereals,Corn,758
Export,2018,Cereals,Corn,864
Import,2019,Cereals,Corn,899
Export,2019,Cereals,Corn,179
Import,2020,Cereals,Corn,327
Export,2020,Cereals,Corn,623
Import,2018,Cereals,Oats,990
Export,2018,Cereals,Oats,55
Import,2019,Cereals,Oats,13
Export,2019,Cereals,Oats,306
Import,2020,Cereals,Oats,791
Export,2020,Cereals,Oats,246
Import,2018,Cereals,Rice,867
Export,2018,Cereals,Rice,88
Import,2019,Cereals,Rice,12
Export,2019,Cereals,Rice,788
Import,2020,Cereals,Rice,160
Export,2020,Cereals,Rice,513
Import,2018,Dairy,Cheese,258
Export,2018,Dairy,Cheese,790
Import,2019,Dairy,Cheese,577
Export,2019,Dairy,Cheese,358
Import,2020,Dairy,Cheese,719
Export,2020,Dairy,Cheese,17
Import,2018,Dairy,Yoghurt,836
Export,2018,Dairy,Yoghurt,128
Import,2019,Dairy,Yoghurt,40
Export,2019,Dairy,Yoghurt,630
Import,2020,Dairy,Yoghurt,729
Export,2020,Dairy,Yoghurt,821
