AAcv-AAbz,BB,CC,DD,Value
AA,BB,CC,DD,Value
AAcv,BBqv,CChp,DDjm,906
AAbz,BBqv,CChp,DDjm,601
AAcv,BBjt,CChp,DDjm,808
AAbz,BBjt,CChp,DDjm,685
AAcv,BBkq,CChp,DDjm,996
AAbz,BBkq,CChp,DDjm,659
AAcv,BBqv,CChp,DDfn,416
AAbz,BBqv,CChp,DDfn,607
AAcv,BBjt,CChp,DDfn,407
AAbz,BBjt,CChp,DDfn,448
AAcv,BBkq,CChp,DDfn,242
AAbz,BBkq,CChp,DDfn,96
AAcv,BBqv,CCvz,DDmq,459
AAbz,BBqv,CCvz,DDmq,496
AAcv,BBjt,CCvz,DDmq,182
AAbz,BBjt,CCvz,DDmq,947
AAcv,BBkq,CCvz,DDmq,217
AAbz,BBkq,CCvz,DDmq,371
AAcv,BBqv,CCvz,DDhr,103
AAbz,BBqv,CCvz,DDhr,14
AAcv,BBjt,CCvz,DDhr,828
AAbz,BBjt,CCvz,DDhr,33
AAcv,BBkq,CCvz,DDhr,872
AAbz,BBkq,CCvz,DDhr,304
AAcv,BBqv,CCvz,DDtz,243
AAbz,BBqv,CCvz,DDtz,195
AAcv,BBjt,CCvz,DDtz,394
AAbz,BBjt,CCvz,DDtz,946
AAcv,BBkq,CCvz,DDtz,798
AAbz,BBkq,CCvz,DDtz,452

