AAdhr-AAmyz,BB,CC,DD,EE,Value
AA,BB,CC,DD,EE,Value
AAdhr,BBhlx,CCbhv,DDfgx,EEfmn,736
AAmyz,BBhlx,CCbhv,DDfgx,EEfmn,189
AAdhr,BBjnq,CCbhv,DDfgx,EEfmn,998
AAmyz,BBjnq,CCbhv,DDfgx,EEfmn,923
AAdhr,BBfxy,CCbhv,DDfgx,EEfmn,947
AAmyz,BBfxy,CCbhv,DDfgx,EEfmn,643
AAdhr,BBhlx,CCmty,DDfgx,EEfmn,708
AAmyz,BBhlx,CCmty,DDfgx,EEfmn,727
AAdhr,BBjnq,CCmty,DDfgx,EEfmn,318
AAmyz,BBjnq,CCmty,DDfgx,EEfmn,965
AAdhr,BBfxy,CCmty,DDfgx,EEfmn,710
AAmyz,BBfxy,CCmty,DDfgx,EEfmn,983
AAdhr,BBhlx,CCfnt,DDfgx,EEfmn,451
AAmyz,BBhlx,CCfnt,DDfgx,EEfmn,348
AAdhr,BBjnq,CCfnt,DDfgx,EEfmn,803
AAmyz,BBjnq,CCfnt,DDfgx,EEfmn,573
AAdhr,BBfxy,CCfnt,DDfgx,EEfmn,53
AAmyz,BBfxy,CCfnt,DDfgx,EEfmn,860
AAdhr,BBhlx,CCdsv,DDfgx,EEfmn,330
AAmyz,BBhlx,CCdsv,DDfgx,EEfmn,154
AAdhr,BBjnq,CCdsv,DDfgx,EEfmn,10
AAmyz,BBjnq,CCdsv,DDfgx,EEfmn,521
AAdhr,BBfxy,CCdsv,DDfgx,EEfmn,775
AAmyz,BBfxy,CCdsv,DDfgx,EEfmn,509
AAdhr,BBhlx,CCbhv,DDfgx,EEnrw,778
AAmyz,BBhlx,CCbhv,DDfgx,EEnrw,916
AAdhr,BBjnq,CCbhv,DDfgx,EEnrw,655
AAmyz,BBjnq,CCbhv,DDfgx,EEnrw,454
AAdhr,BBfxy,CCbhv,DDfgx,EEnrw,431
AAmyz,BBfxy,CCbhv,DDfgx,EEnrw,673
AAdhr,BBhlx,CCmty,DDfgx,EEnrw,525
AAmyz,BBhlx,CCmty,DDfgx,EEnrw,142
AAdhr,BBjnq,CCmty,DDfgx,EEnrw,806
AAmyz,BBjnq,CCmty,DDfgx,EEnrw,493
AAdhr,BBfxy,CCmty,DDfgx,EEnrw,580
AAmyz,BBfxy,CCmty,DDfgx,EEnrw,899
AAdhr,BBhlx,CCfnt,DDfgx,EEnrw,726
AAmyz,BBhlx,CCfnt,DDfgx,EEnrw,993
AAdhr,BBjnq,CCfnt,DDfgx,EEnrw,182
AAmyz,BBjnq,CCfnt,DDfgx,EEnrw,31
AAdhr,BBfxy,CCfnt,DDfgx,EEnrw,437
AAmyz,BBfxy,CCfnt,DDfgx,EEnrw,329
AAdhr,BBhlx,CCdsv,DDfgx,EEnrw,455
AAmyz,BBhlx,CCdsv,DDfgx,EEnrw,260
AAdhr,BBjnq,CCdsv,DDfgx,EEnrw,331
AAmyz,BBjnq,CCdsv,DDfgx,EEnrw,792
AAdhr,BBfxy,CCdsv,DDfgx,EEnrw,506
AAmyz,BBfxy,CCdsv,DDfgx,EEnrw,355
AAdhr,BBhlx,CCbhv,DDfgx,EErtv,724
AAmyz,BBhlx,CCbhv,DDfgx,EErtv,172
AAdhr,BBjnq,CCbhv,DDfgx,EErtv,514
AAmyz,BBjnq,CCbhv,DDfgx,EErtv,150
AAdhr,BBfxy,CCbhv,DDfgx,EErtv,654
AAmyz,BBfxy,CCbhv,DDfgx,EErtv,946
AAdhr,BBhlx,CCmty,DDfgx,EErtv,28
AAmyz,BBhlx,CCmty,DDfgx,EErtv,807
AAdhr,BBjnq,CCmty,DDfgx,EErtv,648
AAmyz,BBjnq,CCmty,DDfgx,EErtv,586
AAdhr,BBfxy,CCmty,DDfgx,EErtv,957
AAmyz,BBfxy,CCmty,DDfgx,EErtv,830
AAdhr,BBhlx,CCfnt,DDfgx,EErtv,432
AAmyz,BBhlx,CCfnt,DDfgx,EErtv,402
AAdhr,BBjnq,CCfnt,DDfgx,EErtv,285
AAmyz,BBjnq,CCfnt,DDfgx,EErtv,77
AAdhr,BBfxy,CCfnt,DDfgx,EErtv,225
AAmyz,BBfxy,CCfnt,DDfgx,EErtv,368
AAdhr,BBhlx,CCdsv,DDfgx,EErtv,547
AAmyz,BBhlx,CCdsv,DDfgx,EErtv,699
AAdhr,BBjnq,CCdsv,DDfgx,EErtv,449
AAmyz,BBjnq,CCdsv,DDfgx,EErtv,735
AAdhr,BBfxy,CCdsv,DDfgx,EErtv,616
AAmyz,BBfxy,CCdsv,DDfgx,EErtv,384
AAdhr,BBhlx,CCbhv,DDknq,EEgkn,548
AAmyz,BBhlx,CCbhv,DDknq,EEgkn,406
AAdhr,BBjnq,CCbhv,DDknq,EEgkn,771
AAmyz,BBjnq,CCbhv,DDknq,EEgkn,885
AAdhr,BBfxy,CCbhv,DDknq,EEgkn,96
AAmyz,BBfxy,CCbhv,DDknq,EEgkn,982
AAdhr,BBhlx,CCmty,DDknq,EEgkn,887
AAmyz,BBhlx,CCmty,DDknq,EEgkn,536
AAdhr,BBjnq,CCmty,DDknq,EEgkn,18
AAmyz,BBjnq,CCmty,DDknq,EEgkn,256
AAdhr,BBfxy,CCmty,DDknq,EEgkn,313
AAmyz,BBfxy,CCmty,DDknq,EEgkn,258
AAdhr,BBhlx,CCfnt,DDknq,EEgkn,529
AAmyz,BBhlx,CCfnt,DDknq,EEgkn,473
AAdhr,BBjnq,CCfnt,DDknq,EEgkn,746
AAmyz,BBjnq,CCfnt,DDknq,EEgkn,563
AAdhr,BBfxy,CCfnt,DDknq,EEgkn,319
AAmyz,BBfxy,CCfnt,DDknq,EEgkn,723
AAdhr,BBhlx,CCdsv,DDknq,EEgkn,80
AAmyz,BBhlx,CCdsv,DDknq,EEgkn,884
AAdhr,BBjnq,CCdsv,DDknq,EEgkn,693
AAmyz,BBjnq,CCdsv,DDknq,EEgkn,970
AAdhr,BBfxy,CCdsv,DDknq,EEgkn,89
AAmyz,BBfxy,CCdsv,DDknq,EEgkn,769
AAdhr,BBhlx,CCbhv,DDknq,EEcpx,392
AAmyz,BBhlx,CCbhv,DDknq,EEcpx,694
AAdhr,BBjnq,CCbhv,DDknq,EEcpx,139
AAmyz,BBjnq,CCbhv,DDknq,EEcpx,833
AAdhr,BBfxy,CCbhv,DDknq,EEcpx,102
AAmyz,BBfxy,CCbhv,DDknq,EEcpx,607
AAdhr,BBhlx,CCmty,DDknq,EEcpx,274
AAmyz,BBhlx,CCmty,DDknq,EEcpx,581
AAdhr,BBjnq,CCmty,DDknq,EEcpx,456
AAmyz,BBjnq,CCmty,DDknq,EEcpx,504
AAdhr,BBfxy,CCmty,DDknq,EEcpx,121
AAmyz,BBfxy,CCmty,DDknq,EEcpx,839
AAdhr,BBhlx,CCfnt,DDknq,EEcpx,879
AAmyz,BBhlx,CCfnt,DDknq,EEcpx,742
AAdhr,BBjnq,CCfnt,DDknq,EEcpx,268
AAmyz,BBjnq,CCfnt,DDknq,EEcpx,82
AAdhr,BBfxy,CCfnt,DDknq,EEcpx,890
AAmyz,BBfxy,CCfnt,DDknq,EEcpx,519
AAdhr,BBhlx,CCdsv,DDknq,EEcpx,788
AAmyz,BBhlx,CCdsv,DDknq,EEcpx,871
AAdhr,BBjnq,CCdsv,DDknq,EEcpx,812
AAmyz,BBjnq,CCdsv,DDknq,EEcpx,954
AAdhr,BBfxy,CCdsv,DDknq,EEcpx,842
AAmyz,BBfxy,CCdsv,DDknq,EEcpx,54

