{
"filename": "Food_import-export_in_tons_set138_4_DB.csv",
"questions": [{"name": "template 1",
 "sql": "SELECT Value FROM DBdata WHERE ((BB = 'BBlt' AND AA = 'AAqx')) AND ((CC = 'CChr' AND DD = 'DDmr'))",
 "sqlResult": "{163}",
 "nlq": "What is the amount of AAqx of DDmr in BBlt?"},
{"name": "template 2",
 "sql": "SELECT Value FROM DBdata WHERE ((BB = 'BBlt' AND AA = 'AAqx')) AND ((CC = 'CChr' AND DD = 'DDpx') OR (CC = 'CCbk' AND DD = 'DDfh'))",
 "sqlResult": "{607} || {32}",
 "nlq": "What is the amount of AAqx of DDfh or DDpx in BBlt?"},
{"name": "template 3",
 "sql": "SELECT Value FROM DBdata WHERE ((BB = 'BBlt' AND AA = 'AAcg') OR (BB = 'BBlt' AND AA = 'AAqx') OR (BB = 'BBrs' AND AA = 'AAcg') OR (BB = 'BBrs' AND AA = 'AAqx')) AND ((CC = 'CChr' AND DD = 'DDpx'))",
 "sqlResult": "{517} || {607} || {995} || {810}",
 "nlq": "What is the amount of AAqx or AAcg of DDpx in BBlt or BBrs?"},
{"name": "template 4",
 "sql": "SELECT max(Value),min(Value) FROM DBdata WHERE ((BB = 'BBlt' AND AA = 'AAqx') OR (BB = 'BBrs' AND AA = 'AAcg')) AND ((CC = 'CChr' AND DD = 'DDpx'))",
 "sqlResult": "{995 | 607}",
 "nlq": "What are the maximum and minimum amounts of AAqx of DDpx in BBlt or of AAcg of DDpx in BBrs?"},
{"name": "template 5",
 "sql": "SELECT avg(Value) FROM DBdata WHERE (BB IN ('BBlt','BBrs')) AND ((CC = 'CCbk' AND DD = 'DDgs'))",
 "sqlResult": "{516.25}",
 "nlq": "What is the average amount of DDgs in BBlt or BBrs?"},
{"name": "template 6",
 "sql": "SELECT Value FROM DBdata WHERE ((BB = 'BBlt' AND AA = 'AAqx') OR (BB = 'BBrs' AND AA = 'AAcg') OR (BB = 'BBrs' AND AA = 'AAqx')) AND ((CC = 'CChr' AND DD = 'DDmr') OR (CC = 'CCbk' AND DD = 'DDgs') OR (CC = 'CCbk' AND DD = 'DDfh'))",
 "sqlResult": "{163} || {209} || {921} || {959} || {138} || {837} || {32} || {290} || {855}",
 "nlq": "What is the amount of AAqx of DDfh, DDgs, or DDmr in BBlt or BBrs or of AAcg of DDfh, DDgs, or DDmr in BBrs?"},
{"name": "template 7",
 "sql": "SELECT max(Value),min(Value) FROM DBdata WHERE ((BB = 'BBlt' AND AA = 'AAqx')) AND ((CC = 'CChr' AND DD = 'DDmr') OR (CC = 'CCbk' AND DD = 'DDgs') OR (CC = 'CCbk' AND DD = 'DDfh'))",
 "sqlResult": "{959 | 32}",
 "nlq": "What are the maximum and minimum amounts of AAqx of DDfh, DDgs, or DDmr in BBlt?"},
{"name": "template 8",
 "sql": "SELECT BB,AA,avg(Value),max(Value) FROM DBdata WHERE ((BB = 'BBlt' AND AA = 'AAcg') OR (BB = 'BBlt' AND AA = 'AAqx') OR (BB = 'BBrs' AND AA = 'AAcg') OR (BB = 'BBrs' AND AA = 'AAqx')) AND ((CC = 'CChr' AND DD = 'DDmr') OR (CC = 'CChr' AND DD = 'DDpx') OR (CC = 'CCbk' AND DD = 'DDgs') OR (CC = 'CCbk' AND DD = 'DDfh')) GROUP BY BB,AA",
 "sqlResult": "{BBlt | AAqx | 440.25 | 959} || {BBlt | AAcg | 398.5 | 831} || {BBrs | AAqx | 855.75 | 921} || {BBrs | AAcg | 408 | 995}",
 "nlq": "What are the average and maximum amounts for each BB and AAcg-AAqx, of AAqx or AAcg of DDfh, DDgs, DDmr, or DDpx in BBlt or BBrs? Please, report the corresponding BB and AAcg-AAqx."},
{"name": "template 9",
 "sql": "SELECT min(Value) FROM DBdata WHERE ((BB = 'BBlt' AND AA = 'AAcg')) AND (CC IN ('CChr','CCbk')) GROUP BY CC",
 "sqlResult": "{115} || {131}",
 "nlq": "What is the minimum amount for each CC, of AAcg of CChr or CCbk in BBlt?"},
{"name": "template 10",
 "sql": "SELECT CC,avg(Value) FROM DBdata WHERE ((BB = 'BBlt' AND AA = 'AAcg')) AND (CC IN ('CChr','CCbk')) GROUP BY CC",
 "sqlResult": "{CChr | 316} || {CCbk | 481}",
 "nlq": "What is the average amount for each CC, of AAcg of CChr or CCbk in BBlt? Please, report the corresponding CC."},
{"name": "template 11",
 "sql": "SELECT CC,BB,AA,max(Value) FROM DBdata WHERE ((BB = 'BBlt' AND AA = 'AAcg') OR (BB = 'BBrs' AND AA = 'AAqx')) AND (CC IN ('CChr','CCbk')) GROUP BY CC,BB,AA",
 "sqlResult": "{CChr | BBlt | AAcg | 517} || {CChr | BBrs | AAqx | 921} || {CCbk | BBlt | AAcg | 831} || {CCbk | BBrs | AAqx | 855}",
 "nlq": "What is the maximum amount for each CC, BB, and AAcg-AAqx, of AAcg of CChr or CCbk in BBlt or of AAqx of CChr or CCbk in BBrs? Please, report the corresponding CC, BB, and AAcg-AAqx."},
{"name": "template 12",
 "sql": "SELECT Value FROM DBdata WHERE ((BB = 'BBrs' AND AA = 'AAcg')) AND (CC IN ('CChr','CCbk')) ORDER BY VALUE DESC LIMIT 3",
 "sqlResult": "{995} || {290} || {209}",
 "nlq": "What are the top 3 amounts of AAcg of CChr or CCbk in BBrs?"},
{"name": "template 13",
 "sql": "SELECT Value FROM DBdata WHERE ((BB = 'BBrs' AND AA = 'AAqx')) AND (CC IN ('CChr','CCbk')) ORDER BY VALUE DESC",
 "sqlResult": "{921} || {855} || {837} || {810}",
 "nlq": "What are the amounts ordered by decreasing values of AAqx of CChr or CCbk in BBrs?"},
{"name": "template 14",
 "sql": "SELECT CC,DD FROM DBdata WHERE ((BB = 'BBlt' AND AA = 'AAqx')) AND Value > 525.62",
 "sqlResult": "{CChr | DDpx} || {CCbk | DDgs}",
 "nlq": "What are the CC and DD for which the amount of AAqx in BBlt is greater than 525.62?"},
{"name": "template 15",
 "sql": "SELECT CC,DD,Value FROM DBdata WHERE ((BB = 'BBrs' AND AA = 'AAqx')) AND (CC,DD) IN (SELECT CC,DD FROM DBdata WHERE ((BB = 'BBlt' AND AA = 'AAqx')) AND Value > 525.62)",
 "sqlResult": "{CChr | DDpx | 810} || {CCbk | DDgs | 837}",
 "nlq": "What is the amount of AAqx in BBrs of CC and of DD for which the amount of AAqx in BBlt is greater than 525.62? Please, report the corresponding CC, DD, and amount of import-export."}]
}

