{
"filename": "Food_import-export_in_tons_set135_2_DB.csv",
"questions": [{"name": "template 1",
 "sql": "SELECT Value FROM DBdata WHERE ((Import_Export = 'Export' AND Year = '2015')) AND ((Category = 'Cereals' AND Item = 'Seeds'))",
 "sqlResult": "{235}",
 "nlq": "What is the amount of Export of Seeds in 2015?"},
{"name": "template 2",
 "sql": "SELECT Value FROM DBdata WHERE ((Import_Export = 'Import' AND Year = '2015')) AND ((Category = 'Cereals' AND Item = 'Seeds') OR (Category = 'Cereals' AND Item = 'Wheat'))",
 "sqlResult": "{33} || {915}",
 "nlq": "What is the amount of Import of Seeds or Wheat in 2015?"},
{"name": "template 3",
 "sql": "SELECT Value FROM DBdata WHERE ((Import_Export = 'Import' AND Year = '2015') OR (Import_Export = 'Export' AND Year = '2015') OR (Import_Export = 'Import' AND Year = '2016') OR (Import_Export = 'Export' AND Year = '2016')) AND ((Category = 'Meat' AND Item = 'Chicken'))",
 "sqlResult": "{162} || {709} || {899} || {177}",
 "nlq": "What is the amount of Export or Import of Chicken in 2015 or 2016?"},
{"name": "template 4",
 "sql": "SELECT min(Value),max(Value) FROM DBdata WHERE ((Import_Export = 'Import' AND Year = '2015') OR (Import_Export = 'Import' AND Year = '2016')) AND ((Category = 'Cereals' AND Item = 'Seeds'))",
 "sqlResult": "{33 | 511}",
 "nlq": "What are the minimum and maximum amounts of Import of Seeds in 2015 or 2016?"},
{"name": "template 5",
 "sql": "SELECT avg(Value) FROM DBdata WHERE (Import_Export IN ('Import','Export')) AND ((Category = 'Meat' AND Item = 'Chicken'))",
 "sqlResult": "{486.75}",
 "nlq": "What is the average amount of Export or Import of Chicken?"},
{"name": "template 6",
 "sql": "SELECT Value FROM DBdata WHERE ((Import_Export = 'Import' AND Year = '2015') OR (Import_Export = 'Import' AND Year = '2016') OR (Import_Export = 'Export' AND Year = '2016')) AND ((Category = 'Meat' AND Item = 'Chicken') OR (Category = 'Meat' AND Item = 'Pork') OR (Category = 'Meat' AND Item = 'Camel') OR (Category = 'Cereals' AND Item = 'Seeds'))",
 "sqlResult": "{162} || {899} || {177} || {814} || {956} || {958} || {315} || {641} || {410} || {33} || {511} || {130}",
 "nlq": "What is the amount of Import of Camel, Chicken, Pork, or Seeds in 2015 or 2016 or of Export of Camel, Chicken, Pork, or Seeds in 2016?"},
{"name": "template 7",
 "sql": "SELECT max(Value),sum(Value) FROM DBdata WHERE ((Import_Export = 'Import' AND Year = '2015')) AND ((Category = 'Meat' AND Item = 'Chicken') OR (Category = 'Meat' AND Item = 'Pork') OR (Category = 'Meat' AND Item = 'Camel') OR (Category = 'Cereals' AND Item = 'Wheat'))",
 "sqlResult": "{915 | 2206}",
 "nlq": "What are the maximum and total amounts of Import of Camel, Chicken, Pork, or Wheat in 2015?"},
{"name": "template 8",
 "sql": "SELECT Import_Export,Year,avg(Value),min(Value) FROM DBdata WHERE ((Import_Export = 'Import' AND Year = '2015') OR (Import_Export = 'Export' AND Year = '2015') OR (Import_Export = 'Import' AND Year = '2016') OR (Import_Export = 'Export' AND Year = '2016')) AND ((Category = 'Meat' AND Item = 'Chicken') OR (Category = 'Meat' AND Item = 'Pork') OR (Category = 'Meat' AND Item = 'Camel') OR (Category = 'Cereals' AND Item = 'Seeds') OR (Category = 'Cereals' AND Item = 'Wheat')) GROUP BY Import_Export,Year",
 "sqlResult": "{Export | 2015 | 514.2 | 235} || {Export | 2016 | 507.8 | 130} || {Import | 2015 | 447.8 | 33} || {Import | 2016 | 715.6 | 511}",
 "nlq": "What are the average and minimum amounts for each Import-Export and Year, of Export or Import of Camel, Chicken, Pork, Seeds, or Wheat in 2015 or 2016? Please, report the corresponding Import-Export and Year."},
{"name": "template 9",
 "sql": "SELECT min(Value) FROM DBdata WHERE ((Import_Export = 'Export' AND Year = '2015')) AND (Category IN ('Meat','Cereals')) GROUP BY Category",
 "sqlResult": "{235} || {458}",
 "nlq": "What is the minimum amount for each Category, of Export of Cereals or Meat in 2015?"},
{"name": "template 10",
 "sql": "SELECT Category,max(Value) FROM DBdata WHERE ((Import_Export = 'Export' AND Year = '2016')) AND (Category IN ('Meat','Cereals')) GROUP BY Category",
 "sqlResult": "{Cereals | 864} || {Meat | 958}",
 "nlq": "What is the maximum amount for each Category, of Export of Cereals or Meat in 2016? Please, report the corresponding Category."},
{"name": "template 11",
 "sql": "SELECT Category,Import_Export,Year,max(Value) FROM DBdata WHERE ((Import_Export = 'Import' AND Year = '2016') OR (Import_Export = 'Export' AND Year = '2016')) AND (Category IN ('Meat','Cereals')) GROUP BY Category,Import_Export,Year",
 "sqlResult": "{Cereals | Export | 2016 | 864} || {Cereals | Import | 2016 | 571} || {Meat | Export | 2016 | 958} || {Meat | Import | 2016 | 956}",
 "nlq": "What is the maximum amount for each Category, Import-Export, and Year, of Export or Import of Cereals or Meat in 2016? Please, report the corresponding Category, Import-Export, and Year."},
{"name": "template 12",
 "sql": "SELECT Value FROM DBdata WHERE ((Import_Export = 'Import' AND Year = '2016')) AND (Category IN ('Meat','Cereals')) ORDER BY VALUE DESC LIMIT 2",
 "sqlResult": "{956} || {899}",
 "nlq": "What are the top 2 amounts of Import of Cereals or Meat in 2016?"},
{"name": "template 13",
 "sql": "SELECT Value FROM DBdata WHERE ((Import_Export = 'Import' AND Year = '2015')) AND (Category IN ('Meat','Cereals')) ORDER BY VALUE ASC",
 "sqlResult": "{33} || {162} || {315} || {814} || {915}",
 "nlq": "What are the amounts ordered by increasing values of Import of Cereals or Meat in 2015?"},
{"name": "template 14",
 "sql": "SELECT Category,Item FROM DBdata WHERE ((Import_Export = 'Import' AND Year = '2016')) AND Value > 546.35",
 "sqlResult": "{Meat | Chicken} || {Meat | Pork} || {Meat | Camel} || {Cereals | Wheat}",
 "nlq": "What are the Category and Item for which the amount of Import in 2016 is greater than 546.35?"},
{"name": "template 15",
 "sql": "SELECT Category,Item,Value FROM DBdata WHERE ((Import_Export = 'Export' AND Year = '2015')) AND (Category,Item) IN (SELECT Category,Item FROM DBdata WHERE ((Import_Export = 'Import' AND Year = '2016')) AND Value > 546.35)",
 "sqlResult": "{Meat | Chicken | 709} || {Meat | Pork | 536} || {Meat | Camel | 458} || {Cereals | Wheat | 633}",
 "nlq": "What is the amount of Export in 2015 of Category and of Item for which the amount of Import in 2016 is greater than 546.35? Please, report the corresponding Category, Item, and amount of import-export."}]
}
