{
"filename": "Food_import-export_in_tons_set149_2_DB.csv",
"questions": [{"name": "template 1",
 "sql": "SELECT Value FROM DBdata WHERE ((Import_Export = 'Export' AND Year = '2017' AND Quarter = 'Q2')) AND ((Category = 'Cereals' AND Item = 'Oats'))",
 "sqlResult": "{182}",
 "nlq": "What is the amount of Export of Oats in Q2 of 2017?"},
{"name": "template 2",
 "sql": "SELECT Value FROM DBdata WHERE ((Import_Export = 'Import' AND Year = '2018' AND Quarter = 'Q2')) AND ((Category = 'Cereals' AND Item = 'Oats') OR (Category = 'Dairy' AND Item = 'Cream') OR (Category = 'Dairy' AND Item = 'Cheese'))",
 "sqlResult": "{493} || {355} || {371}",
 "nlq": "What is the amount of Import of Cheese, Cream, or Oats in Q2 of 2018?"},
{"name": "template 3",
 "sql": "SELECT Value FROM DBdata WHERE ((Import_Export = 'Import' AND Year = '2017' AND Quarter = 'Q2') OR (Import_Export = 'Import' AND Year = '2017' AND Quarter = 'Q3')) AND ((Category = 'Cereals' AND Item = 'Corn'))",
 "sqlResult": "{336} || {20}",
 "nlq": "What is the amount of Import of Corn in Q2 or Q3 of 2017?"},
{"name": "template 4",
 "sql": "SELECT sum(Value),min(Value) FROM DBdata WHERE ((Import_Export = 'Import' AND Year = '2017' AND Quarter = 'Q1') OR (Import_Export = 'Export' AND Year = '2018' AND Quarter = 'Q3') OR (Import_Export = 'Export' AND Year = '2018' AND Quarter = 'Q4')) AND ((Category = 'Cereals' AND Item = 'Corn'))",
 "sqlResult": "{1691 | 64}",
 "nlq": "What are the total and minimum amounts of Import of Corn in Q1 of 2017 or of Export of Corn in Q3 or Q4 of 2018?"},
{"name": "template 6",
 "sql": "SELECT Value FROM DBdata WHERE ((Import_Export = 'Export' AND Year = '2016' AND Quarter = 'Q1') OR (Import_Export = 'Export' AND Year = '2018' AND Quarter = 'Q2') OR (Import_Export = 'Export' AND Year = '2018' AND Quarter = 'Q3')) AND ((Category = 'Meat' AND Item = 'Pork') OR (Category = 'Cereals' AND Item = 'Corn') OR (Category = 'Dairy' AND Item = 'Cream'))",
 "sqlResult": "{100} || {245} || {122} || {830} || {290} || {732} || {577} || {578} || {958}",
 "nlq": "What is the amount of Export of Corn, Cream, or Pork in Q1 of 2016 or Q2 or Q3 of 2018?"},
{"name": "template 7",
 "sql": "SELECT sum(Value),min(Value) FROM DBdata WHERE ((Import_Export = 'Export' AND Year = '2018' AND Quarter = 'Q4')) AND ((Category = 'Meat' AND Item = 'Chicken') OR (Category = 'Cereals' AND Item = 'Corn'))",
 "sqlResult": "{1068 | 173}",
 "nlq": "What are the total and minimum amounts of Export of Chicken or Corn in Q4 of 2018?"},
{"name": "template 8",
 "sql": "SELECT Import_Export,Year,Quarter,min(Value),max(Value) FROM DBdata WHERE ((Import_Export = 'Export' AND Year = '2017' AND Quarter = 'Q2') OR (Import_Export = 'Export' AND Year = '2018' AND Quarter = 'Q2') OR (Import_Export = 'Export' AND Year = '2016' AND Quarter = 'Q3')) AND ((Category = 'Meat' AND Item = 'Chicken') OR (Category = 'Cereals' AND Item = 'Oats') OR (Category = 'Dairy' AND Item = 'Cheese')) GROUP BY Import_Export,Year,Quarter",
 "sqlResult": "{Export | 2016 | Q3 | 115 | 864} || {Export | 2017 | Q2 | 130 | 390} || {Export | 2018 | Q2 | 38 | 846}",
 "nlq": "What are the minimum and maximum amounts for each Import-Export, Year, and Quarter, of Export of Cheese, Chicken, or Oats in Q2 of 2017 or 2018 or Q3 of 2016? Please, report the corresponding Import-Export, Year, and Quarter."},
{"name": "template 9",
 "sql": "SELECT min(Value) FROM DBdata WHERE ((Import_Export = 'Export' AND Year = '2017' AND Quarter = 'Q3')) AND (Category IN ('Meat','Cereals','Dairy')) GROUP BY Category",
 "sqlResult": "{665} || {132} || {22}",
 "nlq": "What is the minimum amount for each Category, of Export of Cereals, Dairy, or Meat in Q3 of 2017?"},
{"name": "template 10",
 "sql": "SELECT Category,sum(Value) FROM DBdata WHERE ((Import_Export = 'Export' AND Year = '2018' AND Quarter = 'Q3')) AND (Category IN ('Meat','Cereals','Dairy')) GROUP BY Category",
 "sqlResult": "{Cereals | 1515} || {Dairy | 1212} || {Meat | 505}",
 "nlq": "What is the total amount for each Category, of Export of Cereals, Dairy, or Meat in Q3 of 2018? Please, report the corresponding Category."},
{"name": "template 11",
 "sql": "SELECT Category,Import_Export,Year,Quarter,sum(Value) FROM DBdata WHERE ((Import_Export = 'Import' AND Year = '2018' AND Quarter = 'Q1') OR (Import_Export = 'Import' AND Year = '2016' AND Quarter = 'Q2') OR (Import_Export = 'Import' AND Year = '2017' AND Quarter = 'Q2')) AND (Category IN ('Meat','Cereals','Dairy')) GROUP BY Category,Import_Export,Year,Quarter",
 "sqlResult": "{Cereals | Import | 2016 | Q2 | 1217} || {Cereals | Import | 2017 | Q2 | 368} || {Cereals | Import | 2018 | Q1 | 1331} || {Dairy | Import | 2016 | Q2 | 839} || {Dairy | Import | 2017 | Q2 | 953} || {Dairy | Import | 2018 | Q1 | 555} || {Meat | Import | 2016 | Q2 | 1244} || {Meat | Import | 2017 | Q2 | 1466} || {Meat | Import | 2018 | Q1 | 377}",
 "nlq": "What is the total amount for each Category, Import-Export, Year, and Quarter, of Import of Cereals, Dairy, or Meat in Q1 of 2018 or Q2 of 2016 or 2017? Please, report the corresponding Category, Import-Export, Year, and Quarter."},
{"name": "template 12",
 "sql": "SELECT Value FROM DBdata WHERE ((Import_Export = 'Export' AND Year = '2017' AND Quarter = 'Q2')) AND (Category IN ('Cereals','Dairy')) ORDER BY VALUE ASC LIMIT 3",
 "sqlResult": "{182} || {187} || {390}",
 "nlq": "What are the bottom 3 amounts of Export of Cereals or Dairy in Q2 of 2017?"},
{"name": "template 13",
 "sql": "SELECT Value FROM DBdata WHERE ((Import_Export = 'Export' AND Year = '2017' AND Quarter = 'Q3')) AND (Category IN ('Meat','Cereals')) ORDER BY VALUE ASC",
 "sqlResult": "{22} || {665} || {687} || {690}",
 "nlq": "What are the amounts ordered by increasing values of Export of Cereals or Meat in Q3 of 2017?"},
{"name": "template 14",
 "sql": "SELECT Category,Item FROM DBdata WHERE ((Import_Export = 'Export' AND Year = '2016' AND Quarter = 'Q2')) AND Value < 447.27",
 "sqlResult": "{Cereals | Oats}",
 "nlq": "What are the Category and Item for which the amount of Export in Q2 of 2016 is lower than 447.27?"},
{"name": "template 15",
 "sql": "SELECT Category,Item,Value FROM DBdata WHERE ((Import_Export = 'Export' AND Year = '2017' AND Quarter = 'Q1')) AND (Category,Item) IN (SELECT Category,Item FROM DBdata WHERE ((Import_Export = 'Export' AND Year = '2016' AND Quarter = 'Q2')) AND Value < 447.27)",
 "sqlResult": "{Cereals | Oats | 154}",
 "nlq": "What is the amount of Export in Q1 of 2017 of Category and of Item for which the amount of Export in Q2 of 2016 is lower than 447.27? Please, report the corresponding Category, Item, and amount of import-export."}]
}
