{
"filename": "Food_import-export_in_tons_set135_4_DB.csv",
"questions": [{"name": "template 1",
 "sql": "SELECT Value FROM DBdata WHERE ((AA = 'AAbf' AND BB = 'BBkw')) AND ((CC = 'CCjm' AND DD = 'DDln'))",
 "sqlResult": "{729}",
 "nlq": "What is the amount of AAbf of DDln in BBkw?"},
{"name": "template 2",
 "sql": "SELECT Value FROM DBdata WHERE ((AA = 'AAhm' AND BB = 'BBkw')) AND ((CC = 'CCjm' AND DD = 'DDqx') OR (CC = 'CCgz' AND DD = 'DDqy') OR (CC = 'CCgz' AND DD = 'DDhw'))",
 "sqlResult": "{958} || {340} || {156}",
 "nlq": "What is the amount of AAhm of DDqy, DDqx, or DDhw in BBkw?"},
{"name": "template 3",
 "sql": "SELECT Value FROM DBdata WHERE ((AA = 'AAhm' AND BB = 'BBkw') OR (AA = 'AAbf' AND BB = 'BBkw') OR (AA = 'AAhm' AND BB = 'BBhv') OR (AA = 'AAbf' AND BB = 'BBhv') OR (AA = 'AAhm' AND BB = 'BBdh')) AND ((CC = 'CCjm' AND DD = 'DDqx'))",
 "sqlResult": "{958} || {37} || {329} || {792} || {423}",
 "nlq": "What is the amount of AAhm of DDqx in BBkw, BBhv, or BBdh or of AAbf of DDqx in BBkw or BBhv?"},
{"name": "template 4",
 "sql": "SELECT sum(Value),max(Value) FROM DBdata WHERE ((AA = 'AAhm' AND BB = 'BBkw') OR (AA = 'AAbf' AND BB = 'BBhv') OR (AA = 'AAhm' AND BB = 'BBdh') OR (AA = 'AAbf' AND BB = 'BBdh')) AND ((CC = 'CCgz' AND DD = 'DDhw'))",
 "sqlResult": "{1784 | 881}",
 "nlq": "What are the total and maximum amounts of AAhm of DDhw in BBkw or BBdh or of AAbf of DDhw in BBhv or BBdh?"},
{"name": "template 5",
 "sql": "SELECT avg(Value) FROM DBdata WHERE (AA IN ('AAhm','AAbf')) AND ((CC = 'CCgz' AND DD = 'DDhw'))",
 "sqlResult": "{475.83}",
 "nlq": "What is the average amount of AAbf or AAhm of DDhw?"},
{"name": "template 6",
 "sql": "SELECT Value FROM DBdata WHERE ((AA = 'AAhm' AND BB = 'BBkw') OR (AA = 'AAbf' AND BB = 'BBkw') OR (AA = 'AAbf' AND BB = 'BBhv') OR (AA = 'AAbf' AND BB = 'BBdh')) AND ((CC = 'CCjm' AND DD = 'DDqx') OR (CC = 'CCjm' AND DD = 'DDln') OR (CC = 'CCgz' AND DD = 'DDqy') OR (CC = 'CCgz' AND DD = 'DDmq'))",
 "sqlResult": "{958} || {37} || {792} || {558} || {780} || {729} || {265} || {564} || {340} || {370} || {954} || {21} || {541} || {399} || {997} || {685}",
 "nlq": "What is the amount of AAbf or AAhm of DDmq, DDqy, DDln, or DDqx in BBkw or of AAbf of DDmq, DDqy, DDln, or DDqx in BBhv or BBdh?"},
{"name": "template 7",
 "sql": "SELECT max(Value),min(Value) FROM DBdata WHERE ((AA = 'AAbf' AND BB = 'BBdh')) AND ((CC = 'CCjm' AND DD = 'DDqx') OR (CC = 'CCjm' AND DD = 'DDln') OR (CC = 'CCgz' AND DD = 'DDqy') OR (CC = 'CCgz' AND DD = 'DDmq'))",
 "sqlResult": "{685 | 21}",
 "nlq": "What are the maximum and minimum amounts of AAbf of DDmq, DDqy, DDln, or DDqx in BBdh?"},
{"name": "template 8",
 "sql": "SELECT AA,BB,sum(Value),min(Value) FROM DBdata WHERE ((AA = 'AAhm' AND BB = 'BBkw') OR (AA = 'AAbf' AND BB = 'BBkw') OR (AA = 'AAhm' AND BB = 'BBhv') OR (AA = 'AAhm' AND BB = 'BBdh') OR (AA = 'AAbf' AND BB = 'BBdh')) AND ((CC = 'CCjm' AND DD = 'DDqx') OR (CC = 'CCgz' AND DD = 'DDmq')) GROUP BY AA,BB",
 "sqlResult": "{AAbf | BBkw | 436 | 37} || {AAbf | BBdh | 1243 | 558} || {AAhm | BBkw | 1499 | 541} || {AAhm | BBhv | 784 | 329} || {AAhm | BBdh | 1212 | 423}",
 "nlq": "What are the total and minimum amounts for each AAhm-AAbf and BB, of AAhm of DDmq or DDqx in BBkw, BBhv, or BBdh or of AAbf of DDmq or DDqx in BBkw or BBdh? Please, report the corresponding AAhm-AAbf and BB."},
{"name": "template 9",
 "sql": "SELECT min(Value) FROM DBdata WHERE ((AA = 'AAhm' AND BB = 'BBkw')) AND (CC IN ('CCjm','CCgz')) GROUP BY CC",
 "sqlResult": "{780} || {156}",
 "nlq": "What is the minimum amount for each CC, of AAhm of CCjm or CCgz in BBkw?"},
{"name": "template 10",
 "sql": "SELECT CC,max(Value) FROM DBdata WHERE ((AA = 'AAbf' AND BB = 'BBdh')) AND (CC IN ('CCjm','CCgz')) GROUP BY CC",
 "sqlResult": "{CCjm | 564} || {CCgz | 731}",
 "nlq": "What is the maximum amount for each CC, of AAbf of CCjm or CCgz in BBdh? Please, report the corresponding CC."},
{"name": "template 11",
 "sql": "SELECT CC,AA,BB,avg(Value) FROM DBdata WHERE ((AA = 'AAbf' AND BB = 'BBkw') OR (AA = 'AAbf' AND BB = 'BBhv')) AND (CC IN ('CCjm','CCgz')) GROUP BY CC,AA,BB",
 "sqlResult": "{CCjm | AAbf | BBkw | 383} || {CCjm | AAbf | BBhv | 528.5} || {CCgz | AAbf | BBkw | 585.33} || {CCgz | AAbf | BBhv | 655.67}",
 "nlq": "What is the average amount for each CC, AAhm-AAbf, and BB, of AAbf of CCjm or CCgz in BBkw or BBhv? Please, report the corresponding CC, AAhm-AAbf, and BB."},
{"name": "template 12",
 "sql": "SELECT Value FROM DBdata WHERE ((AA = 'AAbf' AND BB = 'BBdh')) AND (CC IN ('CCjm','CCgz')) ORDER BY VALUE ASC LIMIT 4",
 "sqlResult": "{21} || {558} || {564} || {685}",
 "nlq": "What are the bottom 4 amounts of AAbf of CCjm or CCgz in BBdh?"},
{"name": "template 13",
 "sql": "SELECT Value FROM DBdata WHERE ((AA = 'AAhm' AND BB = 'BBkw')) AND (CC IN ('CCjm','CCgz')) ORDER BY VALUE ASC",
 "sqlResult": "{156} || {340} || {541} || {780} || {958}",
 "nlq": "What are the amounts ordered by increasing values of AAhm of CCjm or CCgz in BBkw?"},
{"name": "template 14",
 "sql": "SELECT CC,DD FROM DBdata WHERE ((AA = 'AAhm' AND BB = 'BBkw')) AND Value < 549.37",
 "sqlResult": "{CCgz | DDqy} || {CCgz | DDmq} || {CCgz | DDhw}",
 "nlq": "What are the CC and DD for which the amount of AAhm in BBkw is lower than 549.37?"},
{"name": "template 15",
 "sql": "SELECT CC,DD,Value FROM DBdata WHERE ((AA = 'AAbf' AND BB = 'BBkw')) AND (CC,DD) IN (SELECT CC,DD FROM DBdata WHERE ((AA = 'AAhm' AND BB = 'BBkw')) AND Value < 549.37)",
 "sqlResult": "{CCgz | DDqy | 370} || {CCgz | DDmq | 399} || {CCgz | DDhw | 987}",
 "nlq": "What is the amount of AAbf in BBkw of CC and of DD for which the amount of AAhm in BBkw is lower than 549.37? Please, report the corresponding CC, DD, and amount of import-export."}]
}

