{
"filename": "Food_import-export_in_tons_set137_5_DB.csv",
"questions": [{"name": "template 1",
 "sql": "SELECT Value FROM DBdata WHERE ((AA = 'AAfq' AND BB = 'BBln')) AND ((CC = 'CCck' AND DD = 'DDty'))",
 "sqlResult": "{135}",
 "nlq": "What is the amount of AAfq of DDty in BBln?"},
{"name": "template 2",
 "sql": "SELECT Value FROM DBdata WHERE ((AA = 'AAfq' AND BB = 'BBln')) AND ((CC = 'CCck' AND DD = 'DDty') OR (CC = 'CCck' AND DD = 'DDdx'))",
 "sqlResult": "{135} || {825}",
 "nlq": "What is the amount of AAfq of DDty or DDdx in BBln?"},
{"name": "template 3",
 "sql": "SELECT Value FROM DBdata WHERE ((AA = 'AAhn' AND BB = 'BBqv') OR (AA = 'AAfq' AND BB = 'BBqv') OR (AA = 'AAhn' AND BB = 'BBnr') OR (AA = 'AAfq' AND BB = 'BBnr') OR (AA = 'AAhn' AND BB = 'BBln') OR (AA = 'AAfq' AND BB = 'BBln')) AND ((CC = 'CCck' AND DD = 'DDfx'))",
 "sqlResult": "{820} || {785} || {863} || {386} || {303} || {258}",
 "nlq": "What is the amount of AAfq or AAhn of DDfx in BBqv, BBnr, or BBln?"},
{"name": "template 4",
 "sql": "SELECT max(Value),min(Value) FROM DBdata WHERE ((AA = 'AAhn' AND BB = 'BBqv') OR (AA = 'AAfq' AND BB = 'BBqv') OR (AA = 'AAfq' AND BB = 'BBnr') OR (AA = 'AAhn' AND BB = 'BBln')) AND ((CC = 'CCms' AND DD = 'DDpt'))",
 "sqlResult": "{752 | 230}",
 "nlq": "What are the maximum and minimum amounts of AAfq or AAhn of DDpt in BBqv, of AAfq of DDpt in BBnr, or of AAhn of DDpt in BBln?"},
{"name": "template 5",
 "sql": "SELECT avg(Value) FROM DBdata WHERE AA = 'AAhn' AND (BB IN ('BBqv','BBnr','BBln')) AND ((CC = 'CCck' AND DD = 'DDty'))",
 "sqlResult": "{646.67}",
 "nlq": "What is the average amount of AAhn of DDty in BBqv, BBnr, or BBln?"},
{"name": "template 6",
 "sql": "SELECT Value FROM DBdata WHERE ((AA = 'AAhn' AND BB = 'BBqv') OR (AA = 'AAfq' AND BB = 'BBqv') OR (AA = 'AAhn' AND BB = 'BBnr') OR (AA = 'AAhn' AND BB = 'BBln') OR (AA = 'AAfq' AND BB = 'BBln')) AND ((CC = 'CCck' AND DD = 'DDfx') OR (CC = 'CCck' AND DD = 'DDdx'))",
 "sqlResult": "{820} || {785} || {863} || {303} || {258} || {741} || {847} || {85} || {962} || {825}",
 "nlq": "What is the amount of AAhn of DDfx or DDdx in BBqv, BBnr, or BBln or of AAfq of DDfx or DDdx in BBqv or BBln?"},
{"name": "template 7",
 "sql": "SELECT max(Value),avg(Value) FROM DBdata WHERE ((AA = 'AAhn' AND BB = 'BBnr')) AND ((CC = 'CCms' AND DD = 'DDcx') OR (CC = 'CCms' AND DD = 'DDpt') OR (CC = 'CCck' AND DD = 'DDty') OR (CC = 'CCck' AND DD = 'DDdx'))",
 "sqlResult": "{930 | 579.5}",
 "nlq": "What are the maximum and average amounts of AAhn of DDty, DDcx, DDpt, or DDdx in BBnr?"},
{"name": "template 8",
 "sql": "SELECT AA,BB,max(Value),sum(Value) FROM DBdata WHERE ((AA = 'AAfq' AND BB = 'BBqv') OR (AA = 'AAhn' AND BB = 'BBnr') OR (AA = 'AAfq' AND BB = 'BBnr') OR (AA = 'AAhn' AND BB = 'BBln') OR (AA = 'AAfq' AND BB = 'BBln')) AND ((CC = 'CCms' AND DD = 'DDcx') OR (CC = 'CCck' AND DD = 'DDfx')) GROUP BY AA,BB",
 "sqlResult": "{AAfq | BBqv | 785 | 896} || {AAfq | BBnr | 386 | 543} || {AAfq | BBln | 983 | 1241} || {AAhn | BBnr | 903 | 1766} || {AAhn | BBln | 688 | 991}",
 "nlq": "What are the maximum and total amounts for each AAhn-AAfq and BB, of AAfq of DDfx or DDcx in BBqv, BBnr, or BBln or of AAhn of DDfx or DDcx in BBnr or BBln? Please, report the corresponding AAhn-AAfq and BB."},
{"name": "template 9",
 "sql": "SELECT min(Value) FROM DBdata WHERE ((AA = 'AAfq' AND BB = 'BBln')) AND (CC IN ('CCms','CCck')) GROUP BY CC",
 "sqlResult": "{153} || {135}",
 "nlq": "What is the minimum amount for each CC, of AAfq of CCms or CCck in BBln?"},
{"name": "template 10",
 "sql": "SELECT CC,max(Value) FROM DBdata WHERE ((AA = 'AAhn' AND BB = 'BBln')) AND (CC IN ('CCms','CCck')) GROUP BY CC",
 "sqlResult": "{CCms | 688} || {CCck | 962}",
 "nlq": "What is the maximum amount for each CC, of AAhn of CCms or CCck in BBln? Please, report the corresponding CC."},
{"name": "template 11",
 "sql": "SELECT CC,AA,BB,max(Value) FROM DBdata WHERE ((AA = 'AAfq' AND BB = 'BBqv') OR (AA = 'AAhn' AND BB = 'BBnr')) AND (CC IN ('CCms','CCck')) GROUP BY CC,AA,BB",
 "sqlResult": "{CCms | AAfq | BBqv | 230} || {CCms | AAhn | BBnr | 903} || {CCck | AAfq | BBqv | 954} || {CCck | AAhn | BBnr | 930}",
 "nlq": "What is the maximum amount for each CC, AAhn-AAfq, and BB, of AAfq of CCms or CCck in BBqv or of AAhn of CCms or CCck in BBnr? Please, report the corresponding CC, AAhn-AAfq, and BB."},
{"name": "template 12",
 "sql": "SELECT Value FROM DBdata WHERE ((AA = 'AAfq' AND BB = 'BBln')) AND (CC IN ('CCms','CCck')) ORDER BY VALUE ASC LIMIT 2",
 "sqlResult": "{135} || {153}",
 "nlq": "What are the bottom 2 amounts of AAfq of CCms or CCck in BBln?"},
{"name": "template 13",
 "sql": "SELECT Value FROM DBdata WHERE ((AA = 'AAhn' AND BB = 'BBnr')) AND (CC IN ('CCms','CCck')) ORDER BY VALUE ASC",
 "sqlResult": "{85} || {400} || {863} || {903} || {930}",
 "nlq": "What are the amounts ordered by increasing values of AAhn of CCms or CCck in BBnr?"},
{"name": "template 14",
 "sql": "SELECT CC,DD FROM DBdata WHERE ((AA = 'AAhn' AND BB = 'BBln')) AND Value > 532.53",
 "sqlResult": "{CCms | DDcx} || {CCms | DDpt} || {CCck | DDdx}",
 "nlq": "What are the CC and DD for which the amount of AAhn in BBln is greater than 532.53?"},
{"name": "template 15",
 "sql": "SELECT CC,DD,Value FROM DBdata WHERE ((AA = 'AAfq' AND BB = 'BBqv')) AND (CC,DD) IN (SELECT CC,DD FROM DBdata WHERE ((AA = 'AAhn' AND BB = 'BBln')) AND Value > 532.53)",
 "sqlResult": "{CCms | DDcx | 111} || {CCms | DDpt | 230} || {CCck | DDdx | 847}",
 "nlq": "What is the amount of AAfq in BBqv of CC and of DD for which the amount of AAhn in BBln is greater than 532.53? Please, report the corresponding CC, DD, and amount of import-export."}]
}

