Import-Export,Year,Category,Item,Value
Import_Export,Year,Category,Item,Value
Import,2017,Cereals,Seeds,779
Export,2017,Cereals,Seeds,481
Import,2018,Cereals,Seeds,751
Export,2018,Cereals,Seeds,502
Import,2017,Cereals,Wheat,130
Export,2017,Cereals,Wheat,247
Import,2018,Cereals,Wheat,844
Export,2018,Cereals,Wheat,586
Import,2017,Cereals,Soybeans,233
Export,2017,Cereals,Soybeans,320
Import,2018,Cereals,Soybeans,812
Export,2018,Cereals,Soybeans,835
Import,2017,Dairy,Cream,687
Export,2017,Dairy,Cream,133
Import,2018,Dairy,Cream,596
Export,2018,Dairy,Cream,725
Import,2017,Dairy,Cheese,862
Export,2017,Dairy,Cheese,232
Import,2018,Dairy,Cheese,267
Export,2018,Dairy,Cheese,837
Import,2017,Beverage,Coffee,416
Export,2017,Beverage,Coffee,184
Import,2018,Beverage,Coffee,421
Export,2018,Beverage,Coffee,265
Import,2017,Beverage,Tea,679
Export,2017,Beverage,Tea,248
Import,2018,Beverage,Tea,602
Export,2018,Beverage,Tea,428
