{
"filename": "Food_import-export_in_tons_set147_1_DB.csv",
"questions": [{"name": "template 1",
 "sql": "SELECT Value FROM DBdata WHERE ((AA = 'AAbwz' AND BB = 'BBpry' AND CC = 'CCdhy')) AND ((DD = 'DDdjx' AND EE = 'EEfwy'))",
 "sqlResult": "{792}",
 "nlq": "What is the amount of AAbwz of EEfwy in CCdhy of BBpry?"},
{"name": "template 2",
 "sql": "SELECT Value FROM DBdata WHERE ((AA = 'AAglq' AND BB = 'BBpry' AND CC = 'CCdst')) AND ((DD = 'DDgms' AND EE = 'EEbsw') OR (DD = 'DDgms' AND EE = 'EEfvx') OR (DD = 'DDdjx' AND EE = 'EEcny') OR (DD = 'DDprv' AND EE = 'EEkmw') OR (DD = 'DDprv' AND EE = 'EEhmp'))",
 "sqlResult": "{12} || {987} || {353} || {475} || {941}",
 "nlq": "What is the amount of AAglq of EEcny, EEhmp, EEfvx, EEkmw, or EEbsw in CCdst of BBpry?"},
{"name": "template 3",
 "sql": "SELECT Value FROM DBdata WHERE ((AA = 'AAglq' AND BB = 'BBpry' AND CC = 'CCdhy') OR (AA = 'AAbwz' AND BB = 'BBnrx' AND CC = 'CCdhy') OR (AA = 'AAglq' AND BB = 'BBnrx' AND CC = 'CCdhy') OR (AA = 'AAbwz' AND BB = 'BBnrx' AND CC = 'CCclw') OR (AA = 'AAbwz' AND BB = 'BBbfw' AND CC = 'CCbgl') OR (AA = 'AAglq' AND BB = 'BBbfw' AND CC = 'CCbgl')) AND ((DD = 'DDdjx' AND EE = 'EEfwy'))",
 "sqlResult": "{724} || {672} || {30} || {916} || {969} || {301}",
 "nlq": "What is the amount of AAglq of EEfwy in CCdhy of BBpry or BBnrx, of AAbwz of EEfwy in CCdhy or CCclw of BBnrx, or of AAglq or AAbwz of EEfwy in CCbgl of BBbfw?"},
{"name": "template 4",
 "sql": "SELECT sum(Value),avg(Value) FROM DBdata WHERE ((AA = 'AAglq' AND BB = 'BBpry' AND CC = 'CCdst') OR (AA = 'AAbwz' AND BB = 'BBpry' AND CC = 'CCclw') OR (AA = 'AAglq' AND BB = 'BBbfw' AND CC = 'CCclw')) AND ((DD = 'DDgms' AND EE = 'EEdjm'))",
 "sqlResult": "{2303 | 767.67}",
 "nlq": "What are the total and average amounts of AAglq of EEdjm in CCdst of BBpry or CCclw of BBbfw or of AAbwz of EEdjm in CCclw of BBpry?"},
{"name": "template 6",
 "sql": "SELECT Value FROM DBdata WHERE ((AA = 'AAglq' AND BB = 'BBnrx' AND CC = 'CCdst') OR (AA = 'AAglq' AND BB = 'BBpry' AND CC = 'CCdhy') OR (AA = 'AAbwz' AND BB = 'BBnrx' AND CC = 'CCdhy') OR (AA = 'AAbwz' AND BB = 'BBbfw' AND CC = 'CCclw') OR (AA = 'AAbwz' AND BB = 'BBbfw' AND CC = 'CCbgl')) AND ((DD = 'DDgms' AND EE = 'EEbsw') OR (DD = 'DDdjx' AND EE = 'EEfwy') OR (DD = 'DDdjx' AND EE = 'EEhjs'))",
 "sqlResult": "{200} || {212} || {480} || {845} || {68} || {193} || {724} || {672} || {687} || {969} || {658} || {630} || {407} || {40} || {591}",
 "nlq": "What is the amount of AAglq of EEfwy, EEbsw, or EEhjs in CCdst of BBnrx or CCdhy of BBpry or of AAbwz of EEfwy, EEbsw, or EEhjs in CCdhy of BBnrx or CCclw or CCbgl of BBbfw?"},
{"name": "template 7",
 "sql": "SELECT sum(Value),min(Value) FROM DBdata WHERE ((AA = 'AAbwz' AND BB = 'BBbfw' AND CC = 'CCdst')) AND ((DD = 'DDgms' AND EE = 'EEbsw') OR (DD = 'DDdjx' AND EE = 'EEhjs'))",
 "sqlResult": "{577 | 63}",
 "nlq": "What are the total and minimum amounts of AAbwz of EEbsw or EEhjs in CCdst of BBbfw?"},
{"name": "template 8",
 "sql": "SELECT AA,BB,CC,avg(Value),max(Value) FROM DBdata WHERE ((AA = 'AAglq' AND BB = 'BBbfw' AND CC = 'CCdst') OR (AA = 'AAbwz' AND BB = 'BBnrx' AND CC = 'CCdst') OR (AA = 'AAglq' AND BB = 'BBnrx' AND CC = 'CCclw')) AND ((DD = 'DDgms' AND EE = 'EEdjm') OR (DD = 'DDprv' AND EE = 'EEkmw') OR (DD = 'DDprv' AND EE = 'EEhmp')) GROUP BY AA,BB,CC",
 "sqlResult": "{AAglq | BBbfw | CCdst | 547.33 | 735} || {AAglq | BBnrx | CCclw | 488.67 | 629} || {AAbwz | BBnrx | CCdst | 613 | 972}",
 "nlq": "What are the average and maximum amounts for each AAbwz-AAglq, BB, and CC, of AAglq of EEdjm, EEhmp, or EEkmw in CCdst of BBbfw or CCclw of BBnrx or of AAbwz of EEdjm, EEhmp, or EEkmw in CCdst of BBnrx? Please, report the corresponding AAbwz-AAglq, BB, and CC."},
{"name": "template 9",
 "sql": "SELECT min(Value) FROM DBdata WHERE ((AA = 'AAglq' AND BB = 'BBpry' AND CC = 'CCbgl')) AND (DD IN ('DDgms','DDdjx','DDprv')) GROUP BY DD",
 "sqlResult": "{577} || {152} || {282}",
 "nlq": "What is the minimum amount for each DD, of AAglq of DDprv, DDgms, or DDdjx in CCbgl of BBpry?"},
{"name": "template 10",
 "sql": "SELECT DD,max(Value) FROM DBdata WHERE ((AA = 'AAglq' AND BB = 'BBbfw' AND CC = 'CCdst')) AND (DD IN ('DDgms','DDdjx','DDprv')) GROUP BY DD",
 "sqlResult": "{DDprv | 735} || {DDgms | 787} || {DDdjx | 686}",
 "nlq": "What is the maximum amount for each DD, of AAglq of DDprv, DDgms, or DDdjx in CCdst of BBbfw? Please, report the corresponding DD."},
{"name": "template 11",
 "sql": "SELECT DD,AA,BB,CC,sum(Value) FROM DBdata WHERE ((AA = 'AAglq' AND BB = 'BBpry' AND CC = 'CCbgl') OR (AA = 'AAglq' AND BB = 'BBnrx' AND CC = 'CCbgl')) AND (DD IN ('DDgms','DDdjx','DDprv')) GROUP BY DD,AA,BB,CC",
 "sqlResult": "{DDprv | AAglq | BBpry | CCbgl | 1270} || {DDprv | AAglq | BBnrx | CCbgl | 1883} || {DDgms | AAglq | BBpry | CCbgl | 708} || {DDgms | AAglq | BBnrx | CCbgl | 1139} || {DDdjx | AAglq | BBpry | CCbgl | 1304} || {DDdjx | AAglq | BBnrx | CCbgl | 1074}",
 "nlq": "What is the total amount for each DD, AAbwz-AAglq, BB, and CC, of AAglq of DDprv, DDgms, or DDdjx in CCbgl of BBpry or BBnrx? Please, report the corresponding DD, AAbwz-AAglq, BB, and CC."},
{"name": "template 12",
 "sql": "SELECT Value FROM DBdata WHERE ((AA = 'AAbwz' AND BB = 'BBnrx' AND CC = 'CCbgl')) AND (DD IN ('DDgms','DDdjx')) ORDER BY VALUE DESC LIMIT 3",
 "sqlResult": "{614} || {387} || {329}",
 "nlq": "What are the top 3 amounts of AAbwz of DDgms or DDdjx in CCbgl of BBnrx?"},
{"name": "template 13",
 "sql": "SELECT Value FROM DBdata WHERE ((AA = 'AAbwz' AND BB = 'BBbfw' AND CC = 'CCdst')) AND (DD IN ('DDdjx','DDprv')) ORDER BY VALUE DESC",
 "sqlResult": "{678} || {386} || {211} || {169} || {63}",
 "nlq": "What are the amounts ordered by decreasing values of AAbwz of DDprv or DDdjx in CCdst of BBbfw?"},
{"name": "template 14",
 "sql": "SELECT DD,EE FROM DBdata WHERE ((AA = 'AAbwz' AND BB = 'BBnrx' AND CC = 'CCdhy')) AND Value < 522.94",
 "sqlResult": "{DDgms | EEbsw} || {DDdjx | EEhjs} || {DDprv | EEkmw} || {DDprv | EEhmp}",
 "nlq": "What are the DD and EE for which the amount of AAbwz in CCdhy of BBnrx is lower than 522.94?"},
{"name": "template 15",
 "sql": "SELECT DD,EE,Value FROM DBdata WHERE ((AA = 'AAbwz' AND BB = 'BBpry' AND CC = 'CCbgl')) AND (DD,EE) IN (SELECT DD,EE FROM DBdata WHERE ((AA = 'AAbwz' AND BB = 'BBnrx' AND CC = 'CCdhy')) AND Value < 522.94)",
 "sqlResult": "{DDgms | EEbsw | 496} || {DDdjx | EEhjs | 583} || {DDprv | EEkmw | 607} || {DDprv | EEhmp | 674}",
 "nlq": "What is the amount of AAbwz in CCbgl of BBpry of DD and of EE for which the amount of AAbwz in CCdhy of BBnrx is lower than 522.94? Please, report the corresponding DD, EE, and amount of import-export."}]
}

