AAchl-AAcrw,BB,CC,DD,EE,Value
AA,BB,CC,DD,EE,Value
AAchl,BBlqt,CCdht,DDdsw,EEdpr,459
AAcrw,BBlqt,CCdht,DDdsw,EEdpr,734
AAchl,BBbfz,CCdht,DDdsw,EEdpr,74
AAcrw,BBbfz,CCdht,DDdsw,EEdpr,21
AAchl,BBlqt,CCnsw,DDdsw,EEdpr,168
AAcrw,BBlqt,CCnsw,DDdsw,EEdpr,251
AAchl,BBbfz,CCnsw,DDdsw,EEdpr,34
AAcrw,BBbfz,CCnsw,DDdsw,EEdpr,315
AAchl,BBlqt,CCdgp,DDdsw,EEdpr,238
AAcrw,BBlqt,CCdgp,DDdsw,EEdpr,699
AAchl,BBbfz,CCdgp,DDdsw,EEdpr,738
AAcrw,BBbfz,CCdgp,DDdsw,EEdpr,949
AAchl,BBlqt,CCfsy,DDdsw,EEdpr,723
AAcrw,BBlqt,CCfsy,DDdsw,EEdpr,80
AAchl,BBbfz,CCfsy,DDdsw,EEdpr,97
AAcrw,BBbfz,CCfsy,DDdsw,EEdpr,220
AAchl,BBlqt,CCdht,DDdsw,EEmtw,788
AAcrw,BBlqt,CCdht,DDdsw,EEmtw,455
AAchl,BBbfz,CCdht,DDdsw,EEmtw,843
AAcrw,BBbfz,CCdht,DDdsw,EEmtw,523
AAchl,BBlqt,CCnsw,DDdsw,EEmtw,133
AAcrw,BBlqt,CCnsw,DDdsw,EEmtw,246
AAchl,BBbfz,CCnsw,DDdsw,EEmtw,876
AAcrw,BBbfz,CCnsw,DDdsw,EEmtw,400
AAchl,BBlqt,CCdgp,DDdsw,EEmtw,987
AAcrw,BBlqt,CCdgp,DDdsw,EEmtw,604
AAchl,BBbfz,CCdgp,DDdsw,EEmtw,543
AAcrw,BBbfz,CCdgp,DDdsw,EEmtw,660
AAchl,BBlqt,CCfsy,DDdsw,EEmtw,259
AAcrw,BBlqt,CCfsy,DDdsw,EEmtw,436
AAchl,BBbfz,CCfsy,DDdsw,EEmtw,618
AAcrw,BBbfz,CCfsy,DDdsw,EEmtw,423
AAchl,BBlqt,CCdht,DDflx,EEhjq,212
AAcrw,BBlqt,CCdht,DDflx,EEhjq,986
AAchl,BBbfz,CCdht,DDflx,EEhjq,773
AAcrw,BBbfz,CCdht,DDflx,EEhjq,165
AAchl,BBlqt,CCnsw,DDflx,EEhjq,879
AAcrw,BBlqt,CCnsw,DDflx,EEhjq,363
AAchl,BBbfz,CCnsw,DDflx,EEhjq,428
AAcrw,BBbfz,CCnsw,DDflx,EEhjq,230
AAchl,BBlqt,CCdgp,DDflx,EEhjq,556
AAcrw,BBlqt,CCdgp,DDflx,EEhjq,88
AAchl,BBbfz,CCdgp,DDflx,EEhjq,316
AAcrw,BBbfz,CCdgp,DDflx,EEhjq,156
AAchl,BBlqt,CCfsy,DDflx,EEhjq,409
AAcrw,BBlqt,CCfsy,DDflx,EEhjq,338
AAchl,BBbfz,CCfsy,DDflx,EEhjq,477
AAcrw,BBbfz,CCfsy,DDflx,EEhjq,81
AAchl,BBlqt,CCdht,DDflx,EEjsv,123
AAcrw,BBlqt,CCdht,DDflx,EEjsv,317
AAchl,BBbfz,CCdht,DDflx,EEjsv,683
AAcrw,BBbfz,CCdht,DDflx,EEjsv,973
AAchl,BBlqt,CCnsw,DDflx,EEjsv,478
AAcrw,BBlqt,CCnsw,DDflx,EEjsv,255
AAchl,BBbfz,CCnsw,DDflx,EEjsv,673
AAcrw,BBbfz,CCnsw,DDflx,EEjsv,497
AAchl,BBlqt,CCdgp,DDflx,EEjsv,234
AAcrw,BBlqt,CCdgp,DDflx,EEjsv,420
AAchl,BBbfz,CCdgp,DDflx,EEjsv,568
AAcrw,BBbfz,CCdgp,DDflx,EEjsv,96
AAchl,BBlqt,CCfsy,DDflx,EEjsv,662
AAcrw,BBlqt,CCfsy,DDflx,EEjsv,607
AAchl,BBbfz,CCfsy,DDflx,EEjsv,102
AAcrw,BBbfz,CCfsy,DDflx,EEjsv,278
AAchl,BBlqt,CCdht,DDflx,EEfpy,395
AAcrw,BBlqt,CCdht,DDflx,EEfpy,458
AAchl,BBbfz,CCdht,DDflx,EEfpy,603
AAcrw,BBbfz,CCdht,DDflx,EEfpy,240
AAchl,BBlqt,CCnsw,DDflx,EEfpy,634
AAcrw,BBlqt,CCnsw,DDflx,EEfpy,194
AAchl,BBbfz,CCnsw,DDflx,EEfpy,563
AAcrw,BBbfz,CCnsw,DDflx,EEfpy,928
AAchl,BBlqt,CCdgp,DDflx,EEfpy,561
AAcrw,BBlqt,CCdgp,DDflx,EEfpy,509
AAchl,BBbfz,CCdgp,DDflx,EEfpy,472
AAcrw,BBbfz,CCdgp,DDflx,EEfpy,137
AAchl,BBlqt,CCfsy,DDflx,EEfpy,934
AAcrw,BBlqt,CCfsy,DDflx,EEfpy,910
AAchl,BBbfz,CCfsy,DDflx,EEfpy,726
AAcrw,BBbfz,CCfsy,DDflx,EEfpy,731
AAchl,BBlqt,CCdht,DDbdz,EEcfm,670
AAcrw,BBlqt,CCdht,DDbdz,EEcfm,136
AAchl,BBbfz,CCdht,DDbdz,EEcfm,247
AAcrw,BBbfz,CCdht,DDbdz,EEcfm,337
AAchl,BBlqt,CCnsw,DDbdz,EEcfm,114
AAcrw,BBlqt,CCnsw,DDbdz,EEcfm,217
AAchl,BBbfz,CCnsw,DDbdz,EEcfm,691
AAcrw,BBbfz,CCnsw,DDbdz,EEcfm,419
AAchl,BBlqt,CCdgp,DDbdz,EEcfm,944
AAcrw,BBlqt,CCdgp,DDbdz,EEcfm,956
AAchl,BBbfz,CCdgp,DDbdz,EEcfm,722
AAcrw,BBbfz,CCdgp,DDbdz,EEcfm,938
AAchl,BBlqt,CCfsy,DDbdz,EEcfm,502
AAcrw,BBlqt,CCfsy,DDbdz,EEcfm,181
AAchl,BBbfz,CCfsy,DDbdz,EEcfm,265
AAcrw,BBbfz,CCfsy,DDbdz,EEcfm,422
AAchl,BBlqt,CCdht,DDbdz,EEdgz,146
AAcrw,BBlqt,CCdht,DDbdz,EEdgz,529
AAchl,BBbfz,CCdht,DDbdz,EEdgz,654
AAcrw,BBbfz,CCdht,DDbdz,EEdgz,44
AAchl,BBlqt,CCnsw,DDbdz,EEdgz,441
AAcrw,BBlqt,CCnsw,DDbdz,EEdgz,816
AAchl,BBbfz,CCnsw,DDbdz,EEdgz,14
AAcrw,BBbfz,CCnsw,DDbdz,EEdgz,717
AAchl,BBlqt,CCdgp,DDbdz,EEdgz,795
AAcrw,BBlqt,CCdgp,DDbdz,EEdgz,175
AAchl,BBbfz,CCdgp,DDbdz,EEdgz,174
AAcrw,BBbfz,CCdgp,DDbdz,EEdgz,915
AAchl,BBlqt,CCfsy,DDbdz,EEdgz,274
AAcrw,BBlqt,CCfsy,DDbdz,EEdgz,799
AAchl,BBbfz,CCfsy,DDbdz,EEdgz,50
AAcrw,BBbfz,CCfsy,DDbdz,EEdgz,345

