AAklz-AAmtv,BB,CC,DD,EE,Value
AA,BB,CC,DD,EE,Value
AAklz,BBkmy,CCcpq,DDgkz,EEbgx,192
AAmtv,BBkmy,CCcpq,DDgkz,EEbgx,345
AAklz,BBfmx,CCcpq,DDgkz,EEbgx,533
AAmtv,BBfmx,CCcpq,DDgkz,EEbgx,112
AAklz,BBdjv,CCcpq,DDgkz,EEbgx,350
AAmtv,BBdjv,CCcpq,DDgkz,EEbgx,622
AAklz,BBkmy,CClvx,DDgkz,EEbgx,602
AAmtv,BBkmy,CClvx,DDgkz,EEbgx,646
AAklz,BBfmx,CClvx,DDgkz,EEbgx,707
AAmtv,BBfmx,CClvx,DDgkz,EEbgx,895
AAklz,BBdjv,CClvx,DDgkz,EEbgx,652
AAmtv,BBdjv,CClvx,DDgkz,EEbgx,410
AAklz,BBkmy,CCfsx,DDgkz,EEbgx,867
AAmtv,BBkmy,CCfsx,DDgkz,EEbgx,221
AAklz,BBfmx,CCfsx,DDgkz,EEbgx,825
AAmtv,BBfmx,CCfsx,DDgkz,EEbgx,702
AAklz,BBdjv,CCfsx,DDgkz,EEbgx,945
AAmtv,BBdjv,CCfsx,DDgkz,EEbgx,639
AAklz,BBkmy,CCbmp,DDgkz,EEbgx,97
AAmtv,BBkmy,CCbmp,DDgkz,EEbgx,28
AAklz,BBfmx,CCbmp,DDgkz,EEbgx,253
AAmtv,BBfmx,CCbmp,DDgkz,EEbgx,814
AAklz,BBdjv,CCbmp,DDgkz,EEbgx,872
AAmtv,BBdjv,CCbmp,DDgkz,EEbgx,381
AAklz,BBkmy,CCcpq,DDgkz,EEckl,158
AAmtv,BBkmy,CCcpq,DDgkz,EEckl,82
AAklz,BBfmx,CCcpq,DDgkz,EEckl,267
AAmtv,BBfmx,CCcpq,DDgkz,EEckl,553
AAklz,BBdjv,CCcpq,DDgkz,EEckl,619
AAmtv,BBdjv,CCcpq,DDgkz,EEckl,186
AAklz,BBkmy,CClvx,DDgkz,EEckl,960
AAmtv,BBkmy,CClvx,DDgkz,EEckl,724
AAklz,BBfmx,CClvx,DDgkz,EEckl,759
AAmtv,BBfmx,CClvx,DDgkz,EEckl,973
AAklz,BBdjv,CClvx,DDgkz,EEckl,466
AAmtv,BBdjv,CClvx,DDgkz,EEckl,963
AAklz,BBkmy,CCfsx,DDgkz,EEckl,438
AAmtv,BBkmy,CCfsx,DDgkz,EEckl,440
AAklz,BBfmx,CCfsx,DDgkz,EEckl,10
AAmtv,BBfmx,CCfsx,DDgkz,EEckl,247
AAklz,BBdjv,CCfsx,DDgkz,EEckl,510
AAmtv,BBdjv,CCfsx,DDgkz,EEckl,55
AAklz,BBkmy,CCbmp,DDgkz,EEckl,767
AAmtv,BBkmy,CCbmp,DDgkz,EEckl,99
AAklz,BBfmx,CCbmp,DDgkz,EEckl,446
AAmtv,BBfmx,CCbmp,DDgkz,EEckl,858
AAklz,BBdjv,CCbmp,DDgkz,EEckl,666
AAmtv,BBdjv,CCbmp,DDgkz,EEckl,239
AAklz,BBkmy,CCcpq,DDgkz,EEksw,35
AAmtv,BBkmy,CCcpq,DDgkz,EEksw,502
AAklz,BBfmx,CCcpq,DDgkz,EEksw,927
AAmtv,BBfmx,CCcpq,DDgkz,EEksw,324
AAklz,BBdjv,CCcpq,DDgkz,EEksw,916
AAmtv,BBdjv,CCcpq,DDgkz,EEksw,686
AAklz,BBkmy,CClvx,DDgkz,EEksw,899
AAmtv,BBkmy,CClvx,DDgkz,EEksw,901
AAklz,BBfmx,CClvx,DDgkz,EEksw,402
AAmtv,BBfmx,CClvx,DDgkz,EEksw,958
AAklz,BBdjv,CClvx,DDgkz,EEksw,722
AAmtv,BBdjv,CClvx,DDgkz,EEksw,63
AAklz,BBkmy,CCfsx,DDgkz,EEksw,180
AAmtv,BBkmy,CCfsx,DDgkz,EEksw,53
AAklz,BBfmx,CCfsx,DDgkz,EEksw,792
AAmtv,BBfmx,CCfsx,DDgkz,EEksw,492
AAklz,BBdjv,CCfsx,DDgkz,EEksw,189
AAmtv,BBdjv,CCfsx,DDgkz,EEksw,57
AAklz,BBkmy,CCbmp,DDgkz,EEksw,892
AAmtv,BBkmy,CCbmp,DDgkz,EEksw,758
AAklz,BBfmx,CCbmp,DDgkz,EEksw,912
AAmtv,BBfmx,CCbmp,DDgkz,EEksw,559
AAklz,BBdjv,CCbmp,DDgkz,EEksw,898
AAmtv,BBdjv,CCbmp,DDgkz,EEksw,421
AAklz,BBkmy,CCcpq,DDmpx,EEkmv,967
AAmtv,BBkmy,CCcpq,DDmpx,EEkmv,162
AAklz,BBfmx,CCcpq,DDmpx,EEkmv,347
AAmtv,BBfmx,CCcpq,DDmpx,EEkmv,184
AAklz,BBdjv,CCcpq,DDmpx,EEkmv,888
AAmtv,BBdjv,CCcpq,DDmpx,EEkmv,769
AAklz,BBkmy,CClvx,DDmpx,EEkmv,340
AAmtv,BBkmy,CClvx,DDmpx,EEkmv,965
AAklz,BBfmx,CClvx,DDmpx,EEkmv,822
AAmtv,BBfmx,CClvx,DDmpx,EEkmv,890
AAklz,BBdjv,CClvx,DDmpx,EEkmv,802
AAmtv,BBdjv,CClvx,DDmpx,EEkmv,778
AAklz,BBkmy,CCfsx,DDmpx,EEkmv,450
AAmtv,BBkmy,CCfsx,DDmpx,EEkmv,834
AAklz,BBfmx,CCfsx,DDmpx,EEkmv,947
AAmtv,BBfmx,CCfsx,DDmpx,EEkmv,335
AAklz,BBdjv,CCfsx,DDmpx,EEkmv,525
AAmtv,BBdjv,CCfsx,DDmpx,EEkmv,982
AAklz,BBkmy,CCbmp,DDmpx,EEkmv,323
AAmtv,BBkmy,CCbmp,DDmpx,EEkmv,896
AAklz,BBfmx,CCbmp,DDmpx,EEkmv,185
AAmtv,BBfmx,CCbmp,DDmpx,EEkmv,476
AAklz,BBdjv,CCbmp,DDmpx,EEkmv,625
AAmtv,BBdjv,CCbmp,DDmpx,EEkmv,670
AAklz,BBkmy,CCcpq,DDmpx,EEkmz,710
AAmtv,BBkmy,CCcpq,DDmpx,EEkmz,157
AAklz,BBfmx,CCcpq,DDmpx,EEkmz,952
AAmtv,BBfmx,CCcpq,DDmpx,EEkmz,280
AAklz,BBdjv,CCcpq,DDmpx,EEkmz,290
AAmtv,BBdjv,CCcpq,DDmpx,EEkmz,500
AAklz,BBkmy,CClvx,DDmpx,EEkmz,59
AAmtv,BBkmy,CClvx,DDmpx,EEkmz,228
AAklz,BBfmx,CClvx,DDmpx,EEkmz,493
AAmtv,BBfmx,CClvx,DDmpx,EEkmz,194
AAklz,BBdjv,CClvx,DDmpx,EEkmz,682
AAmtv,BBdjv,CClvx,DDmpx,EEkmz,570
AAklz,BBkmy,CCfsx,DDmpx,EEkmz,398
AAmtv,BBkmy,CCfsx,DDmpx,EEkmz,182
AAklz,BBfmx,CCfsx,DDmpx,EEkmz,369
AAmtv,BBfmx,CCfsx,DDmpx,EEkmz,529
AAklz,BBdjv,CCfsx,DDmpx,EEkmz,517
AAmtv,BBdjv,CCfsx,DDmpx,EEkmz,488
AAklz,BBkmy,CCbmp,DDmpx,EEkmz,998
AAmtv,BBkmy,CCbmp,DDmpx,EEkmz,804
AAklz,BBfmx,CCbmp,DDmpx,EEkmz,339
AAmtv,BBfmx,CCbmp,DDmpx,EEkmz,344
AAklz,BBdjv,CCbmp,DDmpx,EEkmz,569
AAmtv,BBdjv,CCbmp,DDmpx,EEkmz,658
AAklz,BBkmy,CCcpq,DDmpx,EEbcg,853
AAmtv,BBkmy,CCcpq,DDmpx,EEbcg,155
AAklz,BBfmx,CCcpq,DDmpx,EEbcg,264
AAmtv,BBfmx,CCcpq,DDmpx,EEbcg,886
AAklz,BBdjv,CCcpq,DDmpx,EEbcg,725
AAmtv,BBdjv,CCcpq,DDmpx,EEbcg,292
AAklz,BBkmy,CClvx,DDmpx,EEbcg,84
AAmtv,BBkmy,CClvx,DDmpx,EEbcg,552
AAklz,BBfmx,CClvx,DDmpx,EEbcg,621
AAmtv,BBfmx,CClvx,DDmpx,EEbcg,206
AAklz,BBdjv,CClvx,DDmpx,EEbcg,377
AAmtv,BBdjv,CClvx,DDmpx,EEbcg,370
AAklz,BBkmy,CCfsx,DDmpx,EEbcg,489
AAmtv,BBkmy,CCfsx,DDmpx,EEbcg,289
AAklz,BBfmx,CCfsx,DDmpx,EEbcg,439
AAmtv,BBfmx,CCfsx,DDmpx,EEbcg,361
AAklz,BBdjv,CCfsx,DDmpx,EEbcg,910
AAmtv,BBdjv,CCfsx,DDmpx,EEbcg,734
AAklz,BBkmy,CCbmp,DDmpx,EEbcg,357
AAmtv,BBkmy,CCbmp,DDmpx,EEbcg,773
AAklz,BBfmx,CCbmp,DDmpx,EEbcg,935
AAmtv,BBfmx,CCbmp,DDmpx,EEbcg,684
AAklz,BBdjv,CCbmp,DDmpx,EEbcg,561
AAmtv,BBdjv,CCbmp,DDmpx,EEbcg,174

