AAhpy-AAmpv,BB,CC,DD,EE,Value
AA,BB,CC,DD,EE,Value
AAhpy,BBbkq,CCbkw,DDcgt,EEbgt,610
AAmpv,BBbkq,CCbkw,DDcgt,EEbgt,494
AAhpy,BBhqw,CCbkw,DDcgt,EEbgt,640
AAmpv,BBhqw,CCbkw,DDcgt,EEbgt,87
AAhpy,BBklr,CCbkw,DDcgt,EEbgt,664
AAmpv,BBklr,CCbkw,DDcgt,EEbgt,167
AAhpy,BBbkq,CCdgy,DDcgt,EEbgt,222
AAmpv,BBbkq,CCdgy,DDcgt,EEbgt,500
AAhpy,BBhqw,CCdgy,DDcgt,EEbgt,556
AAmpv,BBhqw,CCdgy,DDcgt,EEbgt,518
AAhpy,BBklr,CCdgy,DDcgt,EEbgt,582
AAmpv,BBklr,CCdgy,DDcgt,EEbgt,746
AAhpy,BBbkq,CCckx,DDcgt,EEbgt,29
AAmpv,BBbkq,CCckx,DDcgt,EEbgt,630
AAhpy,BBhqw,CCckx,DDcgt,EEbgt,221
AAmpv,BBhqw,CCckx,DDcgt,EEbgt,632
AAhpy,BBklr,CCckx,DDcgt,EEbgt,211
AAmpv,BBklr,CCckx,DDcgt,EEbgt,134
AAhpy,BBbkq,CCpvx,DDcgt,EEbgt,310
AAmpv,BBbkq,CCpvx,DDcgt,EEbgt,391
AAhpy,BBhqw,CCpvx,DDcgt,EEbgt,840
AAmpv,BBhqw,CCpvx,DDcgt,EEbgt,201
AAhpy,BBklr,CCpvx,DDcgt,EEbgt,612
AAmpv,BBklr,CCpvx,DDcgt,EEbgt,152
AAhpy,BBbkq,CCbkw,DDcgt,EEhqv,828
AAmpv,BBbkq,CCbkw,DDcgt,EEhqv,615
AAhpy,BBhqw,CCbkw,DDcgt,EEhqv,93
AAmpv,BBhqw,CCbkw,DDcgt,EEhqv,515
AAhpy,BBklr,CCbkw,DDcgt,EEhqv,275
AAmpv,BBklr,CCbkw,DDcgt,EEhqv,579
AAhpy,BBbkq,CCdgy,DDcgt,EEhqv,441
AAmpv,BBbkq,CCdgy,DDcgt,EEhqv,607
AAhpy,BBhqw,CCdgy,DDcgt,EEhqv,609
AAmpv,BBhqw,CCdgy,DDcgt,EEhqv,832
AAhpy,BBklr,CCdgy,DDcgt,EEhqv,587
AAmpv,BBklr,CCdgy,DDcgt,EEhqv,154
AAhpy,BBbkq,CCckx,DDcgt,EEhqv,672
AAmpv,BBbkq,CCckx,DDcgt,EEhqv,629
AAhpy,BBhqw,CCckx,DDcgt,EEhqv,698
AAmpv,BBhqw,CCckx,DDcgt,EEhqv,510
AAhpy,BBklr,CCckx,DDcgt,EEhqv,952
AAmpv,BBklr,CCckx,DDcgt,EEhqv,606
AAhpy,BBbkq,CCpvx,DDcgt,EEhqv,50
AAmpv,BBbkq,CCpvx,DDcgt,EEhqv,401
AAhpy,BBhqw,CCpvx,DDcgt,EEhqv,447
AAmpv,BBhqw,CCpvx,DDcgt,EEhqv,678
AAhpy,BBklr,CCpvx,DDcgt,EEhqv,27
AAmpv,BBklr,CCpvx,DDcgt,EEhqv,842
AAhpy,BBbkq,CCbkw,DDcgt,EEgns,252
AAmpv,BBbkq,CCbkw,DDcgt,EEgns,327
AAhpy,BBhqw,CCbkw,DDcgt,EEgns,727
AAmpv,BBhqw,CCbkw,DDcgt,EEgns,866
AAhpy,BBklr,CCbkw,DDcgt,EEgns,123
AAmpv,BBklr,CCbkw,DDcgt,EEgns,392
AAhpy,BBbkq,CCdgy,DDcgt,EEgns,638
AAmpv,BBbkq,CCdgy,DDcgt,EEgns,841
AAhpy,BBhqw,CCdgy,DDcgt,EEgns,420
AAmpv,BBhqw,CCdgy,DDcgt,EEgns,204
AAhpy,BBklr,CCdgy,DDcgt,EEgns,173
AAmpv,BBklr,CCdgy,DDcgt,EEgns,498
AAhpy,BBbkq,CCckx,DDcgt,EEgns,284
AAmpv,BBbkq,CCckx,DDcgt,EEgns,908
AAhpy,BBhqw,CCckx,DDcgt,EEgns,80
AAmpv,BBhqw,CCckx,DDcgt,EEgns,297
AAhpy,BBklr,CCckx,DDcgt,EEgns,677
AAmpv,BBklr,CCckx,DDcgt,EEgns,485
AAhpy,BBbkq,CCpvx,DDcgt,EEgns,725
AAmpv,BBbkq,CCpvx,DDcgt,EEgns,970
AAhpy,BBhqw,CCpvx,DDcgt,EEgns,524
AAmpv,BBhqw,CCpvx,DDcgt,EEgns,623
AAhpy,BBklr,CCpvx,DDcgt,EEgns,21
AAmpv,BBklr,CCpvx,DDcgt,EEgns,230
AAhpy,BBbkq,CCbkw,DDflr,EElnz,914
AAmpv,BBbkq,CCbkw,DDflr,EElnz,611
AAhpy,BBhqw,CCbkw,DDflr,EElnz,445
AAmpv,BBhqw,CCbkw,DDflr,EElnz,894
AAhpy,BBklr,CCbkw,DDflr,EElnz,140
AAmpv,BBklr,CCbkw,DDflr,EElnz,920
AAhpy,BBbkq,CCdgy,DDflr,EElnz,31
AAmpv,BBbkq,CCdgy,DDflr,EElnz,674
AAhpy,BBhqw,CCdgy,DDflr,EElnz,772
AAmpv,BBhqw,CCdgy,DDflr,EElnz,934
AAhpy,BBklr,CCdgy,DDflr,EElnz,695
AAmpv,BBklr,CCdgy,DDflr,EElnz,816
AAhpy,BBbkq,CCckx,DDflr,EElnz,775
AAmpv,BBbkq,CCckx,DDflr,EElnz,270
AAhpy,BBhqw,CCckx,DDflr,EElnz,542
AAmpv,BBhqw,CCckx,DDflr,EElnz,809
AAhpy,BBklr,CCckx,DDflr,EElnz,707
AAmpv,BBklr,CCckx,DDflr,EElnz,182
AAhpy,BBbkq,CCpvx,DDflr,EElnz,602
AAmpv,BBbkq,CCpvx,DDflr,EElnz,948
AAhpy,BBhqw,CCpvx,DDflr,EElnz,20
AAmpv,BBhqw,CCpvx,DDflr,EElnz,676
AAhpy,BBklr,CCpvx,DDflr,EElnz,302
AAmpv,BBklr,CCpvx,DDflr,EElnz,15
AAhpy,BBbkq,CCbkw,DDflr,EEfrs,706
AAmpv,BBbkq,CCbkw,DDflr,EEfrs,539
AAhpy,BBhqw,CCbkw,DDflr,EEfrs,851
AAmpv,BBhqw,CCbkw,DDflr,EEfrs,308
AAhpy,BBklr,CCbkw,DDflr,EEfrs,631
AAmpv,BBklr,CCbkw,DDflr,EEfrs,458
AAhpy,BBbkq,CCdgy,DDflr,EEfrs,585
AAmpv,BBbkq,CCdgy,DDflr,EEfrs,819
AAhpy,BBhqw,CCdgy,DDflr,EEfrs,247
AAmpv,BBhqw,CCdgy,DDflr,EEfrs,34
AAhpy,BBklr,CCdgy,DDflr,EEfrs,144
AAmpv,BBklr,CCdgy,DDflr,EEfrs,514
AAhpy,BBbkq,CCckx,DDflr,EEfrs,789
AAmpv,BBbkq,CCckx,DDflr,EEfrs,214
AAhpy,BBhqw,CCckx,DDflr,EEfrs,852
AAmpv,BBhqw,CCckx,DDflr,EEfrs,65
AAhpy,BBklr,CCckx,DDflr,EEfrs,161
AAmpv,BBklr,CCckx,DDflr,EEfrs,947
AAhpy,BBbkq,CCpvx,DDflr,EEfrs,285
AAmpv,BBbkq,CCpvx,DDflr,EEfrs,291
AAhpy,BBhqw,CCpvx,DDflr,EEfrs,148
AAmpv,BBhqw,CCpvx,DDflr,EEfrs,667
AAhpy,BBklr,CCpvx,DDflr,EEfrs,561
AAmpv,BBklr,CCpvx,DDflr,EEfrs,957
AAhpy,BBbkq,CCbkw,DDflr,EEjny,744
AAmpv,BBbkq,CCbkw,DDflr,EEjny,829
AAhpy,BBhqw,CCbkw,DDflr,EEjny,357
AAmpv,BBhqw,CCbkw,DDflr,EEjny,481
AAhpy,BBklr,CCbkw,DDflr,EEjny,300
AAmpv,BBklr,CCbkw,DDflr,EEjny,54
AAhpy,BBbkq,CCdgy,DDflr,EEjny,856
AAmpv,BBbkq,CCdgy,DDflr,EEjny,430
AAhpy,BBhqw,CCdgy,DDflr,EEjny,593
AAmpv,BBhqw,CCdgy,DDflr,EEjny,541
AAhpy,BBklr,CCdgy,DDflr,EEjny,751
AAmpv,BBklr,CCdgy,DDflr,EEjny,372
AAhpy,BBbkq,CCckx,DDflr,EEjny,798
AAmpv,BBbkq,CCckx,DDflr,EEjny,83
AAhpy,BBhqw,CCckx,DDflr,EEjny,985
AAmpv,BBhqw,CCckx,DDflr,EEjny,141
AAhpy,BBklr,CCckx,DDflr,EEjny,225
AAmpv,BBklr,CCckx,DDflr,EEjny,438
AAhpy,BBbkq,CCpvx,DDflr,EEjny,959
AAmpv,BBbkq,CCpvx,DDflr,EEjny,199
AAhpy,BBhqw,CCpvx,DDflr,EEjny,128
AAmpv,BBhqw,CCpvx,DDflr,EEjny,865
AAhpy,BBklr,CCpvx,DDflr,EEjny,929
AAmpv,BBklr,CCpvx,DDflr,EEjny,886
AAhpy,BBbkq,CCbkw,DDdsv,EEfkq,108
AAmpv,BBbkq,CCbkw,DDdsv,EEfkq,12
AAhpy,BBhqw,CCbkw,DDdsv,EEfkq,549
AAmpv,BBhqw,CCbkw,DDdsv,EEfkq,429
AAhpy,BBklr,CCbkw,DDdsv,EEfkq,158
AAmpv,BBklr,CCbkw,DDdsv,EEfkq,367
AAhpy,BBbkq,CCdgy,DDdsv,EEfkq,780
AAmpv,BBbkq,CCdgy,DDdsv,EEfkq,422
AAhpy,BBhqw,CCdgy,DDdsv,EEfkq,880
AAmpv,BBhqw,CCdgy,DDdsv,EEfkq,967
AAhpy,BBklr,CCdgy,DDdsv,EEfkq,253
AAmpv,BBklr,CCdgy,DDdsv,EEfkq,269
AAhpy,BBbkq,CCckx,DDdsv,EEfkq,963
AAmpv,BBbkq,CCckx,DDdsv,EEfkq,750
AAhpy,BBhqw,CCckx,DDdsv,EEfkq,440
AAmpv,BBhqw,CCckx,DDdsv,EEfkq,114
AAhpy,BBklr,CCckx,DDdsv,EEfkq,69
AAmpv,BBklr,CCckx,DDdsv,EEfkq,295
AAhpy,BBbkq,CCpvx,DDdsv,EEfkq,686
AAmpv,BBbkq,CCpvx,DDdsv,EEfkq,377
AAhpy,BBhqw,CCpvx,DDdsv,EEfkq,551
AAmpv,BBhqw,CCpvx,DDdsv,EEfkq,679
AAhpy,BBklr,CCpvx,DDdsv,EEfkq,35
AAmpv,BBklr,CCpvx,DDdsv,EEfkq,862
AAhpy,BBbkq,CCbkw,DDdsv,EEfnt,569
AAmpv,BBbkq,CCbkw,DDdsv,EEfnt,663
AAhpy,BBhqw,CCbkw,DDdsv,EEfnt,804
AAmpv,BBhqw,CCbkw,DDdsv,EEfnt,267
AAhpy,BBklr,CCbkw,DDdsv,EEfnt,119
AAmpv,BBklr,CCbkw,DDdsv,EEfnt,90
AAhpy,BBbkq,CCdgy,DDdsv,EEfnt,917
AAmpv,BBbkq,CCdgy,DDdsv,EEfnt,298
AAhpy,BBhqw,CCdgy,DDdsv,EEfnt,734
AAmpv,BBhqw,CCdgy,DDdsv,EEfnt,626
AAhpy,BBklr,CCdgy,DDdsv,EEfnt,827
AAmpv,BBklr,CCdgy,DDdsv,EEfnt,374
AAhpy,BBbkq,CCckx,DDdsv,EEfnt,40
AAmpv,BBbkq,CCckx,DDdsv,EEfnt,142
AAhpy,BBhqw,CCckx,DDdsv,EEfnt,475
AAmpv,BBhqw,CCckx,DDdsv,EEfnt,241
AAhpy,BBklr,CCckx,DDdsv,EEfnt,578
AAmpv,BBklr,CCckx,DDdsv,EEfnt,301
AAhpy,BBbkq,CCpvx,DDdsv,EEfnt,720
AAmpv,BBbkq,CCpvx,DDdsv,EEfnt,276
AAhpy,BBhqw,CCpvx,DDdsv,EEfnt,131
AAmpv,BBhqw,CCpvx,DDdsv,EEfnt,608
AAhpy,BBklr,CCpvx,DDdsv,EEfnt,236
AAmpv,BBklr,CCpvx,DDdsv,EEfnt,473
AAhpy,BBbkq,CCbkw,DDdsv,EEgqw,506
AAmpv,BBbkq,CCbkw,DDdsv,EEgqw,589
AAhpy,BBhqw,CCbkw,DDdsv,EEgqw,365
AAmpv,BBhqw,CCbkw,DDdsv,EEgqw,558
AAhpy,BBklr,CCbkw,DDdsv,EEgqw,825
AAmpv,BBklr,CCbkw,DDdsv,EEgqw,700
AAhpy,BBbkq,CCdgy,DDdsv,EEgqw,442
AAmpv,BBbkq,CCdgy,DDdsv,EEgqw,683
AAhpy,BBhqw,CCdgy,DDdsv,EEgqw,634
AAmpv,BBhqw,CCdgy,DDdsv,EEgqw,719
AAhpy,BBklr,CCdgy,DDdsv,EEgqw,476
AAmpv,BBklr,CCdgy,DDdsv,EEgqw,881
AAhpy,BBbkq,CCckx,DDdsv,EEgqw,282
AAmpv,BBbkq,CCckx,DDdsv,EEgqw,800
AAhpy,BBhqw,CCckx,DDdsv,EEgqw,787
AAmpv,BBhqw,CCckx,DDdsv,EEgqw,939
AAhpy,BBklr,CCckx,DDdsv,EEgqw,235
AAmpv,BBklr,CCckx,DDdsv,EEgqw,113
AAhpy,BBbkq,CCpvx,DDdsv,EEgqw,940
AAmpv,BBbkq,CCpvx,DDdsv,EEgqw,239
AAhpy,BBhqw,CCpvx,DDdsv,EEgqw,433
AAmpv,BBhqw,CCpvx,DDdsv,EEgqw,507
AAhpy,BBklr,CCpvx,DDdsv,EEgqw,633
AAmpv,BBklr,CCpvx,DDdsv,EEgqw,988

