AAfq-AAgk,BB,CC,DD,Value
AA,BB,CC,DD,Value
AAfq,BBhy,CCtz,DDbn,483
AAgk,BBhy,CCtz,DDbn,161
AAfq,BBdn,CCtz,DDbn,940
AAgk,BBdn,CCtz,DDbn,763
AAfq,BBhy,CCtz,DDcs,614
AAgk,BBhy,CCtz,DDcs,505
AAfq,BBdn,CCtz,DDcs,849
AAgk,BBdn,CCtz,DDcs,719
AAfq,BBhy,CCtz,DDkm,90
AAgk,BBhy,CCtz,DDkm,233
AAfq,BBdn,CCtz,DDkm,232
AAgk,BBdn,CCtz,DDkm,636
AAfq,BBhy,CCpq,DDtw,872
AAgk,BBhy,CCpq,DDtw,253
AAfq,BBdn,CCpq,DDtw,203
AAgk,BBdn,CCpq,DDtw,91
AAfq,BBhy,CCpq,DDmv,317
AAgk,BBhy,CCpq,DDmv,972
AAfq,BBdn,CCpq,DDmv,481
AAgk,BBdn,CCpq,DDmv,840

