Import-Export,Year,Category,Item,Value
Import_Export,Year,Category,Item,Value
Import,2019,Cereals,Wheat,958
Export,2019,Cereals,Wheat,37
Import,2020,Cereals,Wheat,329
Export,2020,Cereals,Wheat,792
Import,2021,Cereals,Wheat,423
Export,2021,Cereals,Wheat,558
Import,2019,Cereals,Soybeans,780
Export,2019,Cereals,Soybeans,729
Import,2020,Cereals,Soybeans,585
Export,2020,Cereals,Soybeans,265
Import,2021,Cereals,Soybeans,839
Export,2021,Cereals,Soybeans,564
Import,2019,Dairy,Cream,340
Export,2019,Dairy,Cream,370
Import,2020,Dairy,Cream,702
Export,2020,Dairy,Cream,954
Import,2021,Dairy,Cream,514
Export,2021,Dairy,Cream,21
Import,2019,Dairy,Cheese,541
Export,2019,Dairy,Cheese,399
Import,2020,Dairy,Cheese,455
Export,2020,Dairy,Cheese,997
Import,2021,Dairy,Cheese,789
Export,2021,Dairy,Cheese,685
Import,2019,Dairy,Yoghurt,156
Export,2019,Dairy,Yoghurt,987
Import,2020,Dairy,Yoghurt,84
Export,2020,Dairy,Yoghurt,16
Import,2021,Dairy,Yoghurt,881
Export,2021,Dairy,Yoghurt,731
