AAmp-AAgv,BB,CC,DD,Value
AA,BB,CC,DD,Value
AAmp,BBlx,CCcx,DDbw,518
AAgv,BBlx,CCcx,DDbw,436
AAmp,BBsv,CCcx,DDbw,59
AAgv,BBsv,CCcx,DDbw,129
AAmp,BBlm,CCcx,DDbw,558
AAgv,BBlm,CCcx,DDbw,186
AAmp,BBlx,CCcx,DDdz,461
AAgv,BBlx,CCcx,DDdz,794
AAmp,BBsv,CCcx,DDdz,61
AAgv,BBsv,CCcx,DDdz,348
AAmp,BBlm,CCcx,DDdz,750
AAgv,BBlm,CCcx,DDdz,356
AAmp,BBlx,CCcx,DDgp,762
AAgv,BBlx,CCcx,DDgp,39
AAmp,BBsv,CCcx,DDgp,565
AAgv,BBsv,CCcx,DDgp,116
AAmp,BBlm,CCcx,DDgp,15
AAgv,BBlm,CCcx,DDgp,755
AAmp,BBlx,CCqx,DDdw,287
AAgv,BBlx,CCqx,DDdw,138
AAmp,BBsv,CCqx,DDdw,180
AAgv,BBsv,CCqx,DDdw,639
AAmp,BBlm,CCqx,DDdw,320
AAgv,BBlm,CCqx,DDdw,448
AAmp,BBlx,CCqx,DDmy,25
AAgv,BBlx,CCqx,DDmy,660
AAmp,BBsv,CCqx,DDmy,830
AAgv,BBsv,CCqx,DDmy,568
AAmp,BBlm,CCqx,DDmy,257
AAgv,BBlm,CCqx,DDmy,521
AAmp,BBlx,CCqx,DDck,675
AAgv,BBlx,CCqx,DDck,884
AAmp,BBsv,CCqx,DDck,372
AAgv,BBsv,CCqx,DDck,74
AAmp,BBlm,CCqx,DDck,92
AAgv,BBlm,CCqx,DDck,394
AAmp,BBlx,CCms,DDdr,296
AAgv,BBlx,CCms,DDdr,643
AAmp,BBsv,CCms,DDdr,742
AAgv,BBsv,CCms,DDdr,720
AAmp,BBlm,CCms,DDdr,511
AAgv,BBlm,CCms,DDdr,757
AAmp,BBlx,CCms,DDln,855
AAgv,BBlx,CCms,DDln,45
AAmp,BBsv,CCms,DDln,144
AAgv,BBsv,CCms,DDln,642
AAmp,BBlm,CCms,DDln,136
AAgv,BBlm,CCms,DDln,99

