{
"filename": "Food_import-export_in_tons_set145_1_DB.csv",
"questions": [{"name": "template 1",
 "sql": "SELECT Value FROM DBdata WHERE ((AA = 'AAlpt' AND BB = 'BBbyz' AND CC = 'CCgnq')) AND ((DD = 'DDhmr' AND EE = 'EEdfz'))",
 "sqlResult": "{982}",
 "nlq": "What is the amount of AAlpt of EEdfz in CCgnq of BBbyz?"},
{"name": "template 2",
 "sql": "SELECT Value FROM DBdata WHERE ((AA = 'AAlpt' AND BB = 'BBflm' AND CC = 'CCcfs')) AND ((DD = 'DDkvw' AND EE = 'EEcjw') OR (DD = 'DDkvw' AND EE = 'EEhnv') OR (DD = 'DDcfy' AND EE = 'EEftw') OR (DD = 'DDcfy' AND EE = 'EEbnp') OR (DD = 'DDhmr' AND EE = 'EElnw') OR (DD = 'DDhmr' AND EE = 'EEdfz') OR (DD = 'DDhmr' AND EE = 'EEmrs'))",
 "sqlResult": "{707} || {895} || {950} || {399} || {842} || {799} || {410}",
 "nlq": "What is the amount of AAlpt of EEbnp, EEcjw, EEftw, EEmrs, EEhnv, EEdfz, or EElnw in CCcfs of BBflm?"},
{"name": "template 3",
 "sql": "SELECT Value FROM DBdata WHERE ((AA = 'AAlpt' AND BB = 'BBbyz' AND CC = 'CCgnq') OR (AA = 'AApry' AND BB = 'BBflm' AND CC = 'CCfpx') OR (AA = 'AApry' AND BB = 'BBbyz' AND CC = 'CCfpx') OR (AA = 'AAlpt' AND BB = 'BBbyz' AND CC = 'CCfpx') OR (AA = 'AApry' AND BB = 'BBflm' AND CC = 'CCnqw') OR (AA = 'AAlpt' AND BB = 'BBflm' AND CC = 'CCnqw')) AND ((DD = 'DDhmr' AND EE = 'EEdfz'))",
 "sqlResult": "{982} || {612} || {887} || {711} || {210} || {440}",
 "nlq": "What is the amount of AAlpt of EEdfz in CCgnq or CCfpx of BBbyz or CCnqw of BBflm or of AApry of EEdfz in CCfpx of BBbyz or CCfpx or CCnqw of BBflm?"},
{"name": "template 4",
 "sql": "SELECT avg(Value),sum(Value) FROM DBdata WHERE ((AA = 'AApry' AND BB = 'BBflm' AND CC = 'CCgnq') OR (AA = 'AAlpt' AND BB = 'BBflm' AND CC = 'CCgnq') OR (AA = 'AAlpt' AND BB = 'BBbyz' AND CC = 'CCgnq') OR (AA = 'AApry' AND BB = 'BBflm' AND CC = 'CCcfs') OR (AA = 'AApry' AND BB = 'BBflm' AND CC = 'CCfpx') OR (AA = 'AAlpt' AND BB = 'BBflm' AND CC = 'CCfpx') OR (AA = 'AAlpt' AND BB = 'BBflm' AND CC = 'CCnqw') OR (AA = 'AApry' AND BB = 'BBbyz' AND CC = 'CCnqw')) AND ((DD = 'DDhmr' AND EE = 'EEdfz'))",
 "sqlResult": "{511.75 | 4094}",
 "nlq": "What are the average and total amounts of AApry of EEdfz in CCgnq, CCcfs, or CCfpx of BBflm or CCnqw of BBbyz or of AAlpt of EEdfz in CCgnq of BBbyz or CCgnq, CCfpx, or CCnqw of BBflm?"},
{"name": "template 6",
 "sql": "SELECT Value FROM DBdata WHERE ((AA = 'AApry' AND BB = 'BBflm' AND CC = 'CCgnq') OR (AA = 'AApry' AND BB = 'BBbyz' AND CC = 'CCcfs')) AND ((DD = 'DDkvw' AND EE = 'EEhnv') OR (DD = 'DDhmr' AND EE = 'EEmrs'))",
 "sqlResult": "{699} || {869} || {658} || {779}",
 "nlq": "What is the amount of AApry of EEmrs or EEhnv in CCgnq of BBflm or CCcfs of BBbyz?"},
{"name": "template 7",
 "sql": "SELECT min(Value),sum(Value) FROM DBdata WHERE ((AA = 'AAlpt' AND BB = 'BBbyz' AND CC = 'CCgnq')) AND ((DD = 'DDcfy' AND EE = 'EEftw') OR (DD = 'DDcfy' AND EE = 'EEbnp') OR (DD = 'DDhmr' AND EE = 'EElnw') OR (DD = 'DDhmr' AND EE = 'EEmrs'))",
 "sqlResult": "{587 | 3090}",
 "nlq": "What are the minimum and total amounts of AAlpt of EEbnp, EEftw, EEmrs, or EElnw in CCgnq of BBbyz?"},
{"name": "template 8",
 "sql": "SELECT AA,BB,CC,sum(Value),min(Value) FROM DBdata WHERE ((AA = 'AApry' AND BB = 'BBflm' AND CC = 'CCcfs') OR (AA = 'AApry' AND BB = 'BBbyz' AND CC = 'CCfpx')) AND ((DD = 'DDcfy' AND EE = 'EEbnp') OR (DD = 'DDcfy' AND EE = 'EEcnt') OR (DD = 'DDhmr' AND EE = 'EElnw') OR (DD = 'DDhmr' AND EE = 'EEdfz') OR (DD = 'DDhmr' AND EE = 'EEmrs')) GROUP BY AA,BB,CC",
 "sqlResult": "{AApry | BBflm | CCcfs | 1678 | 96} || {AApry | BBbyz | CCfpx | 2409 | 71}",
 "nlq": "What are the total and minimum amounts for each AApry-AAlpt, BB, and CC, of AApry of EEbnp, EEmrs, EEdfz, EElnw, or EEcnt in CCcfs of BBflm or CCfpx of BBbyz? Please, report the corresponding AApry-AAlpt, BB, and CC."},
{"name": "template 9",
 "sql": "SELECT min(Value) FROM DBdata WHERE ((AA = 'AAlpt' AND BB = 'BBflm' AND CC = 'CCcfs')) AND (DD IN ('DDkvw','DDcfy','DDhmr')) GROUP BY DD",
 "sqlResult": "{410} || {707} || {399}",
 "nlq": "What is the minimum amount for each DD, of AAlpt of DDhmr, DDkvw, or DDcfy in CCcfs of BBflm?"},
{"name": "template 10",
 "sql": "SELECT DD,avg(Value) FROM DBdata WHERE ((AA = 'AAlpt' AND BB = 'BBbyz' AND CC = 'CCfpx')) AND (DD IN ('DDkvw','DDcfy','DDhmr')) GROUP BY DD",
 "sqlResult": "{DDhmr | 646} || {DDkvw | 580.5} || {DDcfy | 317}",
 "nlq": "What is the average amount for each DD, of AAlpt of DDhmr, DDkvw, or DDcfy in CCfpx of BBbyz? Please, report the corresponding DD."},
{"name": "template 11",
 "sql": "SELECT DD,AA,BB,CC,avg(Value) FROM DBdata WHERE ((AA = 'AApry' AND BB = 'BBflm' AND CC = 'CCcfs') OR (AA = 'AApry' AND BB = 'BBflm' AND CC = 'CCfpx') OR (AA = 'AApry' AND BB = 'BBflm' AND CC = 'CCnqw')) AND (DD IN ('DDkvw','DDcfy','DDhmr')) GROUP BY DD,AA,BB,CC",
 "sqlResult": "{DDhmr | AApry | BBflm | CCcfs | 266.33} || {DDhmr | AApry | BBflm | CCfpx | 631.33} || {DDhmr | AApry | BBflm | CCnqw | 289.33} || {DDkvw | AApry | BBflm | CCcfs | 354} || {DDkvw | AApry | BBflm | CCfpx | 403.5} || {DDkvw | AApry | BBflm | CCnqw | 324} || {DDcfy | AApry | BBflm | CCcfs | 348.67} || {DDcfy | AApry | BBflm | CCfpx | 653.67} || {DDcfy | AApry | BBflm | CCnqw | 489.67}",
 "nlq": "What is the average amount for each DD, AApry-AAlpt, BB, and CC, of AApry of DDhmr, DDkvw, or DDcfy in CCcfs, CCfpx, or CCnqw of BBflm? Please, report the corresponding DD, AApry-AAlpt, BB, and CC."},
{"name": "template 12",
 "sql": "SELECT Value FROM DBdata WHERE ((AA = 'AApry' AND BB = 'BBbyz' AND CC = 'CCnqw')) AND (DD IN ('DDkvw','DDcfy')) ORDER BY VALUE DESC LIMIT 2",
 "sqlResult": "{750} || {712}",
 "nlq": "What are the top 2 amounts of AApry of DDkvw or DDcfy in CCnqw of BBbyz?"},
{"name": "template 13",
 "sql": "SELECT Value FROM DBdata WHERE ((AA = 'AAlpt' AND BB = 'BBbyz' AND CC = 'CCgnq')) AND (DD IN ('DDcfy','DDhmr')) ORDER BY VALUE DESC",
 "sqlResult": "{982} || {943} || {814} || {746} || {587} || {102}",
 "nlq": "What are the amounts ordered by decreasing values of AAlpt of DDhmr or DDcfy in CCgnq of BBbyz?"},
{"name": "template 14",
 "sql": "SELECT DD,EE FROM DBdata WHERE ((AA = 'AAlpt' AND BB = 'BBflm' AND CC = 'CCfpx')) AND Value > 507.16",
 "sqlResult": "{DDkvw | EEcjw} || {DDkvw | EEhnv} || {DDcfy | EEcnt} || {DDhmr | EEdfz}",
 "nlq": "What are the DD and EE for which the amount of AAlpt in CCfpx of BBflm is greater than 507.16?"},
{"name": "template 15",
 "sql": "SELECT DD,EE,Value FROM DBdata WHERE ((AA = 'AApry' AND BB = 'BBbyz' AND CC = 'CCcfs')) AND (DD,EE) IN (SELECT DD,EE FROM DBdata WHERE ((AA = 'AAlpt' AND BB = 'BBflm' AND CC = 'CCfpx')) AND Value > 507.16)",
 "sqlResult": "{DDkvw | EEcjw | 67} || {DDkvw | EEhnv | 869} || {DDcfy | EEcnt | 741} || {DDhmr | EEdfz | 466}",
 "nlq": "What is the amount of AApry in CCcfs of BBbyz of DD and of EE for which the amount of AAlpt in CCfpx of BBflm is greater than 507.16? Please, report the corresponding DD, EE, and amount of import-export."}]
}

