Import-Export,Year,Quarter,Category,Item,Value
Import_Export,Year,Quarter,Category,Item,Value
Import,2019,Q1,Meat,Chicken,685
Export,2019,Q1,Meat,Chicken,457
Import,2020,Q1,Meat,Chicken,578
Export,2020,Q1,Meat,Chicken,313
Import,2021,Q1,Meat,Chicken,73
Export,2021,Q1,Meat,Chicken,824
Import,2019,Q2,Meat,Chicken,850
Export,2019,Q2,Meat,Chicken,402
Import,2020,Q2,Meat,Chicken,204
Export,2020,Q2,Meat,Chicken,510
Import,2021,Q2,Meat,Chicken,175
Export,2021,Q2,Meat,Chicken,412
Import,2019,Q3,Meat,Chicken,919
Export,2019,Q3,Meat,Chicken,268
Import,2020,Q3,Meat,Chicken,447
Export,2020,Q3,Meat,Chicken,508
Import,2021,Q3,Meat,Chicken,504
Export,2021,Q3,Meat,Chicken,472
Import,2019,Q4,Meat,Chicken,820
Export,2019,Q4,Meat,Chicken,493
Import,2020,Q4,Meat,Chicken,416
Export,2020,Q4,Meat,Chicken,833
Import,2021,Q4,Meat,Chicken,390
Export,2021,Q4,Meat,Chicken,522
Import,2019,Q1,Meat,Pork,526
Export,2019,Q1,Meat,Pork,794
Import,2020,Q1,Meat,Pork,609
Export,2020,Q1,Meat,Pork,77
Import,2021,Q1,Meat,Pork,866
Export,2021,Q1,Meat,Pork,441
Import,2019,Q2,Meat,Pork,200
Export,2019,Q2,Meat,Pork,699
Import,2020,Q2,Meat,Pork,990
Export,2020,Q2,Meat,Pork,97
Import,2021,Q2,Meat,Pork,967
Export,2021,Q2,Meat,Pork,767
Import,2019,Q3,Meat,Pork,637
Export,2019,Q3,Meat,Pork,786
Import,2020,Q3,Meat,Pork,404
Export,2020,Q3,Meat,Pork,76
Import,2021,Q3,Meat,Pork,490
Export,2021,Q3,Meat,Pork,216
Import,2019,Q4,Meat,Pork,285
Export,2019,Q4,Meat,Pork,147
Import,2020,Q4,Meat,Pork,25
Export,2020,Q4,Meat,Pork,907
Import,2021,Q4,Meat,Pork,605
Export,2021,Q4,Meat,Pork,21
Import,2019,Q1,Cereals,Rice,862
Export,2019,Q1,Cereals,Rice,318
Import,2020,Q1,Cereals,Rice,469
Export,2020,Q1,Cereals,Rice,203
Import,2021,Q1,Cereals,Rice,355
Export,2021,Q1,Cereals,Rice,912
Import,2019,Q2,Cereals,Rice,930
Export,2019,Q2,Cereals,Rice,546
Import,2020,Q2,Cereals,Rice,106
Export,2020,Q2,Cereals,Rice,763
Import,2021,Q2,Cereals,Rice,167
Export,2021,Q2,Cereals,Rice,229
Import,2019,Q3,Cereals,Rice,851
Export,2019,Q3,Cereals,Rice,242
Import,2020,Q3,Cereals,Rice,586
Export,2020,Q3,Cereals,Rice,357
Import,2021,Q3,Cereals,Rice,492
Export,2021,Q3,Cereals,Rice,904
Import,2019,Q4,Cereals,Rice,992
Export,2019,Q4,Cereals,Rice,246
Import,2020,Q4,Cereals,Rice,654
Export,2020,Q4,Cereals,Rice,267
Import,2021,Q4,Cereals,Rice,451
Export,2021,Q4,Cereals,Rice,332
Import,2019,Q1,Cereals,Seeds,415
Export,2019,Q1,Cereals,Seeds,123
Import,2020,Q1,Cereals,Seeds,643
Export,2020,Q1,Cereals,Seeds,983
Import,2021,Q1,Cereals,Seeds,867
Export,2021,Q1,Cereals,Seeds,269
Import,2019,Q2,Cereals,Seeds,117
Export,2019,Q2,Cereals,Seeds,524
Import,2020,Q2,Cereals,Seeds,566
Export,2020,Q2,Cereals,Seeds,561
Import,2021,Q2,Cereals,Seeds,535
Export,2021,Q2,Cereals,Seeds,799
Import,2019,Q3,Cereals,Seeds,179
Export,2019,Q3,Cereals,Seeds,545
Import,2020,Q3,Cereals,Seeds,400
Export,2020,Q3,Cereals,Seeds,220
Import,2021,Q3,Cereals,Seeds,104
Export,2021,Q3,Cereals,Seeds,924
Import,2019,Q4,Cereals,Seeds,55
Export,2019,Q4,Cereals,Seeds,756
Import,2020,Q4,Cereals,Seeds,72
Export,2020,Q4,Cereals,Seeds,382
Import,2021,Q4,Cereals,Seeds,340
Export,2021,Q4,Cereals,Seeds,473
Import,2019,Q1,Dairy,Milk,326
Export,2019,Q1,Dairy,Milk,287
Import,2020,Q1,Dairy,Milk,130
Export,2020,Q1,Dairy,Milk,124
Import,2021,Q1,Dairy,Milk,260
Export,2021,Q1,Dairy,Milk,474
Import,2019,Q2,Dairy,Milk,847
Export,2019,Q2,Dairy,Milk,624
Import,2020,Q2,Dairy,Milk,476
Export,2020,Q2,Dairy,Milk,307
Import,2021,Q2,Dairy,Milk,911
Export,2021,Q2,Dairy,Milk,736
Import,2019,Q3,Dairy,Milk,70
Export,2019,Q3,Dairy,Milk,161
Import,2020,Q3,Dairy,Milk,814
Export,2020,Q3,Dairy,Milk,656
Import,2021,Q3,Dairy,Milk,428
Export,2021,Q3,Dairy,Milk,558
Import,2019,Q4,Dairy,Milk,962
Export,2019,Q4,Dairy,Milk,352
Import,2020,Q4,Dairy,Milk,480
Export,2020,Q4,Dairy,Milk,903
Import,2021,Q4,Dairy,Milk,873
Export,2021,Q4,Dairy,Milk,118
Import,2019,Q1,Dairy,Butter,166
Export,2019,Q1,Dairy,Butter,470
Import,2020,Q1,Dairy,Butter,119
Export,2020,Q1,Dairy,Butter,808
Import,2021,Q1,Dairy,Butter,496
Export,2021,Q1,Dairy,Butter,224
Import,2019,Q2,Dairy,Butter,590
Export,2019,Q2,Dairy,Butter,630
Import,2020,Q2,Dairy,Butter,712
Export,2020,Q2,Dairy,Butter,791
Import,2021,Q2,Dairy,Butter,757
Export,2021,Q2,Dairy,Butter,888
Import,2019,Q3,Dairy,Butter,406
Export,2019,Q3,Dairy,Butter,41
Import,2020,Q3,Dairy,Butter,925
Export,2020,Q3,Dairy,Butter,864
Import,2021,Q3,Dairy,Butter,883
Export,2021,Q3,Dairy,Butter,854
Import,2019,Q4,Dairy,Butter,15
Export,2019,Q4,Dairy,Butter,205
Import,2020,Q4,Dairy,Butter,635
Export,2020,Q4,Dairy,Butter,315
Import,2021,Q4,Dairy,Butter,202
Export,2021,Q4,Dairy,Butter,325
