{
"filename": "Food_import-export_in_tons_set146_4_DB.csv",
"questions": [{"name": "template 1",
 "sql": "SELECT Value FROM DBdata WHERE ((BB = 'BBdmt' AND CC = 'CCcnw' AND AA = 'AAlsy')) AND ((DD = 'DDjmy' AND EE = 'EEjtv'))",
 "sqlResult": "{234}",
 "nlq": "What is the amount of AAlsy of EEjtv in CCcnw of BBdmt?"},
{"name": "template 2",
 "sql": "SELECT Value FROM DBdata WHERE ((BB = 'BBmtw' AND CC = 'CCvxz' AND AA = 'AAnrw')) AND ((DD = 'DDjmy' AND EE = 'EEjtv') OR (DD = 'DDjmy' AND EE = 'EEfvx') OR (DD = 'DDgpz' AND EE = 'EEcfm') OR (DD = 'DDgpz' AND EE = 'EElvz') OR (DD = 'DDgpz' AND EE = 'EEjpx'))",
 "sqlResult": "{710} || {633} || {762} || {107} || {563}",
 "nlq": "What is the amount of AAnrw of EEfvx, EEcfm, EEjtv, EEjpx, or EElvz in CCvxz of BBmtw?"},
{"name": "template 3",
 "sql": "SELECT Value FROM DBdata WHERE ((BB = 'BBmtw' AND CC = 'CCvxz' AND AA = 'AAnrw') OR (BB = 'BBdmt' AND CC = 'CCvxz' AND AA = 'AAnrw') OR (BB = 'BBdmt' AND CC = 'CCkpv' AND AA = 'AAlsy') OR (BB = 'BBmtw' AND CC = 'CCcly' AND AA = 'AAlsy') OR (BB = 'BBmtw' AND CC = 'CCcnw' AND AA = 'AAnrw') OR (BB = 'BBmtw' AND CC = 'CCcnw' AND AA = 'AAlsy')) AND ((DD = 'DDgpz' AND EE = 'EElvz'))",
 "sqlResult": "{107} || {351} || {140} || {57} || {533} || {497}",
 "nlq": "What is the amount of AAnrw of EElvz in CCvxz of BBdmt or CCvxz or CCcnw of BBmtw or of AAlsy of EElvz in CCkpv of BBdmt or CCcly or CCcnw of BBmtw?"},
{"name": "template 4",
 "sql": "SELECT sum(Value),avg(Value) FROM DBdata WHERE ((BB = 'BBmtw' AND CC = 'CCvxz' AND AA = 'AAnrw') OR (BB = 'BBmtw' AND CC = 'CCvxz' AND AA = 'AAlsy') OR (BB = 'BBdmt' AND CC = 'CCvxz' AND AA = 'AAnrw') OR (BB = 'BBdmt' AND CC = 'CCvxz' AND AA = 'AAlsy') OR (BB = 'BBmtw' AND CC = 'CCkpv' AND AA = 'AAnrw') OR (BB = 'BBmtw' AND CC = 'CCkpv' AND AA = 'AAlsy') OR (BB = 'BBdmt' AND CC = 'CCkpv' AND AA = 'AAlsy') OR (BB = 'BBmtw' AND CC = 'CCcly' AND AA = 'AAnrw')) AND ((DD = 'DDjmy' AND EE = 'EEfvx'))",
 "sqlResult": "{4352 | 544}",
 "nlq": "What are the total and average amounts of AAlsy of EEfvx in CCvxz or CCkpv of BBmtw or CCkpv of BBdmt, of AAlsy or AAnrw of EEfvx in CCvxz of BBdmt, or of AAnrw of EEfvx in CCvxz, CCkpv, or CCcly of BBmtw?"},
{"name": "template 6",
 "sql": "SELECT Value FROM DBdata WHERE ((BB = 'BBmtw' AND CC = 'CCvxz' AND AA = 'AAlsy') OR (BB = 'BBdmt' AND CC = 'CCcnw' AND AA = 'AAnrw') OR (BB = 'BBdmt' AND CC = 'CCcnw' AND AA = 'AAlsy')) AND ((DD = 'DDjmy' AND EE = 'EEjtv') OR (DD = 'DDgpz' AND EE = 'EElvz'))",
 "sqlResult": "{773} || {919} || {234} || {881} || {260} || {930}",
 "nlq": "What is the amount of AAlsy of EEjtv or EElvz in CCvxz of BBmtw or of AAlsy or AAnrw of EEjtv or EElvz in CCcnw of BBdmt?"},
{"name": "template 7",
 "sql": "SELECT avg(Value),min(Value) FROM DBdata WHERE ((BB = 'BBmtw' AND CC = 'CCvxz' AND AA = 'AAlsy')) AND ((DD = 'DDjmy' AND EE = 'EEfvx') OR (DD = 'DDjmy' AND EE = 'EEkqz') OR (DD = 'DDgpz' AND EE = 'EElvz'))",
 "sqlResult": "{615.67 | 51}",
 "nlq": "What are the average and minimum amounts of AAlsy of EEfvx, EElvz, or EEkqz in CCvxz of BBmtw?"},
{"name": "template 8",
 "sql": "SELECT BB,CC,AA,sum(Value),max(Value) FROM DBdata WHERE ((BB = 'BBdmt' AND CC = 'CCvxz' AND AA = 'AAnrw') OR (BB = 'BBmtw' AND CC = 'CCkpv' AND AA = 'AAnrw') OR (BB = 'BBdmt' AND CC = 'CCcly' AND AA = 'AAnrw')) AND ((DD = 'DDjmy' AND EE = 'EEjtv') OR (DD = 'DDjmy' AND EE = 'EEfvx') OR (DD = 'DDjmy' AND EE = 'EEkqz') OR (DD = 'DDgpz' AND EE = 'EEcfm') OR (DD = 'DDgpz' AND EE = 'EEjpx')) GROUP BY BB,CC,AA",
 "sqlResult": "{BBmtw | CCkpv | AAnrw | 2938 | 940} || {BBdmt | CCvxz | AAnrw | 3102 | 923} || {BBdmt | CCcly | AAnrw | 3331 | 931}",
 "nlq": "What are the total and maximum amounts for each BB, CC, and AAnrw-AAlsy, of AAnrw of EEfvx, EEcfm, EEjtv, EEjpx, or EEkqz in CCvxz or CCcly of BBdmt or CCkpv of BBmtw? Please, report the corresponding BB, CC, and AAnrw-AAlsy."},
{"name": "template 9",
 "sql": "SELECT min(Value) FROM DBdata WHERE ((BB = 'BBdmt' AND CC = 'CCvxz' AND AA = 'AAlsy')) AND (DD IN ('DDjmy','DDgpz')) GROUP BY DD",
 "sqlResult": "{10} || {42}",
 "nlq": "What is the minimum amount for each DD, of AAlsy of DDgpz or DDjmy in CCvxz of BBdmt?"},
{"name": "template 10",
 "sql": "SELECT DD,sum(Value) FROM DBdata WHERE ((BB = 'BBdmt' AND CC = 'CCvxz' AND AA = 'AAlsy')) AND (DD IN ('DDjmy','DDgpz')) GROUP BY DD",
 "sqlResult": "{DDgpz | 643} || {DDjmy | 1608}",
 "nlq": "What is the total amount for each DD, of AAlsy of DDgpz or DDjmy in CCvxz of BBdmt? Please, report the corresponding DD."},
{"name": "template 11",
 "sql": "SELECT DD,BB,CC,AA,sum(Value) FROM DBdata WHERE ((BB = 'BBmtw' AND CC = 'CCvxz' AND AA = 'AAnrw') OR (BB = 'BBdmt' AND CC = 'CCcnw' AND AA = 'AAlsy')) AND (DD IN ('DDjmy','DDgpz')) GROUP BY DD,BB,CC,AA",
 "sqlResult": "{DDgpz | BBmtw | CCvxz | AAnrw | 1432} || {DDgpz | BBdmt | CCcnw | AAlsy | 2903} || {DDjmy | BBmtw | CCvxz | AAnrw | 1637} || {DDjmy | BBdmt | CCcnw | AAlsy | 1322}",
 "nlq": "What is the total amount for each DD, BB, CC, and AAnrw-AAlsy, of AAnrw of DDgpz or DDjmy in CCvxz of BBmtw or of AAlsy of DDgpz or DDjmy in CCcnw of BBdmt? Please, report the corresponding DD, BB, CC, and AAnrw-AAlsy."},
{"name": "template 12",
 "sql": "SELECT Value FROM DBdata WHERE ((BB = 'BBdmt' AND CC = 'CCvxz' AND AA = 'AAnrw')) AND (DD IN ('DDjmy','DDgpz')) ORDER BY VALUE DESC LIMIT 5",
 "sqlResult": "{923} || {767} || {753} || {355} || {351}",
 "nlq": "What are the top 5 amounts of AAnrw of DDgpz or DDjmy in CCvxz of BBdmt?"},
{"name": "template 13",
 "sql": "SELECT Value FROM DBdata WHERE ((BB = 'BBdmt' AND CC = 'CCkpv' AND AA = 'AAlsy')) AND (DD IN ('DDjmy','DDgpz')) ORDER BY VALUE ASC",
 "sqlResult": "{140} || {141} || {434} || {619} || {869} || {897}",
 "nlq": "What are the amounts ordered by increasing values of AAlsy of DDgpz or DDjmy in CCkpv of BBdmt?"},
{"name": "template 14",
 "sql": "SELECT DD,EE FROM DBdata WHERE ((BB = 'BBmtw' AND CC = 'CCvxz' AND AA = 'AAlsy')) AND Value < 528.48",
 "sqlResult": "{DDjmy | EEkqz} || {DDgpz | EEcfm} || {DDgpz | EEjpx}",
 "nlq": "What are the DD and EE for which the amount of AAlsy in CCvxz of BBmtw is lower than 528.48?"},
{"name": "template 15",
 "sql": "SELECT DD,EE,Value FROM DBdata WHERE ((BB = 'BBdmt' AND CC = 'CCkpv' AND AA = 'AAlsy')) AND (DD,EE) IN (SELECT DD,EE FROM DBdata WHERE ((BB = 'BBmtw' AND CC = 'CCvxz' AND AA = 'AAlsy')) AND Value < 528.48)",
 "sqlResult": "{DDjmy | EEkqz | 897} || {DDgpz | EEcfm | 619} || {DDgpz | EEjpx | 434}",
 "nlq": "What is the amount of AAlsy in CCkpv of BBdmt of DD and of EE for which the amount of AAlsy in CCvxz of BBmtw is lower than 528.48? Please, report the corresponding DD, EE, and amount of import-export."}]
}

