{
"filename": "Food_import-export_in_tons_set145_1_DB.csv",
"questions": [{"name": "template 1",
 "sql": "SELECT Value FROM DBdata WHERE ((Import_Export = 'Export' AND Year = '2019' AND Quarter = 'Q1')) AND ((Category = 'Beverage' AND Item = 'Soda'))",
 "sqlResult": "{982}",
 "nlq": "What is the amount of Export of Soda in Q1 of 2019?"},
{"name": "template 2",
 "sql": "SELECT Value FROM DBdata WHERE ((Import_Export = 'Export' AND Year = '2018' AND Quarter = 'Q2')) AND ((Category = 'Cereals' AND Item = 'Corn') OR (Category = 'Cereals' AND Item = 'Oats') OR (Category = 'Dairy' AND Item = 'Cream') OR (Category = 'Dairy' AND Item = 'Cheese') OR (Category = 'Beverage' AND Item = 'Tea') OR (Category = 'Beverage' AND Item = 'Soda') OR (Category = 'Beverage' AND Item = 'Juice'))",
 "sqlResult": "{707} || {895} || {950} || {399} || {842} || {799} || {410}",
 "nlq": "What is the amount of Export of Cheese, Corn, Cream, Juice, Oats, Soda, or Tea in Q2 of 2018?"},
{"name": "template 3",
 "sql": "SELECT Value FROM DBdata WHERE ((Import_Export = 'Export' AND Year = '2019' AND Quarter = 'Q1') OR (Import_Export = 'Import' AND Year = '2018' AND Quarter = 'Q3') OR (Import_Export = 'Import' AND Year = '2019' AND Quarter = 'Q3') OR (Import_Export = 'Export' AND Year = '2019' AND Quarter = 'Q3') OR (Import_Export = 'Import' AND Year = '2018' AND Quarter = 'Q4') OR (Import_Export = 'Export' AND Year = '2018' AND Quarter = 'Q4')) AND ((Category = 'Beverage' AND Item = 'Soda'))",
 "sqlResult": "{982} || {612} || {887} || {711} || {210} || {440}",
 "nlq": "What is the amount of Export of Soda in Q1 or Q3 of 2019 or Q4 of 2018 or of Import of Soda in Q3 of 2019 or Q3 or Q4 of 2018?"},
{"name": "template 4",
 "sql": "SELECT avg(Value),sum(Value) FROM DBdata WHERE ((Import_Export = 'Import' AND Year = '2018' AND Quarter = 'Q1') OR (Import_Export = 'Export' AND Year = '2018' AND Quarter = 'Q1') OR (Import_Export = 'Export' AND Year = '2019' AND Quarter = 'Q1') OR (Import_Export = 'Import' AND Year = '2018' AND Quarter = 'Q2') OR (Import_Export = 'Import' AND Year = '2018' AND Quarter = 'Q3') OR (Import_Export = 'Export' AND Year = '2018' AND Quarter = 'Q3') OR (Import_Export = 'Export' AND Year = '2018' AND Quarter = 'Q4') OR (Import_Export = 'Import' AND Year = '2019' AND Quarter = 'Q4')) AND ((Category = 'Beverage' AND Item = 'Soda'))",
 "sqlResult": "{511.75 | 4094}",
 "nlq": "What are the average and total amounts of Import of Soda in Q1, Q2, or Q3 of 2018 or Q4 of 2019 or of Export of Soda in Q1 of 2019 or Q1, Q3, or Q4 of 2018?"},
{"name": "template 6",
 "sql": "SELECT Value FROM DBdata WHERE ((Import_Export = 'Import' AND Year = '2018' AND Quarter = 'Q1') OR (Import_Export = 'Import' AND Year = '2019' AND Quarter = 'Q2')) AND ((Category = 'Cereals' AND Item = 'Oats') OR (Category = 'Beverage' AND Item = 'Juice'))",
 "sqlResult": "{699} || {869} || {658} || {779}",
 "nlq": "What is the amount of Import of Juice or Oats in Q1 of 2018 or Q2 of 2019?"},
{"name": "template 7",
 "sql": "SELECT min(Value),sum(Value) FROM DBdata WHERE ((Import_Export = 'Export' AND Year = '2019' AND Quarter = 'Q1')) AND ((Category = 'Dairy' AND Item = 'Cream') OR (Category = 'Dairy' AND Item = 'Cheese') OR (Category = 'Beverage' AND Item = 'Tea') OR (Category = 'Beverage' AND Item = 'Juice'))",
 "sqlResult": "{587 | 3090}",
 "nlq": "What are the minimum and total amounts of Export of Cheese, Cream, Juice, or Tea in Q1 of 2019?"},
{"name": "template 8",
 "sql": "SELECT Import_Export,Year,Quarter,sum(Value),min(Value) FROM DBdata WHERE ((Import_Export = 'Import' AND Year = '2018' AND Quarter = 'Q2') OR (Import_Export = 'Import' AND Year = '2019' AND Quarter = 'Q3')) AND ((Category = 'Dairy' AND Item = 'Cheese') OR (Category = 'Dairy' AND Item = 'Yoghurt') OR (Category = 'Beverage' AND Item = 'Tea') OR (Category = 'Beverage' AND Item = 'Soda') OR (Category = 'Beverage' AND Item = 'Juice')) GROUP BY Import_Export,Year,Quarter",
 "sqlResult": "{Import | 2018 | Q2 | 1678 | 96} || {Import | 2019 | Q3 | 2409 | 71}",
 "nlq": "What are the total and minimum amounts for each Import-Export, Year, and Quarter, of Import of Cheese, Juice, Soda, Tea, or Yoghurt in Q2 of 2018 or Q3 of 2019? Please, report the corresponding Import-Export, Year, and Quarter."},
{"name": "template 9",
 "sql": "SELECT min(Value) FROM DBdata WHERE ((Import_Export = 'Export' AND Year = '2018' AND Quarter = 'Q2')) AND (Category IN ('Cereals','Dairy','Beverage')) GROUP BY Category",
 "sqlResult": "{410} || {707} || {399}",
 "nlq": "What is the minimum amount for each Category, of Export of Beverage, Cereals, or Dairy in Q2 of 2018?"},
{"name": "template 10",
 "sql": "SELECT Category,avg(Value) FROM DBdata WHERE ((Import_Export = 'Export' AND Year = '2019' AND Quarter = 'Q3')) AND (Category IN ('Cereals','Dairy','Beverage')) GROUP BY Category",
 "sqlResult": "{Beverage | 646} || {Cereals | 580.5} || {Dairy | 317}",
 "nlq": "What is the average amount for each Category, of Export of Beverage, Cereals, or Dairy in Q3 of 2019? Please, report the corresponding Category."},
{"name": "template 11",
 "sql": "SELECT Category,Import_Export,Year,Quarter,avg(Value) FROM DBdata WHERE ((Import_Export = 'Import' AND Year = '2018' AND Quarter = 'Q2') OR (Import_Export = 'Import' AND Year = '2018' AND Quarter = 'Q3') OR (Import_Export = 'Import' AND Year = '2018' AND Quarter = 'Q4')) AND (Category IN ('Cereals','Dairy','Beverage')) GROUP BY Category,Import_Export,Year,Quarter",
 "sqlResult": "{Beverage | Import | 2018 | Q2 | 266.33} || {Beverage | Import | 2018 | Q3 | 631.33} || {Beverage | Import | 2018 | Q4 | 289.33} || {Cereals | Import | 2018 | Q2 | 354} || {Cereals | Import | 2018 | Q3 | 403.5} || {Cereals | Import | 2018 | Q4 | 324} || {Dairy | Import | 2018 | Q2 | 348.67} || {Dairy | Import | 2018 | Q3 | 653.67} || {Dairy | Import | 2018 | Q4 | 489.67}",
 "nlq": "What is the average amount for each Category, Import-Export, Year, and Quarter, of Import of Beverage, Cereals, or Dairy in Q2, Q3, or Q4 of 2018? Please, report the corresponding Category, Import-Export, Year, and Quarter."},
{"name": "template 12",
 "sql": "SELECT Value FROM DBdata WHERE ((Import_Export = 'Import' AND Year = '2019' AND Quarter = 'Q4')) AND (Category IN ('Cereals','Dairy')) ORDER BY VALUE DESC LIMIT 2",
 "sqlResult": "{750} || {712}",
 "nlq": "What are the top 2 amounts of Import of Cereals or Dairy in Q4 of 2019?"},
{"name": "template 13",
 "sql": "SELECT Value FROM DBdata WHERE ((Import_Export = 'Export' AND Year = '2019' AND Quarter = 'Q1')) AND (Category IN ('Dairy','Beverage')) ORDER BY VALUE DESC",
 "sqlResult": "{982} || {943} || {814} || {746} || {587} || {102}",
 "nlq": "What are the amounts ordered by decreasing values of Export of Beverage or Dairy in Q1 of 2019?"},
{"name": "template 14",
 "sql": "SELECT Category,Item FROM DBdata WHERE ((Import_Export = 'Export' AND Year = '2018' AND Quarter = 'Q3')) AND Value > 507.16",
 "sqlResult": "{Cereals | Corn} || {Cereals | Oats} || {Dairy | Yoghurt} || {Beverage | Soda}",
 "nlq": "What are the Category and Item for which the amount of Export in Q3 of 2018 is greater than 507.16?"},
{"name": "template 15",
 "sql": "SELECT Category,Item,Value FROM DBdata WHERE ((Import_Export = 'Import' AND Year = '2019' AND Quarter = 'Q2')) AND (Category,Item) IN (SELECT Category,Item FROM DBdata WHERE ((Import_Export = 'Export' AND Year = '2018' AND Quarter = 'Q3')) AND Value > 507.16)",
 "sqlResult": "{Cereals | Corn | 67} || {Cereals | Oats | 869} || {Dairy | Yoghurt | 741} || {Beverage | Soda | 466}",
 "nlq": "What is the amount of Import in Q2 of 2019 of Category and of Item for which the amount of Export in Q3 of 2018 is greater than 507.16? Please, report the corresponding Category, Item, and amount of import-export."}]
}
