{
"filename": "Food_import-export_in_tons_set150_1_DB.csv",
"questions": [{"name": "template 1",
 "sql": "SELECT Value FROM DBdata WHERE ((Year = '2022' AND Quarter = 'Q4' AND Import_Export = 'Import')) AND ((Category = 'Dairy' AND Item = 'Cream'))",
 "sqlResult": "{882}",
 "nlq": "What is the amount of Import of Cream in Q4 of 2022?"},
{"name": "template 2",
 "sql": "SELECT Value FROM DBdata WHERE ((Year = '2022' AND Quarter = 'Q4' AND Import_Export = 'Export')) AND ((Category = 'Dairy' AND Item = 'Cheese') OR (Category = 'Beverage' AND Item = 'Coffee'))",
 "sqlResult": "{585} || {253}",
 "nlq": "What is the amount of Export of Cheese or Coffee in Q4 of 2022?"},
{"name": "template 3",
 "sql": "SELECT Value FROM DBdata WHERE ((Year = '2020' AND Quarter = 'Q1' AND Import_Export = 'Export') OR (Year = '2020' AND Quarter = 'Q2' AND Import_Export = 'Import') OR (Year = '2020' AND Quarter = 'Q3' AND Import_Export = 'Import') OR (Year = '2021' AND Quarter = 'Q3' AND Import_Export = 'Import') OR (Year = '2020' AND Quarter = 'Q4' AND Import_Export = 'Import') OR (Year = '2020' AND Quarter = 'Q4' AND Import_Export = 'Export')) AND ((Category = 'Beverage' AND Item = 'Coffee'))",
 "sqlResult": "{59} || {806} || {770} || {300} || {581} || {402}",
 "nlq": "What is the amount of Import of Coffee in Q2, Q3, or Q4 of 2020 or Q3 of 2021 or of Export of Coffee in Q1 or Q4 of 2020?"},
{"name": "template 4",
 "sql": "SELECT sum(Value),avg(Value) FROM DBdata WHERE ((Year = '2021' AND Quarter = 'Q2' AND Import_Export = 'Export') OR (Year = '2021' AND Quarter = 'Q4' AND Import_Export = 'Export') OR (Year = '2022' AND Quarter = 'Q4' AND Import_Export = 'Import')) AND ((Category = 'Dairy' AND Item = 'Cheese'))",
 "sqlResult": "{1368 | 456}",
 "nlq": "What are the total and average amounts of Export of Cheese in Q2 or Q4 of 2021 or of Import of Cheese in Q4 of 2022?"},
{"name": "template 6",
 "sql": "SELECT Value FROM DBdata WHERE ((Year = '2021' AND Quarter = 'Q4' AND Import_Export = 'Import') OR (Year = '2022' AND Quarter = 'Q4' AND Import_Export = 'Export')) AND ((Category = 'Dairy' AND Item = 'Butter') OR (Category = 'Dairy' AND Item = 'Cheese') OR (Category = 'Beverage' AND Item = 'Coffee') OR (Category = 'Beverage' AND Item = 'Tea'))",
 "sqlResult": "{570} || {135} || {852} || {585} || {924} || {253} || {674} || {249}",
 "nlq": "What is the amount of Import of Butter, Cheese, Coffee, or Tea in Q4 of 2021 or of Export of Butter, Cheese, Coffee, or Tea in Q4 of 2022?"},
{"name": "template 7",
 "sql": "SELECT min(Value),max(Value) FROM DBdata WHERE ((Year = '2022' AND Quarter = 'Q2' AND Import_Export = 'Import')) AND ((Category = 'Dairy' AND Item = 'Cream') OR (Category = 'Beverage' AND Item = 'Coffee') OR (Category = 'Beverage' AND Item = 'Soda'))",
 "sqlResult": "{243 | 889}",
 "nlq": "What are the minimum and maximum amounts of Import of Coffee, Cream, or Soda in Q2 of 2022?"},
{"name": "template 8",
 "sql": "SELECT Year,Quarter,Import_Export,avg(Value),sum(Value) FROM DBdata WHERE ((Year = '2022' AND Quarter = 'Q3' AND Import_Export = 'Export') OR (Year = '2020' AND Quarter = 'Q4' AND Import_Export = 'Import') OR (Year = '2020' AND Quarter = 'Q4' AND Import_Export = 'Export') OR (Year = '2021' AND Quarter = 'Q4' AND Import_Export = 'Export')) AND ((Category = 'Dairy' AND Item = 'Butter') OR (Category = 'Dairy' AND Item = 'Cheese') OR (Category = 'Beverage' AND Item = 'Coffee') OR (Category = 'Beverage' AND Item = 'Soda')) GROUP BY Year,Quarter,Import_Export",
 "sqlResult": "{2020 | Q4 | Export | 570.75 | 2283} || {2020 | Q4 | Import | 520 | 2080} || {2021 | Q4 | Export | 340.75 | 1363} || {2022 | Q3 | Export | 591.25 | 2365}",
 "nlq": "What are the average and total amounts for each Year, Quarter, and Import-Export, of Export of Butter, Cheese, Coffee, or Soda in Q3 of 2022 or Q4 of 2021 or of Export or Import of Butter, Cheese, Coffee, or Soda in Q4 of 2020? Please, report the corresponding Year, Quarter, and Import-Export."},
{"name": "template 9",
 "sql": "SELECT min(Value) FROM DBdata WHERE ((Year = '2020' AND Quarter = 'Q2' AND Import_Export = 'Export')) AND (Category IN ('Dairy','Beverage')) GROUP BY Category",
 "sqlResult": "{225} || {85}",
 "nlq": "What is the minimum amount for each Category, of Export of Beverage or Dairy in Q2 of 2020?"},
{"name": "template 10",
 "sql": "SELECT Category,avg(Value) FROM DBdata WHERE ((Year = '2022' AND Quarter = 'Q3' AND Import_Export = 'Export')) AND (Category IN ('Dairy','Beverage')) GROUP BY Category",
 "sqlResult": "{Beverage | 692} || {Dairy | 660.33}",
 "nlq": "What is the average amount for each Category, of Export of Beverage or Dairy in Q3 of 2022? Please, report the corresponding Category."},
{"name": "template 11",
 "sql": "SELECT Category,Year,Quarter,Import_Export,max(Value) FROM DBdata WHERE ((Year = '2021' AND Quarter = 'Q1' AND Import_Export = 'Export') OR (Year = '2020' AND Quarter = 'Q2' AND Import_Export = 'Export') OR (Year = '2021' AND Quarter = 'Q2' AND Import_Export = 'Import')) AND (Category IN ('Dairy','Beverage')) GROUP BY Category,Year,Quarter,Import_Export",
 "sqlResult": "{Beverage | 2020 | Q2 | Export | 545} || {Beverage | 2021 | Q1 | Export | 938} || {Beverage | 2021 | Q2 | Import | 980} || {Dairy | 2020 | Q2 | Export | 321} || {Dairy | 2021 | Q1 | Export | 807} || {Dairy | 2021 | Q2 | Import | 724}",
 "nlq": "What is the maximum amount for each Category, Year, Quarter, and Import-Export, of Export of Beverage or Dairy in Q1 of 2021 or Q2 of 2020 or of Import of Beverage or Dairy in Q2 of 2021? Please, report the corresponding Category, Year, Quarter, and Import-Export."},
{"name": "template 12",
 "sql": "SELECT Value FROM DBdata WHERE ((Year = '2021' AND Quarter = 'Q1' AND Import_Export = 'Export')) AND (Category IN ('Dairy','Beverage')) ORDER BY VALUE ASC LIMIT 4",
 "sqlResult": "{566} || {660} || {680} || {807}",
 "nlq": "What are the bottom 4 amounts of Export of Beverage or Dairy in Q1 of 2021?"},
{"name": "template 13",
 "sql": "SELECT Value FROM DBdata WHERE ((Year = '2020' AND Quarter = 'Q3' AND Import_Export = 'Export')) AND (Category IN ('Dairy','Beverage')) ORDER BY VALUE DESC",
 "sqlResult": "{788} || {697} || {692} || {491} || {297} || {51}",
 "nlq": "What are the amounts ordered by decreasing values of Export of Beverage or Dairy in Q3 of 2020?"},
{"name": "template 14",
 "sql": "SELECT Category,Item FROM DBdata WHERE ((Year = '2021' AND Quarter = 'Q4' AND Import_Export = 'Export')) AND Value > 474.28",
 "sqlResult": "{Dairy | Butter} || {Beverage | Coffee} || {Beverage | Tea}",
 "nlq": "What are the Category and Item for which the amount of Export in Q4 of 2021 is greater than 474.28?"},
{"name": "template 15",
 "sql": "SELECT Category,Item,Value FROM DBdata WHERE ((Year = '2022' AND Quarter = 'Q2' AND Import_Export = 'Export')) AND (Category,Item) IN (SELECT Category,Item FROM DBdata WHERE ((Year = '2021' AND Quarter = 'Q4' AND Import_Export = 'Export')) AND Value > 474.28)",
 "sqlResult": "{Dairy | Butter | 261} || {Beverage | Coffee | 920} || {Beverage | Tea | 911}",
 "nlq": "What is the amount of Export in Q2 of 2022 of Category and of Item for which the amount of Export in Q4 of 2021 is greater than 474.28? Please, report the corresponding Category, Item, and amount of import-export."}]
}
