AAdvw-AAlpq,BB,CC,DD,EE,Value
AA,BB,CC,DD,EE,Value
AAdvw,BBbtx,CCqty,DDctx,EEgny,444
AAlpq,BBbtx,CCqty,DDctx,EEgny,488
AAdvw,BBbdm,CCqty,DDctx,EEgny,950
AAlpq,BBbdm,CCqty,DDctx,EEgny,225
AAdvw,BBbtx,CCjpt,DDctx,EEgny,842
AAlpq,BBbtx,CCjpt,DDctx,EEgny,42
AAdvw,BBbdm,CCjpt,DDctx,EEgny,142
AAlpq,BBbdm,CCjpt,DDctx,EEgny,463
AAdvw,BBbtx,CCgty,DDctx,EEgny,391
AAlpq,BBbtx,CCgty,DDctx,EEgny,957
AAdvw,BBbdm,CCgty,DDctx,EEgny,841
AAlpq,BBbdm,CCgty,DDctx,EEgny,982
AAdvw,BBbtx,CCjkq,DDctx,EEgny,626
AAlpq,BBbtx,CCjkq,DDctx,EEgny,329
AAdvw,BBbdm,CCjkq,DDctx,EEgny,293
AAlpq,BBbdm,CCjkq,DDctx,EEgny,638
AAdvw,BBbtx,CCqty,DDctx,EEbgr,616
AAlpq,BBbtx,CCqty,DDctx,EEbgr,123
AAdvw,BBbdm,CCqty,DDctx,EEbgr,170
AAlpq,BBbdm,CCqty,DDctx,EEbgr,788
AAdvw,BBbtx,CCjpt,DDctx,EEbgr,900
AAlpq,BBbtx,CCjpt,DDctx,EEbgr,523
AAdvw,BBbdm,CCjpt,DDctx,EEbgr,365
AAlpq,BBbdm,CCjpt,DDctx,EEbgr,77
AAdvw,BBbtx,CCgty,DDctx,EEbgr,277
AAlpq,BBbtx,CCgty,DDctx,EEbgr,547
AAdvw,BBbdm,CCgty,DDctx,EEbgr,773
AAlpq,BBbdm,CCgty,DDctx,EEbgr,359
AAdvw,BBbtx,CCjkq,DDctx,EEbgr,487
AAlpq,BBbtx,CCjkq,DDctx,EEbgr,658
AAdvw,BBbdm,CCjkq,DDctx,EEbgr,969
AAlpq,BBbdm,CCjkq,DDctx,EEbgr,210
AAdvw,BBbtx,CCqty,DDdvy,EEgkr,92
AAlpq,BBbtx,CCqty,DDdvy,EEgkr,15
AAdvw,BBbdm,CCqty,DDdvy,EEgkr,991
AAlpq,BBbdm,CCqty,DDdvy,EEgkr,139
AAdvw,BBbtx,CCjpt,DDdvy,EEgkr,458
AAlpq,BBbtx,CCjpt,DDdvy,EEgkr,220
AAdvw,BBbdm,CCjpt,DDdvy,EEgkr,670
AAlpq,BBbdm,CCjpt,DDdvy,EEgkr,625
AAdvw,BBbtx,CCgty,DDdvy,EEgkr,156
AAlpq,BBbtx,CCgty,DDdvy,EEgkr,60
AAdvw,BBbdm,CCgty,DDdvy,EEgkr,848
AAlpq,BBbdm,CCgty,DDdvy,EEgkr,376
AAdvw,BBbtx,CCjkq,DDdvy,EEgkr,789
AAlpq,BBbtx,CCjkq,DDdvy,EEgkr,867
AAdvw,BBbdm,CCjkq,DDdvy,EEgkr,468
AAlpq,BBbdm,CCjkq,DDdvy,EEgkr,703
AAdvw,BBbtx,CCqty,DDdvy,EEbrx,825
AAlpq,BBbtx,CCqty,DDdvy,EEbrx,642
AAdvw,BBbdm,CCqty,DDdvy,EEbrx,43
AAlpq,BBbdm,CCqty,DDdvy,EEbrx,725
AAdvw,BBbtx,CCjpt,DDdvy,EEbrx,775
AAlpq,BBbtx,CCjpt,DDdvy,EEbrx,279
AAdvw,BBbdm,CCjpt,DDdvy,EEbrx,705
AAlpq,BBbdm,CCjpt,DDdvy,EEbrx,921
AAdvw,BBbtx,CCgty,DDdvy,EEbrx,309
AAlpq,BBbtx,CCgty,DDdvy,EEbrx,559
AAdvw,BBbdm,CCgty,DDdvy,EEbrx,978
AAlpq,BBbdm,CCgty,DDdvy,EEbrx,330
AAdvw,BBbtx,CCjkq,DDdvy,EEbrx,130
AAlpq,BBbtx,CCjkq,DDdvy,EEbrx,49
AAdvw,BBbdm,CCjkq,DDdvy,EEbrx,152
AAlpq,BBbdm,CCjkq,DDdvy,EEbrx,197
AAdvw,BBbtx,CCqty,DDdtw,EEcdv,131
AAlpq,BBbtx,CCqty,DDdtw,EEcdv,34
AAdvw,BBbdm,CCqty,DDdtw,EEcdv,605
AAlpq,BBbdm,CCqty,DDdtw,EEcdv,191
AAdvw,BBbtx,CCjpt,DDdtw,EEcdv,631
AAlpq,BBbtx,CCjpt,DDdtw,EEcdv,430
AAdvw,BBbdm,CCjpt,DDdtw,EEcdv,360
AAlpq,BBbdm,CCjpt,DDdtw,EEcdv,535
AAdvw,BBbtx,CCgty,DDdtw,EEcdv,520
AAlpq,BBbtx,CCgty,DDdtw,EEcdv,562
AAdvw,BBbdm,CCgty,DDdtw,EEcdv,786
AAlpq,BBbdm,CCgty,DDdtw,EEcdv,930
AAdvw,BBbtx,CCjkq,DDdtw,EEcdv,967
AAlpq,BBbtx,CCjkq,DDdtw,EEcdv,204
AAdvw,BBbdm,CCjkq,DDdtw,EEcdv,785
AAlpq,BBbdm,CCjkq,DDdtw,EEcdv,400
AAdvw,BBbtx,CCqty,DDdtw,EEdqz,255
AAlpq,BBbtx,CCqty,DDdtw,EEdqz,543
AAdvw,BBbdm,CCqty,DDdtw,EEdqz,866
AAlpq,BBbdm,CCqty,DDdtw,EEdqz,699
AAdvw,BBbtx,CCjpt,DDdtw,EEdqz,679
AAlpq,BBbtx,CCjpt,DDdtw,EEdqz,686
AAdvw,BBbdm,CCjpt,DDdtw,EEdqz,340
AAlpq,BBbdm,CCjpt,DDdtw,EEdqz,962
AAdvw,BBbtx,CCgty,DDdtw,EEdqz,832
AAlpq,BBbtx,CCgty,DDdtw,EEdqz,817
AAdvw,BBbdm,CCgty,DDdtw,EEdqz,331
AAlpq,BBbdm,CCgty,DDdtw,EEdqz,914
AAdvw,BBbtx,CCjkq,DDdtw,EEdqz,420
AAlpq,BBbtx,CCjkq,DDdtw,EEdqz,690
AAdvw,BBbdm,CCjkq,DDdtw,EEdqz,206
AAlpq,BBbdm,CCjkq,DDdtw,EEdqz,67
AAdvw,BBbtx,CCqty,DDdtw,EEcmq,495
AAlpq,BBbtx,CCqty,DDdtw,EEcmq,863
AAdvw,BBbdm,CCqty,DDdtw,EEcmq,200
AAlpq,BBbdm,CCqty,DDdtw,EEcmq,413
AAdvw,BBbtx,CCjpt,DDdtw,EEcmq,965
AAlpq,BBbtx,CCjpt,DDdtw,EEcmq,387
AAdvw,BBbdm,CCjpt,DDdtw,EEcmq,678
AAlpq,BBbdm,CCjpt,DDdtw,EEcmq,480
AAdvw,BBbtx,CCgty,DDdtw,EEcmq,253
AAlpq,BBbtx,CCgty,DDdtw,EEcmq,557
AAdvw,BBbdm,CCgty,DDdtw,EEcmq,241
AAlpq,BBbdm,CCgty,DDdtw,EEcmq,855
AAdvw,BBbtx,CCjkq,DDdtw,EEcmq,654
AAlpq,BBbtx,CCjkq,DDdtw,EEcmq,953
AAdvw,BBbdm,CCjkq,DDdtw,EEcmq,560
AAlpq,BBbdm,CCjkq,DDdtw,EEcmq,405

