AAkt-AApr,BB,CC,DD,Value
AA,BB,CC,DD,Value
AAkt,BBkq,CCgh,DDdy,779
AApr,BBkq,CCgh,DDdy,481
AAkt,BBbd,CCgh,DDdy,751
AApr,BBbd,CCgh,DDdy,502
AAkt,BBkq,CCgh,DDfw,130
AApr,BBkq,CCgh,DDfw,247
AAkt,BBbd,CCgh,DDfw,844
AApr,BBbd,CCgh,DDfw,586
AAkt,BBkq,CCgh,DDjm,233
AApr,BBkq,CCgh,DDjm,320
AAkt,BBbd,CCgh,DDjm,812
AApr,BBbd,CCgh,DDjm,835
AAkt,BBkq,CCjs,DDvz,687
AApr,BBkq,CCjs,DDvz,133
AAkt,BBbd,CCjs,DDvz,596
AApr,BBbd,CCjs,DDvz,725
AAkt,BBkq,CCjs,DDbg,862
AApr,BBkq,CCjs,DDbg,232
AAkt,BBbd,CCjs,DDbg,267
AApr,BBbd,CCjs,DDbg,837
AAkt,BBkq,CCrs,DDfh,416
AApr,BBkq,CCrs,DDfh,184
AAkt,BBbd,CCrs,DDfh,421
AApr,BBbd,CCrs,DDfh,265
AAkt,BBkq,CCrs,DDtz,679
AApr,BBkq,CCrs,DDtz,248
AAkt,BBbd,CCrs,DDtz,602
AApr,BBbd,CCrs,DDtz,428

