AAtwx-AAdgm,BB,CC,DD,EE,Value
AA,BB,CC,DD,EE,Value
AAtwx,BBtwy,CCjmq,DDmrz,EElrx,614
AAdgm,BBtwy,CCjmq,DDmrz,EElrx,534
AAtwx,BBbch,CCjmq,DDmrz,EElrx,267
AAdgm,BBbch,CCjmq,DDmrz,EElrx,111
AAtwx,BBtwy,CCjtw,DDmrz,EElrx,777
AAdgm,BBtwy,CCjtw,DDmrz,EElrx,124
AAtwx,BBbch,CCjtw,DDmrz,EElrx,728
AAdgm,BBbch,CCjtw,DDmrz,EElrx,901
AAtwx,BBtwy,CCfxz,DDmrz,EElrx,386
AAdgm,BBtwy,CCfxz,DDmrz,EElrx,338
AAtwx,BBbch,CCfxz,DDmrz,EElrx,858
AAdgm,BBbch,CCfxz,DDmrz,EElrx,57
AAtwx,BBtwy,CCgkq,DDmrz,EElrx,649
AAdgm,BBtwy,CCgkq,DDmrz,EElrx,268
AAtwx,BBbch,CCgkq,DDmrz,EElrx,431
AAdgm,BBbch,CCgkq,DDmrz,EElrx,658
AAtwx,BBtwy,CCjmq,DDmrz,EEmxy,748
AAdgm,BBtwy,CCjmq,DDmrz,EEmxy,850
AAtwx,BBbch,CCjmq,DDmrz,EEmxy,545
AAdgm,BBbch,CCjmq,DDmrz,EEmxy,377
AAtwx,BBtwy,CCjtw,DDmrz,EEmxy,94
AAdgm,BBtwy,CCjtw,DDmrz,EEmxy,948
AAtwx,BBbch,CCjtw,DDmrz,EEmxy,542
AAdgm,BBbch,CCjtw,DDmrz,EEmxy,911
AAtwx,BBtwy,CCfxz,DDmrz,EEmxy,829
AAdgm,BBtwy,CCfxz,DDmrz,EEmxy,474
AAtwx,BBbch,CCfxz,DDmrz,EEmxy,613
AAdgm,BBbch,CCfxz,DDmrz,EEmxy,863
AAtwx,BBtwy,CCgkq,DDmrz,EEmxy,366
AAdgm,BBtwy,CCgkq,DDmrz,EEmxy,187
AAtwx,BBbch,CCgkq,DDmrz,EEmxy,517
AAdgm,BBbch,CCgkq,DDmrz,EEmxy,261
AAtwx,BBtwy,CCjmq,DDmrz,EEgkw,508
AAdgm,BBtwy,CCjmq,DDmrz,EEgkw,273
AAtwx,BBbch,CCjmq,DDmrz,EEgkw,121
AAdgm,BBbch,CCjmq,DDmrz,EEgkw,381
AAtwx,BBtwy,CCjtw,DDmrz,EEgkw,74
AAdgm,BBtwy,CCjtw,DDmrz,EEgkw,500
AAtwx,BBbch,CCjtw,DDmrz,EEgkw,740
AAdgm,BBbch,CCjtw,DDmrz,EEgkw,176
AAtwx,BBtwy,CCfxz,DDmrz,EEgkw,766
AAdgm,BBtwy,CCfxz,DDmrz,EEgkw,480
AAtwx,BBbch,CCfxz,DDmrz,EEgkw,488
AAdgm,BBbch,CCfxz,DDmrz,EEgkw,233
AAtwx,BBtwy,CCgkq,DDmrz,EEgkw,561
AAdgm,BBtwy,CCgkq,DDmrz,EEgkw,548
AAtwx,BBbch,CCgkq,DDmrz,EEgkw,905
AAdgm,BBbch,CCgkq,DDmrz,EEgkw,216
AAtwx,BBtwy,CCjmq,DDctz,EEmpx,581
AAdgm,BBtwy,CCjmq,DDctz,EEmpx,243
AAtwx,BBbch,CCjmq,DDctz,EEmpx,880
AAdgm,BBbch,CCjmq,DDctz,EEmpx,605
AAtwx,BBtwy,CCjtw,DDctz,EEmpx,509
AAdgm,BBtwy,CCjtw,DDctz,EEmpx,609
AAtwx,BBbch,CCjtw,DDctz,EEmpx,772
AAdgm,BBbch,CCjtw,DDctz,EEmpx,369
AAtwx,BBtwy,CCfxz,DDctz,EEmpx,32
AAdgm,BBtwy,CCfxz,DDctz,EEmpx,828
AAtwx,BBbch,CCfxz,DDctz,EEmpx,305
AAdgm,BBbch,CCfxz,DDctz,EEmpx,93
AAtwx,BBtwy,CCgkq,DDctz,EEmpx,922
AAdgm,BBtwy,CCgkq,DDctz,EEmpx,321
AAtwx,BBbch,CCgkq,DDctz,EEmpx,441
AAdgm,BBbch,CCgkq,DDctz,EEmpx,691
AAtwx,BBtwy,CCjmq,DDctz,EEdfk,840
AAdgm,BBtwy,CCjmq,DDctz,EEdfk,647
AAtwx,BBbch,CCjmq,DDctz,EEdfk,15
AAdgm,BBbch,CCjmq,DDctz,EEdfk,85
AAtwx,BBtwy,CCjtw,DDctz,EEdfk,92
AAdgm,BBtwy,CCjtw,DDctz,EEdfk,299
AAtwx,BBbch,CCjtw,DDctz,EEdfk,707
AAdgm,BBbch,CCjtw,DDctz,EEdfk,291
AAtwx,BBtwy,CCfxz,DDctz,EEdfk,806
AAdgm,BBtwy,CCfxz,DDctz,EEdfk,429
AAtwx,BBbch,CCfxz,DDctz,EEdfk,535
AAdgm,BBbch,CCfxz,DDctz,EEdfk,426
AAtwx,BBtwy,CCgkq,DDctz,EEdfk,998
AAdgm,BBtwy,CCgkq,DDctz,EEdfk,73
AAtwx,BBbch,CCgkq,DDctz,EEdfk,809
AAdgm,BBbch,CCgkq,DDctz,EEdfk,557
AAtwx,BBtwy,CCjmq,DDkvy,EEgjp,483
AAdgm,BBtwy,CCjmq,DDkvy,EEgjp,522
AAtwx,BBbch,CCjmq,DDkvy,EEgjp,664
AAdgm,BBbch,CCjmq,DDkvy,EEgjp,159
AAtwx,BBtwy,CCjtw,DDkvy,EEgjp,810
AAdgm,BBtwy,CCjtw,DDkvy,EEgjp,551
AAtwx,BBbch,CCjtw,DDkvy,EEgjp,128
AAdgm,BBbch,CCjtw,DDkvy,EEgjp,387
AAtwx,BBtwy,CCfxz,DDkvy,EEgjp,494
AAdgm,BBtwy,CCfxz,DDkvy,EEgjp,585
AAtwx,BBbch,CCfxz,DDkvy,EEgjp,774
AAdgm,BBbch,CCfxz,DDkvy,EEgjp,831
AAtwx,BBtwy,CCgkq,DDkvy,EEgjp,805
AAdgm,BBtwy,CCgkq,DDkvy,EEgjp,576
AAtwx,BBbch,CCgkq,DDkvy,EEgjp,330
AAdgm,BBbch,CCgkq,DDkvy,EEgjp,326
AAtwx,BBtwy,CCjmq,DDkvy,EEbnw,238
AAdgm,BBtwy,CCjmq,DDkvy,EEbnw,317
AAtwx,BBbch,CCjmq,DDkvy,EEbnw,170
AAdgm,BBbch,CCjmq,DDkvy,EEbnw,737
AAtwx,BBtwy,CCjtw,DDkvy,EEbnw,64
AAdgm,BBtwy,CCjtw,DDkvy,EEbnw,225
AAtwx,BBbch,CCjtw,DDkvy,EEbnw,925
AAdgm,BBbch,CCjtw,DDkvy,EEbnw,185
AAtwx,BBtwy,CCfxz,DDkvy,EEbnw,860
AAdgm,BBtwy,CCfxz,DDkvy,EEbnw,207
AAtwx,BBbch,CCfxz,DDkvy,EEbnw,227
AAdgm,BBbch,CCfxz,DDkvy,EEbnw,673
AAtwx,BBtwy,CCgkq,DDkvy,EEbnw,862
AAdgm,BBtwy,CCgkq,DDkvy,EEbnw,114
AAtwx,BBbch,CCgkq,DDkvy,EEbnw,709
AAdgm,BBbch,CCgkq,DDkvy,EEbnw,599
AAtwx,BBtwy,CCjmq,DDkvy,EEmrv,122
AAdgm,BBtwy,CCjmq,DDkvy,EEmrv,564
AAtwx,BBbch,CCjmq,DDkvy,EEmrv,143
AAdgm,BBbch,CCjmq,DDkvy,EEmrv,684
AAtwx,BBtwy,CCjtw,DDkvy,EEmrv,349
AAdgm,BBtwy,CCjtw,DDkvy,EEmrv,983
AAtwx,BBbch,CCjtw,DDkvy,EEmrv,974
AAdgm,BBbch,CCjtw,DDkvy,EEmrv,258
AAtwx,BBtwy,CCfxz,DDkvy,EEmrv,63
AAdgm,BBtwy,CCfxz,DDkvy,EEmrv,213
AAtwx,BBbch,CCfxz,DDkvy,EEmrv,864
AAdgm,BBbch,CCfxz,DDkvy,EEmrv,944
AAtwx,BBtwy,CCgkq,DDkvy,EEmrv,460
AAdgm,BBtwy,CCgkq,DDkvy,EEmrv,307
AAtwx,BBbch,CCgkq,DDkvy,EEmrv,59
AAdgm,BBbch,CCgkq,DDkvy,EEmrv,895

