{
"filename": "Food_import-export_in_tons_set147_2_DB.csv",
"questions": [{"name": "template 1",
 "sql": "SELECT Value FROM DBdata WHERE ((Import_Export = 'Import' AND Year = '2016' AND Quarter = 'Q4')) AND ((Category = 'Beverage' AND Item = 'Soda'))",
 "sqlResult": "{978}",
 "nlq": "What is the amount of Import of Soda in Q4 of 2016?"},
{"name": "template 2",
 "sql": "SELECT Value FROM DBdata WHERE ((Import_Export = 'Export' AND Year = '2015' AND Quarter = 'Q3')) AND ((Category = 'Dairy' AND Item = 'Cream') OR (Category = 'Beverage' AND Item = 'Tea') OR (Category = 'Beverage' AND Item = 'Soda') OR (Category = 'Beverage' AND Item = 'Juice'))",
 "sqlResult": "{216} || {851} || {422} || {267}",
 "nlq": "What is the amount of Export of Cream, Juice, Soda, or Tea in Q3 of 2015?"},
{"name": "template 3",
 "sql": "SELECT Value FROM DBdata WHERE ((Import_Export = 'Import' AND Year = '2015' AND Quarter = 'Q2') OR (Import_Export = 'Export' AND Year = '2016' AND Quarter = 'Q2') OR (Import_Export = 'Import' AND Year = '2016' AND Quarter = 'Q3') OR (Import_Export = 'Export' AND Year = '2016' AND Quarter = 'Q4')) AND ((Category = 'Dairy' AND Item = 'Cream'))",
 "sqlResult": "{215} || {539} || {413} || {24}",
 "nlq": "What is the amount of Import of Cream in Q2 of 2015 or Q3 of 2016 or of Export of Cream in Q2 or Q4 of 2016?"},
{"name": "template 4",
 "sql": "SELECT avg(Value),max(Value) FROM DBdata WHERE ((Import_Export = 'Import' AND Year = '2015' AND Quarter = 'Q1') OR (Import_Export = 'Export' AND Year = '2016' AND Quarter = 'Q1') OR (Import_Export = 'Export' AND Year = '2016' AND Quarter = 'Q2') OR (Import_Export = 'Export' AND Year = '2015' AND Quarter = 'Q3')) AND ((Category = 'Beverage' AND Item = 'Tea'))",
 "sqlResult": "{543.25 | 851}",
 "nlq": "What are the average and maximum amounts of Export of Tea in Q1 or Q2 of 2016 or Q3 of 2015 or of Import of Tea in Q1 of 2015?"},
{"name": "template 6",
 "sql": "SELECT Value FROM DBdata WHERE ((Import_Export = 'Export' AND Year = '2016' AND Quarter = 'Q1') OR (Import_Export = 'Import' AND Year = '2015' AND Quarter = 'Q2') OR (Import_Export = 'Import' AND Year = '2016' AND Quarter = 'Q2') OR (Import_Export = 'Import' AND Year = '2016' AND Quarter = 'Q3') OR (Import_Export = 'Export' AND Year = '2016' AND Quarter = 'Q3')) AND ((Category = 'Dairy' AND Item = 'Butter') OR (Category = 'Beverage' AND Item = 'Tea') OR (Category = 'Beverage' AND Item = 'Soda'))",
 "sqlResult": "{866} || {584} || {624} || {176} || {347} || {128} || {942} || {72} || {101} || {603} || {159} || {902} || {742} || {835} || {700}",
 "nlq": "What is the amount of Import of Butter, Soda, or Tea in Q2 of 2015 or 2016 or Q3 of 2016 or of Export of Butter, Soda, or Tea in Q1 or Q3 of 2016?"},
{"name": "template 7",
 "sql": "SELECT max(Value),sum(Value) FROM DBdata WHERE ((Import_Export = 'Import' AND Year = '2015' AND Quarter = 'Q3')) AND ((Category = 'Dairy' AND Item = 'Cream') OR (Category = 'Beverage' AND Item = 'Tea'))",
 "sqlResult": "{898 | 951}",
 "nlq": "What are the maximum and total amounts of Import of Cream or Tea in Q3 of 2015?"},
{"name": "template 8",
 "sql": "SELECT Import_Export,Year,Quarter,max(Value),min(Value) FROM DBdata WHERE ((Import_Export = 'Import' AND Year = '2015' AND Quarter = 'Q1') OR (Import_Export = 'Export' AND Year = '2015' AND Quarter = 'Q1') OR (Import_Export = 'Import' AND Year = '2015' AND Quarter = 'Q2') OR (Import_Export = 'Export' AND Year = '2015' AND Quarter = 'Q2') OR (Import_Export = 'Export' AND Year = '2015' AND Quarter = 'Q3')) AND ((Category = 'Dairy' AND Item = 'Butter') OR (Category = 'Dairy' AND Item = 'Cream') OR (Category = 'Beverage' AND Item = 'Soda') OR (Category = 'Beverage' AND Item = 'Juice')) GROUP BY Import_Export,Year,Quarter",
 "sqlResult": "{Export | 2015 | Q1 | 841 | 543} || {Export | 2015 | Q2 | 949 | 491} || {Export | 2015 | Q3 | 422 | 216} || {Import | 2015 | Q1 | 994 | 111} || {Import | 2015 | Q2 | 902 | 215}",
 "nlq": "What are the maximum and minimum amounts for each Import-Export, Year, and Quarter, of Export or Import of Butter, Cream, Juice, or Soda in Q1 or Q2 of 2015 or of Export of Butter, Cream, Juice, or Soda in Q3 of 2015? Please, report the corresponding Import-Export, Year, and Quarter."},
{"name": "template 9",
 "sql": "SELECT min(Value) FROM DBdata WHERE ((Import_Export = 'Import' AND Year = '2015' AND Quarter = 'Q2')) AND (Category IN ('Dairy','Beverage')) GROUP BY Category",
 "sqlResult": "{803} || {215}",
 "nlq": "What is the minimum amount for each Category, of Import of Beverage or Dairy in Q2 of 2015?"},
{"name": "template 10",
 "sql": "SELECT Category,sum(Value) FROM DBdata WHERE ((Import_Export = 'Export' AND Year = '2015' AND Quarter = 'Q3')) AND (Category IN ('Dairy','Beverage')) GROUP BY Category",
 "sqlResult": "{Beverage | 1540} || {Dairy | 488}",
 "nlq": "What is the total amount for each Category, of Export of Beverage or Dairy in Q3 of 2015? Please, report the corresponding Category."},
{"name": "template 11",
 "sql": "SELECT Category,Import_Export,Year,Quarter,avg(Value) FROM DBdata WHERE ((Import_Export = 'Export' AND Year = '2015' AND Quarter = 'Q1') OR (Import_Export = 'Export' AND Year = '2015' AND Quarter = 'Q2') OR (Import_Export = 'Export' AND Year = '2016' AND Quarter = 'Q2')) AND (Category IN ('Dairy','Beverage')) GROUP BY Category,Import_Export,Year,Quarter",
 "sqlResult": "{Beverage | Export | 2015 | Q1 | 610.67} || {Beverage | Export | 2015 | Q2 | 641} || {Beverage | Export | 2016 | Q2 | 253.67} || {Dairy | Export | 2015 | Q1 | 710.5} || {Dairy | Export | 2015 | Q2 | 606.5} || {Dairy | Export | 2016 | Q2 | 519}",
 "nlq": "What is the average amount for each Category, Import-Export, Year, and Quarter, of Export of Beverage or Dairy in Q1 or Q2 of 2015 or Q2 of 2016? Please, report the corresponding Category, Import-Export, Year, and Quarter."},
{"name": "template 12",
 "sql": "SELECT Value FROM DBdata WHERE ((Import_Export = 'Import' AND Year = '2016' AND Quarter = 'Q3')) AND (Category IN ('Dairy','Beverage')) ORDER BY VALUE DESC LIMIT 4",
 "sqlResult": "{835} || {747} || {413} || {176}",
 "nlq": "What are the top 4 amounts of Import of Beverage or Dairy in Q3 of 2016?"},
{"name": "template 13",
 "sql": "SELECT Value FROM DBdata WHERE ((Import_Export = 'Export' AND Year = '2016' AND Quarter = 'Q1')) AND (Category IN ('Dairy','Beverage')) ORDER BY VALUE DESC",
 "sqlResult": "{866} || {515} || {477} || {159} || {128}",
 "nlq": "What are the amounts ordered by decreasing values of Export of Beverage or Dairy in Q1 of 2016?"},
{"name": "template 14",
 "sql": "SELECT Category,Item FROM DBdata WHERE ((Import_Export = 'Import' AND Year = '2015' AND Quarter = 'Q1')) AND Value < 521.39",
 "sqlResult": "{Dairy | Cream} || {Beverage | Juice}",
 "nlq": "What are the Category and Item for which the amount of Import in Q1 of 2015 is lower than 521.39?"},
{"name": "template 15",
 "sql": "SELECT Category,Item,Value FROM DBdata WHERE ((Import_Export = 'Import' AND Year = '2016' AND Quarter = 'Q1')) AND (Category,Item) IN (SELECT Category,Item FROM DBdata WHERE ((Import_Export = 'Import' AND Year = '2015' AND Quarter = 'Q1')) AND Value < 521.39)",
 "sqlResult": "{Dairy | Cream | 434} || {Beverage | Juice | 957}",
 "nlq": "What is the amount of Import in Q1 of 2016 of Category and of Item for which the amount of Import in Q1 of 2015 is lower than 521.39? Please, report the corresponding Category, Item, and amount of import-export."}]
}
