{
"filename": "Food_import-export_in_tons_set137_2_DB.csv",
"questions": [{"name": "template 1",
 "sql": "SELECT Value FROM DBdata WHERE ((Import_Export = 'Import' AND Year = '2016')) AND ((Category = 'Dairy' AND Item = 'Butter'))",
 "sqlResult": "{120}",
 "nlq": "What is the amount of Import of Butter in 2016?"},
{"name": "template 2",
 "sql": "SELECT Value FROM DBdata WHERE ((Import_Export = 'Import' AND Year = '2017')) AND ((Category = 'Dairy' AND Item = 'Cream') OR (Category = 'Dairy' AND Item = 'Cheese') OR (Category = 'Beverage' AND Item = 'Soda'))",
 "sqlResult": "{172} || {920} || {414}",
 "nlq": "What is the amount of Import of Cheese, Cream, or Soda in 2017?"},
{"name": "template 3",
 "sql": "SELECT Value FROM DBdata WHERE ((Import_Export = 'Import' AND Year = '2016') OR (Import_Export = 'Export' AND Year = '2017')) AND ((Category = 'Beverage' AND Item = 'Juice'))",
 "sqlResult": "{54} || {754}",
 "nlq": "What is the amount of Import of Juice in 2016 or of Export of Juice in 2017?"},
{"name": "template 4",
 "sql": "SELECT max(Value),sum(Value) FROM DBdata WHERE ((Import_Export = 'Export' AND Year = '2016') OR (Import_Export = 'Import' AND Year = '2017') OR (Import_Export = 'Export' AND Year = '2017')) AND ((Category = 'Beverage' AND Item = 'Juice'))",
 "sqlResult": "{754 | 1346}",
 "nlq": "What are the maximum and total amounts of Export of Juice in 2016 or 2017 or of Import of Juice in 2017?"},
{"name": "template 5",
 "sql": "SELECT avg(Value) FROM DBdata WHERE Import_Export = 'Export' AND (Year IN ('2016','2017')) AND ((Category = 'Beverage' AND Item = 'Soda'))",
 "sqlResult": "{138}",
 "nlq": "What is the average amount of Export of Soda in 2016 or 2017?"},
{"name": "template 6",
 "sql": "SELECT Value FROM DBdata WHERE ((Import_Export = 'Import' AND Year = '2016') OR (Import_Export = 'Export' AND Year = '2016') OR (Import_Export = 'Import' AND Year = '2017') OR (Import_Export = 'Export' AND Year = '2017')) AND ((Category = 'Dairy' AND Item = 'Cream') OR (Category = 'Dairy' AND Item = 'Cheese') OR (Category = 'Beverage' AND Item = 'Soda') OR (Category = 'Beverage' AND Item = 'Juice'))",
 "sqlResult": "{819} || {473} || {172} || {662} || {208} || {303} || {920} || {456} || {922} || {79} || {414} || {197} || {54} || {519} || {73} || {754}",
 "nlq": "What is the amount of Export or Import of Cheese, Cream, Juice, or Soda in 2016 or 2017?"},
{"name": "template 7",
 "sql": "SELECT max(Value),avg(Value) FROM DBdata WHERE ((Import_Export = 'Export' AND Year = '2017')) AND ((Category = 'Dairy' AND Item = 'Butter') OR (Category = 'Dairy' AND Item = 'Cream') OR (Category = 'Dairy' AND Item = 'Cheese') OR (Category = 'Beverage' AND Item = 'Soda') OR (Category = 'Beverage' AND Item = 'Juice'))",
 "sqlResult": "{979 | 609.6}",
 "nlq": "What are the maximum and average amounts of Export of Butter, Cheese, Cream, Juice, or Soda in 2017?"},
{"name": "template 8",
 "sql": "SELECT Import_Export,Year,avg(Value),sum(Value) FROM DBdata WHERE ((Import_Export = 'Import' AND Year = '2016') OR (Import_Export = 'Export' AND Year = '2016') OR (Import_Export = 'Import' AND Year = '2017') OR (Import_Export = 'Export' AND Year = '2017')) AND ((Category = 'Dairy' AND Item = 'Butter') OR (Category = 'Dairy' AND Item = 'Cream') OR (Category = 'Dairy' AND Item = 'Cheese') OR (Category = 'Beverage' AND Item = 'Soda') OR (Category = 'Beverage' AND Item = 'Juice')) GROUP BY Import_Export,Year",
 "sqlResult": "{Export | 2016 | 466.4 | 2332} || {Export | 2017 | 609.6 | 3048} || {Import | 2016 | 424.6 | 2123} || {Import | 2017 | 441.2 | 2206}",
 "nlq": "What are the average and total amounts for each Import-Export and Year, of Export or Import of Butter, Cheese, Cream, Juice, or Soda in 2016 or 2017? Please, report the corresponding Import-Export and Year."},
{"name": "template 9",
 "sql": "SELECT min(Value) FROM DBdata WHERE ((Import_Export = 'Export' AND Year = '2017')) AND (Category IN ('Dairy','Beverage')) GROUP BY Category",
 "sqlResult": "{197} || {456}",
 "nlq": "What is the minimum amount for each Category, of Export of Beverage or Dairy in 2017?"},
{"name": "template 10",
 "sql": "SELECT Category,min(Value) FROM DBdata WHERE ((Import_Export = 'Export' AND Year = '2016')) AND (Category IN ('Dairy','Beverage')) GROUP BY Category",
 "sqlResult": "{Beverage | 79} || {Dairy | 303}",
 "nlq": "What is the minimum amount for each Category, of Export of Beverage or Dairy in 2016? Please, report the corresponding Category."},
{"name": "template 11",
 "sql": "SELECT Category,Import_Export,Year,avg(Value) FROM DBdata WHERE ((Import_Export = 'Export' AND Year = '2016') OR (Import_Export = 'Import' AND Year = '2017')) AND (Category IN ('Dairy','Beverage')) GROUP BY Category,Import_Export,Year",
 "sqlResult": "{Beverage | Export | 2016 | 299} || {Beverage | Import | 2017 | 243.5} || {Dairy | Export | 2016 | 578} || {Dairy | Import | 2017 | 573}",
 "nlq": "What is the average amount for each Category, Import-Export, and Year, of Export of Beverage or Dairy in 2016 or of Import of Beverage or Dairy in 2017? Please, report the corresponding Category, Import-Export, and Year."},
{"name": "template 12",
 "sql": "SELECT Value FROM DBdata WHERE ((Import_Export = 'Export' AND Year = '2016')) AND (Category IN ('Dairy','Beverage')) ORDER BY VALUE ASC LIMIT 2",
 "sqlResult": "{79} || {303}",
 "nlq": "What are the bottom 2 amounts of Export of Beverage or Dairy in 2016?"},
{"name": "template 13",
 "sql": "SELECT Value FROM DBdata WHERE ((Import_Export = 'Export' AND Year = '2016')) AND (Category IN ('Dairy','Beverage')) ORDER BY VALUE ASC",
 "sqlResult": "{79} || {303} || {473} || {519} || {958}",
 "nlq": "What are the amounts ordered by increasing values of Export of Beverage or Dairy in 2016?"},
{"name": "template 14",
 "sql": "SELECT Category,Item FROM DBdata WHERE ((Import_Export = 'Import' AND Year = '2016')) AND Value < 485.45",
 "sqlResult": "{Dairy | Butter} || {Dairy | Cheese} || {Beverage | Juice}",
 "nlq": "What are the Category and Item for which the amount of Import in 2016 is lower than 485.45?"},
{"name": "template 15",
 "sql": "SELECT Category,Item,Value FROM DBdata WHERE ((Import_Export = 'Export' AND Year = '2017')) AND (Category,Item) IN (SELECT Category,Item FROM DBdata WHERE ((Import_Export = 'Import' AND Year = '2016')) AND Value < 485.45)",
 "sqlResult": "{Dairy | Butter | 979} || {Dairy | Cheese | 456} || {Beverage | Juice | 754}",
 "nlq": "What is the amount of Export in 2017 of Category and of Item for which the amount of Import in 2016 is lower than 485.45? Please, report the corresponding Category, Item, and amount of import-export."}]
}
