AApsx-AAhjx,BB,CC,DD,EE,Value
AA,BB,CC,DD,EE,Value
AApsx,BBflm,CCbxy,DDfwx,EEdlz,965
AAhjx,BBflm,CCbxy,DDfwx,EEdlz,662
AApsx,BBbjx,CCbxy,DDfwx,EEdlz,377
AAhjx,BBbjx,CCbxy,DDfwx,EEdlz,924
AApsx,BBflm,CCbtw,DDfwx,EEdlz,341
AAhjx,BBflm,CCbtw,DDfwx,EEdlz,702
AApsx,BBbjx,CCbtw,DDfwx,EEdlz,893
AAhjx,BBbjx,CCbtw,DDfwx,EEdlz,490
AApsx,BBflm,CCbhr,DDfwx,EEdlz,246
AAhjx,BBflm,CCbhr,DDfwx,EEdlz,643
AApsx,BBbjx,CCbhr,DDfwx,EEdlz,726
AAhjx,BBbjx,CCbhr,DDfwx,EEdlz,819
AApsx,BBflm,CCjkv,DDfwx,EEdlz,70
AAhjx,BBflm,CCjkv,DDfwx,EEdlz,135
AApsx,BBbjx,CCjkv,DDfwx,EEdlz,901
AAhjx,BBbjx,CCjkv,DDfwx,EEdlz,711
AApsx,BBflm,CCbxy,DDfwx,EEgrx,790
AAhjx,BBflm,CCbxy,DDfwx,EEgrx,846
AApsx,BBbjx,CCbxy,DDfwx,EEgrx,582
AAhjx,BBbjx,CCbxy,DDfwx,EEgrx,424
AApsx,BBflm,CCbtw,DDfwx,EEgrx,716
AAhjx,BBflm,CCbtw,DDfwx,EEgrx,943
AApsx,BBbjx,CCbtw,DDfwx,EEgrx,788
AAhjx,BBbjx,CCbtw,DDfwx,EEgrx,299
AApsx,BBflm,CCbhr,DDfwx,EEgrx,399
AAhjx,BBflm,CCbhr,DDfwx,EEgrx,996
AApsx,BBbjx,CCbhr,DDfwx,EEgrx,892
AAhjx,BBbjx,CCbhr,DDfwx,EEgrx,228
AApsx,BBflm,CCjkv,DDfwx,EEgrx,133
AAhjx,BBflm,CCjkv,DDfwx,EEgrx,872
AApsx,BBbjx,CCjkv,DDfwx,EEgrx,646
AAhjx,BBbjx,CCjkv,DDfwx,EEgrx,998
AApsx,BBflm,CCbxy,DDcft,EEjkz,191
AAhjx,BBflm,CCbxy,DDcft,EEjkz,538
AApsx,BBbjx,CCbxy,DDcft,EEjkz,322
AAhjx,BBbjx,CCbxy,DDcft,EEjkz,973
AApsx,BBflm,CCbtw,DDcft,EEjkz,177
AAhjx,BBflm,CCbtw,DDcft,EEjkz,248
AApsx,BBbjx,CCbtw,DDcft,EEjkz,873
AAhjx,BBbjx,CCbtw,DDcft,EEjkz,243
AApsx,BBflm,CCbhr,DDcft,EEjkz,245
AAhjx,BBflm,CCbhr,DDcft,EEjkz,879
AApsx,BBbjx,CCbhr,DDcft,EEjkz,239
AAhjx,BBbjx,CCbhr,DDcft,EEjkz,612
AApsx,BBflm,CCjkv,DDcft,EEjkz,967
AAhjx,BBflm,CCjkv,DDcft,EEjkz,38
AApsx,BBbjx,CCjkv,DDcft,EEjkz,861
AAhjx,BBbjx,CCjkv,DDcft,EEjkz,889
AApsx,BBflm,CCbxy,DDcft,EEmpw,362
AAhjx,BBflm,CCbxy,DDcft,EEmpw,366
AApsx,BBbjx,CCbxy,DDcft,EEmpw,264
AAhjx,BBbjx,CCbxy,DDcft,EEmpw,858
AApsx,BBflm,CCbtw,DDcft,EEmpw,262
AAhjx,BBflm,CCbtw,DDcft,EEmpw,311
AApsx,BBbjx,CCbtw,DDcft,EEmpw,413
AAhjx,BBbjx,CCbtw,DDcft,EEmpw,166
AApsx,BBflm,CCbhr,DDcft,EEmpw,184
AAhjx,BBflm,CCbhr,DDcft,EEmpw,257
AApsx,BBbjx,CCbhr,DDcft,EEmpw,68
AAhjx,BBbjx,CCbhr,DDcft,EEmpw,558
AApsx,BBflm,CCjkv,DDcft,EEmpw,780
AAhjx,BBflm,CCjkv,DDcft,EEmpw,368
AApsx,BBbjx,CCjkv,DDcft,EEmpw,297
AAhjx,BBbjx,CCjkv,DDcft,EEmpw,825
AApsx,BBflm,CCbxy,DDctx,EEcgx,853
AAhjx,BBflm,CCbxy,DDctx,EEcgx,951
AApsx,BBbjx,CCbxy,DDctx,EEcgx,27
AAhjx,BBbjx,CCbxy,DDctx,EEcgx,180
AApsx,BBflm,CCbtw,DDctx,EEcgx,863
AAhjx,BBflm,CCbtw,DDctx,EEcgx,928
AApsx,BBbjx,CCbtw,DDctx,EEcgx,594
AAhjx,BBbjx,CCbtw,DDctx,EEcgx,269
AApsx,BBflm,CCbhr,DDctx,EEcgx,831
AAhjx,BBflm,CCbhr,DDctx,EEcgx,448
AApsx,BBbjx,CCbhr,DDctx,EEcgx,512
AAhjx,BBbjx,CCbhr,DDctx,EEcgx,944
AApsx,BBflm,CCjkv,DDctx,EEcgx,624
AAhjx,BBflm,CCjkv,DDctx,EEcgx,952
AApsx,BBbjx,CCjkv,DDctx,EEcgx,96
AAhjx,BBbjx,CCjkv,DDctx,EEcgx,971
AApsx,BBflm,CCbxy,DDctx,EEbjl,112
AAhjx,BBflm,CCbxy,DDctx,EEbjl,374
AApsx,BBbjx,CCbxy,DDctx,EEbjl,997
AAhjx,BBbjx,CCbxy,DDctx,EEbjl,460
AApsx,BBflm,CCbtw,DDctx,EEbjl,661
AAhjx,BBflm,CCbtw,DDctx,EEbjl,543
AApsx,BBbjx,CCbtw,DDctx,EEbjl,142
AAhjx,BBbjx,CCbtw,DDctx,EEbjl,466
AApsx,BBflm,CCbhr,DDctx,EEbjl,222
AAhjx,BBflm,CCbhr,DDctx,EEbjl,836
AApsx,BBbjx,CCbhr,DDctx,EEbjl,955
AAhjx,BBbjx,CCbhr,DDctx,EEbjl,638
AApsx,BBflm,CCjkv,DDctx,EEbjl,533
AAhjx,BBflm,CCjkv,DDctx,EEbjl,696
AApsx,BBbjx,CCjkv,DDctx,EEbjl,759
AAhjx,BBbjx,CCjkv,DDctx,EEbjl,72

