Import-Export,Year,Category,Item,Value
Import_Export,Year,Category,Item,Value
Import,2020,Dairy,Cream,163
Export,2020,Dairy,Cream,664
Import,2021,Dairy,Cream,237
Export,2021,Dairy,Cream,77
Import,2020,Dairy,Cheese,41
Export,2020,Dairy,Cheese,932
Import,2021,Dairy,Cheese,151
Export,2021,Dairy,Cheese,585
Import,2020,Beverage,Coffee,290
Export,2020,Beverage,Coffee,273
Import,2021,Beverage,Coffee,221
Export,2021,Beverage,Coffee,569
Import,2020,Beverage,Tea,497
Export,2020,Beverage,Tea,556
Import,2021,Beverage,Tea,972
Export,2021,Beverage,Tea,250
Import,2020,Beverage,Soda,536
Export,2020,Beverage,Soda,141
Import,2021,Beverage,Soda,695
Export,2021,Beverage,Soda,821
