{
"filename": "Food_import-export_in_tons_set136_3_DB.csv",
"questions": [{"name": "template 1",
 "sql": "SELECT Value FROM DBdata WHERE ((Year = '2020' AND Import_Export = 'Export')) AND ((Category = 'Meat' AND Item = 'Beef'))",
 "sqlResult": "{659}",
 "nlq": "What is the amount of Export of Beef in 2020?"},
{"name": "template 2",
 "sql": "SELECT Value FROM DBdata WHERE ((Year = '2020' AND Import_Export = 'Export')) AND ((Category = 'Meat' AND Item = 'Beef') OR (Category = 'Meat' AND Item = 'Chicken') OR (Category = 'Meat' AND Item = 'Pork') OR (Category = 'Cereals' AND Item = 'Corn') OR (Category = 'Cereals' AND Item = 'Oats') OR (Category = 'Dairy' AND Item = 'Cheese'))",
 "sqlResult": "{659} || {115} || {545} || {623} || {246} || {17}",
 "nlq": "What is the amount of Export of Beef, Cheese, Chicken, Corn, Oats, or Pork in 2020?"},
{"name": "template 3",
 "sql": "SELECT Value FROM DBdata WHERE ((Year = '2018' AND Import_Export = 'Export') OR (Year = '2019' AND Import_Export = 'Import')) AND ((Category = 'Cereals' AND Item = 'Corn'))",
 "sqlResult": "{864} || {899}",
 "nlq": "What is the amount of Export of Corn in 2018 or of Import of Corn in 2019?"},
{"name": "template 4",
 "sql": "SELECT max(Value),min(Value) FROM DBdata WHERE ((Year = '2018' AND Import_Export = 'Import') OR (Year = '2018' AND Import_Export = 'Export') OR (Year = '2019' AND Import_Export = 'Export') OR (Year = '2020' AND Import_Export = 'Import')) AND ((Category = 'Cereals' AND Item = 'Rice'))",
 "sqlResult": "{867 | 88}",
 "nlq": "What are the maximum and minimum amounts of Export or Import of Rice in 2018, of Export of Rice in 2019, or of Import of Rice in 2020?"},
{"name": "template 5",
 "sql": "SELECT avg(Value) FROM DBdata WHERE (Year IN ('2018','2019','2020')) AND ((Category = 'Cereals' AND Item = 'Oats'))",
 "sqlResult": "{400.17}",
 "nlq": "What is the average amount of Oats in 2018, 2019, or 2020?"},
{"name": "template 6",
 "sql": "SELECT Value FROM DBdata WHERE ((Year = '2018' AND Import_Export = 'Export') OR (Year = '2020' AND Import_Export = 'Import') OR (Year = '2020' AND Import_Export = 'Export')) AND ((Category = 'Cereals' AND Item = 'Corn') OR (Category = 'Dairy' AND Item = 'Yoghurt'))",
 "sqlResult": "{864} || {327} || {623} || {128} || {729} || {821}",
 "nlq": "What is the amount of Export of Corn or Yoghurt in 2018 or of Export or Import of Corn or Yoghurt in 2020?"},
{"name": "template 7",
 "sql": "SELECT avg(Value),sum(Value) FROM DBdata WHERE ((Year = '2018' AND Import_Export = 'Export')) AND ((Category = 'Meat' AND Item = 'Chicken') OR (Category = 'Meat' AND Item = 'Pork') OR (Category = 'Cereals' AND Item = 'Corn') OR (Category = 'Cereals' AND Item = 'Oats'))",
 "sqlResult": "{396.25 | 1585}",
 "nlq": "What are the average and total amounts of Export of Chicken, Corn, Oats, or Pork in 2018?"},
{"name": "template 8",
 "sql": "SELECT Year,Import_Export,avg(Value),min(Value) FROM DBdata WHERE ((Year = '2018' AND Import_Export = 'Import') OR (Year = '2019' AND Import_Export = 'Import') OR (Year = '2019' AND Import_Export = 'Export') OR (Year = '2020' AND Import_Export = 'Import') OR (Year = '2020' AND Import_Export = 'Export')) AND ((Category = 'Meat' AND Item = 'Chicken') OR (Category = 'Cereals' AND Item = 'Oats') OR (Category = 'Cereals' AND Item = 'Rice') OR (Category = 'Dairy' AND Item = 'Cheese') OR (Category = 'Dairy' AND Item = 'Yoghurt')) GROUP BY Year,Import_Export",
 "sqlResult": "{2018 | Import | 705 | 258} || {2019 | Export | 579.6 | 306} || {2019 | Import | 226.4 | 12} || {2020 | Export | 342.4 | 17} || {2020 | Import | 675.6 | 160}",
 "nlq": "What are the average and minimum amounts for each Year and Import-Export, of Import of Cheese, Chicken, Oats, Rice, or Yoghurt in 2018, 2019, or 2020 or of Export of Cheese, Chicken, Oats, Rice, or Yoghurt in 2019 or 2020? Please, report the corresponding Year and Import-Export."},
{"name": "template 9",
 "sql": "SELECT min(Value) FROM DBdata WHERE ((Year = '2018' AND Import_Export = 'Export')) AND (Category IN ('Meat','Cereals','Dairy')) GROUP BY Category",
 "sqlResult": "{55} || {128} || {67}",
 "nlq": "What is the minimum amount for each Category, of Export of Cereals, Dairy, or Meat in 2018?"},
{"name": "template 10",
 "sql": "SELECT Category,avg(Value) FROM DBdata WHERE ((Year = '2019' AND Import_Export = 'Export')) AND (Category IN ('Meat','Cereals','Dairy')) GROUP BY Category",
 "sqlResult": "{Cereals | 424.33} || {Dairy | 494} || {Meat | 393}",
 "nlq": "What is the average amount for each Category, of Export of Cereals, Dairy, or Meat in 2019? Please, report the corresponding Category."},
{"name": "template 11",
 "sql": "SELECT Category,Year,Import_Export,max(Value) FROM DBdata WHERE ((Year = '2019' AND Import_Export = 'Import') OR (Year = '2020' AND Import_Export = 'Import') OR (Year = '2020' AND Import_Export = 'Export')) AND (Category IN ('Meat','Cereals','Dairy')) GROUP BY Category,Year,Import_Export",
 "sqlResult": "{Cereals | 2019 | Import | 899} || {Cereals | 2020 | Export | 623} || {Cereals | 2020 | Import | 791} || {Dairy | 2019 | Import | 577} || {Dairy | 2020 | Export | 821} || {Dairy | 2020 | Import | 729} || {Meat | 2019 | Import | 969} || {Meat | 2020 | Export | 659} || {Meat | 2020 | Import | 979}",
 "nlq": "What is the maximum amount for each Category, Year, and Import-Export, of Import of Cereals, Dairy, or Meat in 2019 or 2020 or of Export of Cereals, Dairy, or Meat in 2020? Please, report the corresponding Category, Year, and Import-Export."},
{"name": "template 12",
 "sql": "SELECT Value FROM DBdata WHERE ((Year = '2019' AND Import_Export = 'Export')) AND (Category IN ('Meat','Dairy')) ORDER BY VALUE ASC LIMIT 3",
 "sqlResult": "{46} || {317} || {358}",
 "nlq": "What are the bottom 3 amounts of Export of Dairy or Meat in 2019?"},
{"name": "template 13",
 "sql": "SELECT Value FROM DBdata WHERE ((Year = '2018' AND Import_Export = 'Import')) AND (Category IN ('Meat','Cereals')) ORDER BY VALUE DESC",
 "sqlResult": "{990} || {867} || {758} || {574} || {435} || {260}",
 "nlq": "What are the amounts ordered by decreasing values of Import of Cereals or Meat in 2018?"},
{"name": "template 14",
 "sql": "SELECT Category,Item FROM DBdata WHERE ((Year = '2020' AND Import_Export = 'Export')) AND Value > 490.21",
 "sqlResult": "{Meat | Beef} || {Meat | Pork} || {Cereals | Corn} || {Cereals | Rice} || {Dairy | Yoghurt}",
 "nlq": "What are the Category and Item for which the amount of Export in 2020 is greater than 490.21?"},
{"name": "template 15",
 "sql": "SELECT Category,Item,Value FROM DBdata WHERE ((Year = '2019' AND Import_Export = 'Export')) AND (Category,Item) IN (SELECT Category,Item FROM DBdata WHERE ((Year = '2020' AND Import_Export = 'Export')) AND Value > 490.21)",
 "sqlResult": "{Meat | Beef | 46} || {Meat | Pork | 317} || {Cereals | Corn | 179} || {Cereals | Rice | 788} || {Dairy | Yoghurt | 630}",
 "nlq": "What is the amount of Export in 2019 of Category and of Item for which the amount of Export in 2020 is greater than 490.21? Please, report the corresponding Category, Item, and amount of import-export."}]
}
