AAnrw-AAlsy,BB,CC,DD,EE,Value
AA,BB,CC,DD,EE,Value
AAnrw,BBmtw,CCvxz,DDjmy,EEjtv,710
AAlsy,BBmtw,CCvxz,DDjmy,EEjtv,773
AAnrw,BBdmt,CCvxz,DDjmy,EEjtv,923
AAlsy,BBdmt,CCvxz,DDjmy,EEjtv,623
AAnrw,BBmtw,CCkpv,DDjmy,EEjtv,139
AAlsy,BBmtw,CCkpv,DDjmy,EEjtv,757
AAnrw,BBdmt,CCkpv,DDjmy,EEjtv,122
AAlsy,BBdmt,CCkpv,DDjmy,EEjtv,141
AAnrw,BBmtw,CCcly,DDjmy,EEjtv,548
AAlsy,BBmtw,CCcly,DDjmy,EEjtv,848
AAnrw,BBdmt,CCcly,DDjmy,EEjtv,830
AAlsy,BBdmt,CCcly,DDjmy,EEjtv,547
AAnrw,BBmtw,CCcnw,DDjmy,EEjtv,730
AAlsy,BBmtw,CCcnw,DDjmy,EEjtv,464
AAnrw,BBdmt,CCcnw,DDjmy,EEjtv,919
AAlsy,BBdmt,CCcnw,DDjmy,EEjtv,234
AAnrw,BBmtw,CCvxz,DDjmy,EEfvx,633
AAlsy,BBmtw,CCvxz,DDjmy,EEfvx,915
AAnrw,BBdmt,CCvxz,DDjmy,EEfvx,355
AAlsy,BBdmt,CCvxz,DDjmy,EEfvx,42
AAnrw,BBmtw,CCkpv,DDjmy,EEfvx,940
AAlsy,BBmtw,CCkpv,DDjmy,EEfvx,180
AAnrw,BBdmt,CCkpv,DDjmy,EEfvx,450
AAlsy,BBdmt,CCkpv,DDjmy,EEfvx,869
AAnrw,BBmtw,CCcly,DDjmy,EEfvx,418
AAlsy,BBmtw,CCcly,DDjmy,EEfvx,977
AAnrw,BBdmt,CCcly,DDjmy,EEfvx,627
AAlsy,BBdmt,CCcly,DDjmy,EEfvx,565
AAnrw,BBmtw,CCcnw,DDjmy,EEfvx,664
AAlsy,BBmtw,CCcnw,DDjmy,EEfvx,962
AAnrw,BBdmt,CCcnw,DDjmy,EEfvx,641
AAlsy,BBdmt,CCcnw,DDjmy,EEfvx,203
AAnrw,BBmtw,CCvxz,DDjmy,EEkqz,294
AAlsy,BBmtw,CCvxz,DDjmy,EEkqz,51
AAnrw,BBdmt,CCvxz,DDjmy,EEkqz,767
AAlsy,BBdmt,CCvxz,DDjmy,EEkqz,943
AAnrw,BBmtw,CCkpv,DDjmy,EEkqz,271
AAlsy,BBmtw,CCkpv,DDjmy,EEkqz,163
AAnrw,BBdmt,CCkpv,DDjmy,EEkqz,265
AAlsy,BBdmt,CCkpv,DDjmy,EEkqz,897
AAnrw,BBmtw,CCcly,DDjmy,EEkqz,643
AAlsy,BBmtw,CCcly,DDjmy,EEkqz,197
AAnrw,BBdmt,CCcly,DDjmy,EEkqz,931
AAlsy,BBdmt,CCcly,DDjmy,EEkqz,809
AAnrw,BBmtw,CCcnw,DDjmy,EEkqz,882
AAlsy,BBmtw,CCcnw,DDjmy,EEkqz,969
AAnrw,BBdmt,CCcnw,DDjmy,EEkqz,116
AAlsy,BBdmt,CCcnw,DDjmy,EEkqz,885
AAnrw,BBmtw,CCvxz,DDgpz,EEcfm,762
AAlsy,BBmtw,CCvxz,DDgpz,EEcfm,226
AAnrw,BBdmt,CCvxz,DDgpz,EEcfm,753
AAlsy,BBdmt,CCvxz,DDgpz,EEcfm,350
AAnrw,BBmtw,CCkpv,DDgpz,EEcfm,674
AAlsy,BBmtw,CCkpv,DDgpz,EEcfm,594
AAnrw,BBdmt,CCkpv,DDgpz,EEcfm,123
AAlsy,BBdmt,CCkpv,DDgpz,EEcfm,619
AAnrw,BBmtw,CCcly,DDgpz,EEcfm,449
AAlsy,BBmtw,CCcly,DDgpz,EEcfm,716
AAnrw,BBdmt,CCcly,DDgpz,EEcfm,404
AAlsy,BBdmt,CCcly,DDgpz,EEcfm,871
AAnrw,BBmtw,CCcnw,DDgpz,EEcfm,16
AAlsy,BBmtw,CCcnw,DDgpz,EEcfm,231
AAnrw,BBdmt,CCcnw,DDgpz,EEcfm,550
AAlsy,BBdmt,CCcnw,DDgpz,EEcfm,979
AAnrw,BBmtw,CCvxz,DDgpz,EElvz,107
AAlsy,BBmtw,CCvxz,DDgpz,EElvz,881
AAnrw,BBdmt,CCvxz,DDgpz,EElvz,351
AAlsy,BBdmt,CCvxz,DDgpz,EElvz,10
AAnrw,BBmtw,CCkpv,DDgpz,EElvz,712
AAlsy,BBmtw,CCkpv,DDgpz,EElvz,398
AAnrw,BBdmt,CCkpv,DDgpz,EElvz,88
AAlsy,BBdmt,CCkpv,DDgpz,EElvz,140
AAnrw,BBmtw,CCcly,DDgpz,EElvz,613
AAlsy,BBmtw,CCcly,DDgpz,EElvz,57
AAnrw,BBdmt,CCcly,DDgpz,EElvz,993
AAlsy,BBdmt,CCcly,DDgpz,EElvz,390
AAnrw,BBmtw,CCcnw,DDgpz,EElvz,533
AAlsy,BBmtw,CCcnw,DDgpz,EElvz,497
AAnrw,BBdmt,CCcnw,DDgpz,EElvz,260
AAlsy,BBdmt,CCcnw,DDgpz,EElvz,930
AAnrw,BBmtw,CCvxz,DDgpz,EEjpx,563
AAlsy,BBmtw,CCvxz,DDgpz,EEjpx,205
AAnrw,BBdmt,CCvxz,DDgpz,EEjpx,304
AAlsy,BBdmt,CCvxz,DDgpz,EEjpx,283
AAnrw,BBmtw,CCkpv,DDgpz,EEjpx,914
AAlsy,BBmtw,CCkpv,DDgpz,EEjpx,456
AAnrw,BBdmt,CCkpv,DDgpz,EEjpx,370
AAlsy,BBdmt,CCkpv,DDgpz,EEjpx,434
AAnrw,BBmtw,CCcly,DDgpz,EEjpx,478
AAlsy,BBmtw,CCcly,DDgpz,EEjpx,341
AAnrw,BBdmt,CCcly,DDgpz,EEjpx,539
AAlsy,BBdmt,CCcly,DDgpz,EEjpx,992
AAnrw,BBmtw,CCcnw,DDgpz,EEjpx,26
AAlsy,BBmtw,CCcnw,DDgpz,EEjpx,391
AAnrw,BBdmt,CCcnw,DDgpz,EEjpx,335
AAlsy,BBdmt,CCcnw,DDgpz,EEjpx,994

