{
"filename": "Food_import-export_in_tons_set148_5_DB.csv",
"questions": [{"name": "template 1",
 "sql": "SELECT Value FROM DBdata WHERE ((Year = '2019' AND Quarter = 'Q3' AND Import_Export = 'Import')) AND ((Category = 'Meat' AND Item = 'Pork'))",
 "sqlResult": "{496}",
 "nlq": "What is the amount of Import of Pork in Q3 of 2019?"},
{"name": "template 2",
 "sql": "SELECT Value FROM DBdata WHERE ((Year = '2020' AND Quarter = 'Q2' AND Import_Export = 'Export')) AND ((Category = 'Meat' AND Item = 'Pork') OR (Category = 'Meat' AND Item = 'Duck') OR (Category = 'Cereals' AND Item = 'Seeds'))",
 "sqlResult": "{276} || {717} || {566}",
 "nlq": "What is the amount of Export of Duck, Pork, or Seeds in Q2 of 2020?"},
{"name": "template 3",
 "sql": "SELECT Value FROM DBdata WHERE ((Year = '2019' AND Quarter = 'Q2' AND Import_Export = 'Export') OR (Year = '2020' AND Quarter = 'Q2' AND Import_Export = 'Export') OR (Year = '2020' AND Quarter = 'Q3' AND Import_Export = 'Export') OR (Year = '2019' AND Quarter = 'Q4' AND Import_Export = 'Import')) AND ((Category = 'Cereals' AND Item = 'Wheat'))",
 "sqlResult": "{311} || {326} || {696} || {933}",
 "nlq": "What is the amount of Export of Wheat in Q2 of 2019 or 2020 or Q3 of 2020 or of Import of Wheat in Q4 of 2019?"},
{"name": "template 4",
 "sql": "SELECT sum(Value),avg(Value) FROM DBdata WHERE ((Year = '2020' AND Quarter = 'Q1' AND Import_Export = 'Import') OR (Year = '2020' AND Quarter = 'Q1' AND Import_Export = 'Export') OR (Year = '2020' AND Quarter = 'Q2' AND Import_Export = 'Export') OR (Year = '2020' AND Quarter = 'Q3' AND Import_Export = 'Import') OR (Year = '2019' AND Quarter = 'Q4' AND Import_Export = 'Import') OR (Year = '2019' AND Quarter = 'Q4' AND Import_Export = 'Export') OR (Year = '2020' AND Quarter = 'Q4' AND Import_Export = 'Export')) AND ((Category = 'Cereals' AND Item = 'Wheat'))",
 "sqlResult": "{4072 | 581.71}",
 "nlq": "What are the total and average amounts of Export or Import of Wheat in Q1 of 2020 or Q4 of 2019, of Export of Wheat in Q2 or Q4 of 2020, or of Import of Wheat in Q3 of 2020?"},
{"name": "template 6",
 "sql": "SELECT Value FROM DBdata WHERE ((Year = '2020' AND Quarter = 'Q2' AND Import_Export = 'Import') OR (Year = '2019' AND Quarter = 'Q3' AND Import_Export = 'Import')) AND ((Category = 'Meat' AND Item = 'Pork') OR (Category = 'Meat' AND Item = 'Duck') OR (Category = 'Cereals' AND Item = 'Seeds') OR (Category = 'Cereals' AND Item = 'Wheat'))",
 "sqlResult": "{290} || {496} || {211} || {871} || {263} || {119} || {167} || {107}",
 "nlq": "What is the amount of Import of Duck, Pork, Seeds, or Wheat in Q2 of 2020 or Q3 of 2019?"},
{"name": "template 7",
 "sql": "SELECT min(Value),sum(Value) FROM DBdata WHERE ((Year = '2019' AND Quarter = 'Q2' AND Import_Export = 'Export')) AND ((Category = 'Meat' AND Item = 'Pork') OR (Category = 'Meat' AND Item = 'Camel') OR (Category = 'Cereals' AND Item = 'Seeds'))",
 "sqlResult": "{236 | 1126}",
 "nlq": "What are the minimum and total amounts of Export of Camel, Pork, or Seeds in Q2 of 2019?"},
{"name": "template 8",
 "sql": "SELECT Year,Quarter,Import_Export,min(Value),max(Value) FROM DBdata WHERE ((Year = '2019' AND Quarter = 'Q2' AND Import_Export = 'Import') OR (Year = '2019' AND Quarter = 'Q4' AND Import_Export = 'Import')) AND ((Category = 'Meat' AND Item = 'Pork') OR (Category = 'Meat' AND Item = 'Camel') OR (Category = 'Meat' AND Item = 'Duck') OR (Category = 'Cereals' AND Item = 'Seeds') OR (Category = 'Cereals' AND Item = 'Wheat')) GROUP BY Year,Quarter,Import_Export",
 "sqlResult": "{2019 | Q2 | Import | 14 | 929} || {2019 | Q4 | Import | 427 | 972}",
 "nlq": "What are the minimum and maximum amounts for each Year, Quarter, and Import-Export, of Import of Camel, Duck, Pork, Seeds, or Wheat in Q2 or Q4 of 2019? Please, report the corresponding Year, Quarter, and Import-Export."},
{"name": "template 9",
 "sql": "SELECT min(Value) FROM DBdata WHERE ((Year = '2019' AND Quarter = 'Q4' AND Import_Export = 'Import')) AND (Category IN ('Meat','Cereals')) GROUP BY Category",
 "sqlResult": "{427} || {525}",
 "nlq": "What is the minimum amount for each Category, of Import of Cereals or Meat in Q4 of 2019?"},
{"name": "template 10",
 "sql": "SELECT Category,min(Value) FROM DBdata WHERE ((Year = '2019' AND Quarter = 'Q4' AND Import_Export = 'Import')) AND (Category IN ('Meat','Cereals')) GROUP BY Category",
 "sqlResult": "{Cereals | 427} || {Meat | 525}",
 "nlq": "What is the minimum amount for each Category, of Import of Cereals or Meat in Q4 of 2019? Please, report the corresponding Category."},
{"name": "template 11",
 "sql": "SELECT Category,Year,Quarter,Import_Export,max(Value) FROM DBdata WHERE ((Year = '2020' AND Quarter = 'Q3' AND Import_Export = 'Export') OR (Year = '2020' AND Quarter = 'Q4' AND Import_Export = 'Import')) AND (Category IN ('Meat','Cereals')) GROUP BY Category,Year,Quarter,Import_Export",
 "sqlResult": "{Cereals | 2020 | Q3 | Export | 696} || {Cereals | 2020 | Q4 | Import | 443} || {Meat | 2020 | Q3 | Export | 614} || {Meat | 2020 | Q4 | Import | 952}",
 "nlq": "What is the maximum amount for each Category, Year, Quarter, and Import-Export, of Export of Cereals or Meat in Q3 of 2020 or of Import of Cereals or Meat in Q4 of 2020? Please, report the corresponding Category, Year, Quarter, and Import-Export."},
{"name": "template 12",
 "sql": "SELECT Value FROM DBdata WHERE ((Year = '2020' AND Quarter = 'Q4' AND Import_Export = 'Export')) AND (Category IN ('Meat','Cereals')) ORDER BY VALUE DESC LIMIT 2",
 "sqlResult": "{971} || {446}",
 "nlq": "What are the top 2 amounts of Export of Cereals or Meat in Q4 of 2020?"},
{"name": "template 13",
 "sql": "SELECT Value FROM DBdata WHERE ((Year = '2020' AND Quarter = 'Q1' AND Import_Export = 'Import')) AND (Category IN ('Meat','Cereals')) ORDER BY VALUE DESC",
 "sqlResult": "{833} || {580} || {340} || {338} || {168}",
 "nlq": "What are the amounts ordered by decreasing values of Import of Cereals or Meat in Q1 of 2020?"},
{"name": "template 14",
 "sql": "SELECT Category,Item FROM DBdata WHERE ((Year = '2020' AND Quarter = 'Q1' AND Import_Export = 'Import')) AND Value > 457.09",
 "sqlResult": "{Meat | Camel} || {Cereals | Wheat}",
 "nlq": "What are the Category and Item for which the amount of Import in Q1 of 2020 is greater than 457.09?"},
{"name": "template 15",
 "sql": "SELECT Category,Item,Value FROM DBdata WHERE ((Year = '2019' AND Quarter = 'Q3' AND Import_Export = 'Export')) AND (Category,Item) IN (SELECT Category,Item FROM DBdata WHERE ((Year = '2020' AND Quarter = 'Q1' AND Import_Export = 'Import')) AND Value > 457.09)",
 "sqlResult": "{Meat | Camel | 585} || {Cereals | Wheat | 551}",
 "nlq": "What is the amount of Export in Q3 of 2019 of Category and of Item for which the amount of Import in Q1 of 2020 is greater than 457.09? Please, report the corresponding Category, Item, and amount of import-export."}]
}
