Import-Export,Year,Category,Item,Value
Import_Export,Year,Category,Item,Value
Import,2020,Cereals,Corn,83
Export,2020,Cereals,Corn,973
Import,2021,Cereals,Corn,816
Export,2021,Cereals,Corn,888
Import,2020,Cereals,Oats,607
Export,2020,Cereals,Oats,902
Import,2021,Cereals,Oats,67
Export,2021,Cereals,Oats,953
Import,2020,Dairy,Cheese,732
Export,2020,Dairy,Cheese,565
Import,2021,Dairy,Cheese,108
Export,2021,Dairy,Cheese,142
Import,2020,Dairy,Yoghurt,714
Export,2020,Dairy,Yoghurt,853
Import,2021,Dairy,Yoghurt,641
Export,2021,Dairy,Yoghurt,600
