{
"filename": "Food_import-export_in_tons_set145_4_DB.csv",
"questions": [{"name": "template 1",
 "sql": "SELECT Value FROM DBdata WHERE ((AA = 'AAfhz' AND BB = 'BBdsx' AND CC = 'CCgnp')) AND ((DD = 'DDchn' AND EE = 'EEhjw'))",
 "sqlResult": "{54}",
 "nlq": "What is the amount of AAfhz of EEhjw in CCgnp of BBdsx?"},
{"name": "template 2",
 "sql": "SELECT Value FROM DBdata WHERE ((AA = 'AAfhz' AND BB = 'BBbvz' AND CC = 'CCgnp')) AND ((DD = 'DDmpz' AND EE = 'EEdjr') OR (DD = 'DDmpz' AND EE = 'EElsy') OR (DD = 'DDchn' AND EE = 'EErsx') OR (DD = 'DDchn' AND EE = 'EEntx') OR (DD = 'DDchn' AND EE = 'EEhjw'))",
 "sqlResult": "{601} || {959} || {202} || {637} || {87}",
 "nlq": "What is the amount of AAfhz of EEdjr, EElsy, EErsx, EEntx, or EEhjw in CCgnp of BBbvz?"},
{"name": "template 3",
 "sql": "SELECT Value FROM DBdata WHERE ((AA = 'AAfmn' AND BB = 'BBbvz' AND CC = 'CCgnp') OR (AA = 'AAfmn' AND BB = 'BBbvz' AND CC = 'CCqsv') OR (AA = 'AAfhz' AND BB = 'BBbvz' AND CC = 'CCqsv') OR (AA = 'AAfhz' AND BB = 'BBdsx' AND CC = 'CCqsv') OR (AA = 'AAfmn' AND BB = 'BBdsx' AND CC = 'CCght') OR (AA = 'AAfmn' AND BB = 'BBbvz' AND CC = 'CCbhn') OR (AA = 'AAfmn' AND BB = 'BBdsx' AND CC = 'CCbhn') OR (AA = 'AAfhz' AND BB = 'BBdsx' AND CC = 'CCbhn')) AND ((DD = 'DDchn' AND EE = 'EEhjw'))",
 "sqlResult": "{549} || {387} || {59} || {181} || {984} || {657} || {97} || {470}",
 "nlq": "What is the amount of AAfmn of EEhjw in CCgnp, CCqsv, or CCbhn of BBbvz or CCght or CCbhn of BBdsx or of AAfhz of EEhjw in CCqsv of BBbvz or BBdsx or CCbhn of BBdsx?"},
{"name": "template 4",
 "sql": "SELECT min(Value),avg(Value) FROM DBdata WHERE ((AA = 'AAfmn' AND BB = 'BBdsx' AND CC = 'CCqsv') OR (AA = 'AAfhz' AND BB = 'BBdsx' AND CC = 'CCbhn')) AND ((DD = 'DDchn' AND EE = 'EEhjw'))",
 "sqlResult": "{189 | 329.5}",
 "nlq": "What are the minimum and average amounts of AAfmn of EEhjw in CCqsv of BBdsx or of AAfhz of EEhjw in CCbhn of BBdsx?"},
{"name": "template 6",
 "sql": "SELECT Value FROM DBdata WHERE ((AA = 'AAfhz' AND BB = 'BBbvz' AND CC = 'CCght') OR (AA = 'AAfmn' AND BB = 'BBbvz' AND CC = 'CCbhn')) AND ((DD = 'DDmpz' AND EE = 'EEdjr') OR (DD = 'DDmpz' AND EE = 'EElsy') OR (DD = 'DDchn' AND EE = 'EEntx') OR (DD = 'DDchn' AND EE = 'EEhjw'))",
 "sqlResult": "{58} || {733} || {92} || {510} || {537} || {163} || {406} || {657}",
 "nlq": "What is the amount of AAfhz of EEdjr, EElsy, EEntx, or EEhjw in CCght of BBbvz or of AAfmn of EEdjr, EElsy, EEntx, or EEhjw in CCbhn of BBbvz?"},
{"name": "template 7",
 "sql": "SELECT avg(Value),min(Value) FROM DBdata WHERE ((AA = 'AAfhz' AND BB = 'BBdsx' AND CC = 'CCqsv')) AND ((DD = 'DDmpz' AND EE = 'EEdjr') OR (DD = 'DDmpz' AND EE = 'EElsy') OR (DD = 'DDchn' AND EE = 'EEntx') OR (DD = 'DDchn' AND EE = 'EEhjw'))",
 "sqlResult": "{270.25 | 69}",
 "nlq": "What are the average and minimum amounts of AAfhz of EEdjr, EElsy, EEntx, or EEhjw in CCqsv of BBdsx?"},
{"name": "template 8",
 "sql": "SELECT AA,BB,CC,min(Value),avg(Value) FROM DBdata WHERE ((AA = 'AAfmn' AND BB = 'BBbvz' AND CC = 'CCgnp') OR (AA = 'AAfhz' AND BB = 'BBbvz' AND CC = 'CCgnp') OR (AA = 'AAfmn' AND BB = 'BBdsx' AND CC = 'CCgnp') OR (AA = 'AAfmn' AND BB = 'BBdsx' AND CC = 'CCqsv')) AND ((DD = 'DDmpz' AND EE = 'EEdjr') OR (DD = 'DDmpz' AND EE = 'EElsy') OR (DD = 'DDchn' AND EE = 'EErsx') OR (DD = 'DDchn' AND EE = 'EEntx') OR (DD = 'DDchn' AND EE = 'EEhjw')) GROUP BY AA,BB,CC",
 "sqlResult": "{AAfhz | BBbvz | CCgnp | 87 | 497.2} || {AAfmn | BBbvz | CCgnp | 88 | 554.4} || {AAfmn | BBdsx | CCgnp | 68 | 351.4} || {AAfmn | BBdsx | CCqsv | 64 | 457.4}",
 "nlq": "What are the minimum and average amounts for each AAfmn-AAfhz, BB, and CC, of AAfhz or AAfmn of EEdjr, EElsy, EErsx, EEntx, or EEhjw in CCgnp of BBbvz or of AAfmn of EEdjr, EElsy, EErsx, EEntx, or EEhjw in CCgnp or CCqsv of BBdsx? Please, report the corresponding AAfmn-AAfhz, BB, and CC."},
{"name": "template 9",
 "sql": "SELECT min(Value) FROM DBdata WHERE ((AA = 'AAfhz' AND BB = 'BBbvz' AND CC = 'CCbhn')) AND (DD IN ('DDmpz','DDchn')) GROUP BY DD",
 "sqlResult": "{383} || {199}",
 "nlq": "What is the minimum amount for each DD, of AAfhz of DDchn or DDmpz in CCbhn of BBbvz?"},
{"name": "template 10",
 "sql": "SELECT DD,min(Value) FROM DBdata WHERE ((AA = 'AAfmn' AND BB = 'BBbvz' AND CC = 'CCbhn')) AND (DD IN ('DDmpz','DDchn')) GROUP BY DD",
 "sqlResult": "{DDchn | 163} || {DDmpz | 510}",
 "nlq": "What is the minimum amount for each DD, of AAfmn of DDchn or DDmpz in CCbhn of BBbvz? Please, report the corresponding DD."},
{"name": "template 11",
 "sql": "SELECT DD,AA,BB,CC,max(Value) FROM DBdata WHERE ((AA = 'AAfmn' AND BB = 'BBdsx' AND CC = 'CCgnp') OR (AA = 'AAfmn' AND BB = 'BBbvz' AND CC = 'CCbhn')) AND (DD IN ('DDmpz','DDchn')) GROUP BY DD,AA,BB,CC",
 "sqlResult": "{DDchn | AAfmn | BBbvz | CCbhn | 657} || {DDchn | AAfmn | BBdsx | CCgnp | 563} || {DDmpz | AAfmn | BBbvz | CCbhn | 733} || {DDmpz | AAfmn | BBdsx | CCgnp | 492}",
 "nlq": "What is the maximum amount for each DD, AAfmn-AAfhz, BB, and CC, of AAfmn of DDchn or DDmpz in CCgnp of BBdsx or CCbhn of BBbvz? Please, report the corresponding DD, AAfmn-AAfhz, BB, and CC."},
{"name": "template 12",
 "sql": "SELECT Value FROM DBdata WHERE ((AA = 'AAfhz' AND BB = 'BBdsx' AND CC = 'CCbhn')) AND (DD IN ('DDmpz','DDchn')) ORDER BY VALUE ASC LIMIT 2",
 "sqlResult": "{233} || {245}",
 "nlq": "What are the bottom 2 amounts of AAfhz of DDchn or DDmpz in CCbhn of BBdsx?"},
{"name": "template 13",
 "sql": "SELECT Value FROM DBdata WHERE ((AA = 'AAfmn' AND BB = 'BBdsx' AND CC = 'CCbhn')) AND (DD IN ('DDmpz','DDchn')) ORDER BY VALUE ASC",
 "sqlResult": "{97} || {395} || {526} || {792} || {951}",
 "nlq": "What are the amounts ordered by increasing values of AAfmn of DDchn or DDmpz in CCbhn of BBdsx?"},
{"name": "template 14",
 "sql": "SELECT DD,EE FROM DBdata WHERE ((AA = 'AAfmn' AND BB = 'BBbvz' AND CC = 'CCght')) AND Value > 477.9",
 "sqlResult": "{DDmpz | EEdjr} || {DDmpz | EElsy} || {DDchn | EEhjw}",
 "nlq": "What are the DD and EE for which the amount of AAfmn in CCght of BBbvz is greater than 477.9?"},
{"name": "template 15",
 "sql": "SELECT DD,EE,Value FROM DBdata WHERE ((AA = 'AAfmn' AND BB = 'BBbvz' AND CC = 'CCgnp')) AND (DD,EE) IN (SELECT DD,EE FROM DBdata WHERE ((AA = 'AAfmn' AND BB = 'BBbvz' AND CC = 'CCght')) AND Value > 477.9)",
 "sqlResult": "{DDmpz | EEdjr | 822} || {DDmpz | EElsy | 719} || {DDchn | EEhjw | 549}",
 "nlq": "What is the amount of AAfmn in CCgnp of BBbvz of DD and of EE for which the amount of AAfmn in CCght of BBbvz is greater than 477.9? Please, report the corresponding DD, EE, and amount of import-export."}]
}

