AAfs-AAgs,BB,CC,DD,Value
AA,BB,CC,DD,Value
AAfs,BBgn,CChj,DDls,162
AAgs,BBgn,CChj,DDls,709
AAfs,BBnt,CChj,DDls,899
AAgs,BBnt,CChj,DDls,177
AAfs,BBgn,CChj,DDtx,814
AAgs,BBgn,CChj,DDtx,536
AAfs,BBnt,CChj,DDtx,956
AAgs,BBnt,CChj,DDtx,958
AAfs,BBgn,CChj,DDwx,315
AAgs,BBgn,CChj,DDwx,458
AAfs,BBnt,CChj,DDwx,641
AAgs,BBnt,CChj,DDwx,410
AAfs,BBgn,CCbp,DDlm,33
AAgs,BBgn,CCbp,DDlm,235
AAfs,BBnt,CCbp,DDlm,511
AAgs,BBnt,CCbp,DDlm,130
AAfs,BBgn,CCbp,DDfy,915
AAgs,BBgn,CCbp,DDfy,633
AAfs,BBnt,CCbp,DDfy,571
AAgs,BBnt,CCbp,DDfy,864

