Import-Export,Year,Category,Item,Value
Import_Export,Year,Category,Item,Value
Import,2017,Meat,Beef,860
Export,2017,Meat,Beef,767
Import,2018,Meat,Beef,20
Export,2018,Meat,Beef,306
Import,2019,Meat,Beef,616
Export,2019,Meat,Beef,490
Import,2017,Meat,Chicken,745
Export,2017,Meat,Chicken,318
Import,2018,Meat,Chicken,717
Export,2018,Meat,Chicken,384
Import,2019,Meat,Chicken,659
Export,2019,Meat,Chicken,989
Import,2017,Cereals,Oats,909
Export,2017,Cereals,Oats,208
Import,2018,Cereals,Oats,961
Export,2018,Cereals,Oats,521
Import,2019,Cereals,Oats,28
Export,2019,Cereals,Oats,664
Import,2017,Cereals,Rice,373
Export,2017,Cereals,Rice,766
Import,2018,Cereals,Rice,678
Export,2018,Cereals,Rice,237
Import,2019,Cereals,Rice,509
Export,2019,Cereals,Rice,613
