{
"filename": "Food_import-export_in_tons_set147_4_DB.csv",
"questions": [{"name": "template 1",
 "sql": "SELECT Value FROM DBdata WHERE ((Import_Export = 'Export' AND Year = '2019' AND Quarter = 'Q4')) AND ((Category = 'Dairy' AND Item = 'Butter'))",
 "sqlResult": "{526}",
 "nlq": "What is the amount of Export of Butter in Q4 of 2019?"},
{"name": "template 2",
 "sql": "SELECT Value FROM DBdata WHERE ((Import_Export = 'Export' AND Year = '2019' AND Quarter = 'Q3')) AND ((Category = 'Cereals' AND Item = 'Corn') OR (Category = 'Dairy' AND Item = 'Cream'))",
 "sqlResult": "{262} || {287}",
 "nlq": "What is the amount of Export of Corn or Cream in Q3 of 2019?"},
{"name": "template 3",
 "sql": "SELECT Value FROM DBdata WHERE ((Import_Export = 'Import' AND Year = '2019' AND Quarter = 'Q1') OR (Import_Export = 'Export' AND Year = '2019' AND Quarter = 'Q2') OR (Import_Export = 'Import' AND Year = '2020' AND Quarter = 'Q2') OR (Import_Export = 'Export' AND Year = '2020' AND Quarter = 'Q2') OR (Import_Export = 'Import' AND Year = '2019' AND Quarter = 'Q3') OR (Import_Export = 'Export' AND Year = '2019' AND Quarter = 'Q3') OR (Import_Export = 'Export' AND Year = '2020' AND Quarter = 'Q3') OR (Import_Export = 'Import' AND Year = '2019' AND Quarter = 'Q4') OR (Import_Export = 'Import' AND Year = '2020' AND Quarter = 'Q4')) AND ((Category = 'Dairy' AND Item = 'Butter'))",
 "sqlResult": "{81} || {814} || {838} || {801} || {272} || {849} || {252} || {24} || {430}",
 "nlq": "What is the amount of Import of Butter in Q1, Q3, or Q4 of 2019 or Q4 of 2020, of Export of Butter in Q2 or Q3 of 2019 or Q3 of 2020, or of Export or Import of Butter in Q2 of 2020?"},
{"name": "template 4",
 "sql": "SELECT min(Value),avg(Value) FROM DBdata WHERE ((Import_Export = 'Import' AND Year = '2019' AND Quarter = 'Q1') OR (Import_Export = 'Import' AND Year = '2020' AND Quarter = 'Q1') OR (Import_Export = 'Import' AND Year = '2019' AND Quarter = 'Q2')) AND ((Category = 'Dairy' AND Item = 'Cream'))",
 "sqlResult": "{33 | 243.67}",
 "nlq": "What are the minimum and average amounts of Import of Cream in Q1 of 2020 or Q1 or Q2 of 2019?"},
{"name": "template 6",
 "sql": "SELECT Value FROM DBdata WHERE ((Import_Export = 'Export' AND Year = '2019' AND Quarter = 'Q1') OR (Import_Export = 'Export' AND Year = '2019' AND Quarter = 'Q2')) AND ((Category = 'Cereals' AND Item = 'Corn') OR (Category = 'Cereals' AND Item = 'Oats') OR (Category = 'Cereals' AND Item = 'Rice'))",
 "sqlResult": "{579} || {962} || {819} || {574} || {741} || {344}",
 "nlq": "What is the amount of Export of Corn, Oats, or Rice in Q1 or Q2 of 2019?"},
{"name": "template 7",
 "sql": "SELECT sum(Value),max(Value) FROM DBdata WHERE ((Import_Export = 'Export' AND Year = '2019' AND Quarter = 'Q1')) AND ((Category = 'Cereals' AND Item = 'Corn') OR (Category = 'Cereals' AND Item = 'Oats') OR (Category = 'Cereals' AND Item = 'Rice') OR (Category = 'Dairy' AND Item = 'Butter') OR (Category = 'Dairy' AND Item = 'Cream'))",
 "sqlResult": "{2910 | 819}",
 "nlq": "What are the total and maximum amounts of Export of Butter, Corn, Cream, Oats, or Rice in Q1 of 2019?"},
{"name": "template 8",
 "sql": "SELECT Import_Export,Year,Quarter,sum(Value),max(Value) FROM DBdata WHERE ((Import_Export = 'Export' AND Year = '2020' AND Quarter = 'Q1') OR (Import_Export = 'Export' AND Year = '2019' AND Quarter = 'Q2') OR (Import_Export = 'Import' AND Year = '2020' AND Quarter = 'Q2') OR (Import_Export = 'Export' AND Year = '2020' AND Quarter = 'Q2') OR (Import_Export = 'Export' AND Year = '2019' AND Quarter = 'Q4')) AND ((Category = 'Cereals' AND Item = 'Corn') OR (Category = 'Cereals' AND Item = 'Oats') OR (Category = 'Cereals' AND Item = 'Rice') OR (Category = 'Dairy' AND Item = 'Cream')) GROUP BY Import_Export,Year,Quarter",
 "sqlResult": "{Export | 2019 | Q2 | 2385 | 962} || {Export | 2019 | Q4 | 2041 | 653} || {Export | 2020 | Q1 | 1497 | 944} || {Export | 2020 | Q2 | 1058 | 683} || {Import | 2020 | Q2 | 2657 | 874}",
 "nlq": "What are the total and maximum amounts for each Import-Export, Year, and Quarter, of Export of Corn, Cream, Oats, or Rice in Q1 or Q2 of 2020 or Q2 or Q4 of 2019 or of Import of Corn, Cream, Oats, or Rice in Q2 of 2020? Please, report the corresponding Import-Export, Year, and Quarter."},
{"name": "template 9",
 "sql": "SELECT min(Value) FROM DBdata WHERE ((Import_Export = 'Import' AND Year = '2019' AND Quarter = 'Q2')) AND (Category IN ('Cereals','Dairy')) GROUP BY Category",
 "sqlResult": "{578} || {33}",
 "nlq": "What is the minimum amount for each Category, of Import of Cereals or Dairy in Q2 of 2019?"},
{"name": "template 10",
 "sql": "SELECT Category,sum(Value) FROM DBdata WHERE ((Import_Export = 'Export' AND Year = '2020' AND Quarter = 'Q3')) AND (Category IN ('Cereals','Dairy')) GROUP BY Category",
 "sqlResult": "{Cereals | 1643} || {Dairy | 965}",
 "nlq": "What is the total amount for each Category, of Export of Cereals or Dairy in Q3 of 2020? Please, report the corresponding Category."},
{"name": "template 11",
 "sql": "SELECT Category,Import_Export,Year,Quarter,avg(Value) FROM DBdata WHERE ((Import_Export = 'Export' AND Year = '2020' AND Quarter = 'Q1') OR (Import_Export = 'Import' AND Year = '2020' AND Quarter = 'Q4')) AND (Category IN ('Cereals','Dairy')) GROUP BY Category,Import_Export,Year,Quarter",
 "sqlResult": "{Cereals | Export | 2020 | Q1 | 458} || {Cereals | Import | 2020 | Q4 | 617.67} || {Dairy | Export | 2020 | Q1 | 384.5} || {Dairy | Import | 2020 | Q4 | 711}",
 "nlq": "What is the average amount for each Category, Import-Export, Year, and Quarter, of Export of Cereals or Dairy in Q1 of 2020 or of Import of Cereals or Dairy in Q4 of 2020? Please, report the corresponding Category, Import-Export, Year, and Quarter."},
{"name": "template 12",
 "sql": "SELECT Value FROM DBdata WHERE ((Import_Export = 'Export' AND Year = '2020' AND Quarter = 'Q2')) AND (Category IN ('Cereals','Dairy')) ORDER BY VALUE ASC LIMIT 2",
 "sqlResult": "{38} || {70}",
 "nlq": "What are the bottom 2 amounts of Export of Cereals or Dairy in Q2 of 2020?"},
{"name": "template 13",
 "sql": "SELECT Value FROM DBdata WHERE ((Import_Export = 'Export' AND Year = '2019' AND Quarter = 'Q3')) AND (Category IN ('Cereals','Dairy')) ORDER BY VALUE DESC",
 "sqlResult": "{898} || {849} || {325} || {287} || {262}",
 "nlq": "What are the amounts ordered by decreasing values of Export of Cereals or Dairy in Q3 of 2019?"},
{"name": "template 14",
 "sql": "SELECT Category,Item FROM DBdata WHERE ((Import_Export = 'Import' AND Year = '2019' AND Quarter = 'Q4')) AND Value > 532.76",
 "sqlResult": "{Cereals | Oats} || {Dairy | Cream}",
 "nlq": "What are the Category and Item for which the amount of Import in Q4 of 2019 is greater than 532.76?"},
{"name": "template 15",
 "sql": "SELECT Category,Item,Value FROM DBdata WHERE ((Import_Export = 'Import' AND Year = '2020' AND Quarter = 'Q1')) AND (Category,Item) IN (SELECT Category,Item FROM DBdata WHERE ((Import_Export = 'Import' AND Year = '2019' AND Quarter = 'Q4')) AND Value > 532.76)",
 "sqlResult": "{Cereals | Oats | 598} || {Dairy | Cream | 173}",
 "nlq": "What is the amount of Import in Q1 of 2020 of Category and of Item for which the amount of Import in Q4 of 2019 is greater than 532.76? Please, report the corresponding Category, Item, and amount of import-export."}]
}
