Import-Export,Year,Quarter,Category,Item,Value
Import_Export,Year,Quarter,Category,Item,Value
Import,2020,Q1,Dairy,Butter,645
Export,2020,Q1,Dairy,Butter,618
Import,2021,Q1,Dairy,Butter,229
Export,2021,Q1,Dairy,Butter,566
Import,2022,Q1,Dairy,Butter,26
Export,2022,Q1,Dairy,Butter,332
Import,2020,Q2,Dairy,Butter,909
Export,2020,Q2,Dairy,Butter,85
Import,2021,Q2,Dairy,Butter,724
Export,2021,Q2,Dairy,Butter,173
Import,2022,Q2,Dairy,Butter,25
Export,2022,Q2,Dairy,Butter,261
Import,2020,Q3,Dairy,Butter,301
Export,2020,Q3,Dairy,Butter,491
Import,2021,Q3,Dairy,Butter,951
Export,2021,Q3,Dairy,Butter,644
Import,2022,Q3,Dairy,Butter,366
Export,2022,Q3,Dairy,Butter,705
Import,2020,Q4,Dairy,Butter,478
Export,2020,Q4,Dairy,Butter,872
Import,2021,Q4,Dairy,Butter,570
Export,2021,Q4,Dairy,Butter,562
Import,2022,Q4,Dairy,Butter,833
Export,2022,Q4,Dairy,Butter,135
Import,2020,Q1,Dairy,Cream,213
Export,2020,Q1,Dairy,Cream,558
Import,2021,Q1,Dairy,Cream,817
Export,2021,Q1,Dairy,Cream,807
Import,2022,Q1,Dairy,Cream,526
Export,2022,Q1,Dairy,Cream,42
Import,2020,Q2,Dairy,Cream,714
Export,2020,Q2,Dairy,Cream,321
Import,2021,Q2,Dairy,Cream,53
Export,2021,Q2,Dairy,Cream,583
Import,2022,Q2,Dairy,Cream,243
Export,2022,Q2,Dairy,Cream,557
Import,2020,Q3,Dairy,Cream,19
Export,2020,Q3,Dairy,Cream,297
Import,2021,Q3,Dairy,Cream,52
Export,2021,Q3,Dairy,Cream,388
Import,2022,Q3,Dairy,Cream,82
Export,2022,Q3,Dairy,Cream,828
Import,2020,Q4,Dairy,Cream,496
Export,2020,Q4,Dairy,Cream,224
Import,2021,Q4,Dairy,Cream,489
Export,2021,Q4,Dairy,Cream,66
Import,2022,Q4,Dairy,Cream,882
Export,2022,Q4,Dairy,Cream,640
Import,2020,Q1,Dairy,Cheese,265
Export,2020,Q1,Dairy,Cheese,603
Import,2021,Q1,Dairy,Cheese,450
Export,2021,Q1,Dairy,Cheese,680
Import,2022,Q1,Dairy,Cheese,392
Export,2022,Q1,Dairy,Cheese,319
Import,2020,Q2,Dairy,Cheese,442
Export,2020,Q2,Dairy,Cheese,263
Import,2021,Q2,Dairy,Cheese,75
Export,2021,Q2,Dairy,Cheese,985
Import,2022,Q2,Dairy,Cheese,879
Export,2022,Q2,Dairy,Cheese,800
Import,2020,Q3,Dairy,Cheese,715
Export,2020,Q3,Dairy,Cheese,697
Import,2021,Q3,Dairy,Cheese,764
Export,2021,Q3,Dairy,Cheese,360
Import,2022,Q3,Dairy,Cheese,853
Export,2022,Q3,Dairy,Cheese,448
Import,2020,Q4,Dairy,Cheese,45
Export,2020,Q4,Dairy,Cheese,458
Import,2021,Q4,Dairy,Cheese,852
Export,2021,Q4,Dairy,Cheese,84
Import,2022,Q4,Dairy,Cheese,299
Export,2022,Q4,Dairy,Cheese,585
Import,2020,Q1,Beverage,Coffee,15
Export,2020,Q1,Beverage,Coffee,59
Import,2021,Q1,Beverage,Coffee,435
Export,2021,Q1,Beverage,Coffee,917
Import,2022,Q1,Beverage,Coffee,230
Export,2022,Q1,Beverage,Coffee,13
Import,2020,Q2,Beverage,Coffee,806
Export,2020,Q2,Beverage,Coffee,455
Import,2021,Q2,Beverage,Coffee,475
Export,2021,Q2,Beverage,Coffee,264
Import,2022,Q2,Beverage,Coffee,889
Export,2022,Q2,Beverage,Coffee,920
Import,2020,Q3,Beverage,Coffee,770
Export,2020,Q3,Beverage,Coffee,692
Import,2021,Q3,Beverage,Coffee,300
Export,2021,Q3,Beverage,Coffee,696
Import,2022,Q3,Beverage,Coffee,607
Export,2022,Q3,Beverage,Coffee,306
Import,2020,Q4,Beverage,Coffee,581
Export,2020,Q4,Beverage,Coffee,402
Import,2021,Q4,Beverage,Coffee,924
Export,2021,Q4,Beverage,Coffee,552
Import,2022,Q4,Beverage,Coffee,647
Export,2022,Q4,Beverage,Coffee,253
Import,2020,Q1,Beverage,Tea,516
Export,2020,Q1,Beverage,Tea,43
Import,2021,Q1,Beverage,Tea,426
Export,2021,Q1,Beverage,Tea,660
Import,2022,Q1,Beverage,Tea,427
Export,2022,Q1,Beverage,Tea,64
Import,2020,Q2,Beverage,Tea,433
Export,2020,Q2,Beverage,Tea,225
Import,2021,Q2,Beverage,Tea,124
Export,2021,Q2,Beverage,Tea,280
Import,2022,Q2,Beverage,Tea,742
Export,2022,Q2,Beverage,Tea,911
Import,2020,Q3,Beverage,Tea,468
Export,2020,Q3,Beverage,Tea,788
Import,2021,Q3,Beverage,Tea,474
Export,2021,Q3,Beverage,Tea,196
Import,2022,Q3,Beverage,Tea,892
Export,2022,Q3,Beverage,Tea,864
Import,2020,Q4,Beverage,Tea,132
Export,2020,Q4,Beverage,Tea,255
Import,2021,Q4,Beverage,Tea,674
Export,2021,Q4,Beverage,Tea,537
Import,2022,Q4,Beverage,Tea,114
Export,2022,Q4,Beverage,Tea,249
Import,2020,Q1,Beverage,Soda,20
Export,2020,Q1,Beverage,Soda,854
Import,2021,Q1,Beverage,Soda,385
Export,2021,Q1,Beverage,Soda,938
Import,2022,Q1,Beverage,Soda,12
Export,2022,Q1,Beverage,Soda,606
Import,2020,Q2,Beverage,Soda,336
Export,2020,Q2,Beverage,Soda,545
Import,2021,Q2,Beverage,Soda,980
Export,2021,Q2,Beverage,Soda,223
Import,2022,Q2,Beverage,Soda,722
Export,2022,Q2,Beverage,Soda,634
Import,2020,Q3,Beverage,Soda,498
Export,2020,Q3,Beverage,Soda,51
Import,2021,Q3,Beverage,Soda,572
Export,2021,Q3,Beverage,Soda,48
Import,2022,Q3,Beverage,Soda,860
Export,2022,Q3,Beverage,Soda,906
Import,2020,Q4,Beverage,Soda,976
Export,2020,Q4,Beverage,Soda,551
Import,2021,Q4,Beverage,Soda,569
Export,2021,Q4,Beverage,Soda,165
Import,2022,Q4,Beverage,Soda,335
Export,2022,Q4,Beverage,Soda,98
