{
"filename": "Food_import-export_in_tons_set134_3_DB.csv",
"questions": [{"name": "template 1",
 "sql": "SELECT Value FROM DBdata WHERE ((BB = 'BBch' AND AA = 'AArz')) AND ((CC = 'CCdj' AND DD = 'DDdg'))",
 "sqlResult": "{816}",
 "nlq": "What is the amount of AArz of DDdg in BBch?"},
{"name": "template 2",
 "sql": "SELECT Value FROM DBdata WHERE ((BB = 'BBch' AND AA = 'AAgl')) AND ((CC = 'CCdj' AND DD = 'DDdg') OR (CC = 'CCdj' AND DD = 'DDqx') OR (CC = 'CCjs' AND DD = 'DDkl'))",
 "sqlResult": "{888} || {953} || {142}",
 "nlq": "What is the amount of AAgl of DDkl, DDdg, or DDqx in BBch?"},
{"name": "template 3",
 "sql": "SELECT Value FROM DBdata WHERE ((BB = 'BBch' AND AA = 'AArz') OR (BB = 'BBch' AND AA = 'AAgl')) AND ((CC = 'CCjs' AND DD = 'DDmp'))",
 "sqlResult": "{641} || {600}",
 "nlq": "What is the amount of AAgl or AArz of DDmp in BBch?"},
{"name": "template 4",
 "sql": "SELECT sum(Value),min(Value) FROM DBdata WHERE ((BB = 'BBtx' AND AA = 'AArz') OR (BB = 'BBtx' AND AA = 'AAgl') OR (BB = 'BBch' AND AA = 'AArz') OR (BB = 'BBch' AND AA = 'AAgl')) AND ((CC = 'CCjs' AND DD = 'DDkl'))",
 "sqlResult": "{1547 | 108}",
 "nlq": "What are the total and minimum amounts of AAgl or AArz of DDkl in BBtx or BBch?"},
{"name": "template 5",
 "sql": "SELECT avg(Value) FROM DBdata WHERE (BB IN ('BBtx','BBch')) AND ((CC = 'CCdj' AND DD = 'DDqx'))",
 "sqlResult": "{632.25}",
 "nlq": "What is the average amount of DDqx in BBtx or BBch?"},
{"name": "template 6",
 "sql": "SELECT Value FROM DBdata WHERE ((BB = 'BBch' AND AA = 'AArz') OR (BB = 'BBch' AND AA = 'AAgl')) AND ((CC = 'CCdj' AND DD = 'DDdg') OR (CC = 'CCdj' AND DD = 'DDqx') OR (CC = 'CCjs' AND DD = 'DDkl') OR (CC = 'CCjs' AND DD = 'DDmp'))",
 "sqlResult": "{816} || {888} || {67} || {953} || {108} || {142} || {641} || {600}",
 "nlq": "What is the amount of AAgl or AArz of DDkl, DDdg, DDqx, or DDmp in BBch?"},
{"name": "template 7",
 "sql": "SELECT avg(Value),sum(Value) FROM DBdata WHERE ((BB = 'BBch' AND AA = 'AAgl')) AND ((CC = 'CCdj' AND DD = 'DDdg') OR (CC = 'CCdj' AND DD = 'DDqx') OR (CC = 'CCjs' AND DD = 'DDkl') OR (CC = 'CCjs' AND DD = 'DDmp'))",
 "sqlResult": "{645.75 | 2583}",
 "nlq": "What are the average and total amounts of AAgl of DDkl, DDdg, DDqx, or DDmp in BBch?"},
{"name": "template 8",
 "sql": "SELECT BB,AA,min(Value),max(Value) FROM DBdata WHERE ((BB = 'BBtx' AND AA = 'AAgl') OR (BB = 'BBch' AND AA = 'AArz') OR (BB = 'BBch' AND AA = 'AAgl')) AND ((CC = 'CCdj' AND DD = 'DDqx') OR (CC = 'CCjs' AND DD = 'DDkl')) GROUP BY BB,AA",
 "sqlResult": "{BBtx | AAgl | 565 | 902} || {BBch | AAgl | 142 | 953} || {BBch | AArz | 67 | 108}",
 "nlq": "What are the minimum and maximum amounts for each BB and AArz-AAgl, of AAgl of DDkl or DDqx in BBtx or of AAgl or AArz of DDkl or DDqx in BBch? Please, report the corresponding BB and AArz-AAgl."},
{"name": "template 9",
 "sql": "SELECT min(Value) FROM DBdata WHERE ((BB = 'BBtx' AND AA = 'AAgl')) AND (CC IN ('CCdj','CCjs')) GROUP BY CC",
 "sqlResult": "{902} || {565}",
 "nlq": "What is the minimum amount for each CC, of AAgl of CCdj or CCjs in BBtx?"},
{"name": "template 10",
 "sql": "SELECT CC,min(Value) FROM DBdata WHERE ((BB = 'BBch' AND AA = 'AArz')) AND (CC IN ('CCdj','CCjs')) GROUP BY CC",
 "sqlResult": "{CCdj | 67} || {CCjs | 108}",
 "nlq": "What is the minimum amount for each CC, of AArz of CCdj or CCjs in BBch? Please, report the corresponding CC."},
{"name": "template 11",
 "sql": "SELECT CC,BB,AA,max(Value) FROM DBdata WHERE ((BB = 'BBtx' AND AA = 'AArz') OR (BB = 'BBtx' AND AA = 'AAgl') OR (BB = 'BBch' AND AA = 'AAgl')) AND (CC IN ('CCdj','CCjs')) GROUP BY CC,BB,AA",
 "sqlResult": "{CCdj | BBtx | AAgl | 973} || {CCdj | BBtx | AArz | 607} || {CCdj | BBch | AAgl | 953} || {CCjs | BBtx | AAgl | 853} || {CCjs | BBtx | AArz | 732} || {CCjs | BBch | AAgl | 600}",
 "nlq": "What is the maximum amount for each CC, BB, and AArz-AAgl, of AAgl or AArz of CCdj or CCjs in BBtx or of AAgl of CCdj or CCjs in BBch? Please, report the corresponding CC, BB, and AArz-AAgl."},
{"name": "template 12",
 "sql": "SELECT Value FROM DBdata WHERE ((BB = 'BBtx' AND AA = 'AArz')) AND (CC IN ('CCdj','CCjs')) ORDER BY VALUE ASC LIMIT 3",
 "sqlResult": "{83} || {607} || {714}",
 "nlq": "What are the bottom 3 amounts of AArz of CCdj or CCjs in BBtx?"},
{"name": "template 13",
 "sql": "SELECT Value FROM DBdata WHERE ((BB = 'BBtx' AND AA = 'AArz')) AND (CC IN ('CCdj','CCjs')) ORDER BY VALUE ASC",
 "sqlResult": "{83} || {607} || {714} || {732}",
 "nlq": "What are the amounts ordered by increasing values of AArz of CCdj or CCjs in BBtx?"},
{"name": "template 14",
 "sql": "SELECT CC,DD FROM DBdata WHERE ((BB = 'BBch' AND AA = 'AAgl')) AND Value > 602.75",
 "sqlResult": "{CCdj | DDdg} || {CCdj | DDqx}",
 "nlq": "What are the CC and DD for which the amount of AAgl in BBch is greater than 602.75?"},
{"name": "template 15",
 "sql": "SELECT CC,DD,Value FROM DBdata WHERE ((BB = 'BBtx' AND AA = 'AAgl')) AND (CC,DD) IN (SELECT CC,DD FROM DBdata WHERE ((BB = 'BBch' AND AA = 'AAgl')) AND Value > 602.75)",
 "sqlResult": "{CCdj | DDdg | 973} || {CCdj | DDqx | 902}",
 "nlq": "What is the amount of AAgl in BBtx of CC and of DD for which the amount of AAgl in BBch is greater than 602.75? Please, report the corresponding CC, DD, and amount of import-export."}]
}

