Import-Export,Year,Category,Item,Value
Import_Export,Year,Category,Item,Value
Import,2016,Meat,Pork,225
Export,2016,Meat,Pork,861
Import,2017,Meat,Pork,694
Export,2017,Meat,Pork,397
Import,2018,Meat,Pork,348
Export,2018,Meat,Pork,562
Import,2016,Meat,Camel,22
Export,2016,Meat,Camel,95
Import,2017,Meat,Camel,444
Export,2017,Meat,Camel,702
Import,2018,Meat,Camel,185
Export,2018,Meat,Camel,80
Import,2016,Meat,Duck,725
Export,2016,Meat,Duck,644
Import,2017,Meat,Duck,503
Export,2017,Meat,Duck,324
Import,2018,Meat,Duck,305
Export,2018,Meat,Duck,353
Import,2016,Cereals,Seeds,190
Export,2016,Cereals,Seeds,995
Import,2017,Cereals,Seeds,740
Export,2017,Cereals,Seeds,929
Import,2018,Cereals,Seeds,991
Export,2018,Cereals,Seeds,60
Import,2016,Cereals,Wheat,90
Export,2016,Cereals,Wheat,681
Import,2017,Cereals,Wheat,613
Export,2017,Cereals,Wheat,411
Import,2018,Cereals,Wheat,307
Export,2018,Cereals,Wheat,192
Import,2016,Cereals,Soybeans,566
Export,2016,Cereals,Soybeans,456
Import,2017,Cereals,Soybeans,912
Export,2017,Cereals,Soybeans,193
Import,2018,Cereals,Soybeans,884
Export,2018,Cereals,Soybeans,509
Import,2016,Dairy,Cream,292
Export,2016,Dairy,Cream,218
Import,2017,Dairy,Cream,719
Export,2017,Dairy,Cream,163
Import,2018,Dairy,Cream,131
Export,2018,Dairy,Cream,568
Import,2016,Dairy,Cheese,987
Export,2016,Dairy,Cheese,300
Import,2017,Dairy,Cheese,624
Export,2017,Dairy,Cheese,628
Import,2018,Dairy,Cheese,150
Export,2018,Dairy,Cheese,132
Import,2016,Dairy,Yoghurt,697
Export,2016,Dairy,Yoghurt,258
Import,2017,Dairy,Yoghurt,639
Export,2017,Dairy,Yoghurt,341
Import,2018,Dairy,Yoghurt,254
Export,2018,Dairy,Yoghurt,852
