AAbmw-AAflp,BB,CC,DD,EE,Value
AA,BB,CC,DD,EE,Value
AAbmw,BBflm,CCrwz,DDfkw,EEbgz,572
AAflp,BBflm,CCrwz,DDfkw,EEbgz,688
AAbmw,BBckt,CCrwz,DDfkw,EEbgz,761
AAflp,BBckt,CCrwz,DDfkw,EEbgz,566
AAbmw,BBntx,CCrwz,DDfkw,EEbgz,724
AAflp,BBntx,CCrwz,DDfkw,EEbgz,372
AAbmw,BBflm,CCkpr,DDfkw,EEbgz,916
AAflp,BBflm,CCkpr,DDfkw,EEbgz,961
AAbmw,BBckt,CCkpr,DDfkw,EEbgz,568
AAflp,BBckt,CCkpr,DDfkw,EEbgz,713
AAbmw,BBntx,CCkpr,DDfkw,EEbgz,930
AAflp,BBntx,CCkpr,DDfkw,EEbgz,652
AAbmw,BBflm,CCfyz,DDfkw,EEbgz,771
AAflp,BBflm,CCfyz,DDfkw,EEbgz,240
AAbmw,BBckt,CCfyz,DDfkw,EEbgz,58
AAflp,BBckt,CCfyz,DDfkw,EEbgz,469
AAbmw,BBntx,CCfyz,DDfkw,EEbgz,753
AAflp,BBntx,CCfyz,DDfkw,EEbgz,192
AAbmw,BBflm,CCflv,DDfkw,EEbgz,340
AAflp,BBflm,CCflv,DDfkw,EEbgz,585
AAbmw,BBckt,CCflv,DDfkw,EEbgz,918
AAflp,BBckt,CCflv,DDfkw,EEbgz,213
AAbmw,BBntx,CCflv,DDfkw,EEbgz,182
AAflp,BBntx,CCflv,DDfkw,EEbgz,76
AAbmw,BBflm,CCrwz,DDfkw,EEbwz,878
AAflp,BBflm,CCrwz,DDfkw,EEbwz,121
AAbmw,BBckt,CCrwz,DDfkw,EEbwz,229
AAflp,BBckt,CCrwz,DDfkw,EEbwz,198
AAbmw,BBntx,CCrwz,DDfkw,EEbwz,929
AAflp,BBntx,CCrwz,DDfkw,EEbwz,20
AAbmw,BBflm,CCkpr,DDfkw,EEbwz,156
AAflp,BBflm,CCkpr,DDfkw,EEbwz,695
AAbmw,BBckt,CCkpr,DDfkw,EEbwz,772
AAflp,BBckt,CCkpr,DDfkw,EEbwz,15
AAbmw,BBntx,CCkpr,DDfkw,EEbwz,261
AAflp,BBntx,CCkpr,DDfkw,EEbwz,583
AAbmw,BBflm,CCfyz,DDfkw,EEbwz,998
AAflp,BBflm,CCfyz,DDfkw,EEbwz,278
AAbmw,BBckt,CCfyz,DDfkw,EEbwz,359
AAflp,BBckt,CCfyz,DDfkw,EEbwz,697
AAbmw,BBntx,CCfyz,DDfkw,EEbwz,560
AAflp,BBntx,CCfyz,DDfkw,EEbwz,404
AAbmw,BBflm,CCflv,DDfkw,EEbwz,898
AAflp,BBflm,CCflv,DDfkw,EEbwz,791
AAbmw,BBckt,CCflv,DDfkw,EEbwz,546
AAflp,BBckt,CCflv,DDfkw,EEbwz,305
AAbmw,BBntx,CCflv,DDfkw,EEbwz,263
AAflp,BBntx,CCflv,DDfkw,EEbwz,348
AAbmw,BBflm,CCrwz,DDgkp,EEfqx,757
AAflp,BBflm,CCrwz,DDgkp,EEfqx,377
AAbmw,BBckt,CCrwz,DDgkp,EEfqx,624
AAflp,BBckt,CCrwz,DDgkp,EEfqx,822
AAbmw,BBntx,CCrwz,DDgkp,EEfqx,545
AAflp,BBntx,CCrwz,DDgkp,EEfqx,117
AAbmw,BBflm,CCkpr,DDgkp,EEfqx,16
AAflp,BBflm,CCkpr,DDgkp,EEfqx,526
AAbmw,BBckt,CCkpr,DDgkp,EEfqx,411
AAflp,BBckt,CCkpr,DDgkp,EEfqx,310
AAbmw,BBntx,CCkpr,DDgkp,EEfqx,350
AAflp,BBntx,CCkpr,DDgkp,EEfqx,576
AAbmw,BBflm,CCfyz,DDgkp,EEfqx,554
AAflp,BBflm,CCfyz,DDgkp,EEfqx,356
AAbmw,BBckt,CCfyz,DDgkp,EEfqx,988
AAflp,BBckt,CCfyz,DDgkp,EEfqx,389
AAbmw,BBntx,CCfyz,DDgkp,EEfqx,245
AAflp,BBntx,CCfyz,DDgkp,EEfqx,589
AAbmw,BBflm,CCflv,DDgkp,EEfqx,681
AAflp,BBflm,CCflv,DDgkp,EEfqx,477
AAbmw,BBckt,CCflv,DDgkp,EEfqx,139
AAflp,BBckt,CCflv,DDgkp,EEfqx,111
AAbmw,BBntx,CCflv,DDgkp,EEfqx,810
AAflp,BBntx,CCflv,DDgkp,EEfqx,478
AAbmw,BBflm,CCrwz,DDgkp,EEgwy,383
AAflp,BBflm,CCrwz,DDgkp,EEgwy,597
AAbmw,BBckt,CCrwz,DDgkp,EEgwy,592
AAflp,BBckt,CCrwz,DDgkp,EEgwy,699
AAbmw,BBntx,CCrwz,DDgkp,EEgwy,638
AAflp,BBntx,CCrwz,DDgkp,EEgwy,853
AAbmw,BBflm,CCkpr,DDgkp,EEgwy,317
AAflp,BBflm,CCkpr,DDgkp,EEgwy,37
AAbmw,BBckt,CCkpr,DDgkp,EEgwy,818
AAflp,BBckt,CCkpr,DDgkp,EEgwy,633
AAbmw,BBntx,CCkpr,DDgkp,EEgwy,892
AAflp,BBntx,CCkpr,DDgkp,EEgwy,440
AAbmw,BBflm,CCfyz,DDgkp,EEgwy,540
AAflp,BBflm,CCfyz,DDgkp,EEgwy,959
AAbmw,BBckt,CCfyz,DDgkp,EEgwy,865
AAflp,BBckt,CCfyz,DDgkp,EEgwy,639
AAbmw,BBntx,CCfyz,DDgkp,EEgwy,904
AAflp,BBntx,CCfyz,DDgkp,EEgwy,287
AAbmw,BBflm,CCflv,DDgkp,EEgwy,482
AAflp,BBflm,CCflv,DDgkp,EEgwy,802
AAbmw,BBckt,CCflv,DDgkp,EEgwy,696
AAflp,BBckt,CCflv,DDgkp,EEgwy,855
AAbmw,BBntx,CCflv,DDgkp,EEgwy,973
AAflp,BBntx,CCflv,DDgkp,EEgwy,909
AAbmw,BBflm,CCrwz,DDgkp,EEptx,448
AAflp,BBflm,CCrwz,DDgkp,EEptx,889
AAbmw,BBckt,CCrwz,DDgkp,EEptx,60
AAflp,BBckt,CCrwz,DDgkp,EEptx,417
AAbmw,BBntx,CCrwz,DDgkp,EEptx,590
AAflp,BBntx,CCrwz,DDgkp,EEptx,90
AAbmw,BBflm,CCkpr,DDgkp,EEptx,662
AAflp,BBflm,CCkpr,DDgkp,EEptx,286
AAbmw,BBckt,CCkpr,DDgkp,EEptx,237
AAflp,BBckt,CCkpr,DDgkp,EEptx,203
AAbmw,BBntx,CCkpr,DDgkp,EEptx,833
AAflp,BBntx,CCkpr,DDgkp,EEptx,205
AAbmw,BBflm,CCfyz,DDgkp,EEptx,507
AAflp,BBflm,CCfyz,DDgkp,EEptx,729
AAbmw,BBckt,CCfyz,DDgkp,EEptx,982
AAflp,BBckt,CCfyz,DDgkp,EEptx,272
AAbmw,BBntx,CCfyz,DDgkp,EEptx,567
AAflp,BBntx,CCfyz,DDgkp,EEptx,508
AAbmw,BBflm,CCflv,DDgkp,EEptx,646
AAflp,BBflm,CCflv,DDgkp,EEptx,87
AAbmw,BBckt,CCflv,DDgkp,EEptx,50
AAflp,BBckt,CCflv,DDgkp,EEptx,363
AAbmw,BBntx,CCflv,DDgkp,EEptx,749
AAflp,BBntx,CCflv,DDgkp,EEptx,580
AAbmw,BBflm,CCrwz,DDcgl,EEfnx,153
AAflp,BBflm,CCrwz,DDcgl,EEfnx,768
AAbmw,BBckt,CCrwz,DDcgl,EEfnx,653
AAflp,BBckt,CCrwz,DDcgl,EEfnx,376
AAbmw,BBntx,CCrwz,DDcgl,EEfnx,541
AAflp,BBntx,CCrwz,DDcgl,EEfnx,876
AAbmw,BBflm,CCkpr,DDcgl,EEfnx,996
AAflp,BBflm,CCkpr,DDcgl,EEfnx,444
AAbmw,BBckt,CCkpr,DDcgl,EEfnx,331
AAflp,BBckt,CCkpr,DDcgl,EEfnx,915
AAbmw,BBntx,CCkpr,DDcgl,EEfnx,525
AAflp,BBntx,CCkpr,DDcgl,EEfnx,455
AAbmw,BBflm,CCfyz,DDcgl,EEfnx,27
AAflp,BBflm,CCfyz,DDcgl,EEfnx,994
AAbmw,BBckt,CCfyz,DDcgl,EEfnx,685
AAflp,BBckt,CCfyz,DDcgl,EEfnx,495
AAbmw,BBntx,CCfyz,DDcgl,EEfnx,868
AAflp,BBntx,CCfyz,DDcgl,EEfnx,549
AAbmw,BBflm,CCflv,DDcgl,EEfnx,110
AAflp,BBflm,CCflv,DDcgl,EEfnx,825
AAbmw,BBckt,CCflv,DDcgl,EEfnx,116
AAflp,BBckt,CCflv,DDcgl,EEfnx,168
AAbmw,BBntx,CCflv,DDcgl,EEfnx,175
AAflp,BBntx,CCflv,DDcgl,EEfnx,85
AAbmw,BBflm,CCrwz,DDcgl,EEtwy,330
AAflp,BBflm,CCrwz,DDcgl,EEtwy,84
AAbmw,BBckt,CCrwz,DDcgl,EEtwy,152
AAflp,BBckt,CCrwz,DDcgl,EEtwy,361
AAbmw,BBntx,CCrwz,DDcgl,EEtwy,155
AAflp,BBntx,CCrwz,DDcgl,EEtwy,114
AAbmw,BBflm,CCkpr,DDcgl,EEtwy,301
AAflp,BBflm,CCkpr,DDcgl,EEtwy,334
AAbmw,BBckt,CCkpr,DDcgl,EEtwy,845
AAflp,BBckt,CCkpr,DDcgl,EEtwy,107
AAbmw,BBntx,CCkpr,DDcgl,EEtwy,239
AAflp,BBntx,CCkpr,DDcgl,EEtwy,847
AAbmw,BBflm,CCfyz,DDcgl,EEtwy,604
AAflp,BBflm,CCfyz,DDcgl,EEtwy,395
AAbmw,BBckt,CCfyz,DDcgl,EEtwy,113
AAflp,BBckt,CCfyz,DDcgl,EEtwy,324
AAbmw,BBntx,CCfyz,DDcgl,EEtwy,355
AAflp,BBntx,CCfyz,DDcgl,EEtwy,177
AAbmw,BBflm,CCflv,DDcgl,EEtwy,752
AAflp,BBflm,CCflv,DDcgl,EEtwy,938
AAbmw,BBckt,CCflv,DDcgl,EEtwy,164
AAflp,BBckt,CCflv,DDcgl,EEtwy,781
AAbmw,BBntx,CCflv,DDcgl,EEtwy,867
AAflp,BBntx,CCflv,DDcgl,EEtwy,381
AAbmw,BBflm,CCrwz,DDcgl,EEbkm,854
AAflp,BBflm,CCrwz,DDcgl,EEbkm,327
AAbmw,BBckt,CCrwz,DDcgl,EEbkm,872
AAflp,BBckt,CCrwz,DDcgl,EEbkm,209
AAbmw,BBntx,CCrwz,DDcgl,EEbkm,183
AAflp,BBntx,CCrwz,DDcgl,EEbkm,81
AAbmw,BBflm,CCkpr,DDcgl,EEbkm,61
AAflp,BBflm,CCkpr,DDcgl,EEbkm,364
AAbmw,BBckt,CCkpr,DDcgl,EEbkm,913
AAflp,BBckt,CCkpr,DDcgl,EEbkm,897
AAbmw,BBntx,CCkpr,DDcgl,EEbkm,966
AAflp,BBntx,CCkpr,DDcgl,EEbkm,591
AAbmw,BBflm,CCfyz,DDcgl,EEbkm,119
AAflp,BBflm,CCfyz,DDcgl,EEbkm,264
AAbmw,BBckt,CCfyz,DDcgl,EEbkm,885
AAflp,BBckt,CCfyz,DDcgl,EEbkm,24
AAbmw,BBntx,CCfyz,DDcgl,EEbkm,71
AAflp,BBntx,CCfyz,DDcgl,EEbkm,836
AAbmw,BBflm,CCflv,DDcgl,EEbkm,743
AAflp,BBflm,CCflv,DDcgl,EEbkm,863
AAbmw,BBckt,CCflv,DDcgl,EEbkm,817
AAflp,BBckt,CCflv,DDcgl,EEbkm,709
AAbmw,BBntx,CCflv,DDcgl,EEbkm,405
AAflp,BBntx,CCflv,DDcgl,EEbkm,520

