{
"filename": "Food_import-export_in_tons_set134_5_DB.csv",
"questions": [{"name": "template 1",
 "sql": "SELECT Value FROM DBdata WHERE ((AA = 'AAsw' AND BB = 'BBbw')) AND ((CC = 'CCjy' AND DD = 'DDdk'))",
 "sqlResult": "{647}",
 "nlq": "What is the amount of AAsw of DDdk in BBbw?"},
{"name": "template 2",
 "sql": "SELECT Value FROM DBdata WHERE ((AA = 'AAgr' AND BB = 'BBbs')) AND ((CC = 'CCjy' AND DD = 'DDkp') OR (CC = 'CCjy' AND DD = 'DDgn') OR (CC = 'CCnt' AND DD = 'DDpt') OR (CC = 'CCnt' AND DD = 'DDxz'))",
 "sqlResult": "{824} || {213} || {16} || {94}",
 "nlq": "What is the amount of AAgr of DDpt, DDkp, DDxz, or DDgn in BBbs?"},
{"name": "template 3",
 "sql": "SELECT Value FROM DBdata WHERE ((AA = 'AAsw' AND BB = 'BBbw') OR (AA = 'AAgr' AND BB = 'BBbw') OR (AA = 'AAsw' AND BB = 'BBbs') OR (AA = 'AAgr' AND BB = 'BBbs')) AND ((CC = 'CCjy' AND DD = 'DDdk'))",
 "sqlResult": "{647} || {21} || {982} || {878}",
 "nlq": "What is the amount of AAgr or AAsw of DDdk in BBbw or BBbs?"},
{"name": "template 4",
 "sql": "SELECT max(Value),min(Value) FROM DBdata WHERE ((AA = 'AAsw' AND BB = 'BBbw') OR (AA = 'AAgr' AND BB = 'BBbw') OR (AA = 'AAsw' AND BB = 'BBbs') OR (AA = 'AAgr' AND BB = 'BBbs')) AND ((CC = 'CCls' AND DD = 'DDkn'))",
 "sqlResult": "{924 | 480}",
 "nlq": "What are the maximum and minimum amounts of AAgr or AAsw of DDkn in BBbw or BBbs?"},
{"name": "template 5",
 "sql": "SELECT avg(Value) FROM DBdata WHERE (AA IN ('AAsw','AAgr')) AND ((CC = 'CCjy' AND DD = 'DDdk'))",
 "sqlResult": "{632}",
 "nlq": "What is the average amount of AAgr or AAsw of DDdk?"},
{"name": "template 6",
 "sql": "SELECT Value FROM DBdata WHERE ((AA = 'AAsw' AND BB = 'BBbw') OR (AA = 'AAgr' AND BB = 'BBbw') OR (AA = 'AAsw' AND BB = 'BBbs') OR (AA = 'AAgr' AND BB = 'BBbs')) AND ((CC = 'CCjy' AND DD = 'DDkp') OR (CC = 'CCjy' AND DD = 'DDgn') OR (CC = 'CCls' AND DD = 'DDkn') OR (CC = 'CCnt' AND DD = 'DDpt'))",
 "sqlResult": "{107} || {819} || {25} || {824} || {571} || {640} || {966} || {213} || {757} || {533} || {924} || {480} || {871} || {263} || {617} || {16}",
 "nlq": "What is the amount of AAgr or AAsw of DDkn, DDpt, DDkp, or DDgn in BBbw or BBbs?"},
{"name": "template 7",
 "sql": "SELECT max(Value),sum(Value) FROM DBdata WHERE ((AA = 'AAsw' AND BB = 'BBbs')) AND ((CC = 'CCls' AND DD = 'DDmp') OR (CC = 'CCnt' AND DD = 'DDpt'))",
 "sqlResult": "{617 | 1217}",
 "nlq": "What are the maximum and total amounts of AAsw of DDpt or DDmp in BBbs?"},
{"name": "template 8",
 "sql": "SELECT AA,BB,max(Value),avg(Value) FROM DBdata WHERE ((AA = 'AAsw' AND BB = 'BBbw') OR (AA = 'AAgr' AND BB = 'BBbw') OR (AA = 'AAgr' AND BB = 'BBbs')) AND ((CC = 'CCjy' AND DD = 'DDgn') OR (CC = 'CCjy' AND DD = 'DDdk') OR (CC = 'CCls' AND DD = 'DDmp') OR (CC = 'CCls' AND DD = 'DDkn') OR (CC = 'CCnt' AND DD = 'DDxz')) GROUP BY AA,BB",
 "sqlResult": "{AAgr | BBbw | 652 | 387.4} || {AAgr | BBbs | 878 | 482.2} || {AAsw | BBbw | 833 | 607.8}",
 "nlq": "What are the maximum and average amounts for each AAsw-AAgr and BB, of AAgr or AAsw of DDkn, DDmp, DDdk, DDxz, or DDgn in BBbw or of AAgr of DDkn, DDmp, DDdk, DDxz, or DDgn in BBbs? Please, report the corresponding AAsw-AAgr and BB."},
{"name": "template 9",
 "sql": "SELECT min(Value) FROM DBdata WHERE ((AA = 'AAsw' AND BB = 'BBbw')) AND (CC IN ('CCjy','CCls','CCnt')) GROUP BY CC",
 "sqlResult": "{833} || {107} || {231}",
 "nlq": "What is the minimum amount for each CC, of AAsw of CCnt, CCjy, or CCls in BBbw?"},
{"name": "template 10",
 "sql": "SELECT CC,sum(Value) FROM DBdata WHERE ((AA = 'AAsw' AND BB = 'BBbw')) AND (CC IN ('CCjy','CCls','CCnt')) GROUP BY CC",
 "sqlResult": "{CCnt | 1704} || {CCjy | 1325} || {CCls | 988}",
 "nlq": "What is the total amount for each CC, of AAsw of CCnt, CCjy, or CCls in BBbw? Please, report the corresponding CC."},
{"name": "template 11",
 "sql": "SELECT CC,AA,BB,max(Value) FROM DBdata WHERE ((AA = 'AAsw' AND BB = 'BBbw') OR (AA = 'AAgr' AND BB = 'BBbw') OR (AA = 'AAgr' AND BB = 'BBbs')) AND (CC IN ('CCjy','CCls','CCnt')) GROUP BY CC,AA,BB",
 "sqlResult": "{CCnt | AAgr | BBbw | 652} || {CCnt | AAgr | BBbs | 94} || {CCnt | AAsw | BBbw | 871} || {CCjy | AAgr | BBbw | 819} || {CCjy | AAgr | BBbs | 878} || {CCjy | AAsw | BBbw | 647} || {CCls | AAgr | BBbw | 533} || {CCls | AAgr | BBbs | 746} || {CCls | AAsw | BBbw | 757}",
 "nlq": "What is the maximum amount for each CC, AAsw-AAgr, and BB, of AAgr or AAsw of CCnt, CCjy, or CCls in BBbw or of AAgr of CCnt, CCjy, or CCls in BBbs? Please, report the corresponding CC, AAsw-AAgr, and BB."},
{"name": "template 12",
 "sql": "SELECT Value FROM DBdata WHERE ((AA = 'AAgr' AND BB = 'BBbw')) AND (CC IN ('CCjy','CCnt')) ORDER BY VALUE ASC LIMIT 2",
 "sqlResult": "{21} || {263}",
 "nlq": "What are the bottom 2 amounts of AAgr of CCnt or CCjy in BBbw?"},
{"name": "template 13",
 "sql": "SELECT Value FROM DBdata WHERE ((AA = 'AAsw' AND BB = 'BBbs')) AND (CC IN ('CCjy','CCnt')) ORDER BY VALUE DESC",
 "sqlResult": "{982} || {966} || {617} || {510} || {25}",
 "nlq": "What are the amounts ordered by decreasing values of AAsw of CCnt or CCjy in BBbs?"},
{"name": "template 14",
 "sql": "SELECT CC,DD FROM DBdata WHERE ((AA = 'AAgr' AND BB = 'BBbw')) AND Value < 532.54",
 "sqlResult": "{CCjy | DDdk} || {CCls | DDmp} || {CCnt | DDpt}",
 "nlq": "What are the CC and DD for which the amount of AAgr in BBbw is lower than 532.54?"},
{"name": "template 15",
 "sql": "SELECT CC,DD,Value FROM DBdata WHERE ((AA = 'AAsw' AND BB = 'BBbw')) AND (CC,DD) IN (SELECT CC,DD FROM DBdata WHERE ((AA = 'AAgr' AND BB = 'BBbw')) AND Value < 532.54)",
 "sqlResult": "{CCjy | DDdk | 647} || {CCls | DDmp | 231} || {CCnt | DDpt | 871}",
 "nlq": "What is the amount of AAsw in BBbw of CC and of DD for which the amount of AAgr in BBbw is lower than 532.54? Please, report the corresponding CC, DD, and amount of import-export."}]
}

