{
"filename": "Food_import-export_in_tons_set145_4_DB.csv",
"questions": [{"name": "template 1",
 "sql": "SELECT Value FROM DBdata WHERE ((Import_Export = 'Export' AND Year = '2018' AND Quarter = 'Q1')) AND ((Category = 'Cereals' AND Item = 'Seeds'))",
 "sqlResult": "{54}",
 "nlq": "What is the amount of Export of Seeds in Q1 of 2018?"},
{"name": "template 2",
 "sql": "SELECT Value FROM DBdata WHERE ((Import_Export = 'Export' AND Year = '2017' AND Quarter = 'Q1')) AND ((Category = 'Meat' AND Item = 'Duck') OR (Category = 'Meat' AND Item = 'Lamb') OR (Category = 'Cereals' AND Item = 'Oats') OR (Category = 'Cereals' AND Item = 'Rice') OR (Category = 'Cereals' AND Item = 'Seeds'))",
 "sqlResult": "{601} || {959} || {202} || {637} || {87}",
 "nlq": "What is the amount of Export of Duck, Lamb, Oats, Rice, or Seeds in Q1 of 2017?"},
{"name": "template 3",
 "sql": "SELECT Value FROM DBdata WHERE ((Import_Export = 'Import' AND Year = '2017' AND Quarter = 'Q1') OR (Import_Export = 'Import' AND Year = '2017' AND Quarter = 'Q2') OR (Import_Export = 'Export' AND Year = '2017' AND Quarter = 'Q2') OR (Import_Export = 'Export' AND Year = '2018' AND Quarter = 'Q2') OR (Import_Export = 'Import' AND Year = '2018' AND Quarter = 'Q3') OR (Import_Export = 'Import' AND Year = '2017' AND Quarter = 'Q4') OR (Import_Export = 'Import' AND Year = '2018' AND Quarter = 'Q4') OR (Import_Export = 'Export' AND Year = '2018' AND Quarter = 'Q4')) AND ((Category = 'Cereals' AND Item = 'Seeds'))",
 "sqlResult": "{549} || {387} || {59} || {181} || {984} || {657} || {97} || {470}",
 "nlq": "What is the amount of Import of Seeds in Q1, Q2, or Q4 of 2017 or Q3 or Q4 of 2018 or of Export of Seeds in Q2 of 2017 or 2018 or Q4 of 2018?"},
{"name": "template 4",
 "sql": "SELECT min(Value),avg(Value) FROM DBdata WHERE ((Import_Export = 'Import' AND Year = '2018' AND Quarter = 'Q2') OR (Import_Export = 'Export' AND Year = '2018' AND Quarter = 'Q4')) AND ((Category = 'Cereals' AND Item = 'Seeds'))",
 "sqlResult": "{189 | 329.5}",
 "nlq": "What are the minimum and average amounts of Import of Seeds in Q2 of 2018 or of Export of Seeds in Q4 of 2018?"},
{"name": "template 6",
 "sql": "SELECT Value FROM DBdata WHERE ((Import_Export = 'Export' AND Year = '2017' AND Quarter = 'Q3') OR (Import_Export = 'Import' AND Year = '2017' AND Quarter = 'Q4')) AND ((Category = 'Meat' AND Item = 'Duck') OR (Category = 'Meat' AND Item = 'Lamb') OR (Category = 'Cereals' AND Item = 'Rice') OR (Category = 'Cereals' AND Item = 'Seeds'))",
 "sqlResult": "{58} || {733} || {92} || {510} || {537} || {163} || {406} || {657}",
 "nlq": "What is the amount of Export of Duck, Lamb, Rice, or Seeds in Q3 of 2017 or of Import of Duck, Lamb, Rice, or Seeds in Q4 of 2017?"},
{"name": "template 7",
 "sql": "SELECT avg(Value),min(Value) FROM DBdata WHERE ((Import_Export = 'Export' AND Year = '2018' AND Quarter = 'Q2')) AND ((Category = 'Meat' AND Item = 'Duck') OR (Category = 'Meat' AND Item = 'Lamb') OR (Category = 'Cereals' AND Item = 'Rice') OR (Category = 'Cereals' AND Item = 'Seeds'))",
 "sqlResult": "{270.25 | 69}",
 "nlq": "What are the average and minimum amounts of Export of Duck, Lamb, Rice, or Seeds in Q2 of 2018?"},
{"name": "template 8",
 "sql": "SELECT Import_Export,Year,Quarter,min(Value),avg(Value) FROM DBdata WHERE ((Import_Export = 'Import' AND Year = '2017' AND Quarter = 'Q1') OR (Import_Export = 'Export' AND Year = '2017' AND Quarter = 'Q1') OR (Import_Export = 'Import' AND Year = '2018' AND Quarter = 'Q1') OR (Import_Export = 'Import' AND Year = '2018' AND Quarter = 'Q2')) AND ((Category = 'Meat' AND Item = 'Duck') OR (Category = 'Meat' AND Item = 'Lamb') OR (Category = 'Cereals' AND Item = 'Oats') OR (Category = 'Cereals' AND Item = 'Rice') OR (Category = 'Cereals' AND Item = 'Seeds')) GROUP BY Import_Export,Year,Quarter",
 "sqlResult": "{Export | 2017 | Q1 | 87 | 497.2} || {Import | 2017 | Q1 | 88 | 554.4} || {Import | 2018 | Q1 | 68 | 351.4} || {Import | 2018 | Q2 | 64 | 457.4}",
 "nlq": "What are the minimum and average amounts for each Import-Export, Year, and Quarter, of Export or Import of Duck, Lamb, Oats, Rice, or Seeds in Q1 of 2017 or of Import of Duck, Lamb, Oats, Rice, or Seeds in Q1 or Q2 of 2018? Please, report the corresponding Import-Export, Year, and Quarter."},
{"name": "template 9",
 "sql": "SELECT min(Value) FROM DBdata WHERE ((Import_Export = 'Export' AND Year = '2017' AND Quarter = 'Q4')) AND (Category IN ('Meat','Cereals')) GROUP BY Category",
 "sqlResult": "{383} || {199}",
 "nlq": "What is the minimum amount for each Category, of Export of Cereals or Meat in Q4 of 2017?"},
{"name": "template 10",
 "sql": "SELECT Category,min(Value) FROM DBdata WHERE ((Import_Export = 'Import' AND Year = '2017' AND Quarter = 'Q4')) AND (Category IN ('Meat','Cereals')) GROUP BY Category",
 "sqlResult": "{Cereals | 163} || {Meat | 510}",
 "nlq": "What is the minimum amount for each Category, of Import of Cereals or Meat in Q4 of 2017? Please, report the corresponding Category."},
{"name": "template 11",
 "sql": "SELECT Category,Import_Export,Year,Quarter,max(Value) FROM DBdata WHERE ((Import_Export = 'Import' AND Year = '2018' AND Quarter = 'Q1') OR (Import_Export = 'Import' AND Year = '2017' AND Quarter = 'Q4')) AND (Category IN ('Meat','Cereals')) GROUP BY Category,Import_Export,Year,Quarter",
 "sqlResult": "{Cereals | Import | 2017 | Q4 | 657} || {Cereals | Import | 2018 | Q1 | 563} || {Meat | Import | 2017 | Q4 | 733} || {Meat | Import | 2018 | Q1 | 492}",
 "nlq": "What is the maximum amount for each Category, Import-Export, Year, and Quarter, of Import of Cereals or Meat in Q1 of 2018 or Q4 of 2017? Please, report the corresponding Category, Import-Export, Year, and Quarter."},
{"name": "template 12",
 "sql": "SELECT Value FROM DBdata WHERE ((Import_Export = 'Export' AND Year = '2018' AND Quarter = 'Q4')) AND (Category IN ('Meat','Cereals')) ORDER BY VALUE ASC LIMIT 2",
 "sqlResult": "{233} || {245}",
 "nlq": "What are the bottom 2 amounts of Export of Cereals or Meat in Q4 of 2018?"},
{"name": "template 13",
 "sql": "SELECT Value FROM DBdata WHERE ((Import_Export = 'Import' AND Year = '2018' AND Quarter = 'Q4')) AND (Category IN ('Meat','Cereals')) ORDER BY VALUE ASC",
 "sqlResult": "{97} || {395} || {526} || {792} || {951}",
 "nlq": "What are the amounts ordered by increasing values of Import of Cereals or Meat in Q4 of 2018?"},
{"name": "template 14",
 "sql": "SELECT Category,Item FROM DBdata WHERE ((Import_Export = 'Import' AND Year = '2017' AND Quarter = 'Q3')) AND Value > 477.9",
 "sqlResult": "{Meat | Duck} || {Meat | Lamb} || {Cereals | Seeds}",
 "nlq": "What are the Category and Item for which the amount of Import in Q3 of 2017 is greater than 477.9?"},
{"name": "template 15",
 "sql": "SELECT Category,Item,Value FROM DBdata WHERE ((Import_Export = 'Import' AND Year = '2017' AND Quarter = 'Q1')) AND (Category,Item) IN (SELECT Category,Item FROM DBdata WHERE ((Import_Export = 'Import' AND Year = '2017' AND Quarter = 'Q3')) AND Value > 477.9)",
 "sqlResult": "{Meat | Duck | 822} || {Meat | Lamb | 719} || {Cereals | Seeds | 549}",
 "nlq": "What is the amount of Import in Q1 of 2017 of Category and of Item for which the amount of Import in Q3 of 2017 is greater than 477.9? Please, report the corresponding Category, Item, and amount of import-export."}]
}
