Import-Export,Year,Category,Item,Value
Import_Export,Year,Category,Item,Value
Import,2017,Cereals,Seeds,107
Export,2017,Cereals,Seeds,819
Import,2018,Cereals,Seeds,25
Export,2018,Cereals,Seeds,824
Import,2017,Cereals,Wheat,571
Export,2017,Cereals,Wheat,640
Import,2018,Cereals,Wheat,966
Export,2018,Cereals,Wheat,213
Import,2017,Cereals,Soybeans,647
Export,2017,Cereals,Soybeans,21
Import,2018,Cereals,Soybeans,982
Export,2018,Cereals,Soybeans,878
Import,2017,Dairy,Milk,231
Export,2017,Dairy,Milk,91
Import,2018,Dairy,Milk,600
Export,2018,Dairy,Milk,746
Import,2017,Dairy,Butter,757
Export,2017,Dairy,Butter,533
Import,2018,Dairy,Butter,924
Export,2018,Dairy,Butter,480
Import,2017,Beverage,Coffee,871
Export,2017,Beverage,Coffee,263
Import,2018,Beverage,Coffee,617
Export,2018,Beverage,Coffee,16
Import,2017,Beverage,Tea,833
Export,2017,Beverage,Tea,652
Import,2018,Beverage,Tea,510
Export,2018,Beverage,Tea,94
