{
"filename": "Food_import-export_in_tons_set145_5_DB.csv",
"questions": [{"name": "template 1",
 "sql": "SELECT Value FROM DBdata WHERE ((AA = 'AAbjn' AND BB = 'BBdny' AND CC = 'CCpqs')) AND ((DD = 'DDjls' AND EE = 'EEmnp'))",
 "sqlResult": "{305}",
 "nlq": "What is the amount of AAbjn of EEmnp in CCpqs of BBdny?"},
{"name": "template 2",
 "sql": "SELECT Value FROM DBdata WHERE ((AA = 'AAcds' AND BB = 'BBnqr' AND CC = 'CCfrv')) AND ((DD = 'DDkxz' AND EE = 'EEkqr') OR (DD = 'DDjls' AND EE = 'EEmnp') OR (DD = 'DDqwx' AND EE = 'EEhjw') OR (DD = 'DDqwx' AND EE = 'EEfpx'))",
 "sqlResult": "{979} || {43} || {699} || {242}",
 "nlq": "What is the amount of AAcds of EEfpx, EEhjw, EEkqr, or EEmnp in CCfrv of BBnqr?"},
{"name": "template 3",
 "sql": "SELECT Value FROM DBdata WHERE ((AA = 'AAbjn' AND BB = 'BBnqr' AND CC = 'CClsv') OR (AA = 'AAbjn' AND BB = 'BBdny' AND CC = 'CCfrv') OR (AA = 'AAcds' AND BB = 'BBnqr' AND CC = 'CCbpr') OR (AA = 'AAbjn' AND BB = 'BBdny' AND CC = 'CCpqs')) AND ((DD = 'DDjls' AND EE = 'EEmnp'))",
 "sqlResult": "{220} || {141} || {254} || {305}",
 "nlq": "What is the amount of AAbjn of EEmnp in CClsv of BBnqr or CCfrv or CCpqs of BBdny or of AAcds of EEmnp in CCbpr of BBnqr?"},
{"name": "template 4",
 "sql": "SELECT sum(Value),max(Value) FROM DBdata WHERE ((AA = 'AAbjn' AND BB = 'BBdny' AND CC = 'CClsv') OR (AA = 'AAbjn' AND BB = 'BBdny' AND CC = 'CCfrv') OR (AA = 'AAcds' AND BB = 'BBcrv' AND CC = 'CCfrv') OR (AA = 'AAcds' AND BB = 'BBdny' AND CC = 'CCbpr') OR (AA = 'AAbjn' AND BB = 'BBcrv' AND CC = 'CCbpr') OR (AA = 'AAcds' AND BB = 'BBnqr' AND CC = 'CCbpr') OR (AA = 'AAbjn' AND BB = 'BBdny' AND CC = 'CCpqs') OR (AA = 'AAcds' AND BB = 'BBcrv' AND CC = 'CCpqs') OR (AA = 'AAbjn' AND BB = 'BBnqr' AND CC = 'CCpqs')) AND ((DD = 'DDqwx' AND EE = 'EEfpx'))",
 "sqlResult": "{5531 | 963}",
 "nlq": "What are the total and maximum amounts of AAbjn of EEfpx in CClsv, CCfrv, or CCpqs of BBdny or CCbpr of BBcrv or CCpqs of BBnqr or of AAcds of EEfpx in CCfrv or CCpqs of BBcrv or CCbpr of BBdny or BBnqr?"},
{"name": "template 6",
 "sql": "SELECT Value FROM DBdata WHERE ((AA = 'AAbjn' AND BB = 'BBcrv' AND CC = 'CCfrv') OR (AA = 'AAbjn' AND BB = 'BBdny' AND CC = 'CCpqs') OR (AA = 'AAcds' AND BB = 'BBnqr' AND CC = 'CCpqs')) AND ((DD = 'DDkxz' AND EE = 'EEgnz') OR (DD = 'DDkxz' AND EE = 'EEkqr') OR (DD = 'DDjls' AND EE = 'EEmnp') OR (DD = 'DDqwx' AND EE = 'EEhjw'))",
 "sqlResult": "{124} || {716} || {793} || {831} || {403} || {550} || {430} || {305} || {631} || {78} || {987} || {584}",
 "nlq": "What is the amount of AAbjn of EEhjw, EEgnz, EEkqr, or EEmnp in CCfrv of BBcrv or CCpqs of BBdny or of AAcds of EEhjw, EEgnz, EEkqr, or EEmnp in CCpqs of BBnqr?"},
{"name": "template 7",
 "sql": "SELECT sum(Value),min(Value) FROM DBdata WHERE ((AA = 'AAbjn' AND BB = 'BBdny' AND CC = 'CCbpr')) AND ((DD = 'DDkxz' AND EE = 'EEgnz') OR (DD = 'DDjls' AND EE = 'EEbjs') OR (DD = 'DDjls' AND EE = 'EEmnp') OR (DD = 'DDqwx' AND EE = 'EEfpx'))",
 "sqlResult": "{2060 | 12}",
 "nlq": "What are the total and minimum amounts of AAbjn of EEfpx, EEgnz, EEbjs, or EEmnp in CCbpr of BBdny?"},
{"name": "template 8",
 "sql": "SELECT AA,BB,CC,min(Value),max(Value) FROM DBdata WHERE ((AA = 'AAcds' AND BB = 'BBdny' AND CC = 'CClsv') OR (AA = 'AAbjn' AND BB = 'BBdny' AND CC = 'CClsv') OR (AA = 'AAbjn' AND BB = 'BBnqr' AND CC = 'CCfrv') OR (AA = 'AAbjn' AND BB = 'BBdny' AND CC = 'CCpqs') OR (AA = 'AAcds' AND BB = 'BBnqr' AND CC = 'CCpqs')) AND ((DD = 'DDkxz' AND EE = 'EEgnz') OR (DD = 'DDkxz' AND EE = 'EEkqr') OR (DD = 'DDjls' AND EE = 'EEbjs') OR (DD = 'DDqwx' AND EE = 'EEhjw') OR (DD = 'DDqwx' AND EE = 'EEfpx')) GROUP BY AA,BB,CC",
 "sqlResult": "{AAbjn | BBdny | CClsv | 175 | 960} || {AAbjn | BBdny | CCpqs | 257 | 987} || {AAbjn | BBnqr | CCfrv | 165 | 820} || {AAcds | BBdny | CClsv | 390 | 866} || {AAcds | BBnqr | CCpqs | 340 | 796}",
 "nlq": "What are the minimum and maximum amounts for each AAcds-AAbjn, BB, and CC, of AAbjn of EEfpx, EEhjw, EEgnz, EEkqr, or EEbjs in CCfrv of BBnqr or CCpqs of BBdny, of AAcds of EEfpx, EEhjw, EEgnz, EEkqr, or EEbjs in CCpqs of BBnqr, or of AAbjn or AAcds of EEfpx, EEhjw, EEgnz, EEkqr, or EEbjs in CClsv of BBdny? Please, report the corresponding AAcds-AAbjn, BB, and CC."},
{"name": "template 9",
 "sql": "SELECT min(Value) FROM DBdata WHERE ((AA = 'AAbjn' AND BB = 'BBdny' AND CC = 'CCpqs')) AND (DD IN ('DDkxz','DDjls','DDqwx')) GROUP BY DD",
 "sqlResult": "{305} || {257} || {403}",
 "nlq": "What is the minimum amount for each DD, of AAbjn of DDjls, DDqwx, or DDkxz in CCpqs of BBdny?"},
{"name": "template 10",
 "sql": "SELECT DD,max(Value) FROM DBdata WHERE ((AA = 'AAcds' AND BB = 'BBnqr' AND CC = 'CCfrv')) AND (DD IN ('DDkxz','DDjls','DDqwx')) GROUP BY DD",
 "sqlResult": "{DDjls | 64} || {DDqwx | 699} || {DDkxz | 979}",
 "nlq": "What is the maximum amount for each DD, of AAcds of DDjls, DDqwx, or DDkxz in CCfrv of BBnqr? Please, report the corresponding DD."},
{"name": "template 11",
 "sql": "SELECT DD,AA,BB,CC,sum(Value) FROM DBdata WHERE ((AA = 'AAbjn' AND BB = 'BBdny' AND CC = 'CClsv') OR (AA = 'AAcds' AND BB = 'BBcrv' AND CC = 'CCbpr') OR (AA = 'AAcds' AND BB = 'BBcrv' AND CC = 'CCpqs')) AND (DD IN ('DDkxz','DDjls','DDqwx')) GROUP BY DD,AA,BB,CC",
 "sqlResult": "{DDjls | AAbjn | BBdny | CClsv | 1337} || {DDjls | AAcds | BBcrv | CCbpr | 1116} || {DDjls | AAcds | BBcrv | CCpqs | 837} || {DDqwx | AAbjn | BBdny | CClsv | 633} || {DDqwx | AAcds | BBcrv | CCbpr | 571} || {DDqwx | AAcds | BBcrv | CCpqs | 191} || {DDkxz | AAbjn | BBdny | CClsv | 1246} || {DDkxz | AAcds | BBcrv | CCbpr | 935} || {DDkxz | AAcds | BBcrv | CCpqs | 985}",
 "nlq": "What is the total amount for each DD, AAcds-AAbjn, BB, and CC, of AAbjn of DDjls, DDqwx, or DDkxz in CClsv of BBdny or of AAcds of DDjls, DDqwx, or DDkxz in CCbpr or CCpqs of BBcrv? Please, report the corresponding DD, AAcds-AAbjn, BB, and CC."},
{"name": "template 12",
 "sql": "SELECT Value FROM DBdata WHERE ((AA = 'AAcds' AND BB = 'BBnqr' AND CC = 'CCpqs')) AND (DD IN ('DDjls','DDqwx')) ORDER BY VALUE ASC LIMIT 2",
 "sqlResult": "{340} || {584}",
 "nlq": "What are the bottom 2 amounts of AAcds of DDjls or DDqwx in CCpqs of BBnqr?"},
{"name": "template 13",
 "sql": "SELECT Value FROM DBdata WHERE ((AA = 'AAbjn' AND BB = 'BBcrv' AND CC = 'CCbpr')) AND (DD IN ('DDkxz','DDjls')) ORDER BY VALUE DESC",
 "sqlResult": "{776} || {293} || {208} || {178}",
 "nlq": "What are the amounts ordered by decreasing values of AAbjn of DDjls or DDkxz in CCbpr of BBcrv?"},
{"name": "template 14",
 "sql": "SELECT DD,EE FROM DBdata WHERE ((AA = 'AAbjn' AND BB = 'BBcrv' AND CC = 'CCpqs')) AND Value > 508.94",
 "sqlResult": "{DDkxz | EEkqr} || {DDjls | EEbjs} || {DDjls | EEmnp} || {DDqwx | EEfpx}",
 "nlq": "What are the DD and EE for which the amount of AAbjn in CCpqs of BBcrv is greater than 508.94?"},
{"name": "template 15",
 "sql": "SELECT DD,EE,Value FROM DBdata WHERE ((AA = 'AAbjn' AND BB = 'BBdny' AND CC = 'CCfrv')) AND (DD,EE) IN (SELECT DD,EE FROM DBdata WHERE ((AA = 'AAbjn' AND BB = 'BBcrv' AND CC = 'CCpqs')) AND Value > 508.94)",
 "sqlResult": "{DDkxz | EEkqr | 216} || {DDjls | EEbjs | 392} || {DDjls | EEmnp | 141} || {DDqwx | EEfpx | 927}",
 "nlq": "What is the amount of AAbjn in CCfrv of BBdny of DD and of EE for which the amount of AAbjn in CCpqs of BBcrv is greater than 508.94? Please, report the corresponding DD, EE, and amount of import-export."}]
}

