{
"filename": "Food_import-export_in_tons_set138_1_DB.csv",
"questions": [{"name": "template 1",
 "sql": "SELECT Value FROM DBdata WHERE ((AA = 'AAkt' AND BB = 'BBbd')) AND ((CC = 'CCjs' AND DD = 'DDvz'))",
 "sqlResult": "{596}",
 "nlq": "What is the amount of AAkt of DDvz in BBbd?"},
{"name": "template 2",
 "sql": "SELECT Value FROM DBdata WHERE ((AA = 'AApr' AND BB = 'BBbd')) AND ((CC = 'CCgh' AND DD = 'DDdy') OR (CC = 'CCgh' AND DD = 'DDjm'))",
 "sqlResult": "{502} || {835}",
 "nlq": "What is the amount of AApr of DDdy or DDjm in BBbd?"},
{"name": "template 3",
 "sql": "SELECT Value FROM DBdata WHERE ((AA = 'AAkt' AND BB = 'BBkq') OR (AA = 'AApr' AND BB = 'BBkq') OR (AA = 'AAkt' AND BB = 'BBbd') OR (AA = 'AApr' AND BB = 'BBbd')) AND ((CC = 'CCgh' AND DD = 'DDdy'))",
 "sqlResult": "{779} || {481} || {751} || {502}",
 "nlq": "What is the amount of AApr or AAkt of DDdy in BBkq or BBbd?"},
{"name": "template 4",
 "sql": "SELECT sum(Value),max(Value) FROM DBdata WHERE ((AA = 'AAkt' AND BB = 'BBkq') OR (AA = 'AApr' AND BB = 'BBkq') OR (AA = 'AAkt' AND BB = 'BBbd') OR (AA = 'AApr' AND BB = 'BBbd')) AND ((CC = 'CCgh' AND DD = 'DDjm'))",
 "sqlResult": "{2200 | 835}",
 "nlq": "What are the total and maximum amounts of AApr or AAkt of DDjm in BBkq or BBbd?"},
{"name": "template 5",
 "sql": "SELECT avg(Value) FROM DBdata WHERE (AA IN ('AAkt','AApr')) AND ((CC = 'CCgh' AND DD = 'DDdy'))",
 "sqlResult": "{628.25}",
 "nlq": "What is the average amount of AApr or AAkt of DDdy?"},
{"name": "template 6",
 "sql": "SELECT Value FROM DBdata WHERE ((AA = 'AAkt' AND BB = 'BBkq') OR (AA = 'AApr' AND BB = 'BBkq') OR (AA = 'AApr' AND BB = 'BBbd')) AND ((CC = 'CCjs' AND DD = 'DDvz') OR (CC = 'CCrs' AND DD = 'DDfh'))",
 "sqlResult": "{687} || {133} || {725} || {416} || {184} || {265}",
 "nlq": "What is the amount of AApr or AAkt of DDfh or DDvz in BBkq or of AApr of DDfh or DDvz in BBbd?"},
{"name": "template 7",
 "sql": "SELECT max(Value),avg(Value) FROM DBdata WHERE ((AA = 'AAkt' AND BB = 'BBbd')) AND ((CC = 'CCgh' AND DD = 'DDdy') OR (CC = 'CCgh' AND DD = 'DDfw') OR (CC = 'CCjs' AND DD = 'DDvz') OR (CC = 'CCjs' AND DD = 'DDbg') OR (CC = 'CCrs' AND DD = 'DDfh'))",
 "sqlResult": "{844 | 575.8}",
 "nlq": "What are the maximum and average amounts of AAkt of DDbg, DDfh, DDvz, DDdy, or DDfw in BBbd?"},
{"name": "template 8",
 "sql": "SELECT AA,BB,avg(Value),min(Value) FROM DBdata WHERE ((AA = 'AAkt' AND BB = 'BBkq') OR (AA = 'AApr' AND BB = 'BBkq') OR (AA = 'AAkt' AND BB = 'BBbd') OR (AA = 'AApr' AND BB = 'BBbd')) AND ((CC = 'CCjs' AND DD = 'DDvz') OR (CC = 'CCjs' AND DD = 'DDbg') OR (CC = 'CCrs' AND DD = 'DDfh') OR (CC = 'CCrs' AND DD = 'DDtz')) GROUP BY AA,BB",
 "sqlResult": "{AApr | BBkq | 199.25 | 133} || {AApr | BBbd | 563.75 | 265} || {AAkt | BBkq | 661 | 416} || {AAkt | BBbd | 471.5 | 267}",
 "nlq": "What are the average and minimum amounts for each AAkt-AApr and BB, of AApr or AAkt of DDbg, DDfh, DDvz, or DDtz in BBkq or BBbd? Please, report the corresponding AAkt-AApr and BB."},
{"name": "template 9",
 "sql": "SELECT min(Value) FROM DBdata WHERE ((AA = 'AAkt' AND BB = 'BBkq')) AND (CC IN ('CCgh','CCjs','CCrs')) GROUP BY CC",
 "sqlResult": "{416} || {130} || {687}",
 "nlq": "What is the minimum amount for each CC, of AAkt of CCrs, CCgh, or CCjs in BBkq?"},
{"name": "template 10",
 "sql": "SELECT CC,min(Value) FROM DBdata WHERE ((AA = 'AAkt' AND BB = 'BBkq')) AND (CC IN ('CCgh','CCjs','CCrs')) GROUP BY CC",
 "sqlResult": "{CCrs | 416} || {CCgh | 130} || {CCjs | 687}",
 "nlq": "What is the minimum amount for each CC, of AAkt of CCrs, CCgh, or CCjs in BBkq? Please, report the corresponding CC."},
{"name": "template 11",
 "sql": "SELECT CC,AA,BB,min(Value) FROM DBdata WHERE ((AA = 'AAkt' AND BB = 'BBkq') OR (AA = 'AAkt' AND BB = 'BBbd') OR (AA = 'AApr' AND BB = 'BBbd')) AND (CC IN ('CCgh','CCjs','CCrs')) GROUP BY CC,AA,BB",
 "sqlResult": "{CCrs | AApr | BBbd | 265} || {CCrs | AAkt | BBkq | 416} || {CCrs | AAkt | BBbd | 421} || {CCgh | AApr | BBbd | 502} || {CCgh | AAkt | BBkq | 130} || {CCgh | AAkt | BBbd | 751} || {CCjs | AApr | BBbd | 725} || {CCjs | AAkt | BBkq | 687} || {CCjs | AAkt | BBbd | 267}",
 "nlq": "What is the minimum amount for each CC, AAkt-AApr, and BB, of AAkt of CCrs, CCgh, or CCjs in BBkq or BBbd or of AApr of CCrs, CCgh, or CCjs in BBbd? Please, report the corresponding CC, AAkt-AApr, and BB."},
{"name": "template 12",
 "sql": "SELECT Value FROM DBdata WHERE ((AA = 'AAkt' AND BB = 'BBkq')) AND (CC IN ('CCgh','CCrs')) ORDER BY VALUE ASC LIMIT 3",
 "sqlResult": "{130} || {233} || {416}",
 "nlq": "What are the bottom 3 amounts of AAkt of CCrs or CCgh in BBkq?"},
{"name": "template 13",
 "sql": "SELECT Value FROM DBdata WHERE ((AA = 'AApr' AND BB = 'BBkq')) AND (CC IN ('CCjs','CCrs')) ORDER BY VALUE ASC",
 "sqlResult": "{133} || {184} || {232} || {248}",
 "nlq": "What are the amounts ordered by increasing values of AApr of CCrs or CCjs in BBkq?"},
{"name": "template 14",
 "sql": "SELECT CC,DD FROM DBdata WHERE ((AA = 'AApr' AND BB = 'BBkq')) AND Value < 503.64",
 "sqlResult": "{CCgh | DDdy} || {CCgh | DDfw} || {CCgh | DDjm} || {CCjs | DDvz} || {CCjs | DDbg} || {CCrs | DDfh} || {CCrs | DDtz}",
 "nlq": "What are the CC and DD for which the amount of AApr in BBkq is lower than 503.64?"},
{"name": "template 15",
 "sql": "SELECT CC,DD,Value FROM DBdata WHERE ((AA = 'AAkt' AND BB = 'BBbd')) AND (CC,DD) IN (SELECT CC,DD FROM DBdata WHERE ((AA = 'AApr' AND BB = 'BBkq')) AND Value < 503.64)",
 "sqlResult": "{CCgh | DDdy | 751} || {CCgh | DDfw | 844} || {CCgh | DDjm | 812} || {CCjs | DDvz | 596} || {CCjs | DDbg | 267} || {CCrs | DDfh | 421} || {CCrs | DDtz | 602}",
 "nlq": "What is the amount of AAkt in BBbd of CC and of DD for which the amount of AApr in BBkq is lower than 503.64? Please, report the corresponding CC, DD, and amount of import-export."}]
}

