Import-Export,Year,Quarter,Category,Item,Value
Import_Export,Year,Quarter,Category,Item,Value
Import,2018,Q1,Cereals,Oats,794
Export,2018,Q1,Cereals,Oats,544
Import,2019,Q1,Cereals,Oats,449
Export,2019,Q1,Cereals,Oats,866
Import,2018,Q2,Cereals,Oats,74
Export,2018,Q2,Cereals,Oats,417
Import,2019,Q2,Cereals,Oats,715
Export,2019,Q2,Cereals,Oats,194
Import,2018,Q3,Cereals,Oats,148
Export,2018,Q3,Cereals,Oats,477
Import,2019,Q3,Cereals,Oats,499
Export,2019,Q3,Cereals,Oats,548
Import,2018,Q4,Cereals,Oats,348
Export,2018,Q4,Cereals,Oats,438
Import,2019,Q4,Cereals,Oats,898
Export,2019,Q4,Cereals,Oats,346
Import,2018,Q1,Cereals,Rice,508
Export,2018,Q1,Cereals,Rice,450
Import,2019,Q1,Cereals,Rice,875
Export,2019,Q1,Cereals,Rice,540
Import,2018,Q2,Cereals,Rice,447
Export,2018,Q2,Cereals,Rice,729
Import,2019,Q2,Cereals,Rice,816
Export,2019,Q2,Cereals,Rice,269
Import,2018,Q3,Cereals,Rice,498
Export,2018,Q3,Cereals,Rice,596
Import,2019,Q3,Cereals,Rice,235
Export,2019,Q3,Cereals,Rice,636
Import,2018,Q4,Cereals,Rice,996
Export,2018,Q4,Cereals,Rice,386
Import,2019,Q4,Cereals,Rice,826
Export,2019,Q4,Cereals,Rice,624
Import,2018,Q1,Cereals,Seeds,674
Export,2018,Q1,Cereals,Seeds,188
Import,2019,Q1,Cereals,Seeds,236
Export,2019,Q1,Cereals,Seeds,928
Import,2018,Q2,Cereals,Seeds,64
Export,2018,Q2,Cereals,Seeds,991
Import,2019,Q2,Cereals,Seeds,173
Export,2019,Q2,Cereals,Seeds,564
Import,2018,Q3,Cereals,Seeds,359
Export,2018,Q3,Cereals,Seeds,456
Import,2019,Q3,Cereals,Seeds,842
Export,2019,Q3,Cereals,Seeds,212
Import,2018,Q4,Cereals,Seeds,975
Export,2018,Q4,Cereals,Seeds,125
Import,2019,Q4,Cereals,Seeds,283
Export,2019,Q4,Cereals,Seeds,959
Import,2018,Q1,Dairy,Cream,751
Export,2018,Q1,Dairy,Cream,722
Import,2019,Q1,Dairy,Cream,740
Export,2019,Q1,Dairy,Cream,351
Import,2018,Q2,Dairy,Cream,667
Export,2018,Q2,Dairy,Cream,925
Import,2019,Q2,Dairy,Cream,403
Export,2019,Q2,Dairy,Cream,440
Import,2018,Q3,Dairy,Cream,174
Export,2018,Q3,Dairy,Cream,297
Import,2019,Q3,Dairy,Cream,420
Export,2019,Q3,Dairy,Cream,478
Import,2018,Q4,Dairy,Cream,294
Export,2018,Q4,Dairy,Cream,452
Import,2019,Q4,Dairy,Cream,433
Export,2019,Q4,Dairy,Cream,233
Import,2018,Q1,Dairy,Cheese,483
Export,2018,Q1,Dairy,Cheese,753
Import,2019,Q1,Dairy,Cheese,985
Export,2019,Q1,Dairy,Cheese,71
Import,2018,Q2,Dairy,Cheese,393
Export,2018,Q2,Dairy,Cheese,108
Import,2019,Q2,Dairy,Cheese,62
Export,2019,Q2,Dairy,Cheese,442
Import,2018,Q3,Dairy,Cheese,457
Export,2018,Q3,Dairy,Cheese,635
Import,2019,Q3,Dairy,Cheese,487
Export,2019,Q3,Dairy,Cheese,694
Import,2018,Q4,Dairy,Cheese,166
Export,2018,Q4,Dairy,Cheese,953
Import,2019,Q4,Dairy,Cheese,55
Export,2019,Q4,Dairy,Cheese,862
Import,2018,Q1,Dairy,Yoghurt,990
Export,2018,Q1,Dairy,Yoghurt,410
Import,2019,Q1,Dairy,Yoghurt,256
Export,2019,Q1,Dairy,Yoghurt,210
Import,2018,Q2,Dairy,Yoghurt,219
Export,2018,Q2,Dairy,Yoghurt,589
Import,2019,Q2,Dairy,Yoghurt,854
Export,2019,Q2,Dairy,Yoghurt,879
Import,2018,Q3,Dairy,Yoghurt,918
Export,2018,Q3,Dairy,Yoghurt,90
Import,2019,Q3,Dairy,Yoghurt,661
Export,2019,Q3,Dairy,Yoghurt,541
Import,2018,Q4,Dairy,Yoghurt,85
Export,2018,Q4,Dairy,Yoghurt,32
Import,2019,Q4,Dairy,Yoghurt,275
Export,2019,Q4,Dairy,Yoghurt,485
Import,2018,Q1,Beverage,Coffee,838
Export,2018,Q1,Beverage,Coffee,502
Import,2019,Q1,Beverage,Coffee,394
Export,2019,Q1,Beverage,Coffee,137
Import,2018,Q2,Beverage,Coffee,383
Export,2018,Q2,Beverage,Coffee,861
Import,2019,Q2,Beverage,Coffee,118
Export,2019,Q2,Beverage,Coffee,553
Import,2018,Q3,Beverage,Coffee,617
Export,2018,Q3,Beverage,Coffee,131
Import,2019,Q3,Beverage,Coffee,603
Export,2019,Q3,Beverage,Coffee,575
Import,2018,Q4,Beverage,Coffee,414
Export,2018,Q4,Beverage,Coffee,244
Import,2019,Q4,Beverage,Coffee,530
Export,2019,Q4,Beverage,Coffee,851
Import,2018,Q1,Beverage,Tea,945
Export,2018,Q1,Beverage,Tea,180
Import,2019,Q1,Beverage,Tea,404
Export,2019,Q1,Beverage,Tea,229
Import,2018,Q2,Beverage,Tea,389
Export,2018,Q2,Beverage,Tea,65
Import,2019,Q2,Beverage,Tea,902
Export,2019,Q2,Beverage,Tea,940
Import,2018,Q3,Beverage,Tea,102
Export,2018,Q3,Beverage,Tea,408
Import,2019,Q3,Beverage,Tea,511
Export,2019,Q3,Beverage,Tea,160
Import,2018,Q4,Beverage,Tea,226
Export,2018,Q4,Beverage,Tea,182
Import,2019,Q4,Beverage,Tea,110
Export,2019,Q4,Beverage,Tea,523
Import,2018,Q1,Beverage,Soda,724
Export,2018,Q1,Beverage,Soda,796
Import,2019,Q1,Beverage,Soda,73
Export,2019,Q1,Beverage,Soda,104
Import,2018,Q2,Beverage,Soda,910
Export,2018,Q2,Beverage,Soda,179
Import,2019,Q2,Beverage,Soda,907
Export,2019,Q2,Beverage,Soda,972
Import,2018,Q3,Beverage,Soda,669
Export,2018,Q3,Beverage,Soda,733
Import,2019,Q3,Beverage,Soda,112
Export,2019,Q3,Beverage,Soda,140
Import,2018,Q4,Beverage,Soda,397
Export,2018,Q4,Beverage,Soda,50
Import,2019,Q4,Beverage,Soda,91
Export,2019,Q4,Beverage,Soda,88
