{
"filename": "Food_import-export_in_tons_set146_5_DB.csv",
"questions": [{"name": "template 1",
 "sql": "SELECT Value FROM DBdata WHERE ((BB = 'BBhqw' AND AA = 'AAhpy' AND CC = 'CCdgy')) AND ((DD = 'DDflr' AND EE = 'EEjny'))",
 "sqlResult": "{593}",
 "nlq": "What is the amount of AAhpy of EEjny in CCdgy of BBhqw?"},
{"name": "template 2",
 "sql": "SELECT Value FROM DBdata WHERE ((BB = 'BBhqw' AND AA = 'AAmpv' AND CC = 'CCbkw')) AND ((DD = 'DDcgt' AND EE = 'EEbgt') OR (DD = 'DDcgt' AND EE = 'EEhqv') OR (DD = 'DDcgt' AND EE = 'EEgns') OR (DD = 'DDflr' AND EE = 'EElnz') OR (DD = 'DDflr' AND EE = 'EEfrs') OR (DD = 'DDdsv' AND EE = 'EEfkq') OR (DD = 'DDdsv' AND EE = 'EEfnt') OR (DD = 'DDdsv' AND EE = 'EEgqw'))",
 "sqlResult": "{87} || {515} || {866} || {894} || {308} || {429} || {267} || {558}",
 "nlq": "What is the amount of AAmpv of EElnz, EEfkq, EEfrs, EEbgt, EEgqw, EEgns, EEfnt, or EEhqv in CCbkw of BBhqw?"},
{"name": "template 3",
 "sql": "SELECT Value FROM DBdata WHERE ((BB = 'BBbkq' AND AA = 'AAhpy' AND CC = 'CCdgy') OR (BB = 'BBklr' AND AA = 'AAhpy' AND CC = 'CCdgy') OR (BB = 'BBklr' AND AA = 'AAmpv' AND CC = 'CCdgy') OR (BB = 'BBbkq' AND AA = 'AAmpv' AND CC = 'CCckx') OR (BB = 'BBbkq' AND AA = 'AAhpy' AND CC = 'CCpvx') OR (BB = 'BBbkq' AND AA = 'AAmpv' AND CC = 'CCpvx') OR (BB = 'BBklr' AND AA = 'AAhpy' AND CC = 'CCpvx')) AND ((DD = 'DDflr' AND EE = 'EEjny'))",
 "sqlResult": "{856} || {751} || {372} || {83} || {959} || {199} || {929}",
 "nlq": "What is the amount of AAhpy of EEjny in CCdgy or CCpvx of BBbkq or CCpvx of BBklr, of AAmpv or AAhpy of EEjny in CCdgy of BBklr, or of AAmpv of EEjny in CCckx or CCpvx of BBbkq?"},
{"name": "template 4",
 "sql": "SELECT avg(Value),min(Value) FROM DBdata WHERE ((BB = 'BBhqw' AND AA = 'AAhpy' AND CC = 'CCckx') OR (BB = 'BBhqw' AND AA = 'AAhpy' AND CC = 'CCpvx')) AND ((DD = 'DDdsv' AND EE = 'EEfkq'))",
 "sqlResult": "{495.5 | 440}",
 "nlq": "What are the average and minimum amounts of AAhpy of EEfkq in CCckx or CCpvx of BBhqw?"},
{"name": "template 6",
 "sql": "SELECT Value FROM DBdata WHERE ((BB = 'BBhqw' AND AA = 'AAmpv' AND CC = 'CCdgy') OR (BB = 'BBklr' AND AA = 'AAmpv' AND CC = 'CCpvx')) AND ((DD = 'DDcgt' AND EE = 'EEgns') OR (DD = 'DDflr' AND EE = 'EEjny') OR (DD = 'DDdsv' AND EE = 'EEfnt'))",
 "sqlResult": "{204} || {230} || {541} || {886} || {626} || {473}",
 "nlq": "What is the amount of AAmpv of EEjny, EEgns, or EEfnt in CCdgy of BBhqw or CCpvx of BBklr?"},
{"name": "template 7",
 "sql": "SELECT max(Value),min(Value) FROM DBdata WHERE ((BB = 'BBhqw' AND AA = 'AAmpv' AND CC = 'CCckx')) AND ((DD = 'DDflr' AND EE = 'EEjny') OR (DD = 'DDdsv' AND EE = 'EEfkq') OR (DD = 'DDdsv' AND EE = 'EEfnt') OR (DD = 'DDdsv' AND EE = 'EEgqw'))",
 "sqlResult": "{939 | 114}",
 "nlq": "What are the maximum and minimum amounts of AAmpv of EEjny, EEfkq, EEgqw, or EEfnt in CCckx of BBhqw?"},
{"name": "template 8",
 "sql": "SELECT BB,AA,CC,min(Value),avg(Value) FROM DBdata WHERE ((BB = 'BBbkq' AND AA = 'AAhpy' AND CC = 'CCbkw') OR (BB = 'BBhqw' AND AA = 'AAhpy' AND CC = 'CCbkw') OR (BB = 'BBhqw' AND AA = 'AAmpv' AND CC = 'CCckx')) AND ((DD = 'DDcgt' AND EE = 'EEgns') OR (DD = 'DDdsv' AND EE = 'EEfkq')) GROUP BY BB,AA,CC",
 "sqlResult": "{BBbkq | AAhpy | CCbkw | 108 | 180} || {BBhqw | AAmpv | CCckx | 114 | 205.5} || {BBhqw | AAhpy | CCbkw | 549 | 638}",
 "nlq": "What are the minimum and average amounts for each BB, AAhpy-AAmpv, and CC, of AAhpy of EEfkq or EEgns in CCbkw of BBbkq or BBhqw or of AAmpv of EEfkq or EEgns in CCckx of BBhqw? Please, report the corresponding BB, AAhpy-AAmpv, and CC."},
{"name": "template 9",
 "sql": "SELECT min(Value) FROM DBdata WHERE ((BB = 'BBklr' AND AA = 'AAhpy' AND CC = 'CCckx')) AND (DD IN ('DDcgt','DDflr','DDdsv')) GROUP BY DD",
 "sqlResult": "{69} || {211} || {161}",
 "nlq": "What is the minimum amount for each DD, of AAhpy of DDdsv, DDcgt, or DDflr in CCckx of BBklr?"},
{"name": "template 10",
 "sql": "SELECT DD,sum(Value) FROM DBdata WHERE ((BB = 'BBklr' AND AA = 'AAmpv' AND CC = 'CCdgy')) AND (DD IN ('DDcgt','DDflr','DDdsv')) GROUP BY DD",
 "sqlResult": "{DDdsv | 1524} || {DDcgt | 1398} || {DDflr | 1702}",
 "nlq": "What is the total amount for each DD, of AAmpv of DDdsv, DDcgt, or DDflr in CCdgy of BBklr? Please, report the corresponding DD."},
{"name": "template 11",
 "sql": "SELECT DD,BB,AA,CC,avg(Value) FROM DBdata WHERE ((BB = 'BBklr' AND AA = 'AAhpy' AND CC = 'CCbkw') OR (BB = 'BBklr' AND AA = 'AAmpv' AND CC = 'CCdgy')) AND (DD IN ('DDcgt','DDflr','DDdsv')) GROUP BY DD,BB,AA,CC",
 "sqlResult": "{DDdsv | BBklr | AAmpv | CCdgy | 508} || {DDdsv | BBklr | AAhpy | CCbkw | 367.33} || {DDcgt | BBklr | AAmpv | CCdgy | 466} || {DDcgt | BBklr | AAhpy | CCbkw | 354} || {DDflr | BBklr | AAmpv | CCdgy | 567.33} || {DDflr | BBklr | AAhpy | CCbkw | 357}",
 "nlq": "What is the average amount for each DD, BB, AAhpy-AAmpv, and CC, of AAhpy of DDdsv, DDcgt, or DDflr in CCbkw of BBklr or of AAmpv of DDdsv, DDcgt, or DDflr in CCdgy of BBklr? Please, report the corresponding DD, BB, AAhpy-AAmpv, and CC."},
{"name": "template 12",
 "sql": "SELECT Value FROM DBdata WHERE ((BB = 'BBklr' AND AA = 'AAmpv' AND CC = 'CCpvx')) AND (DD IN ('DDcgt','DDdsv')) ORDER BY VALUE DESC LIMIT 2",
 "sqlResult": "{988} || {862}",
 "nlq": "What are the top 2 amounts of AAmpv of DDdsv or DDcgt in CCpvx of BBklr?"},
{"name": "template 13",
 "sql": "SELECT Value FROM DBdata WHERE ((BB = 'BBbkq' AND AA = 'AAmpv' AND CC = 'CCpvx')) AND (DD IN ('DDcgt','DDdsv')) ORDER BY VALUE ASC",
 "sqlResult": "{239} || {276} || {377} || {391} || {401} || {970}",
 "nlq": "What are the amounts ordered by increasing values of AAmpv of DDdsv or DDcgt in CCpvx of BBbkq?"},
{"name": "template 14",
 "sql": "SELECT DD,EE FROM DBdata WHERE ((BB = 'BBhqw' AND AA = 'AAhpy' AND CC = 'CCdgy')) AND Value < 501.34",
 "sqlResult": "{DDcgt | EEgns} || {DDflr | EEfrs}",
 "nlq": "What are the DD and EE for which the amount of AAhpy in CCdgy of BBhqw is lower than 501.34?"},
{"name": "template 15",
 "sql": "SELECT DD,EE,Value FROM DBdata WHERE ((BB = 'BBklr' AND AA = 'AAhpy' AND CC = 'CCdgy')) AND (DD,EE) IN (SELECT DD,EE FROM DBdata WHERE ((BB = 'BBhqw' AND AA = 'AAhpy' AND CC = 'CCdgy')) AND Value < 501.34)",
 "sqlResult": "{DDcgt | EEgns | 173} || {DDflr | EEfrs | 144}",
 "nlq": "What is the amount of AAhpy in CCdgy of BBklr of DD and of EE for which the amount of AAhpy in CCdgy of BBhqw is lower than 501.34? Please, report the corresponding DD, EE, and amount of import-export."}]
}

