{
"filename": "Food_import-export_in_tons_set135_1_DB.csv",
"questions": [{"name": "template 1",
 "sql": "SELECT Value FROM DBdata WHERE ((Import_Export = 'Export' AND Year = '2022')) AND ((Category = 'Beverage' AND Item = 'Juice'))",
 "sqlResult": "{256}",
 "nlq": "What is the amount of Export of Juice in 2022?"},
{"name": "template 2",
 "sql": "SELECT Value FROM DBdata WHERE ((Import_Export = 'Import' AND Year = '2022')) AND ((Category = 'Dairy' AND Item = 'Cream') OR (Category = 'Dairy' AND Item = 'Cheese') OR (Category = 'Beverage' AND Item = 'Tea') OR (Category = 'Beverage' AND Item = 'Soda') OR (Category = 'Beverage' AND Item = 'Juice'))",
 "sqlResult": "{209} || {391} || {717} || {416} || {594}",
 "nlq": "What is the amount of Import of Cheese, Cream, Juice, Soda, or Tea in 2022?"},
{"name": "template 3",
 "sql": "SELECT Value FROM DBdata WHERE ((Import_Export = 'Import' AND Year = '2020') OR (Import_Export = 'Import' AND Year = '2021') OR (Import_Export = 'Export' AND Year = '2022')) AND ((Category = 'Dairy' AND Item = 'Cheese'))",
 "sqlResult": "{745} || {672} || {69}",
 "nlq": "What is the amount of Import of Cheese in 2020 or 2021 or of Export of Cheese in 2022?"},
{"name": "template 4",
 "sql": "SELECT min(Value),max(Value) FROM DBdata WHERE ((Import_Export = 'Import' AND Year = '2020') OR (Import_Export = 'Export' AND Year = '2020') OR (Import_Export = 'Export' AND Year = '2021')) AND ((Category = 'Beverage' AND Item = 'Tea'))",
 "sqlResult": "{301 | 838}",
 "nlq": "What are the minimum and maximum amounts of Export or Import of Tea in 2020 or of Export of Tea in 2021?"},
{"name": "template 5",
 "sql": "SELECT avg(Value) FROM DBdata WHERE Import_Export = 'Export' AND (Year IN ('2020','2021','2022')) AND ((Category = 'Beverage' AND Item = 'Juice'))",
 "sqlResult": "{475.67}",
 "nlq": "What is the average amount of Export of Juice in 2020, 2021, or 2022?"},
{"name": "template 6",
 "sql": "SELECT Value FROM DBdata WHERE ((Import_Export = 'Export' AND Year = '2020') OR (Import_Export = 'Import' AND Year = '2022') OR (Import_Export = 'Export' AND Year = '2022')) AND ((Category = 'Dairy' AND Item = 'Cheese') OR (Category = 'Beverage' AND Item = 'Tea') OR (Category = 'Beverage' AND Item = 'Juice'))",
 "sqlResult": "{902} || {391} || {69} || {427} || {717} || {57} || {538} || {594} || {256}",
 "nlq": "What is the amount of Export of Cheese, Juice, or Tea in 2020 or 2022 or of Import of Cheese, Juice, or Tea in 2022?"},
{"name": "template 7",
 "sql": "SELECT sum(Value),avg(Value) FROM DBdata WHERE ((Import_Export = 'Export' AND Year = '2022')) AND ((Category = 'Dairy' AND Item = 'Cheese') OR (Category = 'Beverage' AND Item = 'Soda') OR (Category = 'Beverage' AND Item = 'Juice'))",
 "sqlResult": "{337 | 112.33}",
 "nlq": "What are the total and average amounts of Export of Cheese, Juice, or Soda in 2022?"},
{"name": "template 8",
 "sql": "SELECT Import_Export,Year,sum(Value),max(Value) FROM DBdata WHERE ((Import_Export = 'Export' AND Year = '2020') OR (Import_Export = 'Import' AND Year = '2022')) AND ((Category = 'Beverage' AND Item = 'Tea') OR (Category = 'Beverage' AND Item = 'Soda') OR (Category = 'Beverage' AND Item = 'Juice')) GROUP BY Import_Export,Year",
 "sqlResult": "{Export | 2020 | 1748 | 783} || {Import | 2022 | 1727 | 717}",
 "nlq": "What are the total and maximum amounts for each Import-Export and Year, of Export of Juice, Soda, or Tea in 2020 or of Import of Juice, Soda, or Tea in 2022? Please, report the corresponding Import-Export and Year."},
{"name": "template 9",
 "sql": "SELECT min(Value) FROM DBdata WHERE ((Import_Export = 'Export' AND Year = '2021')) AND (Category IN ('Dairy','Beverage')) GROUP BY Category",
 "sqlResult": "{633} || {14}",
 "nlq": "What is the minimum amount for each Category, of Export of Beverage or Dairy in 2021?"},
{"name": "template 10",
 "sql": "SELECT Category,max(Value) FROM DBdata WHERE ((Import_Export = 'Export' AND Year = '2021')) AND (Category IN ('Dairy','Beverage')) GROUP BY Category",
 "sqlResult": "{Beverage | 838} || {Dairy | 566}",
 "nlq": "What is the maximum amount for each Category, of Export of Beverage or Dairy in 2021? Please, report the corresponding Category."},
{"name": "template 11",
 "sql": "SELECT Category,Import_Export,Year,max(Value) FROM DBdata WHERE ((Import_Export = 'Export' AND Year = '2020') OR (Import_Export = 'Export' AND Year = '2022')) AND (Category IN ('Dairy','Beverage')) GROUP BY Category,Import_Export,Year",
 "sqlResult": "{Beverage | Export | 2020 | 783} || {Beverage | Export | 2022 | 256} || {Dairy | Export | 2020 | 902} || {Dairy | Export | 2022 | 478}",
 "nlq": "What is the maximum amount for each Category, Import-Export, and Year, of Export of Beverage or Dairy in 2020 or 2022? Please, report the corresponding Category, Import-Export, and Year."},
{"name": "template 12",
 "sql": "SELECT Value FROM DBdata WHERE ((Import_Export = 'Export' AND Year = '2021')) AND (Category IN ('Dairy','Beverage')) ORDER BY VALUE ASC LIMIT 4",
 "sqlResult": "{14} || {566} || {633} || {763}",
 "nlq": "What are the bottom 4 amounts of Export of Beverage or Dairy in 2021?"},
{"name": "template 13",
 "sql": "SELECT Value FROM DBdata WHERE ((Import_Export = 'Export' AND Year = '2020')) AND (Category IN ('Dairy','Beverage')) ORDER BY VALUE DESC",
 "sqlResult": "{902} || {783} || {538} || {427} || {60}",
 "nlq": "What are the amounts ordered by decreasing values of Export of Beverage or Dairy in 2020?"},
{"name": "template 14",
 "sql": "SELECT Category,Item FROM DBdata WHERE ((Import_Export = 'Export' AND Year = '2021')) AND Value < 474.17",
 "sqlResult": "{Dairy | Cream}",
 "nlq": "What are the Category and Item for which the amount of Export in 2021 is lower than 474.17?"},
{"name": "template 15",
 "sql": "SELECT Category,Item,Value FROM DBdata WHERE ((Import_Export = 'Export' AND Year = '2022')) AND (Category,Item) IN (SELECT Category,Item FROM DBdata WHERE ((Import_Export = 'Export' AND Year = '2021')) AND Value < 474.17)",
 "sqlResult": "{Dairy | Cream | 478}",
 "nlq": "What is the amount of Export in 2022 of Category and of Item for which the amount of Export in 2021 is lower than 474.17? Please, report the corresponding Category, Item, and amount of import-export."}]
}
