{
"filename": "Food_import-export_in_tons_set150_1_DB.csv",
"questions": [{"name": "template 1",
 "sql": "SELECT Value FROM DBdata WHERE ((BB = 'BBfjr' AND CC = 'CCbty' AND AA = 'AAbcr')) AND ((DD = 'DDtwy' AND EE = 'EEfnq'))",
 "sqlResult": "{882}",
 "nlq": "What is the amount of AAbcr of EEfnq in CCbty of BBfjr?"},
{"name": "template 2",
 "sql": "SELECT Value FROM DBdata WHERE ((BB = 'BBfjr' AND CC = 'CCbty' AND AA = 'AAblq')) AND ((DD = 'DDtwy' AND EE = 'EEbpr') OR (DD = 'DDgln' AND EE = 'EEfgn'))",
 "sqlResult": "{585} || {253}",
 "nlq": "What is the amount of AAblq of EEbpr or EEfgn in CCbty of BBfjr?"},
{"name": "template 3",
 "sql": "SELECT Value FROM DBdata WHERE ((BB = 'BBhps' AND CC = 'CChly' AND AA = 'AAblq') OR (BB = 'BBhps' AND CC = 'CCdfx' AND AA = 'AAbcr') OR (BB = 'BBhps' AND CC = 'CCkpv' AND AA = 'AAbcr') OR (BB = 'BBgkx' AND CC = 'CCkpv' AND AA = 'AAbcr') OR (BB = 'BBhps' AND CC = 'CCbty' AND AA = 'AAbcr') OR (BB = 'BBhps' AND CC = 'CCbty' AND AA = 'AAblq')) AND ((DD = 'DDgln' AND EE = 'EEfgn'))",
 "sqlResult": "{59} || {806} || {770} || {300} || {581} || {402}",
 "nlq": "What is the amount of AAbcr of EEfgn in CCdfx, CCkpv, or CCbty of BBhps or CCkpv of BBgkx or of AAblq of EEfgn in CChly or CCbty of BBhps?"},
{"name": "template 4",
 "sql": "SELECT sum(Value),avg(Value) FROM DBdata WHERE ((BB = 'BBgkx' AND CC = 'CCdfx' AND AA = 'AAblq') OR (BB = 'BBgkx' AND CC = 'CCbty' AND AA = 'AAblq') OR (BB = 'BBfjr' AND CC = 'CCbty' AND AA = 'AAbcr')) AND ((DD = 'DDtwy' AND EE = 'EEbpr'))",
 "sqlResult": "{1368 | 456}",
 "nlq": "What are the total and average amounts of AAblq of EEbpr in CCdfx or CCbty of BBgkx or of AAbcr of EEbpr in CCbty of BBfjr?"},
{"name": "template 6",
 "sql": "SELECT Value FROM DBdata WHERE ((BB = 'BBgkx' AND CC = 'CCbty' AND AA = 'AAbcr') OR (BB = 'BBfjr' AND CC = 'CCbty' AND AA = 'AAblq')) AND ((DD = 'DDtwy' AND EE = 'EEhqv') OR (DD = 'DDtwy' AND EE = 'EEbpr') OR (DD = 'DDgln' AND EE = 'EEfgn') OR (DD = 'DDgln' AND EE = 'EEbrt'))",
 "sqlResult": "{570} || {135} || {852} || {585} || {924} || {253} || {674} || {249}",
 "nlq": "What is the amount of AAbcr of EEhqv, EEbpr, EEfgn, or EEbrt in CCbty of BBgkx or of AAblq of EEhqv, EEbpr, EEfgn, or EEbrt in CCbty of BBfjr?"},
{"name": "template 7",
 "sql": "SELECT min(Value),max(Value) FROM DBdata WHERE ((BB = 'BBfjr' AND CC = 'CCdfx' AND AA = 'AAbcr')) AND ((DD = 'DDtwy' AND EE = 'EEfnq') OR (DD = 'DDgln' AND EE = 'EEfgn') OR (DD = 'DDgln' AND EE = 'EEdhy'))",
 "sqlResult": "{243 | 889}",
 "nlq": "What are the minimum and maximum amounts of AAbcr of EEfgn, EEfnq, or EEdhy in CCdfx of BBfjr?"},
{"name": "template 8",
 "sql": "SELECT BB,CC,AA,avg(Value),sum(Value) FROM DBdata WHERE ((BB = 'BBfjr' AND CC = 'CCkpv' AND AA = 'AAblq') OR (BB = 'BBhps' AND CC = 'CCbty' AND AA = 'AAbcr') OR (BB = 'BBhps' AND CC = 'CCbty' AND AA = 'AAblq') OR (BB = 'BBgkx' AND CC = 'CCbty' AND AA = 'AAblq')) AND ((DD = 'DDtwy' AND EE = 'EEhqv') OR (DD = 'DDtwy' AND EE = 'EEbpr') OR (DD = 'DDgln' AND EE = 'EEfgn') OR (DD = 'DDgln' AND EE = 'EEdhy')) GROUP BY BB,CC,AA",
 "sqlResult": "{BBhps | CCbty | AAblq | 570.75 | 2283} || {BBhps | CCbty | AAbcr | 520 | 2080} || {BBgkx | CCbty | AAblq | 340.75 | 1363} || {BBfjr | CCkpv | AAblq | 591.25 | 2365}",
 "nlq": "What are the average and total amounts for each BB, CC, and AAbcr-AAblq, of AAblq of EEhqv, EEbpr, EEfgn, or EEdhy in CCkpv of BBfjr or CCbty of BBgkx or of AAblq or AAbcr of EEhqv, EEbpr, EEfgn, or EEdhy in CCbty of BBhps? Please, report the corresponding BB, CC, and AAbcr-AAblq."},
{"name": "template 9",
 "sql": "SELECT min(Value) FROM DBdata WHERE ((BB = 'BBhps' AND CC = 'CCdfx' AND AA = 'AAblq')) AND (DD IN ('DDtwy','DDgln')) GROUP BY DD",
 "sqlResult": "{225} || {85}",
 "nlq": "What is the minimum amount for each DD, of AAblq of DDgln or DDtwy in CCdfx of BBhps?"},
{"name": "template 10",
 "sql": "SELECT DD,avg(Value) FROM DBdata WHERE ((BB = 'BBfjr' AND CC = 'CCkpv' AND AA = 'AAblq')) AND (DD IN ('DDtwy','DDgln')) GROUP BY DD",
 "sqlResult": "{DDgln | 692} || {DDtwy | 660.33}",
 "nlq": "What is the average amount for each DD, of AAblq of DDgln or DDtwy in CCkpv of BBfjr? Please, report the corresponding DD."},
{"name": "template 11",
 "sql": "SELECT DD,BB,CC,AA,max(Value) FROM DBdata WHERE ((BB = 'BBgkx' AND CC = 'CChly' AND AA = 'AAblq') OR (BB = 'BBhps' AND CC = 'CCdfx' AND AA = 'AAblq') OR (BB = 'BBgkx' AND CC = 'CCdfx' AND AA = 'AAbcr')) AND (DD IN ('DDtwy','DDgln')) GROUP BY DD,BB,CC,AA",
 "sqlResult": "{DDgln | BBhps | CCdfx | AAblq | 545} || {DDgln | BBgkx | CChly | AAblq | 938} || {DDgln | BBgkx | CCdfx | AAbcr | 980} || {DDtwy | BBhps | CCdfx | AAblq | 321} || {DDtwy | BBgkx | CChly | AAblq | 807} || {DDtwy | BBgkx | CCdfx | AAbcr | 724}",
 "nlq": "What is the maximum amount for each DD, BB, CC, and AAbcr-AAblq, of AAblq of DDgln or DDtwy in CChly of BBgkx or CCdfx of BBhps or of AAbcr of DDgln or DDtwy in CCdfx of BBgkx? Please, report the corresponding DD, BB, CC, and AAbcr-AAblq."},
{"name": "template 12",
 "sql": "SELECT Value FROM DBdata WHERE ((BB = 'BBgkx' AND CC = 'CChly' AND AA = 'AAblq')) AND (DD IN ('DDtwy','DDgln')) ORDER BY VALUE ASC LIMIT 4",
 "sqlResult": "{566} || {660} || {680} || {807}",
 "nlq": "What are the bottom 4 amounts of AAblq of DDgln or DDtwy in CChly of BBgkx?"},
{"name": "template 13",
 "sql": "SELECT Value FROM DBdata WHERE ((BB = 'BBhps' AND CC = 'CCkpv' AND AA = 'AAblq')) AND (DD IN ('DDtwy','DDgln')) ORDER BY VALUE DESC",
 "sqlResult": "{788} || {697} || {692} || {491} || {297} || {51}",
 "nlq": "What are the amounts ordered by decreasing values of AAblq of DDgln or DDtwy in CCkpv of BBhps?"},
{"name": "template 14",
 "sql": "SELECT DD,EE FROM DBdata WHERE ((BB = 'BBgkx' AND CC = 'CCbty' AND AA = 'AAblq')) AND Value > 474.28",
 "sqlResult": "{DDtwy | EEhqv} || {DDgln | EEfgn} || {DDgln | EEbrt}",
 "nlq": "What are the DD and EE for which the amount of AAblq in CCbty of BBgkx is greater than 474.28?"},
{"name": "template 15",
 "sql": "SELECT DD,EE,Value FROM DBdata WHERE ((BB = 'BBfjr' AND CC = 'CCdfx' AND AA = 'AAblq')) AND (DD,EE) IN (SELECT DD,EE FROM DBdata WHERE ((BB = 'BBgkx' AND CC = 'CCbty' AND AA = 'AAblq')) AND Value > 474.28)",
 "sqlResult": "{DDtwy | EEhqv | 261} || {DDgln | EEfgn | 920} || {DDgln | EEbrt | 911}",
 "nlq": "What is the amount of AAblq in CCdfx of BBfjr of DD and of EE for which the amount of AAblq in CCbty of BBgkx is greater than 474.28? Please, report the corresponding DD, EE, and amount of import-export."}]
}

