{
"filename": "Food_import-export_in_tons_set136_4_DB.csv",
"questions": [{"name": "template 1",
 "sql": "SELECT Value FROM DBdata WHERE ((Import_Export = 'Import' AND Year = '2020')) AND ((Category = 'Beverage' AND Item = 'Soda'))",
 "sqlResult": "{536}",
 "nlq": "What is the amount of Import of Soda in 2020?"},
{"name": "template 2",
 "sql": "SELECT Value FROM DBdata WHERE ((Import_Export = 'Export' AND Year = '2020')) AND ((Category = 'Beverage' AND Item = 'Coffee') OR (Category = 'Beverage' AND Item = 'Soda'))",
 "sqlResult": "{273} || {141}",
 "nlq": "What is the amount of Export of Coffee or Soda in 2020?"},
{"name": "template 3",
 "sql": "SELECT Value FROM DBdata WHERE ((Import_Export = 'Import' AND Year = '2021') OR (Import_Export = 'Export' AND Year = '2021')) AND ((Category = 'Beverage' AND Item = 'Coffee'))",
 "sqlResult": "{221} || {569}",
 "nlq": "What is the amount of Export or Import of Coffee in 2021?"},
{"name": "template 4",
 "sql": "SELECT max(Value),min(Value) FROM DBdata WHERE ((Import_Export = 'Import' AND Year = '2020') OR (Import_Export = 'Export' AND Year = '2020') OR (Import_Export = 'Export' AND Year = '2021')) AND ((Category = 'Beverage' AND Item = 'Coffee'))",
 "sqlResult": "{569 | 273}",
 "nlq": "What are the maximum and minimum amounts of Export or Import of Coffee in 2020 or of Export of Coffee in 2021?"},
{"name": "template 5",
 "sql": "SELECT avg(Value) FROM DBdata WHERE (Import_Export IN ('Import','Export')) AND ((Category = 'Dairy' AND Item = 'Cream'))",
 "sqlResult": "{285.25}",
 "nlq": "What is the average amount of Export or Import of Cream?"},
{"name": "template 6",
 "sql": "SELECT Value FROM DBdata WHERE ((Import_Export = 'Import' AND Year = '2020') OR (Import_Export = 'Export' AND Year = '2021')) AND ((Category = 'Beverage' AND Item = 'Coffee') OR (Category = 'Beverage' AND Item = 'Tea'))",
 "sqlResult": "{290} || {569} || {497} || {250}",
 "nlq": "What is the amount of Import of Coffee or Tea in 2020 or of Export of Coffee or Tea in 2021?"},
{"name": "template 7",
 "sql": "SELECT avg(Value),sum(Value) FROM DBdata WHERE ((Import_Export = 'Export' AND Year = '2021')) AND ((Category = 'Dairy' AND Item = 'Cheese') OR (Category = 'Beverage' AND Item = 'Soda'))",
 "sqlResult": "{703 | 1406}",
 "nlq": "What are the average and total amounts of Export of Cheese or Soda in 2021?"},
{"name": "template 8",
 "sql": "SELECT Import_Export,Year,avg(Value),max(Value) FROM DBdata WHERE ((Import_Export = 'Export' AND Year = '2020') OR (Import_Export = 'Import' AND Year = '2021') OR (Import_Export = 'Export' AND Year = '2021')) AND ((Category = 'Dairy' AND Item = 'Cream') OR (Category = 'Dairy' AND Item = 'Cheese') OR (Category = 'Beverage' AND Item = 'Coffee') OR (Category = 'Beverage' AND Item = 'Tea') OR (Category = 'Beverage' AND Item = 'Soda')) GROUP BY Import_Export,Year",
 "sqlResult": "{Export | 2020 | 513.2 | 932} || {Export | 2021 | 460.4 | 821} || {Import | 2021 | 455.2 | 972}",
 "nlq": "What are the average and maximum amounts for each Import-Export and Year, of Export of Cheese, Coffee, Cream, Soda, or Tea in 2020 or 2021 or of Import of Cheese, Coffee, Cream, Soda, or Tea in 2021? Please, report the corresponding Import-Export and Year."},
{"name": "template 9",
 "sql": "SELECT min(Value) FROM DBdata WHERE ((Import_Export = 'Import' AND Year = '2020')) AND (Category IN ('Dairy','Beverage')) GROUP BY Category",
 "sqlResult": "{290} || {41}",
 "nlq": "What is the minimum amount for each Category, of Import of Beverage or Dairy in 2020?"},
{"name": "template 10",
 "sql": "SELECT Category,avg(Value) FROM DBdata WHERE ((Import_Export = 'Export' AND Year = '2020')) AND (Category IN ('Dairy','Beverage')) GROUP BY Category",
 "sqlResult": "{Beverage | 323.33} || {Dairy | 798}",
 "nlq": "What is the average amount for each Category, of Export of Beverage or Dairy in 2020? Please, report the corresponding Category."},
{"name": "template 11",
 "sql": "SELECT Category,Import_Export,Year,min(Value) FROM DBdata WHERE ((Import_Export = 'Import' AND Year = '2020') OR (Import_Export = 'Import' AND Year = '2021') OR (Import_Export = 'Export' AND Year = '2021')) AND (Category IN ('Dairy','Beverage')) GROUP BY Category,Import_Export,Year",
 "sqlResult": "{Beverage | Export | 2021 | 250} || {Beverage | Import | 2020 | 290} || {Beverage | Import | 2021 | 221} || {Dairy | Export | 2021 | 77} || {Dairy | Import | 2020 | 41} || {Dairy | Import | 2021 | 151}",
 "nlq": "What is the minimum amount for each Category, Import-Export, and Year, of Import of Beverage or Dairy in 2020 or of Export or Import of Beverage or Dairy in 2021? Please, report the corresponding Category, Import-Export, and Year."},
{"name": "template 12",
 "sql": "SELECT Value FROM DBdata WHERE ((Import_Export = 'Export' AND Year = '2021')) AND (Category IN ('Dairy','Beverage')) ORDER BY VALUE DESC LIMIT 3",
 "sqlResult": "{821} || {585} || {569}",
 "nlq": "What are the top 3 amounts of Export of Beverage or Dairy in 2021?"},
{"name": "template 13",
 "sql": "SELECT Value FROM DBdata WHERE ((Import_Export = 'Export' AND Year = '2021')) AND (Category IN ('Dairy','Beverage')) ORDER BY VALUE DESC",
 "sqlResult": "{821} || {585} || {569} || {250} || {77}",
 "nlq": "What are the amounts ordered by decreasing values of Export of Beverage or Dairy in 2021?"},
{"name": "template 14",
 "sql": "SELECT Category,Item FROM DBdata WHERE ((Import_Export = 'Import' AND Year = '2021')) AND Value < 433.55",
 "sqlResult": "{Dairy | Cream} || {Dairy | Cheese} || {Beverage | Coffee}",
 "nlq": "What are the Category and Item for which the amount of Import in 2021 is lower than 433.55?"},
{"name": "template 15",
 "sql": "SELECT Category,Item,Value FROM DBdata WHERE ((Import_Export = 'Export' AND Year = '2020')) AND (Category,Item) IN (SELECT Category,Item FROM DBdata WHERE ((Import_Export = 'Import' AND Year = '2021')) AND Value < 433.55)",
 "sqlResult": "{Dairy | Cream | 664} || {Dairy | Cheese | 932} || {Beverage | Coffee | 273}",
 "nlq": "What is the amount of Export in 2020 of Category and of Item for which the amount of Import in 2021 is lower than 433.55? Please, report the corresponding Category, Item, and amount of import-export."}]
}
