{
"filename": "Food_import-export_in_tons_set147_5_DB.csv",
"questions": [{"name": "template 1",
 "sql": "SELECT Value FROM DBdata WHERE ((AA = 'AAflp' AND BB = 'BBckt' AND CC = 'CCfyz')) AND ((DD = 'DDcgl' AND EE = 'EEtwy'))",
 "sqlResult": "{324}",
 "nlq": "What is the amount of AAflp of EEtwy in CCfyz of BBckt?"},
{"name": "template 2",
 "sql": "SELECT Value FROM DBdata WHERE ((AA = 'AAflp' AND BB = 'BBflm' AND CC = 'CCflv')) AND ((DD = 'DDfkw' AND EE = 'EEbgz') OR (DD = 'DDfkw' AND EE = 'EEbwz') OR (DD = 'DDgkp' AND EE = 'EEfqx') OR (DD = 'DDcgl' AND EE = 'EEfnx') OR (DD = 'DDcgl' AND EE = 'EEtwy') OR (DD = 'DDcgl' AND EE = 'EEbkm'))",
 "sqlResult": "{585} || {791} || {477} || {825} || {938} || {863}",
 "nlq": "What is the amount of AAflp of EEtwy, EEfqx, EEfnx, EEbgz, EEbwz, or EEbkm in CCflv of BBflm?"},
{"name": "template 3",
 "sql": "SELECT Value FROM DBdata WHERE ((AA = 'AAflp' AND BB = 'BBntx' AND CC = 'CCrwz') OR (AA = 'AAbmw' AND BB = 'BBflm' AND CC = 'CCkpr') OR (AA = 'AAbmw' AND BB = 'BBflm' AND CC = 'CCfyz') OR (AA = 'AAbmw' AND BB = 'BBckt' AND CC = 'CCfyz') OR (AA = 'AAflp' AND BB = 'BBntx' AND CC = 'CCfyz') OR (AA = 'AAflp' AND BB = 'BBflm' AND CC = 'CCflv') OR (AA = 'AAbmw' AND BB = 'BBckt' AND CC = 'CCflv')) AND ((DD = 'DDfkw' AND EE = 'EEbgz'))",
 "sqlResult": "{372} || {916} || {771} || {58} || {192} || {585} || {918}",
 "nlq": "What is the amount of AAflp of EEbgz in CCrwz or CCfyz of BBntx or CCflv of BBflm or of AAbmw of EEbgz in CCkpr or CCfyz of BBflm or CCfyz or CCflv of BBckt?"},
{"name": "template 4",
 "sql": "SELECT min(Value),max(Value) FROM DBdata WHERE ((AA = 'AAbmw' AND BB = 'BBckt' AND CC = 'CCrwz') OR (AA = 'AAflp' AND BB = 'BBckt' AND CC = 'CCkpr') OR (AA = 'AAbmw' AND BB = 'BBckt' AND CC = 'CCfyz') OR (AA = 'AAbmw' AND BB = 'BBntx' AND CC = 'CCflv')) AND ((DD = 'DDfkw' AND EE = 'EEbwz'))",
 "sqlResult": "{15 | 359}",
 "nlq": "What are the minimum and maximum amounts of AAbmw of EEbwz in CCrwz or CCfyz of BBckt or CCflv of BBntx or of AAflp of EEbwz in CCkpr of BBckt?"},
{"name": "template 6",
 "sql": "SELECT Value FROM DBdata WHERE ((AA = 'AAbmw' AND BB = 'BBckt' AND CC = 'CCrwz') OR (AA = 'AAbmw' AND BB = 'BBntx' AND CC = 'CCrwz') OR (AA = 'AAflp' AND BB = 'BBckt' AND CC = 'CCfyz') OR (AA = 'AAflp' AND BB = 'BBntx' AND CC = 'CCflv')) AND ((DD = 'DDgkp' AND EE = 'EEfqx') OR (DD = 'DDcgl' AND EE = 'EEtwy') OR (DD = 'DDcgl' AND EE = 'EEbkm'))",
 "sqlResult": "{624} || {545} || {389} || {478} || {152} || {155} || {324} || {381} || {872} || {183} || {24} || {520}",
 "nlq": "What is the amount of AAflp of EEtwy, EEfqx, or EEbkm in CCfyz of BBckt or CCflv of BBntx or of AAbmw of EEtwy, EEfqx, or EEbkm in CCrwz of BBckt or BBntx?"},
{"name": "template 7",
 "sql": "SELECT max(Value),min(Value) FROM DBdata WHERE ((AA = 'AAflp' AND BB = 'BBckt' AND CC = 'CCflv')) AND ((DD = 'DDgkp' AND EE = 'EEfqx') OR (DD = 'DDgkp' AND EE = 'EEgwy'))",
 "sqlResult": "{855 | 111}",
 "nlq": "What are the maximum and minimum amounts of AAflp of EEfqx or EEgwy in CCflv of BBckt?"},
{"name": "template 8",
 "sql": "SELECT AA,BB,CC,min(Value),sum(Value) FROM DBdata WHERE ((AA = 'AAflp' AND BB = 'BBntx' AND CC = 'CCrwz') OR (AA = 'AAflp' AND BB = 'BBflm' AND CC = 'CCfyz') OR (AA = 'AAflp' AND BB = 'BBckt' AND CC = 'CCfyz') OR (AA = 'AAbmw' AND BB = 'BBckt' AND CC = 'CCflv') OR (AA = 'AAbmw' AND BB = 'BBntx' AND CC = 'CCflv')) AND ((DD = 'DDfkw' AND EE = 'EEbgz') OR (DD = 'DDgkp' AND EE = 'EEfqx')) GROUP BY AA,BB,CC",
 "sqlResult": "{AAflp | BBflm | CCfyz | 240 | 596} || {AAflp | BBckt | CCfyz | 389 | 858} || {AAflp | BBntx | CCrwz | 117 | 489} || {AAbmw | BBckt | CCflv | 139 | 1057} || {AAbmw | BBntx | CCflv | 182 | 992}",
 "nlq": "What are the minimum and total amounts for each AAbmw-AAflp, BB, and CC, of AAflp of EEfqx or EEbgz in CCrwz of BBntx or CCfyz of BBflm or BBckt or of AAbmw of EEfqx or EEbgz in CCflv of BBckt or BBntx? Please, report the corresponding AAbmw-AAflp, BB, and CC."},
{"name": "template 9",
 "sql": "SELECT min(Value) FROM DBdata WHERE ((AA = 'AAflp' AND BB = 'BBflm' AND CC = 'CCfyz')) AND (DD IN ('DDfkw','DDgkp','DDcgl')) GROUP BY DD",
 "sqlResult": "{356} || {264} || {240}",
 "nlq": "What is the minimum amount for each DD, of AAflp of DDgkp, DDcgl, or DDfkw in CCfyz of BBflm?"},
{"name": "template 10",
 "sql": "SELECT DD,min(Value) FROM DBdata WHERE ((AA = 'AAbmw' AND BB = 'BBflm' AND CC = 'CCflv')) AND (DD IN ('DDfkw','DDgkp','DDcgl')) GROUP BY DD",
 "sqlResult": "{DDgkp | 482} || {DDcgl | 110} || {DDfkw | 340}",
 "nlq": "What is the minimum amount for each DD, of AAbmw of DDgkp, DDcgl, or DDfkw in CCflv of BBflm? Please, report the corresponding DD."},
{"name": "template 11",
 "sql": "SELECT DD,AA,BB,CC,max(Value) FROM DBdata WHERE ((AA = 'AAflp' AND BB = 'BBflm' AND CC = 'CCrwz') OR (AA = 'AAflp' AND BB = 'BBflm' AND CC = 'CCfyz') OR (AA = 'AAbmw' AND BB = 'BBflm' AND CC = 'CCflv')) AND (DD IN ('DDfkw','DDgkp','DDcgl')) GROUP BY DD,AA,BB,CC",
 "sqlResult": "{DDgkp | AAflp | BBflm | CCrwz | 889} || {DDgkp | AAflp | BBflm | CCfyz | 959} || {DDgkp | AAbmw | BBflm | CCflv | 681} || {DDcgl | AAflp | BBflm | CCrwz | 768} || {DDcgl | AAflp | BBflm | CCfyz | 994} || {DDcgl | AAbmw | BBflm | CCflv | 752} || {DDfkw | AAflp | BBflm | CCrwz | 688} || {DDfkw | AAflp | BBflm | CCfyz | 278} || {DDfkw | AAbmw | BBflm | CCflv | 898}",
 "nlq": "What is the maximum amount for each DD, AAbmw-AAflp, BB, and CC, of AAflp of DDgkp, DDcgl, or DDfkw in CCrwz or CCfyz of BBflm or of AAbmw of DDgkp, DDcgl, or DDfkw in CCflv of BBflm? Please, report the corresponding DD, AAbmw-AAflp, BB, and CC."},
{"name": "template 12",
 "sql": "SELECT Value FROM DBdata WHERE ((AA = 'AAbmw' AND BB = 'BBckt' AND CC = 'CCrwz')) AND (DD IN ('DDgkp','DDcgl')) ORDER BY VALUE DESC LIMIT 4",
 "sqlResult": "{872} || {653} || {624} || {592}",
 "nlq": "What are the top 4 amounts of AAbmw of DDgkp or DDcgl in CCrwz of BBckt?"},
{"name": "template 13",
 "sql": "SELECT Value FROM DBdata WHERE ((AA = 'AAflp' AND BB = 'BBflm' AND CC = 'CCkpr')) AND (DD IN ('DDfkw','DDcgl')) ORDER BY VALUE ASC",
 "sqlResult": "{334} || {364} || {444} || {695} || {961}",
 "nlq": "What are the amounts ordered by increasing values of AAflp of DDcgl or DDfkw in CCkpr of BBflm?"},
{"name": "template 14",
 "sql": "SELECT DD,EE FROM DBdata WHERE ((AA = 'AAbmw' AND BB = 'BBntx' AND CC = 'CCrwz')) AND Value > 505.03",
 "sqlResult": "{DDfkw | EEbgz} || {DDfkw | EEbwz} || {DDgkp | EEfqx} || {DDgkp | EEgwy} || {DDgkp | EEptx} || {DDcgl | EEfnx}",
 "nlq": "What are the DD and EE for which the amount of AAbmw in CCrwz of BBntx is greater than 505.03?"},
{"name": "template 15",
 "sql": "SELECT DD,EE,Value FROM DBdata WHERE ((AA = 'AAflp' AND BB = 'BBflm' AND CC = 'CCflv')) AND (DD,EE) IN (SELECT DD,EE FROM DBdata WHERE ((AA = 'AAbmw' AND BB = 'BBntx' AND CC = 'CCrwz')) AND Value > 505.03)",
 "sqlResult": "{DDfkw | EEbgz | 585} || {DDfkw | EEbwz | 791} || {DDgkp | EEfqx | 477} || {DDgkp | EEgwy | 802} || {DDgkp | EEptx | 87} || {DDcgl | EEfnx | 825}",
 "nlq": "What is the amount of AAflp in CCflv of BBflm of DD and of EE for which the amount of AAbmw in CCrwz of BBntx is greater than 505.03? Please, report the corresponding DD, EE, and amount of import-export."}]
}

