{
"filename": "Food_import-export_in_tons_set136_5_DB.csv",
"questions": [{"name": "template 1",
 "sql": "SELECT Value FROM DBdata WHERE ((AA = 'AAgt' AND BB = 'BBjq')) AND ((CC = 'CCcz' AND DD = 'DDlv'))",
 "sqlResult": "{821}",
 "nlq": "What is the amount of AAgt of DDlv in BBjq?"},
{"name": "template 2",
 "sql": "SELECT Value FROM DBdata WHERE ((AA = 'AAgt' AND BB = 'BBvx')) AND ((CC = 'CChn' AND DD = 'DDcj') OR (CC = 'CChn' AND DD = 'DDpq') OR (CC = 'CChn' AND DD = 'DDdw') OR (CC = 'CCcz' AND DD = 'DDdr'))",
 "sqlResult": "{683} || {810} || {856} || {345}",
 "nlq": "What is the amount of AAgt of DDdr, DDcj, DDpq, or DDdw in BBvx?"},
{"name": "template 3",
 "sql": "SELECT Value FROM DBdata WHERE ((AA = 'AAgt' AND BB = 'BBvx') OR (AA = 'AAhq' AND BB = 'BBvx') OR (AA = 'AAgt' AND BB = 'BBnz') OR (AA = 'AAhq' AND BB = 'BBnz') OR (AA = 'AAgt' AND BB = 'BBjq') OR (AA = 'AAhq' AND BB = 'BBjq')) AND ((CC = 'CCcz' AND DD = 'DDdr'))",
 "sqlResult": "{345} || {278} || {276} || {935} || {651} || {167}",
 "nlq": "What is the amount of AAhq or AAgt of DDdr in BBvx, BBnz, or BBjq?"},
{"name": "template 4",
 "sql": "SELECT min(Value),max(Value) FROM DBdata WHERE ((AA = 'AAhq' AND BB = 'BBvx') OR (AA = 'AAhq' AND BB = 'BBjq')) AND ((CC = 'CCcz' AND DD = 'DDdr'))",
 "sqlResult": "{167 | 278}",
 "nlq": "What are the minimum and maximum amounts of AAhq of DDdr in BBvx or BBjq?"},
{"name": "template 5",
 "sql": "SELECT avg(Value) FROM DBdata WHERE (AA IN ('AAgt','AAhq')) AND ((CC = 'CCqx' AND DD = 'DDfs'))",
 "sqlResult": "{510.33}",
 "nlq": "What is the average amount of AAhq or AAgt of DDfs?"},
{"name": "template 6",
 "sql": "SELECT Value FROM DBdata WHERE ((AA = 'AAgt' AND BB = 'BBnz') OR (AA = 'AAgt' AND BB = 'BBjq')) AND ((CC = 'CCqx' AND DD = 'DDfs') OR (CC = 'CCcz' AND DD = 'DDlv') OR (CC = 'CCcz' AND DD = 'DDbm'))",
 "sqlResult": "{799} || {845} || {712} || {821} || {753} || {262}",
 "nlq": "What is the amount of AAgt of DDfs, DDbm, or DDlv in BBnz or BBjq?"},
{"name": "template 7",
 "sql": "SELECT sum(Value),avg(Value) FROM DBdata WHERE ((AA = 'AAgt' AND BB = 'BBvx')) AND ((CC = 'CChn' AND DD = 'DDdw') OR (CC = 'CCqx' AND DD = 'DDds') OR (CC = 'CCcz' AND DD = 'DDlv'))",
 "sqlResult": "{1796 | 598.67}",
 "nlq": "What are the total and average amounts of AAgt of DDds, DDdw, or DDlv in BBvx?"},
{"name": "template 8",
 "sql": "SELECT AA,BB,max(Value),sum(Value) FROM DBdata WHERE ((AA = 'AAhq' AND BB = 'BBnz') OR (AA = 'AAgt' AND BB = 'BBjq')) AND ((CC = 'CChn' AND DD = 'DDcj') OR (CC = 'CChn' AND DD = 'DDpq')) GROUP BY AA,BB",
 "sqlResult": "{AAhq | BBnz | 847 | 867} || {AAgt | BBjq | 379 | 513}",
 "nlq": "What are the maximum and total amounts for each AAgt-AAhq and BB, of AAhq of DDcj or DDpq in BBnz or of AAgt of DDcj or DDpq in BBjq? Please, report the corresponding AAgt-AAhq and BB."},
{"name": "template 9",
 "sql": "SELECT min(Value) FROM DBdata WHERE ((AA = 'AAhq' AND BB = 'BBjq')) AND (CC IN ('CChn','CCqx','CCcz')) GROUP BY CC",
 "sqlResult": "{35} || {107} || {554}",
 "nlq": "What is the minimum amount for each CC, of AAhq of CCcz, CChn, or CCqx in BBjq?"},
{"name": "template 10",
 "sql": "SELECT CC,sum(Value) FROM DBdata WHERE ((AA = 'AAhq' AND BB = 'BBnz')) AND (CC IN ('CChn','CCqx','CCcz')) GROUP BY CC",
 "sqlResult": "{CCcz | 2238} || {CChn | 1699} || {CCqx | 1034}",
 "nlq": "What is the total amount for each CC, of AAhq of CCcz, CChn, or CCqx in BBnz? Please, report the corresponding CC."},
{"name": "template 11",
 "sql": "SELECT CC,AA,BB,sum(Value) FROM DBdata WHERE ((AA = 'AAhq' AND BB = 'BBvx') OR (AA = 'AAgt' AND BB = 'BBnz') OR (AA = 'AAhq' AND BB = 'BBjq')) AND (CC IN ('CChn','CCqx','CCcz')) GROUP BY CC,AA,BB",
 "sqlResult": "{CCcz | AAhq | BBvx | 1425} || {CCcz | AAhq | BBjq | 615} || {CCcz | AAgt | BBnz | 1741} || {CChn | AAhq | BBvx | 2381} || {CChn | AAhq | BBjq | 777} || {CChn | AAgt | BBnz | 903} || {CCqx | AAhq | BBvx | 837} || {CCqx | AAhq | BBjq | 1515} || {CCqx | AAgt | BBnz | 1750}",
 "nlq": "What is the total amount for each CC, AAgt-AAhq, and BB, of AAhq of CCcz, CChn, or CCqx in BBvx or BBjq or of AAgt of CCcz, CChn, or CCqx in BBnz? Please, report the corresponding CC, AAgt-AAhq, and BB."},
{"name": "template 12",
 "sql": "SELECT Value FROM DBdata WHERE ((AA = 'AAhq' AND BB = 'BBnz')) AND (CC IN ('CCqx','CCcz')) ORDER BY VALUE DESC LIMIT 2",
 "sqlResult": "{935} || {811}",
 "nlq": "What are the top 2 amounts of AAhq of CCcz or CCqx in BBnz?"},
{"name": "template 13",
 "sql": "SELECT Value FROM DBdata WHERE ((AA = 'AAgt' AND BB = 'BBvx')) AND (CC IN ('CChn','CCcz')) ORDER BY VALUE ASC",
 "sqlResult": "{345} || {359} || {471} || {683} || {810} || {856}",
 "nlq": "What are the amounts ordered by increasing values of AAgt of CCcz or CChn in BBvx?"},
{"name": "template 14",
 "sql": "SELECT CC,DD FROM DBdata WHERE ((AA = 'AAhq' AND BB = 'BBjq')) AND Value > 536.38",
 "sqlResult": "{CChn | DDpq} || {CCqx | DDfs} || {CCqx | DDds}",
 "nlq": "What are the CC and DD for which the amount of AAhq in BBjq is greater than 536.38?"},
{"name": "template 15",
 "sql": "SELECT CC,DD,Value FROM DBdata WHERE ((AA = 'AAgt' AND BB = 'BBnz')) AND (CC,DD) IN (SELECT CC,DD FROM DBdata WHERE ((AA = 'AAhq' AND BB = 'BBjq')) AND Value > 536.38)",
 "sqlResult": "{CChn | DDpq | 138} || {CCqx | DDfs | 799} || {CCqx | DDds | 951}",
 "nlq": "What is the amount of AAgt in BBnz of CC and of DD for which the amount of AAhq in BBjq is greater than 536.38? Please, report the corresponding CC, DD, and amount of import-export."}]
}

