AAcds-AAbjn,BB,CC,DD,EE,Value
AA,BB,CC,DD,EE,Value
AAcds,BBdny,CClsv,DDkxz,EEgnz,545
AAbjn,BBdny,CClsv,DDkxz,EEgnz,286
AAcds,BBcrv,CClsv,DDkxz,EEgnz,117
AAbjn,BBcrv,CClsv,DDkxz,EEgnz,633
AAcds,BBnqr,CClsv,DDkxz,EEgnz,446
AAbjn,BBnqr,CClsv,DDkxz,EEgnz,312
AAcds,BBdny,CCfrv,DDkxz,EEgnz,509
AAbjn,BBdny,CCfrv,DDkxz,EEgnz,839
AAcds,BBcrv,CCfrv,DDkxz,EEgnz,526
AAbjn,BBcrv,CCfrv,DDkxz,EEgnz,124
AAcds,BBnqr,CCfrv,DDkxz,EEgnz,235
AAbjn,BBnqr,CCfrv,DDkxz,EEgnz,172
AAcds,BBdny,CCbpr,DDkxz,EEgnz,263
AAbjn,BBdny,CCbpr,DDkxz,EEgnz,915
AAcds,BBcrv,CCbpr,DDkxz,EEgnz,281
AAbjn,BBcrv,CCbpr,DDkxz,EEgnz,293
AAcds,BBnqr,CCbpr,DDkxz,EEgnz,524
AAbjn,BBnqr,CCbpr,DDkxz,EEgnz,540
AAcds,BBdny,CCpqs,DDkxz,EEgnz,692
AAbjn,BBdny,CCpqs,DDkxz,EEgnz,716
AAcds,BBcrv,CCpqs,DDkxz,EEgnz,801
AAbjn,BBcrv,CCpqs,DDkxz,EEgnz,68
AAcds,BBnqr,CCpqs,DDkxz,EEgnz,793
AAbjn,BBnqr,CCpqs,DDkxz,EEgnz,573
AAcds,BBdny,CClsv,DDkxz,EEkqr,412
AAbjn,BBdny,CClsv,DDkxz,EEkqr,960
AAcds,BBcrv,CClsv,DDkxz,EEkqr,84
AAbjn,BBcrv,CClsv,DDkxz,EEkqr,925
AAcds,BBnqr,CClsv,DDkxz,EEkqr,872
AAbjn,BBnqr,CClsv,DDkxz,EEkqr,598
AAcds,BBdny,CCfrv,DDkxz,EEkqr,903
AAbjn,BBdny,CCfrv,DDkxz,EEkqr,216
AAcds,BBcrv,CCfrv,DDkxz,EEkqr,898
AAbjn,BBcrv,CCfrv,DDkxz,EEkqr,831
AAcds,BBnqr,CCfrv,DDkxz,EEkqr,979
AAbjn,BBnqr,CCfrv,DDkxz,EEkqr,165
AAcds,BBdny,CCbpr,DDkxz,EEkqr,912
AAbjn,BBdny,CCbpr,DDkxz,EEkqr,919
AAcds,BBcrv,CCbpr,DDkxz,EEkqr,654
AAbjn,BBcrv,CCbpr,DDkxz,EEkqr,776
AAcds,BBnqr,CCbpr,DDkxz,EEkqr,852
AAbjn,BBnqr,CCbpr,DDkxz,EEkqr,516
AAcds,BBdny,CCpqs,DDkxz,EEkqr,895
AAbjn,BBdny,CCpqs,DDkxz,EEkqr,403
AAcds,BBcrv,CCpqs,DDkxz,EEkqr,184
AAbjn,BBcrv,CCpqs,DDkxz,EEkqr,779
AAcds,BBnqr,CCpqs,DDkxz,EEkqr,550
AAbjn,BBnqr,CCpqs,DDkxz,EEkqr,87
AAcds,BBdny,CClsv,DDjls,EEbjs,866
AAbjn,BBdny,CClsv,DDjls,EEbjs,743
AAcds,BBcrv,CClsv,DDjls,EEbjs,646
AAbjn,BBcrv,CClsv,DDjls,EEbjs,719
AAcds,BBnqr,CClsv,DDjls,EEbjs,291
AAbjn,BBnqr,CClsv,DDjls,EEbjs,758
AAcds,BBdny,CCfrv,DDjls,EEbjs,85
AAbjn,BBdny,CCfrv,DDjls,EEbjs,392
AAcds,BBcrv,CCfrv,DDjls,EEbjs,691
AAbjn,BBcrv,CCfrv,DDjls,EEbjs,332
AAcds,BBnqr,CCfrv,DDjls,EEbjs,64
AAbjn,BBnqr,CCfrv,DDjls,EEbjs,820
AAcds,BBdny,CCbpr,DDjls,EEbjs,57
AAbjn,BBdny,CCbpr,DDjls,EEbjs,12
AAcds,BBcrv,CCbpr,DDjls,EEbjs,632
AAbjn,BBcrv,CCbpr,DDjls,EEbjs,178
AAcds,BBnqr,CCbpr,DDjls,EEbjs,116
AAbjn,BBnqr,CCbpr,DDjls,EEbjs,752
AAcds,BBdny,CCpqs,DDjls,EEbjs,429
AAbjn,BBdny,CCpqs,DDjls,EEbjs,771
AAcds,BBcrv,CCpqs,DDjls,EEbjs,179
AAbjn,BBcrv,CCpqs,DDjls,EEbjs,617
AAcds,BBnqr,CCpqs,DDjls,EEbjs,340
AAbjn,BBnqr,CCpqs,DDjls,EEbjs,486
AAcds,BBdny,CClsv,DDjls,EEmnp,520
AAbjn,BBdny,CClsv,DDjls,EEmnp,594
AAcds,BBcrv,CClsv,DDjls,EEmnp,440
AAbjn,BBcrv,CClsv,DDjls,EEmnp,679
AAcds,BBnqr,CClsv,DDjls,EEmnp,536
AAbjn,BBnqr,CClsv,DDjls,EEmnp,220
AAcds,BBdny,CCfrv,DDjls,EEmnp,620
AAbjn,BBdny,CCfrv,DDjls,EEmnp,141
AAcds,BBcrv,CCfrv,DDjls,EEmnp,637
AAbjn,BBcrv,CCfrv,DDjls,EEmnp,430
AAcds,BBnqr,CCfrv,DDjls,EEmnp,43
AAbjn,BBnqr,CCfrv,DDjls,EEmnp,255
AAcds,BBdny,CCbpr,DDjls,EEmnp,549
AAbjn,BBdny,CCbpr,DDjls,EEmnp,638
AAcds,BBcrv,CCbpr,DDjls,EEmnp,484
AAbjn,BBcrv,CCbpr,DDjls,EEmnp,208
AAcds,BBnqr,CCbpr,DDjls,EEmnp,254
AAbjn,BBnqr,CCbpr,DDjls,EEmnp,760
AAcds,BBdny,CCpqs,DDjls,EEmnp,816
AAbjn,BBdny,CCpqs,DDjls,EEmnp,305
AAcds,BBcrv,CCpqs,DDjls,EEmnp,658
AAbjn,BBcrv,CCpqs,DDjls,EEmnp,718
AAcds,BBnqr,CCpqs,DDjls,EEmnp,631
AAbjn,BBnqr,CCpqs,DDjls,EEmnp,918
AAcds,BBdny,CClsv,DDqwx,EEhjw,390
AAbjn,BBdny,CClsv,DDqwx,EEhjw,175
AAcds,BBcrv,CClsv,DDqwx,EEhjw,260
AAbjn,BBcrv,CClsv,DDqwx,EEhjw,103
AAcds,BBnqr,CClsv,DDqwx,EEhjw,59
AAbjn,BBnqr,CClsv,DDqwx,EEhjw,261
AAcds,BBdny,CCfrv,DDqwx,EEhjw,341
AAbjn,BBdny,CCfrv,DDqwx,EEhjw,298
AAcds,BBcrv,CCfrv,DDqwx,EEhjw,900
AAbjn,BBcrv,CCfrv,DDqwx,EEhjw,78
AAcds,BBnqr,CCfrv,DDqwx,EEhjw,699
AAbjn,BBnqr,CCfrv,DDqwx,EEhjw,555
AAcds,BBdny,CCbpr,DDqwx,EEhjw,230
AAbjn,BBdny,CCbpr,DDqwx,EEhjw,926
AAcds,BBcrv,CCbpr,DDqwx,EEhjw,256
AAbjn,BBcrv,CCbpr,DDqwx,EEhjw,79
AAcds,BBnqr,CCbpr,DDqwx,EEhjw,455
AAbjn,BBnqr,CCbpr,DDqwx,EEhjw,19
AAcds,BBdny,CCpqs,DDqwx,EEhjw,664
AAbjn,BBdny,CCpqs,DDqwx,EEhjw,987
AAcds,BBcrv,CCpqs,DDqwx,EEhjw,31
AAbjn,BBcrv,CCpqs,DDqwx,EEhjw,297
AAcds,BBnqr,CCpqs,DDqwx,EEhjw,584
AAbjn,BBnqr,CCpqs,DDqwx,EEhjw,862
AAcds,BBdny,CClsv,DDqwx,EEfpx,515
AAbjn,BBdny,CClsv,DDqwx,EEfpx,458
AAcds,BBcrv,CClsv,DDqwx,EEfpx,942
AAbjn,BBcrv,CClsv,DDqwx,EEfpx,965
AAcds,BBnqr,CClsv,DDqwx,EEfpx,482
AAbjn,BBnqr,CClsv,DDqwx,EEfpx,583
AAcds,BBdny,CCfrv,DDqwx,EEfpx,377
AAbjn,BBdny,CCfrv,DDqwx,EEfpx,927
AAcds,BBcrv,CCfrv,DDqwx,EEfpx,560
AAbjn,BBcrv,CCfrv,DDqwx,EEfpx,398
AAcds,BBnqr,CCfrv,DDqwx,EEfpx,242
AAbjn,BBnqr,CCfrv,DDqwx,EEfpx,653
AAcds,BBdny,CCbpr,DDqwx,EEfpx,940
AAbjn,BBdny,CCbpr,DDqwx,EEfpx,495
AAcds,BBcrv,CCbpr,DDqwx,EEfpx,315
AAbjn,BBcrv,CCbpr,DDqwx,EEfpx,936
AAcds,BBnqr,CCbpr,DDqwx,EEfpx,330
AAbjn,BBnqr,CCbpr,DDqwx,EEfpx,666
AAcds,BBdny,CCpqs,DDqwx,EEfpx,544
AAbjn,BBdny,CCpqs,DDqwx,EEfpx,257
AAcds,BBcrv,CCpqs,DDqwx,EEfpx,160
AAbjn,BBcrv,CCpqs,DDqwx,EEfpx,672
AAcds,BBnqr,CCpqs,DDqwx,EEfpx,796
AAbjn,BBnqr,CCpqs,DDqwx,EEfpx,963

