AAqsy-AAhsz,BB,CC,DD,EE,Value
AA,BB,CC,DD,EE,Value
AAqsy,BBktz,CCjsw,DDcms,EEdpq,819
AAhsz,BBktz,CCjsw,DDcms,EEdpq,75
AAqsy,BBdqy,CCjsw,DDcms,EEdpq,223
AAhsz,BBdqy,CCjsw,DDcms,EEdpq,706
AAqsy,BBcjn,CCjsw,DDcms,EEdpq,16
AAhsz,BBcjn,CCjsw,DDcms,EEdpq,358
AAqsy,BBktz,CCdgk,DDcms,EEdpq,693
AAhsz,BBktz,CCdgk,DDcms,EEdpq,815
AAqsy,BBdqy,CCdgk,DDcms,EEdpq,133
AAhsz,BBdqy,CCdgk,DDcms,EEdpq,869
AAqsy,BBcjn,CCdgk,DDcms,EEdpq,433
AAhsz,BBcjn,CCdgk,DDcms,EEdpq,209
AAqsy,BBktz,CCbhm,DDcms,EEdpq,806
AAhsz,BBktz,CCbhm,DDcms,EEdpq,820
AAqsy,BBdqy,CCbhm,DDcms,EEdpq,27
AAhsz,BBdqy,CCbhm,DDcms,EEdpq,760
AAqsy,BBcjn,CCbhm,DDcms,EEdpq,440
AAhsz,BBcjn,CCbhm,DDcms,EEdpq,388
AAqsy,BBktz,CChkm,DDcms,EEdpq,151
AAhsz,BBktz,CChkm,DDcms,EEdpq,992
AAqsy,BBdqy,CChkm,DDcms,EEdpq,60
AAhsz,BBdqy,CChkm,DDcms,EEdpq,740
AAqsy,BBcjn,CChkm,DDcms,EEdpq,346
AAhsz,BBcjn,CChkm,DDcms,EEdpq,802
AAqsy,BBktz,CCjsw,DDcms,EEdqz,727
AAhsz,BBktz,CCjsw,DDcms,EEdqz,660
AAqsy,BBdqy,CCjsw,DDcms,EEdqz,723
AAhsz,BBdqy,CCjsw,DDcms,EEdqz,10
AAqsy,BBcjn,CCjsw,DDcms,EEdqz,851
AAhsz,BBcjn,CCjsw,DDcms,EEdqz,567
AAqsy,BBktz,CCdgk,DDcms,EEdqz,427
AAhsz,BBktz,CCdgk,DDcms,EEdqz,126
AAqsy,BBdqy,CCdgk,DDcms,EEdqz,993
AAhsz,BBdqy,CCdgk,DDcms,EEdqz,30
AAqsy,BBcjn,CCdgk,DDcms,EEdqz,981
AAhsz,BBcjn,CCdgk,DDcms,EEdqz,738
AAqsy,BBktz,CCbhm,DDcms,EEdqz,469
AAhsz,BBktz,CCbhm,DDcms,EEdqz,240
AAqsy,BBdqy,CCbhm,DDcms,EEdqz,455
AAhsz,BBdqy,CCbhm,DDcms,EEdqz,607
AAqsy,BBcjn,CCbhm,DDcms,EEdqz,230
AAhsz,BBcjn,CCbhm,DDcms,EEdqz,239
AAqsy,BBktz,CChkm,DDcms,EEdqz,261
AAhsz,BBktz,CChkm,DDcms,EEdqz,730
AAqsy,BBdqy,CChkm,DDcms,EEdqz,748
AAhsz,BBdqy,CChkm,DDcms,EEdqz,855
AAqsy,BBcjn,CChkm,DDcms,EEdqz,131
AAhsz,BBcjn,CChkm,DDcms,EEdqz,746
AAqsy,BBktz,CCjsw,DDcms,EEnyz,664
AAhsz,BBktz,CCjsw,DDcms,EEnyz,508
AAqsy,BBdqy,CCjsw,DDcms,EEnyz,863
AAhsz,BBdqy,CCjsw,DDcms,EEnyz,857
AAqsy,BBcjn,CCjsw,DDcms,EEnyz,926
AAhsz,BBcjn,CCjsw,DDcms,EEnyz,905
AAqsy,BBktz,CCdgk,DDcms,EEnyz,416
AAhsz,BBktz,CCdgk,DDcms,EEnyz,787
AAqsy,BBdqy,CCdgk,DDcms,EEnyz,22
AAhsz,BBdqy,CCdgk,DDcms,EEnyz,687
AAqsy,BBcjn,CCdgk,DDcms,EEnyz,914
AAhsz,BBcjn,CCdgk,DDcms,EEnyz,784
AAqsy,BBktz,CCbhm,DDcms,EEnyz,319
AAhsz,BBktz,CCbhm,DDcms,EEnyz,768
AAqsy,BBdqy,CCbhm,DDcms,EEnyz,520
AAhsz,BBdqy,CCbhm,DDcms,EEnyz,506
AAqsy,BBcjn,CCbhm,DDcms,EEnyz,679
AAhsz,BBcjn,CCbhm,DDcms,EEnyz,234
AAqsy,BBktz,CChkm,DDcms,EEnyz,19
AAhsz,BBktz,CChkm,DDcms,EEnyz,719
AAqsy,BBdqy,CChkm,DDcms,EEnyz,389
AAhsz,BBdqy,CChkm,DDcms,EEnyz,793
AAqsy,BBcjn,CChkm,DDcms,EEnyz,113
AAhsz,BBcjn,CChkm,DDcms,EEnyz,74
AAqsy,BBktz,CCjsw,DDfnt,EEfhj,792
AAhsz,BBktz,CCjsw,DDfnt,EEfhj,920
AAqsy,BBdqy,CCjsw,DDfnt,EEfhj,541
AAhsz,BBdqy,CCjsw,DDfnt,EEfhj,245
AAqsy,BBcjn,CCjsw,DDfnt,EEfhj,513
AAhsz,BBcjn,CCjsw,DDfnt,EEfhj,477
AAqsy,BBktz,CCdgk,DDfnt,EEfhj,163
AAhsz,BBktz,CCdgk,DDfnt,EEfhj,899
AAqsy,BBdqy,CCdgk,DDfnt,EEfhj,180
AAhsz,BBdqy,CCdgk,DDfnt,EEfhj,125
AAqsy,BBcjn,CCdgk,DDfnt,EEfhj,884
AAhsz,BBcjn,CCdgk,DDfnt,EEfhj,824
AAqsy,BBktz,CCbhm,DDfnt,EEfhj,677
AAhsz,BBktz,CCbhm,DDfnt,EEfhj,13
AAqsy,BBdqy,CCbhm,DDfnt,EEfhj,95
AAhsz,BBdqy,CCbhm,DDfnt,EEfhj,457
AAqsy,BBcjn,CCbhm,DDfnt,EEfhj,390
AAhsz,BBcjn,CCbhm,DDfnt,EEfhj,372
AAqsy,BBktz,CChkm,DDfnt,EEfhj,150
AAhsz,BBktz,CChkm,DDfnt,EEfhj,788
AAqsy,BBdqy,CChkm,DDfnt,EEfhj,244
AAhsz,BBdqy,CChkm,DDfnt,EEfhj,900
AAqsy,BBcjn,CChkm,DDfnt,EEfhj,742
AAhsz,BBcjn,CChkm,DDfnt,EEfhj,312
AAqsy,BBktz,CCjsw,DDfnt,EEgtz,391
AAhsz,BBktz,CCjsw,DDfnt,EEgtz,282
AAqsy,BBdqy,CCjsw,DDfnt,EEgtz,610
AAhsz,BBdqy,CCjsw,DDfnt,EEgtz,974
AAqsy,BBcjn,CCjsw,DDfnt,EEgtz,285
AAhsz,BBcjn,CCjsw,DDfnt,EEgtz,110
AAqsy,BBktz,CCdgk,DDfnt,EEgtz,21
AAhsz,BBktz,CCdgk,DDfnt,EEgtz,729
AAqsy,BBdqy,CCdgk,DDfnt,EEgtz,881
AAhsz,BBdqy,CCdgk,DDfnt,EEgtz,641
AAqsy,BBcjn,CCdgk,DDfnt,EEgtz,909
AAhsz,BBcjn,CCdgk,DDfnt,EEgtz,343
AAqsy,BBktz,CCbhm,DDfnt,EEgtz,301
AAhsz,BBktz,CCbhm,DDfnt,EEgtz,601
AAqsy,BBdqy,CCbhm,DDfnt,EEgtz,474
AAhsz,BBdqy,CCbhm,DDfnt,EEgtz,487
AAqsy,BBcjn,CCbhm,DDfnt,EEgtz,441
AAhsz,BBcjn,CCbhm,DDfnt,EEgtz,80
AAqsy,BBktz,CChkm,DDfnt,EEgtz,376
AAhsz,BBktz,CChkm,DDfnt,EEgtz,177
AAqsy,BBdqy,CChkm,DDfnt,EEgtz,845
AAhsz,BBdqy,CChkm,DDfnt,EEgtz,425
AAqsy,BBcjn,CChkm,DDfnt,EEgtz,183
AAhsz,BBcjn,CChkm,DDfnt,EEgtz,880
AAqsy,BBktz,CCjsw,DDfnt,EElrz,553
AAhsz,BBktz,CCjsw,DDfnt,EElrz,304
AAqsy,BBdqy,CCjsw,DDfnt,EElrz,117
AAhsz,BBdqy,CCjsw,DDfnt,EElrz,232
AAqsy,BBcjn,CCjsw,DDfnt,EElrz,499
AAhsz,BBcjn,CCjsw,DDfnt,EElrz,892
AAqsy,BBktz,CCdgk,DDfnt,EElrz,582
AAhsz,BBktz,CCdgk,DDfnt,EElrz,888
AAqsy,BBdqy,CCdgk,DDfnt,EElrz,143
AAhsz,BBdqy,CCdgk,DDfnt,EElrz,783
AAqsy,BBcjn,CCdgk,DDfnt,EElrz,697
AAhsz,BBcjn,CCdgk,DDfnt,EElrz,885
AAqsy,BBktz,CCbhm,DDfnt,EElrz,833
AAhsz,BBktz,CCbhm,DDfnt,EElrz,949
AAqsy,BBdqy,CCbhm,DDfnt,EElrz,930
AAhsz,BBdqy,CCbhm,DDfnt,EElrz,606
AAqsy,BBcjn,CCbhm,DDfnt,EElrz,822
AAhsz,BBcjn,CCbhm,DDfnt,EElrz,286
AAqsy,BBktz,CChkm,DDfnt,EElrz,108
AAhsz,BBktz,CChkm,DDfnt,EElrz,755
AAqsy,BBdqy,CChkm,DDfnt,EElrz,642
AAhsz,BBdqy,CChkm,DDfnt,EElrz,66
AAqsy,BBcjn,CChkm,DDfnt,EElrz,709
AAhsz,BBcjn,CChkm,DDfnt,EElrz,84
AAqsy,BBktz,CCjsw,DDhjv,EEgsy,104
AAhsz,BBktz,CCjsw,DDhjv,EEgsy,195
AAqsy,BBdqy,CCjsw,DDhjv,EEgsy,201
AAhsz,BBdqy,CCjsw,DDhjv,EEgsy,202
AAqsy,BBcjn,CCjsw,DDhjv,EEgsy,35
AAhsz,BBcjn,CCjsw,DDhjv,EEgsy,731
AAqsy,BBktz,CCdgk,DDhjv,EEgsy,781
AAhsz,BBktz,CCdgk,DDhjv,EEgsy,308
AAqsy,BBdqy,CCdgk,DDhjv,EEgsy,716
AAhsz,BBdqy,CCdgk,DDhjv,EEgsy,657
AAqsy,BBcjn,CCdgk,DDhjv,EEgsy,987
AAhsz,BBcjn,CCdgk,DDhjv,EEgsy,770
AAqsy,BBktz,CCbhm,DDhjv,EEgsy,217
AAhsz,BBktz,CCbhm,DDhjv,EEgsy,221
AAqsy,BBdqy,CCbhm,DDhjv,EEgsy,611
AAhsz,BBdqy,CCbhm,DDhjv,EEgsy,800
AAqsy,BBcjn,CCbhm,DDhjv,EEgsy,503
AAhsz,BBcjn,CCbhm,DDhjv,EEgsy,102
AAqsy,BBktz,CChkm,DDhjv,EEgsy,960
AAhsz,BBktz,CChkm,DDhjv,EEgsy,25
AAqsy,BBdqy,CChkm,DDhjv,EEgsy,832
AAhsz,BBdqy,CChkm,DDhjv,EEgsy,185
AAqsy,BBcjn,CChkm,DDhjv,EEgsy,505
AAhsz,BBcjn,CChkm,DDhjv,EEgsy,398
AAqsy,BBktz,CCjsw,DDhjv,EEnqs,307
AAhsz,BBktz,CCjsw,DDhjv,EEnqs,93
AAqsy,BBdqy,CCjsw,DDhjv,EEnqs,380
AAhsz,BBdqy,CCjsw,DDhjv,EEnqs,45
AAqsy,BBcjn,CCjsw,DDhjv,EEnqs,946
AAhsz,BBcjn,CCjsw,DDhjv,EEnqs,112
AAqsy,BBktz,CCdgk,DDhjv,EEnqs,489
AAhsz,BBktz,CCdgk,DDhjv,EEnqs,871
AAqsy,BBdqy,CCdgk,DDhjv,EEnqs,79
AAhsz,BBdqy,CCdgk,DDhjv,EEnqs,912
AAqsy,BBcjn,CCdgk,DDhjv,EEnqs,776
AAhsz,BBcjn,CCdgk,DDhjv,EEnqs,977
AAqsy,BBktz,CCbhm,DDhjv,EEnqs,963
AAhsz,BBktz,CCbhm,DDhjv,EEnqs,411
AAqsy,BBdqy,CCbhm,DDhjv,EEnqs,238
AAhsz,BBdqy,CCbhm,DDhjv,EEnqs,299
AAqsy,BBcjn,CCbhm,DDhjv,EEnqs,674
AAhsz,BBcjn,CCbhm,DDhjv,EEnqs,315
AAqsy,BBktz,CChkm,DDhjv,EEnqs,945
AAhsz,BBktz,CChkm,DDhjv,EEnqs,397
AAqsy,BBdqy,CChkm,DDhjv,EEnqs,31
AAhsz,BBdqy,CChkm,DDhjv,EEnqs,55
AAqsy,BBcjn,CChkm,DDhjv,EEnqs,942
AAhsz,BBcjn,CChkm,DDhjv,EEnqs,510
AAqsy,BBktz,CCjsw,DDhjv,EEbfs,562
AAhsz,BBktz,CCjsw,DDhjv,EEbfs,661
AAqsy,BBdqy,CCjsw,DDhjv,EEbfs,336
AAhsz,BBdqy,CCjsw,DDhjv,EEbfs,350
AAqsy,BBcjn,CCjsw,DDhjv,EEbfs,778
AAhsz,BBcjn,CCjsw,DDhjv,EEbfs,345
AAqsy,BBktz,CCdgk,DDhjv,EEbfs,847
AAhsz,BBktz,CCdgk,DDhjv,EEbfs,43
AAqsy,BBdqy,CCdgk,DDhjv,EEbfs,766
AAhsz,BBdqy,CCdgk,DDhjv,EEbfs,528
AAqsy,BBcjn,CCdgk,DDhjv,EEbfs,653
AAhsz,BBcjn,CCdgk,DDhjv,EEbfs,136
AAqsy,BBktz,CCbhm,DDhjv,EEbfs,365
AAhsz,BBktz,CCbhm,DDhjv,EEbfs,872
AAqsy,BBdqy,CCbhm,DDhjv,EEbfs,951
AAhsz,BBdqy,CCbhm,DDhjv,EEbfs,94
AAqsy,BBcjn,CCbhm,DDhjv,EEbfs,138
AAhsz,BBcjn,CCbhm,DDhjv,EEbfs,378
AAqsy,BBktz,CChkm,DDhjv,EEbfs,919
AAhsz,BBktz,CChkm,DDhjv,EEbfs,293
AAqsy,BBdqy,CChkm,DDhjv,EEbfs,342
AAhsz,BBdqy,CChkm,DDhjv,EEbfs,619
AAqsy,BBcjn,CChkm,DDhjv,EEbfs,537
AAhsz,BBcjn,CChkm,DDhjv,EEbfs,33

