AAhky-AAbkv,BB,CC,DD,EE,Value
AA,BB,CC,DD,EE,Value
AAhky,BBjls,CCbqz,DDgsv,EElqv,545
AAbkv,BBjls,CCbqz,DDgsv,EElqv,699
AAhky,BBlrw,CCbqz,DDgsv,EElqv,517
AAbkv,BBlrw,CCbqz,DDgsv,EElqv,206
AAhky,BBbdk,CCbqz,DDgsv,EElqv,202
AAbkv,BBbdk,CCbqz,DDgsv,EElqv,212
AAhky,BBjls,CCmtv,DDgsv,EElqv,80
AAbkv,BBjls,CCmtv,DDgsv,EElqv,800
AAhky,BBlrw,CCmtv,DDgsv,EElqv,916
AAbkv,BBlrw,CCmtv,DDgsv,EElqv,847
AAhky,BBbdk,CCmtv,DDgsv,EElqv,679
AAbkv,BBbdk,CCmtv,DDgsv,EElqv,87
AAhky,BBjls,CCbdl,DDgsv,EElqv,32
AAbkv,BBjls,CCbdl,DDgsv,EElqv,300
AAhky,BBlrw,CCbdl,DDgsv,EElqv,859
AAbkv,BBlrw,CCbdl,DDgsv,EElqv,869
AAhky,BBbdk,CCbdl,DDgsv,EElqv,65
AAbkv,BBbdk,CCbdl,DDgsv,EElqv,726
AAhky,BBjls,CCbmy,DDgsv,EElqv,537
AAbkv,BBjls,CCbmy,DDgsv,EElqv,23
AAhky,BBlrw,CCbmy,DDgsv,EElqv,256
AAbkv,BBlrw,CCbmy,DDgsv,EElqv,796
AAhky,BBbdk,CCbmy,DDgsv,EElqv,518
AAbkv,BBbdk,CCbmy,DDgsv,EElqv,957
AAhky,BBjls,CCbqz,DDgsv,EEpwy,94
AAbkv,BBjls,CCbqz,DDgsv,EEpwy,102
AAhky,BBlrw,CCbqz,DDgsv,EEpwy,583
AAbkv,BBlrw,CCbqz,DDgsv,EEpwy,693
AAhky,BBbdk,CCbqz,DDgsv,EEpwy,253
AAbkv,BBbdk,CCbqz,DDgsv,EEpwy,954
AAhky,BBjls,CCmtv,DDgsv,EEpwy,488
AAbkv,BBjls,CCmtv,DDgsv,EEpwy,906
AAhky,BBlrw,CCmtv,DDgsv,EEpwy,612
AAbkv,BBlrw,CCmtv,DDgsv,EEpwy,948
AAhky,BBbdk,CCmtv,DDgsv,EEpwy,985
AAbkv,BBbdk,CCmtv,DDgsv,EEpwy,89
AAhky,BBjls,CCbdl,DDgsv,EEpwy,758
AAbkv,BBjls,CCbdl,DDgsv,EEpwy,683
AAhky,BBlrw,CCbdl,DDgsv,EEpwy,142
AAbkv,BBlrw,CCbdl,DDgsv,EEpwy,936
AAhky,BBbdk,CCbdl,DDgsv,EEpwy,974
AAbkv,BBbdk,CCbdl,DDgsv,EEpwy,366
AAhky,BBjls,CCbmy,DDgsv,EEpwy,218
AAbkv,BBjls,CCbmy,DDgsv,EEpwy,380
AAhky,BBlrw,CCbmy,DDgsv,EEpwy,172
AAbkv,BBlrw,CCbmy,DDgsv,EEpwy,503
AAhky,BBbdk,CCbmy,DDgsv,EEpwy,314
AAbkv,BBbdk,CCbmy,DDgsv,EEpwy,58
AAhky,BBjls,CCbqz,DDlvx,EEfgp,431
AAbkv,BBjls,CCbqz,DDlvx,EEfgp,513
AAhky,BBlrw,CCbqz,DDlvx,EEfgp,887
AAbkv,BBlrw,CCbqz,DDlvx,EEfgp,797
AAhky,BBbdk,CCbqz,DDlvx,EEfgp,861
AAbkv,BBbdk,CCbqz,DDlvx,EEfgp,237
AAhky,BBjls,CCmtv,DDlvx,EEfgp,850
AAbkv,BBjls,CCmtv,DDlvx,EEfgp,77
AAhky,BBlrw,CCmtv,DDlvx,EEfgp,64
AAbkv,BBlrw,CCmtv,DDlvx,EEfgp,580
AAhky,BBbdk,CCmtv,DDlvx,EEfgp,216
AAbkv,BBbdk,CCmtv,DDlvx,EEfgp,126
AAhky,BBjls,CCbdl,DDlvx,EEfgp,424
AAbkv,BBjls,CCbdl,DDlvx,EEfgp,434
AAhky,BBlrw,CCbdl,DDlvx,EEfgp,491
AAbkv,BBlrw,CCbdl,DDlvx,EEfgp,55
AAhky,BBbdk,CCbdl,DDlvx,EEfgp,321
AAbkv,BBbdk,CCbdl,DDlvx,EEfgp,744
AAhky,BBjls,CCbmy,DDlvx,EEfgp,978
AAbkv,BBjls,CCbmy,DDlvx,EEfgp,938
AAhky,BBlrw,CCbmy,DDlvx,EEfgp,664
AAbkv,BBlrw,CCbmy,DDlvx,EEfgp,628
AAhky,BBbdk,CCbmy,DDlvx,EEfgp,448
AAbkv,BBbdk,CCbmy,DDlvx,EEfgp,527
AAhky,BBjls,CCbqz,DDlvx,EEhnr,549
AAbkv,BBjls,CCbqz,DDlvx,EEhnr,569
AAhky,BBlrw,CCbqz,DDlvx,EEhnr,272
AAbkv,BBlrw,CCbqz,DDlvx,EEhnr,538
AAhky,BBbdk,CCbqz,DDlvx,EEhnr,430
AAbkv,BBbdk,CCbqz,DDlvx,EEhnr,86
AAhky,BBjls,CCmtv,DDlvx,EEhnr,158
AAbkv,BBjls,CCmtv,DDlvx,EEhnr,741
AAhky,BBlrw,CCmtv,DDlvx,EEhnr,770
AAbkv,BBlrw,CCmtv,DDlvx,EEhnr,322
AAhky,BBbdk,CCmtv,DDlvx,EEhnr,239
AAbkv,BBbdk,CCmtv,DDlvx,EEhnr,464
AAhky,BBjls,CCbdl,DDlvx,EEhnr,288
AAbkv,BBjls,CCbdl,DDlvx,EEhnr,411
AAhky,BBlrw,CCbdl,DDlvx,EEhnr,160
AAbkv,BBlrw,CCbdl,DDlvx,EEhnr,910
AAhky,BBbdk,CCbdl,DDlvx,EEhnr,920
AAbkv,BBbdk,CCbdl,DDlvx,EEhnr,298
AAhky,BBjls,CCbmy,DDlvx,EEhnr,69
AAbkv,BBjls,CCbmy,DDlvx,EEhnr,36
AAhky,BBlrw,CCbmy,DDlvx,EEhnr,386
AAbkv,BBlrw,CCbmy,DDlvx,EEhnr,851
AAhky,BBbdk,CCbmy,DDlvx,EEhnr,715
AAbkv,BBbdk,CCbmy,DDlvx,EEhnr,59
AAhky,BBjls,CCbqz,DDqtx,EEhsy,924
AAbkv,BBjls,CCbqz,DDqtx,EEhsy,179
AAhky,BBlrw,CCbqz,DDqtx,EEhsy,414
AAbkv,BBlrw,CCbqz,DDqtx,EEhsy,143
AAhky,BBbdk,CCbqz,DDqtx,EEhsy,928
AAbkv,BBbdk,CCbqz,DDqtx,EEhsy,742
AAhky,BBjls,CCmtv,DDqtx,EEhsy,1000
AAbkv,BBjls,CCmtv,DDqtx,EEhsy,245
AAhky,BBlrw,CCmtv,DDqtx,EEhsy,390
AAbkv,BBlrw,CCmtv,DDqtx,EEhsy,293
AAhky,BBbdk,CCmtv,DDqtx,EEhsy,712
AAbkv,BBbdk,CCmtv,DDqtx,EEhsy,423
AAhky,BBjls,CCbdl,DDqtx,EEhsy,11
AAbkv,BBjls,CCbdl,DDqtx,EEhsy,152
AAhky,BBlrw,CCbdl,DDqtx,EEhsy,504
AAbkv,BBlrw,CCbdl,DDqtx,EEhsy,597
AAhky,BBbdk,CCbdl,DDqtx,EEhsy,611
AAbkv,BBbdk,CCbdl,DDqtx,EEhsy,553
AAhky,BBjls,CCbmy,DDqtx,EEhsy,234
AAbkv,BBjls,CCbmy,DDqtx,EEhsy,923
AAhky,BBlrw,CCbmy,DDqtx,EEhsy,52
AAbkv,BBlrw,CCbmy,DDqtx,EEhsy,487
AAhky,BBbdk,CCbmy,DDqtx,EEhsy,398
AAbkv,BBbdk,CCbmy,DDqtx,EEhsy,921
AAhky,BBjls,CCbqz,DDqtx,EEfjz,794
AAbkv,BBjls,CCbqz,DDqtx,EEfjz,291
AAhky,BBlrw,CCbqz,DDqtx,EEfjz,110
AAbkv,BBlrw,CCbqz,DDqtx,EEfjz,369
AAhky,BBbdk,CCbqz,DDqtx,EEfjz,574
AAbkv,BBbdk,CCbqz,DDqtx,EEfjz,963
AAhky,BBjls,CCmtv,DDqtx,EEfjz,804
AAbkv,BBjls,CCmtv,DDqtx,EEfjz,608
AAhky,BBlrw,CCmtv,DDqtx,EEfjz,222
AAbkv,BBlrw,CCmtv,DDqtx,EEfjz,915
AAhky,BBbdk,CCmtv,DDqtx,EEfjz,678
AAbkv,BBbdk,CCmtv,DDqtx,EEfjz,827
AAhky,BBjls,CCbdl,DDqtx,EEfjz,522
AAbkv,BBjls,CCbdl,DDqtx,EEfjz,694
AAhky,BBlrw,CCbdl,DDqtx,EEfjz,208
AAbkv,BBlrw,CCbdl,DDqtx,EEfjz,391
AAhky,BBbdk,CCbdl,DDqtx,EEfjz,898
AAbkv,BBbdk,CCbdl,DDqtx,EEfjz,474
AAhky,BBjls,CCbmy,DDqtx,EEfjz,763
AAbkv,BBjls,CCbmy,DDqtx,EEfjz,624
AAhky,BBlrw,CCbmy,DDqtx,EEfjz,90
AAbkv,BBlrw,CCbmy,DDqtx,EEfjz,576
AAhky,BBbdk,CCbmy,DDqtx,EEfjz,40
AAbkv,BBbdk,CCbmy,DDqtx,EEfjz,34

