Import-Export,Year,Quarter,Category,Item,Value
Import_Export,Year,Quarter,Category,Item,Value
Import,2019,Q1,Cereals,Seeds,194
Export,2019,Q1,Cereals,Seeds,651
Import,2020,Q1,Cereals,Seeds,173
Export,2020,Q1,Cereals,Seeds,372
Import,2021,Q1,Cereals,Seeds,117
Export,2021,Q1,Cereals,Seeds,596
Import,2019,Q2,Cereals,Seeds,154
Export,2019,Q2,Cereals,Seeds,306
Import,2020,Q2,Cereals,Seeds,784
Export,2020,Q2,Cereals,Seeds,391
Import,2021,Q2,Cereals,Seeds,927
Export,2021,Q2,Cereals,Seeds,763
Import,2019,Q3,Cereals,Seeds,681
Export,2019,Q3,Cereals,Seeds,368
Import,2020,Q3,Cereals,Seeds,414
Export,2020,Q3,Cereals,Seeds,971
Import,2021,Q3,Cereals,Seeds,185
Export,2021,Q3,Cereals,Seeds,293
Import,2019,Q4,Cereals,Seeds,273
Export,2019,Q4,Cereals,Seeds,206
Import,2020,Q4,Cereals,Seeds,198
Export,2020,Q4,Cereals,Seeds,541
Import,2021,Q4,Cereals,Seeds,387
Export,2021,Q4,Cereals,Seeds,41
Import,2019,Q1,Cereals,Wheat,512
Export,2019,Q1,Cereals,Wheat,12
Import,2020,Q1,Cereals,Wheat,514
Export,2020,Q1,Cereals,Wheat,522
Import,2021,Q1,Cereals,Wheat,603
Export,2021,Q1,Cereals,Wheat,200
Import,2019,Q2,Cereals,Wheat,381
Export,2019,Q2,Cereals,Wheat,212
Import,2020,Q2,Cereals,Wheat,631
Export,2020,Q2,Cereals,Wheat,636
Import,2021,Q2,Cereals,Wheat,480
Export,2021,Q2,Cereals,Wheat,708
Import,2019,Q3,Cereals,Wheat,850
Export,2019,Q3,Cereals,Wheat,726
Import,2020,Q3,Cereals,Wheat,845
Export,2020,Q3,Cereals,Wheat,644
Import,2021,Q3,Cereals,Wheat,513
Export,2021,Q3,Cereals,Wheat,868
Import,2019,Q4,Cereals,Wheat,496
Export,2019,Q4,Cereals,Wheat,152
Import,2020,Q4,Cereals,Wheat,68
Export,2020,Q4,Cereals,Wheat,661
Import,2021,Q4,Cereals,Wheat,614
Export,2021,Q4,Cereals,Wheat,533
Import,2019,Q1,Cereals,Soybeans,395
Export,2019,Q1,Cereals,Soybeans,987
Import,2020,Q1,Cereals,Soybeans,359
Export,2020,Q1,Cereals,Soybeans,787
Import,2021,Q1,Cereals,Soybeans,348
Export,2021,Q1,Cereals,Soybeans,45
Import,2019,Q2,Cereals,Soybeans,826
Export,2019,Q2,Cereals,Soybeans,968
Import,2020,Q2,Cereals,Soybeans,788
Export,2020,Q2,Cereals,Soybeans,818
Import,2021,Q2,Cereals,Soybeans,695
Export,2021,Q2,Cereals,Soybeans,339
Import,2019,Q3,Cereals,Soybeans,945
Export,2019,Q3,Cereals,Soybeans,996
Import,2020,Q3,Cereals,Soybeans,803
Export,2020,Q3,Cereals,Soybeans,840
Import,2021,Q3,Cereals,Soybeans,849
Export,2021,Q3,Cereals,Soybeans,470
Import,2019,Q4,Cereals,Soybeans,408
Export,2019,Q4,Cereals,Soybeans,350
Import,2020,Q4,Cereals,Soybeans,689
Export,2020,Q4,Cereals,Soybeans,574
Import,2021,Q4,Cereals,Soybeans,329
Export,2021,Q4,Cereals,Soybeans,565
Import,2019,Q1,Dairy,Cream,318
Export,2019,Q1,Dairy,Cream,852
Import,2020,Q1,Dairy,Cream,386
Export,2020,Q1,Dairy,Cream,686
Import,2021,Q1,Dairy,Cream,19
Export,2021,Q1,Dairy,Cream,193
Import,2019,Q2,Dairy,Cream,792
Export,2019,Q2,Dairy,Cream,724
Import,2020,Q2,Dairy,Cream,401
Export,2020,Q2,Dairy,Cream,905
Import,2021,Q2,Dairy,Cream,672
Export,2021,Q2,Dairy,Cream,30
Import,2019,Q3,Dairy,Cream,158
Export,2019,Q3,Dairy,Cream,731
Import,2020,Q3,Dairy,Cream,687
Export,2020,Q3,Dairy,Cream,688
Import,2021,Q3,Dairy,Cream,916
Export,2021,Q3,Dairy,Cream,954
Import,2019,Q4,Dairy,Cream,970
Export,2019,Q4,Dairy,Cream,624
Import,2020,Q4,Dairy,Cream,969
Export,2020,Q4,Dairy,Cream,301
Import,2021,Q4,Dairy,Cream,305
Export,2021,Q4,Dairy,Cream,742
Import,2019,Q1,Dairy,Cheese,781
Export,2019,Q1,Dairy,Cheese,353
Import,2020,Q1,Dairy,Cheese,169
Export,2020,Q1,Dairy,Cheese,675
Import,2021,Q1,Dairy,Cheese,767
Export,2021,Q1,Dairy,Cheese,430
Import,2019,Q2,Dairy,Cheese,525
Export,2019,Q2,Dairy,Cheese,892
Import,2020,Q2,Dairy,Cheese,207
Export,2020,Q2,Dairy,Cheese,926
Import,2021,Q2,Dairy,Cheese,601
Export,2021,Q2,Dairy,Cheese,280
Import,2019,Q3,Dairy,Cheese,484
Export,2019,Q3,Dairy,Cheese,148
Import,2020,Q3,Dairy,Cheese,775
Export,2020,Q3,Dairy,Cheese,769
Import,2021,Q3,Dairy,Cheese,861
Export,2021,Q3,Dairy,Cheese,881
Import,2019,Q4,Dairy,Cheese,933
Export,2019,Q4,Dairy,Cheese,282
Import,2020,Q4,Dairy,Cheese,428
Export,2020,Q4,Dairy,Cheese,474
Import,2021,Q4,Dairy,Cheese,131
Export,2021,Q4,Dairy,Cheese,172
Import,2019,Q1,Dairy,Yoghurt,379
Export,2019,Q1,Dairy,Yoghurt,959
Import,2020,Q1,Dairy,Yoghurt,63
Export,2020,Q1,Dairy,Yoghurt,126
Import,2021,Q1,Dairy,Yoghurt,567
Export,2021,Q1,Dairy,Yoghurt,658
Import,2019,Q2,Dairy,Yoghurt,839
Export,2019,Q2,Dairy,Yoghurt,630
Import,2020,Q2,Dairy,Yoghurt,770
Export,2020,Q2,Dairy,Yoghurt,168
Import,2021,Q2,Dairy,Yoghurt,407
Export,2021,Q2,Dairy,Yoghurt,111
Import,2019,Q3,Dairy,Yoghurt,367
Export,2019,Q3,Dairy,Yoghurt,488
Import,2020,Q3,Dairy,Yoghurt,40
Export,2020,Q3,Dairy,Yoghurt,978
Import,2021,Q3,Dairy,Yoghurt,759
Export,2021,Q3,Dairy,Yoghurt,241
Import,2019,Q4,Dairy,Yoghurt,583
Export,2019,Q4,Dairy,Yoghurt,398
Import,2020,Q4,Dairy,Yoghurt,591
Export,2020,Q4,Dairy,Yoghurt,360
Import,2021,Q4,Dairy,Yoghurt,153
Export,2021,Q4,Dairy,Yoghurt,160
Import,2019,Q1,Beverage,Tea,121
Export,2019,Q1,Beverage,Tea,475
Import,2020,Q1,Beverage,Tea,211
Export,2020,Q1,Beverage,Tea,735
Import,2021,Q1,Beverage,Tea,750
Export,2021,Q1,Beverage,Tea,690
Import,2019,Q2,Beverage,Tea,418
Export,2019,Q2,Beverage,Tea,570
Import,2020,Q2,Beverage,Tea,82
Export,2020,Q2,Beverage,Tea,563
Import,2021,Q2,Beverage,Tea,269
Export,2021,Q2,Beverage,Tea,453
Import,2019,Q3,Beverage,Tea,425
Export,2019,Q3,Beverage,Tea,106
Import,2020,Q3,Beverage,Tea,883
Export,2020,Q3,Beverage,Tea,504
Import,2021,Q3,Beverage,Tea,885
Export,2021,Q3,Beverage,Tea,629
Import,2019,Q4,Beverage,Tea,607
Export,2019,Q4,Beverage,Tea,693
Import,2020,Q4,Beverage,Tea,587
Export,2020,Q4,Beverage,Tea,573
Import,2021,Q4,Beverage,Tea,164
Export,2021,Q4,Beverage,Tea,961
Import,2019,Q1,Beverage,Soda,880
Export,2019,Q1,Beverage,Soda,941
Import,2020,Q1,Beverage,Soda,678
Export,2020,Q1,Beverage,Soda,535
Import,2021,Q1,Beverage,Soda,972
Export,2021,Q1,Beverage,Soda,448
Import,2019,Q2,Beverage,Soda,119
Export,2019,Q2,Beverage,Soda,218
Import,2020,Q2,Beverage,Soda,178
Export,2020,Q2,Beverage,Soda,957
Import,2021,Q2,Beverage,Soda,61
Export,2021,Q2,Beverage,Soda,161
Import,2019,Q3,Beverage,Soda,413
Export,2019,Q3,Beverage,Soda,981
Import,2020,Q3,Beverage,Soda,646
Export,2020,Q3,Beverage,Soda,125
Import,2021,Q3,Beverage,Soda,431
Export,2021,Q3,Beverage,Soda,544
Import,2019,Q4,Beverage,Soda,674
Export,2019,Q4,Beverage,Soda,577
Import,2020,Q4,Beverage,Soda,66
Export,2020,Q4,Beverage,Soda,744
Import,2021,Q4,Beverage,Soda,477
Export,2021,Q4,Beverage,Soda,922
