{
"filename": "Food_import-export_in_tons_set147_3_DB.csv",
"questions": [{"name": "template 1",
 "sql": "SELECT Value FROM DBdata WHERE ((AA = 'AAtwx' AND BB = 'BBbch' AND CC = 'CCgkq')) AND ((DD = 'DDctz' AND EE = 'EEmpx'))",
 "sqlResult": "{441}",
 "nlq": "What is the amount of AAtwx of EEmpx in CCgkq of BBbch?"},
{"name": "template 2",
 "sql": "SELECT Value FROM DBdata WHERE ((AA = 'AAtwx' AND BB = 'BBbch' AND CC = 'CCjtw')) AND ((DD = 'DDmrz' AND EE = 'EEgkw') OR (DD = 'DDctz' AND EE = 'EEmpx') OR (DD = 'DDkvy' AND EE = 'EEgjp') OR (DD = 'DDkvy' AND EE = 'EEmrv'))",
 "sqlResult": "{740} || {772} || {128} || {974}",
 "nlq": "What is the amount of AAtwx of EEmrv, EEgjp, EEmpx, or EEgkw in CCjtw of BBbch?"},
{"name": "template 3",
 "sql": "SELECT Value FROM DBdata WHERE ((AA = 'AAdgm' AND BB = 'BBbch' AND CC = 'CCjmq') OR (AA = 'AAdgm' AND BB = 'BBtwy' AND CC = 'CCjtw') OR (AA = 'AAtwx' AND BB = 'BBbch' AND CC = 'CCjtw') OR (AA = 'AAtwx' AND BB = 'BBtwy' AND CC = 'CCfxz') OR (AA = 'AAdgm' AND BB = 'BBtwy' AND CC = 'CCgkq')) AND ((DD = 'DDkvy' AND EE = 'EEgjp'))",
 "sqlResult": "{159} || {551} || {128} || {494} || {576}",
 "nlq": "What is the amount of AAdgm of EEgjp in CCjmq of BBbch or CCjtw or CCgkq of BBtwy or of AAtwx of EEgjp in CCjtw of BBbch or CCfxz of BBtwy?"},
{"name": "template 4",
 "sql": "SELECT min(Value),sum(Value) FROM DBdata WHERE ((AA = 'AAtwx' AND BB = 'BBtwy' AND CC = 'CCjmq') OR (AA = 'AAdgm' AND BB = 'BBtwy' AND CC = 'CCjmq') OR (AA = 'AAdgm' AND BB = 'BBbch' AND CC = 'CCjmq') OR (AA = 'AAtwx' AND BB = 'BBtwy' AND CC = 'CCjtw') OR (AA = 'AAtwx' AND BB = 'BBbch' AND CC = 'CCjtw') OR (AA = 'AAdgm' AND BB = 'BBbch' AND CC = 'CCjtw') OR (AA = 'AAdgm' AND BB = 'BBtwy' AND CC = 'CCfxz') OR (AA = 'AAtwx' AND BB = 'BBbch' AND CC = 'CCfxz') OR (AA = 'AAtwx' AND BB = 'BBbch' AND CC = 'CCgkq') OR (AA = 'AAdgm' AND BB = 'BBbch' AND CC = 'CCgkq')) AND ((DD = 'DDkvy' AND EE = 'EEbnw'))",
 "sqlResult": "{64 | 4208}",
 "nlq": "What are the minimum and total amounts of AAdgm of EEbnw in CCjmq, CCjtw, or CCgkq of BBbch or CCfxz of BBtwy, of AAtwx of EEbnw in CCjtw of BBtwy or BBbch or CCfxz or CCgkq of BBbch, or of AAdgm or AAtwx of EEbnw in CCjmq of BBtwy?"},
{"name": "template 6",
 "sql": "SELECT Value FROM DBdata WHERE ((AA = 'AAdgm' AND BB = 'BBtwy' AND CC = 'CCjmq') OR (AA = 'AAdgm' AND BB = 'BBbch' AND CC = 'CCjtw') OR (AA = 'AAtwx' AND BB = 'BBbch' AND CC = 'CCgkq')) AND ((DD = 'DDmrz' AND EE = 'EEgkw') OR (DD = 'DDctz' AND EE = 'EEmpx') OR (DD = 'DDctz' AND EE = 'EEdfk') OR (DD = 'DDkvy' AND EE = 'EEbnw'))",
 "sqlResult": "{273} || {176} || {905} || {243} || {369} || {441} || {647} || {291} || {809} || {317} || {185} || {709}",
 "nlq": "What is the amount of AAdgm of EEbnw, EEmpx, EEgkw, or EEdfk in CCjmq of BBtwy or CCjtw of BBbch or of AAtwx of EEbnw, EEmpx, EEgkw, or EEdfk in CCgkq of BBbch?"},
{"name": "template 7",
 "sql": "SELECT sum(Value),avg(Value) FROM DBdata WHERE ((AA = 'AAtwx' AND BB = 'BBbch' AND CC = 'CCgkq')) AND ((DD = 'DDmrz' AND EE = 'EEgkw') OR (DD = 'DDkvy' AND EE = 'EEgjp'))",
 "sqlResult": "{1235 | 617.5}",
 "nlq": "What are the total and average amounts of AAtwx of EEgjp or EEgkw in CCgkq of BBbch?"},
{"name": "template 8",
 "sql": "SELECT AA,BB,CC,min(Value),sum(Value) FROM DBdata WHERE ((AA = 'AAtwx' AND BB = 'BBbch' AND CC = 'CCjmq') OR (AA = 'AAdgm' AND BB = 'BBbch' AND CC = 'CCjtw') OR (AA = 'AAtwx' AND BB = 'BBtwy' AND CC = 'CCfxz') OR (AA = 'AAdgm' AND BB = 'BBtwy' AND CC = 'CCfxz') OR (AA = 'AAtwx' AND BB = 'BBbch' AND CC = 'CCgkq')) AND ((DD = 'DDctz' AND EE = 'EEdfk') OR (DD = 'DDkvy' AND EE = 'EEgjp')) GROUP BY AA,BB,CC",
 "sqlResult": "{AAdgm | BBtwy | CCfxz | 429 | 1014} || {AAdgm | BBbch | CCjtw | 291 | 678} || {AAtwx | BBtwy | CCfxz | 494 | 1300} || {AAtwx | BBbch | CCjmq | 15 | 679} || {AAtwx | BBbch | CCgkq | 330 | 1139}",
 "nlq": "What are the minimum and total amounts for each AAtwx-AAdgm, BB, and CC, of AAtwx of EEgjp or EEdfk in CCjmq or CCgkq of BBbch, of AAdgm of EEgjp or EEdfk in CCjtw of BBbch, or of AAdgm or AAtwx of EEgjp or EEdfk in CCfxz of BBtwy? Please, report the corresponding AAtwx-AAdgm, BB, and CC."},
{"name": "template 9",
 "sql": "SELECT min(Value) FROM DBdata WHERE ((AA = 'AAtwx' AND BB = 'BBtwy' AND CC = 'CCfxz')) AND (DD IN ('DDmrz','DDctz','DDkvy')) GROUP BY DD",
 "sqlResult": "{32} || {63} || {386}",
 "nlq": "What is the minimum amount for each DD, of AAtwx of DDctz, DDkvy, or DDmrz in CCfxz of BBtwy?"},
{"name": "template 10",
 "sql": "SELECT DD,min(Value) FROM DBdata WHERE ((AA = 'AAtwx' AND BB = 'BBbch' AND CC = 'CCjtw')) AND (DD IN ('DDmrz','DDctz','DDkvy')) GROUP BY DD",
 "sqlResult": "{DDctz | 707} || {DDkvy | 128} || {DDmrz | 542}",
 "nlq": "What is the minimum amount for each DD, of AAtwx of DDctz, DDkvy, or DDmrz in CCjtw of BBbch? Please, report the corresponding DD."},
{"name": "template 11",
 "sql": "SELECT DD,AA,BB,CC,min(Value) FROM DBdata WHERE ((AA = 'AAdgm' AND BB = 'BBbch' AND CC = 'CCjmq') OR (AA = 'AAtwx' AND BB = 'BBbch' AND CC = 'CCjtw') OR (AA = 'AAdgm' AND BB = 'BBbch' AND CC = 'CCgkq')) AND (DD IN ('DDmrz','DDctz','DDkvy')) GROUP BY DD,AA,BB,CC",
 "sqlResult": "{DDctz | AAdgm | BBbch | CCjmq | 85} || {DDctz | AAdgm | BBbch | CCgkq | 557} || {DDctz | AAtwx | BBbch | CCjtw | 707} || {DDkvy | AAdgm | BBbch | CCjmq | 159} || {DDkvy | AAdgm | BBbch | CCgkq | 326} || {DDkvy | AAtwx | BBbch | CCjtw | 128} || {DDmrz | AAdgm | BBbch | CCjmq | 111} || {DDmrz | AAdgm | BBbch | CCgkq | 216} || {DDmrz | AAtwx | BBbch | CCjtw | 542}",
 "nlq": "What is the minimum amount for each DD, AAtwx-AAdgm, BB, and CC, of AAdgm of DDctz, DDkvy, or DDmrz in CCjmq or CCgkq of BBbch or of AAtwx of DDctz, DDkvy, or DDmrz in CCjtw of BBbch? Please, report the corresponding DD, AAtwx-AAdgm, BB, and CC."},
{"name": "template 12",
 "sql": "SELECT Value FROM DBdata WHERE ((AA = 'AAtwx' AND BB = 'BBbch' AND CC = 'CCgkq')) AND (DD IN ('DDmrz','DDkvy')) ORDER BY VALUE ASC LIMIT 2",
 "sqlResult": "{59} || {330}",
 "nlq": "What are the bottom 2 amounts of AAtwx of DDkvy or DDmrz in CCgkq of BBbch?"},
{"name": "template 13",
 "sql": "SELECT Value FROM DBdata WHERE ((AA = 'AAtwx' AND BB = 'BBtwy' AND CC = 'CCgkq')) AND (DD IN ('DDctz','DDkvy')) ORDER BY VALUE ASC",
 "sqlResult": "{460} || {805} || {862} || {922} || {998}",
 "nlq": "What are the amounts ordered by increasing values of AAtwx of DDctz or DDkvy in CCgkq of BBtwy?"},
{"name": "template 14",
 "sql": "SELECT DD,EE FROM DBdata WHERE ((AA = 'AAdgm' AND BB = 'BBbch' AND CC = 'CCjtw')) AND Value > 492.38",
 "sqlResult": "{DDmrz | EElrx} || {DDmrz | EEmxy}",
 "nlq": "What are the DD and EE for which the amount of AAdgm in CCjtw of BBbch is greater than 492.38?"},
{"name": "template 15",
 "sql": "SELECT DD,EE,Value FROM DBdata WHERE ((AA = 'AAdgm' AND BB = 'BBtwy' AND CC = 'CCjmq')) AND (DD,EE) IN (SELECT DD,EE FROM DBdata WHERE ((AA = 'AAdgm' AND BB = 'BBbch' AND CC = 'CCjtw')) AND Value > 492.38)",
 "sqlResult": "{DDmrz | EElrx | 534} || {DDmrz | EEmxy | 850}",
 "nlq": "What is the amount of AAdgm in CCjmq of BBtwy of DD and of EE for which the amount of AAdgm in CCjtw of BBbch is greater than 492.38? Please, report the corresponding DD, EE, and amount of import-export."}]
}

