AAfjy-AAlmv,BB,CC,DD,EE,Value
AA,BB,CC,DD,EE,Value
AAfjy,BBhky,CCjrs,DDnqy,EEfkw,602
AAlmv,BBhky,CCjrs,DDnqy,EEfkw,667
AAfjy,BBbhq,CCjrs,DDnqy,EEfkw,356
AAlmv,BBbhq,CCjrs,DDnqy,EEfkw,840
AAfjy,BBhky,CCqtx,DDnqy,EEfkw,534
AAlmv,BBhky,CCqtx,DDnqy,EEfkw,890
AAfjy,BBbhq,CCqtx,DDnqy,EEfkw,568
AAlmv,BBbhq,CCqtx,DDnqy,EEfkw,722
AAfjy,BBhky,CCdqw,DDnqy,EEfkw,441
AAlmv,BBhky,CCdqw,DDnqy,EEfkw,610
AAfjy,BBbhq,CCdqw,DDnqy,EEfkw,359
AAlmv,BBbhq,CCdqw,DDnqy,EEfkw,649
AAfjy,BBhky,CCfpr,DDnqy,EEfkw,194
AAlmv,BBhky,CCfpr,DDnqy,EEfkw,82
AAfjy,BBbhq,CCfpr,DDnqy,EEfkw,296
AAlmv,BBbhq,CCfpr,DDnqy,EEfkw,258
AAfjy,BBhky,CCjrs,DDnqy,EEnpt,748
AAlmv,BBhky,CCjrs,DDnqy,EEnpt,726
AAfjy,BBbhq,CCjrs,DDnqy,EEnpt,896
AAlmv,BBbhq,CCjrs,DDnqy,EEnpt,130
AAfjy,BBhky,CCqtx,DDnqy,EEnpt,279
AAlmv,BBhky,CCqtx,DDnqy,EEnpt,87
AAfjy,BBbhq,CCqtx,DDnqy,EEnpt,955
AAlmv,BBbhq,CCqtx,DDnqy,EEnpt,274
AAfjy,BBhky,CCdqw,DDnqy,EEnpt,547
AAlmv,BBhky,CCdqw,DDnqy,EEnpt,471
AAfjy,BBbhq,CCdqw,DDnqy,EEnpt,175
AAlmv,BBbhq,CCdqw,DDnqy,EEnpt,725
AAfjy,BBhky,CCfpr,DDnqy,EEnpt,65
AAlmv,BBhky,CCfpr,DDnqy,EEnpt,842
AAfjy,BBbhq,CCfpr,DDnqy,EEnpt,878
AAlmv,BBbhq,CCfpr,DDnqy,EEnpt,946
AAfjy,BBhky,CCjrs,DDgtv,EEcqt,969
AAlmv,BBhky,CCjrs,DDgtv,EEcqt,346
AAfjy,BBbhq,CCjrs,DDgtv,EEcqt,710
AAlmv,BBbhq,CCjrs,DDgtv,EEcqt,440
AAfjy,BBhky,CCqtx,DDgtv,EEcqt,280
AAlmv,BBhky,CCqtx,DDgtv,EEcqt,536
AAfjy,BBbhq,CCqtx,DDgtv,EEcqt,27
AAlmv,BBbhq,CCqtx,DDgtv,EEcqt,252
AAfjy,BBhky,CCdqw,DDgtv,EEcqt,744
AAlmv,BBhky,CCdqw,DDgtv,EEcqt,940
AAfjy,BBbhq,CCdqw,DDgtv,EEcqt,384
AAlmv,BBbhq,CCdqw,DDgtv,EEcqt,505
AAfjy,BBhky,CCfpr,DDgtv,EEcqt,883
AAlmv,BBhky,CCfpr,DDgtv,EEcqt,904
AAfjy,BBbhq,CCfpr,DDgtv,EEcqt,706
AAlmv,BBbhq,CCfpr,DDgtv,EEcqt,949
AAfjy,BBhky,CCjrs,DDgtv,EEchl,187
AAlmv,BBhky,CCjrs,DDgtv,EEchl,975
AAfjy,BBbhq,CCjrs,DDgtv,EEchl,92
AAlmv,BBbhq,CCjrs,DDgtv,EEchl,879
AAfjy,BBhky,CCqtx,DDgtv,EEchl,133
AAlmv,BBhky,CCqtx,DDgtv,EEchl,278
AAfjy,BBbhq,CCqtx,DDgtv,EEchl,788
AAlmv,BBbhq,CCqtx,DDgtv,EEchl,452
AAfjy,BBhky,CCdqw,DDgtv,EEchl,481
AAlmv,BBhky,CCdqw,DDgtv,EEchl,956
AAfjy,BBbhq,CCdqw,DDgtv,EEchl,566
AAlmv,BBbhq,CCdqw,DDgtv,EEchl,664
AAfjy,BBhky,CCfpr,DDgtv,EEchl,331
AAlmv,BBhky,CCfpr,DDgtv,EEchl,111
AAfjy,BBbhq,CCfpr,DDgtv,EEchl,860
AAlmv,BBbhq,CCfpr,DDgtv,EEchl,865

