Import-Export,Year,Quarter,Category,Item,Value
Import_Export,Year,Quarter,Category,Item,Value
Import,2017,Q1,Meat,Duck,822
Export,2017,Q1,Meat,Duck,601
Import,2018,Q1,Meat,Duck,492
Export,2018,Q1,Meat,Duck,174
Import,2017,Q2,Meat,Duck,365
Export,2017,Q2,Meat,Duck,751
Import,2018,Q2,Meat,Duck,646
Export,2018,Q2,Meat,Duck,558
Import,2017,Q3,Meat,Duck,953
Export,2017,Q3,Meat,Duck,58
Import,2018,Q3,Meat,Duck,187
Export,2018,Q3,Meat,Duck,104
Import,2017,Q4,Meat,Duck,733
Export,2017,Q4,Meat,Duck,966
Import,2018,Q4,Meat,Duck,792
Export,2018,Q4,Meat,Duck,245
Import,2017,Q1,Meat,Lamb,719
Export,2017,Q1,Meat,Lamb,959
Import,2018,Q1,Meat,Lamb,218
Export,2018,Q1,Meat,Lamb,693
Import,2017,Q2,Meat,Lamb,579
Export,2017,Q2,Meat,Lamb,602
Import,2018,Q2,Meat,Lamb,64
Export,2018,Q2,Meat,Lamb,273
Import,2017,Q3,Meat,Lamb,763
Export,2017,Q3,Meat,Lamb,92
Import,2018,Q3,Meat,Lamb,961
Export,2018,Q3,Meat,Lamb,17
Import,2017,Q4,Meat,Lamb,510
Export,2017,Q4,Meat,Lamb,199
Import,2018,Q4,Meat,Lamb,395
Export,2018,Q4,Meat,Lamb,233
Import,2017,Q1,Cereals,Oats,88
Export,2017,Q1,Cereals,Oats,202
Import,2018,Q1,Cereals,Oats,563
Export,2018,Q1,Cereals,Oats,704
Import,2017,Q2,Cereals,Oats,839
Export,2017,Q2,Cereals,Oats,889
Import,2018,Q2,Cereals,Oats,410
Export,2018,Q2,Cereals,Oats,443
Import,2017,Q3,Cereals,Oats,373
Export,2017,Q3,Cereals,Oats,921
Import,2018,Q3,Cereals,Oats,729
Export,2018,Q3,Cereals,Oats,13
Import,2017,Q4,Cereals,Oats,283
Export,2017,Q4,Cereals,Oats,427
Import,2018,Q4,Cereals,Oats,951
Export,2018,Q4,Cereals,Oats,695
Import,2017,Q1,Cereals,Rice,594
Export,2017,Q1,Cereals,Rice,637
Import,2018,Q1,Cereals,Rice,68
Export,2018,Q1,Cereals,Rice,477
Import,2017,Q2,Cereals,Rice,816
Export,2017,Q2,Cereals,Rice,870
Import,2018,Q2,Cereals,Rice,978
Export,2018,Q2,Cereals,Rice,69
Import,2017,Q3,Cereals,Rice,265
Export,2017,Q3,Cereals,Rice,537
Import,2018,Q3,Cereals,Rice,71
Export,2018,Q3,Cereals,Rice,348
Import,2017,Q4,Cereals,Rice,163
Export,2017,Q4,Cereals,Rice,739
Import,2018,Q4,Cereals,Rice,526
Export,2018,Q4,Cereals,Rice,806
Import,2017,Q1,Cereals,Seeds,549
Export,2017,Q1,Cereals,Seeds,87
Import,2018,Q1,Cereals,Seeds,416
Export,2018,Q1,Cereals,Seeds,54
Import,2017,Q2,Cereals,Seeds,387
Export,2017,Q2,Cereals,Seeds,59
Import,2018,Q2,Cereals,Seeds,189
Export,2018,Q2,Cereals,Seeds,181
Import,2017,Q3,Cereals,Seeds,755
Export,2017,Q3,Cereals,Seeds,406
Import,2018,Q3,Cereals,Seeds,984
Export,2018,Q3,Cereals,Seeds,340
Import,2017,Q4,Cereals,Seeds,657
Export,2017,Q4,Cereals,Seeds,383
Import,2018,Q4,Cereals,Seeds,97
Export,2018,Q4,Cereals,Seeds,470
