{
"filename": "Food_import-export_in_tons_set138_2_DB.csv",
"questions": [{"name": "template 1",
 "sql": "SELECT Value FROM DBdata WHERE ((AA = 'AAbz' AND BB = 'BBqv')) AND ((CC = 'CCvz' AND DD = 'DDhr'))",
 "sqlResult": "{14}",
 "nlq": "What is the amount of AAbz of DDhr in BBqv?"},
{"name": "template 2",
 "sql": "SELECT Value FROM DBdata WHERE ((AA = 'AAbz' AND BB = 'BBqv')) AND ((CC = 'CChp' AND DD = 'DDjm') OR (CC = 'CChp' AND DD = 'DDfn') OR (CC = 'CCvz' AND DD = 'DDmq') OR (CC = 'CCvz' AND DD = 'DDhr') OR (CC = 'CCvz' AND DD = 'DDtz'))",
 "sqlResult": "{601} || {607} || {496} || {14} || {195}",
 "nlq": "What is the amount of AAbz of DDjm, DDfn, DDmq, DDtz, or DDhr in BBqv?"},
{"name": "template 3",
 "sql": "SELECT Value FROM DBdata WHERE ((AA = 'AAcv' AND BB = 'BBqv') OR (AA = 'AAcv' AND BB = 'BBjt') OR (AA = 'AAbz' AND BB = 'BBjt') OR (AA = 'AAcv' AND BB = 'BBkq') OR (AA = 'AAbz' AND BB = 'BBkq')) AND ((CC = 'CCvz' AND DD = 'DDhr'))",
 "sqlResult": "{103} || {828} || {33} || {872} || {304}",
 "nlq": "What is the amount of AAcv of DDhr in BBqv, BBjt, or BBkq or of AAbz of DDhr in BBjt or BBkq?"},
{"name": "template 4",
 "sql": "SELECT min(Value),sum(Value) FROM DBdata WHERE ((AA = 'AAbz' AND BB = 'BBqv') OR (AA = 'AAcv' AND BB = 'BBjt') OR (AA = 'AAbz' AND BB = 'BBjt')) AND ((CC = 'CChp' AND DD = 'DDjm'))",
 "sqlResult": "{601 | 2094}",
 "nlq": "What are the minimum and total amounts of AAbz of DDjm in BBqv or BBjt or of AAcv of DDjm in BBjt?"},
{"name": "template 5",
 "sql": "SELECT avg(Value) FROM DBdata WHERE AA = 'AAcv' AND (BB IN ('BBqv','BBjt','BBkq')) AND ((CC = 'CCvz' AND DD = 'DDhr'))",
 "sqlResult": "{601}",
 "nlq": "What is the average amount of AAcv of DDhr in BBqv, BBjt, or BBkq?"},
{"name": "template 6",
 "sql": "SELECT Value FROM DBdata WHERE ((AA = 'AAcv' AND BB = 'BBqv') OR (AA = 'AAcv' AND BB = 'BBjt') OR (AA = 'AAbz' AND BB = 'BBjt') OR (AA = 'AAcv' AND BB = 'BBkq')) AND ((CC = 'CChp' AND DD = 'DDjm') OR (CC = 'CCvz' AND DD = 'DDhr') OR (CC = 'CCvz' AND DD = 'DDtz'))",
 "sqlResult": "{906} || {808} || {685} || {996} || {103} || {828} || {33} || {872} || {243} || {394} || {946} || {798}",
 "nlq": "What is the amount of AAcv of DDjm, DDtz, or DDhr in BBqv, BBjt, or BBkq or of AAbz of DDjm, DDtz, or DDhr in BBjt?"},
{"name": "template 7",
 "sql": "SELECT min(Value),max(Value) FROM DBdata WHERE ((AA = 'AAcv' AND BB = 'BBqv')) AND ((CC = 'CChp' AND DD = 'DDjm') OR (CC = 'CChp' AND DD = 'DDfn') OR (CC = 'CCvz' AND DD = 'DDhr'))",
 "sqlResult": "{103 | 906}",
 "nlq": "What are the minimum and maximum amounts of AAcv of DDjm, DDfn, or DDhr in BBqv?"},
{"name": "template 8",
 "sql": "SELECT AA,BB,min(Value),max(Value) FROM DBdata WHERE ((AA = 'AAcv' AND BB = 'BBqv') OR (AA = 'AAcv' AND BB = 'BBjt') OR (AA = 'AAbz' AND BB = 'BBjt') OR (AA = 'AAcv' AND BB = 'BBkq')) AND ((CC = 'CCvz' AND DD = 'DDhr') OR (CC = 'CCvz' AND DD = 'DDtz')) GROUP BY AA,BB",
 "sqlResult": "{AAbz | BBjt | 33 | 946} || {AAcv | BBqv | 103 | 243} || {AAcv | BBjt | 394 | 828} || {AAcv | BBkq | 798 | 872}",
 "nlq": "What are the minimum and maximum amounts for each AAcv-AAbz and BB, of AAcv of DDtz or DDhr in BBqv, BBjt, or BBkq or of AAbz of DDtz or DDhr in BBjt? Please, report the corresponding AAcv-AAbz and BB."},
{"name": "template 9",
 "sql": "SELECT min(Value) FROM DBdata WHERE ((AA = 'AAcv' AND BB = 'BBkq')) AND (CC IN ('CChp','CCvz')) GROUP BY CC",
 "sqlResult": "{217} || {242}",
 "nlq": "What is the minimum amount for each CC, of AAcv of CCvz or CChp in BBkq?"},
{"name": "template 10",
 "sql": "SELECT CC,min(Value) FROM DBdata WHERE ((AA = 'AAbz' AND BB = 'BBqv')) AND (CC IN ('CChp','CCvz')) GROUP BY CC",
 "sqlResult": "{CCvz | 14} || {CChp | 601}",
 "nlq": "What is the minimum amount for each CC, of AAbz of CCvz or CChp in BBqv? Please, report the corresponding CC."},
{"name": "template 11",
 "sql": "SELECT CC,AA,BB,avg(Value) FROM DBdata WHERE ((AA = 'AAcv' AND BB = 'BBjt') OR (AA = 'AAcv' AND BB = 'BBkq')) AND (CC IN ('CChp','CCvz')) GROUP BY CC,AA,BB",
 "sqlResult": "{CCvz | AAcv | BBjt | 468} || {CCvz | AAcv | BBkq | 629} || {CChp | AAcv | BBjt | 607.5} || {CChp | AAcv | BBkq | 619}",
 "nlq": "What is the average amount for each CC, AAcv-AAbz, and BB, of AAcv of CCvz or CChp in BBjt or BBkq? Please, report the corresponding CC, AAcv-AAbz, and BB."},
{"name": "template 12",
 "sql": "SELECT Value FROM DBdata WHERE ((AA = 'AAbz' AND BB = 'BBjt')) AND (CC IN ('CChp','CCvz')) ORDER BY VALUE DESC LIMIT 2",
 "sqlResult": "{947} || {946}",
 "nlq": "What are the top 2 amounts of AAbz of CCvz or CChp in BBjt?"},
{"name": "template 13",
 "sql": "SELECT Value FROM DBdata WHERE ((AA = 'AAbz' AND BB = 'BBkq')) AND (CC IN ('CChp','CCvz')) ORDER BY VALUE DESC",
 "sqlResult": "{659} || {452} || {371} || {304} || {96}",
 "nlq": "What are the amounts ordered by decreasing values of AAbz of CCvz or CChp in BBkq?"},
{"name": "template 14",
 "sql": "SELECT CC,DD FROM DBdata WHERE ((AA = 'AAcv' AND BB = 'BBqv')) AND Value > 490.83",
 "sqlResult": "{CChp | DDjm}",
 "nlq": "What are the CC and DD for which the amount of AAcv in BBqv is greater than 490.83?"},
{"name": "template 15",
 "sql": "SELECT CC,DD,Value FROM DBdata WHERE ((AA = 'AAbz' AND BB = 'BBkq')) AND (CC,DD) IN (SELECT CC,DD FROM DBdata WHERE ((AA = 'AAcv' AND BB = 'BBqv')) AND Value > 490.83)",
 "sqlResult": "{CChp | DDjm | 659}",
 "nlq": "What is the amount of AAbz in BBkq of CC and of DD for which the amount of AAcv in BBqv is greater than 490.83? Please, report the corresponding CC, DD, and amount of import-export."}]
}

