{
"filename": "Food_import-export_in_tons_set146_2_DB.csv",
"questions": [{"name": "template 1",
 "sql": "SELECT Value FROM DBdata WHERE ((Quarter = 'Q3' AND Import_Export = 'Export' AND Year = '2015')) AND ((Category = 'Meat' AND Item = 'Camel'))",
 "sqlResult": "{440}",
 "nlq": "What is the amount of Export of Camel in Q3 of 2015?"},
{"name": "template 2",
 "sql": "SELECT Value FROM DBdata WHERE ((Quarter = 'Q2' AND Import_Export = 'Import' AND Year = '2016')) AND ((Category = 'Meat' AND Item = 'Pork') OR (Category = 'Meat' AND Item = 'Camel') OR (Category = 'Meat' AND Item = 'Duck') OR (Category = 'Cereals' AND Item = 'Oats') OR (Category = 'Cereals' AND Item = 'Rice') OR (Category = 'Cereals' AND Item = 'Seeds'))",
 "sqlResult": "{707} || {759} || {402} || {822} || {493} || {621}",
 "nlq": "What is the amount of Import of Camel, Duck, Oats, Pork, Rice, or Seeds in Q2 of 2016?"},
{"name": "template 3",
 "sql": "SELECT Value FROM DBdata WHERE ((Quarter = 'Q1' AND Import_Export = 'Export' AND Year = '2015') OR (Quarter = 'Q1' AND Import_Export = 'Import' AND Year = '2016') OR (Quarter = 'Q1' AND Import_Export = 'Import' AND Year = '2017') OR (Quarter = 'Q3' AND Import_Export = 'Import' AND Year = '2015') OR (Quarter = 'Q3' AND Import_Export = 'Export' AND Year = '2017') OR (Quarter = 'Q4' AND Import_Export = 'Import' AND Year = '2015') OR (Quarter = 'Q4' AND Import_Export = 'Import' AND Year = '2016') OR (Quarter = 'Q4' AND Import_Export = 'Import' AND Year = '2017')) AND ((Category = 'Cereals' AND Item = 'Rice'))",
 "sqlResult": "{157} || {952} || {290} || {398} || {488} || {998} || {339} || {569}",
 "nlq": "What is the amount of Export of Rice in Q1 of 2015 or Q3 of 2017 or of Import of Rice in Q1 or Q4 of 2016 or 2017 or Q3 or Q4 of 2015?"},
{"name": "template 4",
 "sql": "SELECT min(Value),sum(Value) FROM DBdata WHERE ((Quarter = 'Q1' AND Import_Export = 'Import' AND Year = '2015') OR (Quarter = 'Q1' AND Import_Export = 'Export' AND Year = '2016') OR (Quarter = 'Q1' AND Import_Export = 'Import' AND Year = '2017') OR (Quarter = 'Q2' AND Import_Export = 'Export' AND Year = '2015') OR (Quarter = 'Q2' AND Import_Export = 'Import' AND Year = '2017') OR (Quarter = 'Q3' AND Import_Export = 'Export' AND Year = '2016') OR (Quarter = 'Q3' AND Import_Export = 'Import' AND Year = '2017') OR (Quarter = 'Q4' AND Import_Export = 'Export' AND Year = '2017')) AND ((Category = 'Meat' AND Item = 'Pork'))",
 "sqlResult": "{112 | 3980}",
 "nlq": "What are the minimum and total amounts of Import of Pork in Q1 of 2015 or 2017 or Q2 or Q3 of 2017 or of Export of Pork in Q1 or Q3 of 2016 or Q2 of 2015 or Q4 of 2017?"},
{"name": "template 6",
 "sql": "SELECT Value FROM DBdata WHERE ((Quarter = 'Q1' AND Import_Export = 'Import' AND Year = '2016') OR (Quarter = 'Q2' AND Import_Export = 'Import' AND Year = '2015')) AND ((Category = 'Meat' AND Item = 'Pork') OR (Category = 'Meat' AND Item = 'Duck') OR (Category = 'Cereals' AND Item = 'Rice'))",
 "sqlResult": "{533} || {602} || {927} || {899} || {952} || {59}",
 "nlq": "What is the amount of Import of Duck, Pork, or Rice in Q1 of 2016 or Q2 of 2015?"},
{"name": "template 7",
 "sql": "SELECT min(Value),avg(Value) FROM DBdata WHERE ((Quarter = 'Q2' AND Import_Export = 'Import' AND Year = '2015')) AND ((Category = 'Meat' AND Item = 'Pork') OR (Category = 'Meat' AND Item = 'Camel') OR (Category = 'Cereals' AND Item = 'Rice') OR (Category = 'Cereals' AND Item = 'Seeds'))",
 "sqlResult": "{59 | 426.25}",
 "nlq": "What are the minimum and average amounts of Import of Camel, Pork, Rice, or Seeds in Q2 of 2015?"},
{"name": "template 8",
 "sql": "SELECT Quarter,Import_Export,Year,min(Value),sum(Value) FROM DBdata WHERE ((Quarter = 'Q1' AND Import_Export = 'Export' AND Year = '2016') OR (Quarter = 'Q1' AND Import_Export = 'Import' AND Year = '2017') OR (Quarter = 'Q4' AND Import_Export = 'Export' AND Year = '2015') OR (Quarter = 'Q4' AND Import_Export = 'Import' AND Year = '2017')) AND ((Category = 'Cereals' AND Item = 'Oats') OR (Category = 'Cereals' AND Item = 'Rice') OR (Category = 'Cereals' AND Item = 'Seeds')) GROUP BY Quarter,Import_Export,Year",
 "sqlResult": "{Q1 | Export | 2016 | 184 | 1350} || {Q1 | Import | 2017 | 290 | 1903} || {Q4 | Export | 2015 | 773 | 2473} || {Q4 | Import | 2017 | 561 | 1755}",
 "nlq": "What are the minimum and total amounts for each Quarter, Import-Export, and Year, of Export of Oats, Rice, or Seeds in Q1 of 2016 or Q4 of 2015 or of Import of Oats, Rice, or Seeds in Q1 or Q4 of 2017? Please, report the corresponding Quarter, Import-Export, and Year."},
{"name": "template 9",
 "sql": "SELECT min(Value) FROM DBdata WHERE ((Quarter = 'Q4' AND Import_Export = 'Import' AND Year = '2015')) AND (Category IN ('Meat','Cereals')) GROUP BY Category",
 "sqlResult": "{323} || {97}",
 "nlq": "What is the minimum amount for each Category, of Import of Cereals or Meat in Q4 of 2015?"},
{"name": "template 10",
 "sql": "SELECT Category,sum(Value) FROM DBdata WHERE ((Quarter = 'Q4' AND Import_Export = 'Export' AND Year = '2017')) AND (Category IN ('Meat','Cereals')) GROUP BY Category",
 "sqlResult": "{Cereals | 1502} || {Meat | 1041}",
 "nlq": "What is the total amount for each Category, of Export of Cereals or Meat in Q4 of 2017? Please, report the corresponding Category."},
{"name": "template 11",
 "sql": "SELECT Category,Quarter,Import_Export,Year,max(Value) FROM DBdata WHERE ((Quarter = 'Q2' AND Import_Export = 'Import' AND Year = '2016') OR (Quarter = 'Q3' AND Import_Export = 'Import' AND Year = '2015') OR (Quarter = 'Q3' AND Import_Export = 'Import' AND Year = '2017')) AND (Category IN ('Meat','Cereals')) GROUP BY Category,Quarter,Import_Export,Year",
 "sqlResult": "{Cereals | Q2 | Import | 2016 | 822} || {Cereals | Q3 | Import | 2015 | 489} || {Cereals | Q3 | Import | 2017 | 910} || {Meat | Q2 | Import | 2016 | 759} || {Meat | Q3 | Import | 2015 | 867} || {Meat | Q3 | Import | 2017 | 945}",
 "nlq": "What is the maximum amount for each Category, Quarter, Import-Export, and Year, of Import of Cereals or Meat in Q2 of 2016 or Q3 of 2015 or 2017? Please, report the corresponding Category, Quarter, Import-Export, and Year."},
{"name": "template 12",
 "sql": "SELECT Value FROM DBdata WHERE ((Quarter = 'Q3' AND Import_Export = 'Export' AND Year = '2016')) AND (Category IN ('Meat','Cereals')) ORDER BY VALUE ASC LIMIT 2",
 "sqlResult": "{247} || {335}",
 "nlq": "What are the bottom 2 amounts of Export of Cereals or Meat in Q3 of 2016?"},
{"name": "template 13",
 "sql": "SELECT Value FROM DBdata WHERE ((Quarter = 'Q2' AND Import_Export = 'Import' AND Year = '2017')) AND (Category IN ('Meat','Cereals')) ORDER BY VALUE ASC",
 "sqlResult": "{377} || {466} || {652} || {682} || {722} || {802}",
 "nlq": "What are the amounts ordered by increasing values of Import of Cereals or Meat in Q2 of 2017?"},
{"name": "template 14",
 "sql": "SELECT Category,Item FROM DBdata WHERE ((Quarter = 'Q4' AND Import_Export = 'Import' AND Year = '2016')) AND Value < 529.83",
 "sqlResult": "{Meat | Pork} || {Meat | Camel} || {Cereals | Oats} || {Cereals | Rice}",
 "nlq": "What are the Category and Item for which the amount of Import in Q4 of 2016 is lower than 529.83?"},
{"name": "template 15",
 "sql": "SELECT Category,Item,Value FROM DBdata WHERE ((Quarter = 'Q4' AND Import_Export = 'Export' AND Year = '2015')) AND (Category,Item) IN (SELECT Category,Item FROM DBdata WHERE ((Quarter = 'Q4' AND Import_Export = 'Import' AND Year = '2016')) AND Value < 529.83)",
 "sqlResult": "{Meat | Pork | 28} || {Meat | Camel | 99} || {Cereals | Oats | 896} || {Cereals | Rice | 804}",
 "nlq": "What is the amount of Export in Q4 of 2015 of Category and of Item for which the amount of Import in Q4 of 2016 is lower than 529.83? Please, report the corresponding Category, Item, and amount of import-export."}]
}
