{
"filename": "Food_import-export_in_tons_set149_3_DB.csv",
"questions": [{"name": "template 1",
 "sql": "SELECT Value FROM DBdata WHERE ((AA = 'AAdvw' AND BB = 'BBbdm' AND CC = 'CCqty')) AND ((DD = 'DDdvy' AND EE = 'EEgkr'))",
 "sqlResult": "{991}",
 "nlq": "What is the amount of AAdvw of EEgkr in CCqty of BBbdm?"},
{"name": "template 2",
 "sql": "SELECT Value FROM DBdata WHERE ((AA = 'AAlpq' AND BB = 'BBbtx' AND CC = 'CCqty')) AND ((DD = 'DDctx' AND EE = 'EEgny') OR (DD = 'DDctx' AND EE = 'EEbgr') OR (DD = 'DDdvy' AND EE = 'EEbrx') OR (DD = 'DDdtw' AND EE = 'EEdqz'))",
 "sqlResult": "{488} || {123} || {642} || {543}",
 "nlq": "What is the amount of AAlpq of EEbrx, EEgny, EEbgr, or EEdqz in CCqty of BBbtx?"},
{"name": "template 3",
 "sql": "SELECT Value FROM DBdata WHERE ((AA = 'AAlpq' AND BB = 'BBbtx' AND CC = 'CCqty') OR (AA = 'AAdvw' AND BB = 'BBbdm' AND CC = 'CCqty') OR (AA = 'AAdvw' AND BB = 'BBbtx' AND CC = 'CCjpt') OR (AA = 'AAlpq' AND BB = 'BBbdm' AND CC = 'CCjpt') OR (AA = 'AAdvw' AND BB = 'BBbdm' AND CC = 'CCjkq')) AND ((DD = 'DDdvy' AND EE = 'EEbrx'))",
 "sqlResult": "{642} || {43} || {775} || {921} || {152}",
 "nlq": "What is the amount of AAlpq of EEbrx in CCqty of BBbtx or CCjpt of BBbdm or of AAdvw of EEbrx in CCqty or CCjkq of BBbdm or CCjpt of BBbtx?"},
{"name": "template 4",
 "sql": "SELECT min(Value),sum(Value) FROM DBdata WHERE ((AA = 'AAdvw' AND BB = 'BBbtx' AND CC = 'CCjpt') OR (AA = 'AAlpq' AND BB = 'BBbtx' AND CC = 'CCgty')) AND ((DD = 'DDdvy' AND EE = 'EEgkr'))",
 "sqlResult": "{60 | 518}",
 "nlq": "What are the minimum and total amounts of AAdvw of EEgkr in CCjpt of BBbtx or of AAlpq of EEgkr in CCgty of BBbtx?"},
{"name": "template 6",
 "sql": "SELECT Value FROM DBdata WHERE ((AA = 'AAdvw' AND BB = 'BBbtx' AND CC = 'CCqty') OR (AA = 'AAlpq' AND BB = 'BBbtx' AND CC = 'CCjpt') OR (AA = 'AAdvw' AND BB = 'BBbtx' AND CC = 'CCgty') OR (AA = 'AAdvw' AND BB = 'BBbdm' AND CC = 'CCjkq')) AND ((DD = 'DDctx' AND EE = 'EEgny') OR (DD = 'DDctx' AND EE = 'EEbgr') OR (DD = 'DDdvy' AND EE = 'EEgkr') OR (DD = 'DDdvy' AND EE = 'EEbrx'))",
 "sqlResult": "{444} || {42} || {391} || {293} || {616} || {523} || {277} || {969} || {92} || {220} || {156} || {468} || {825} || {279} || {309} || {152}",
 "nlq": "What is the amount of AAdvw of EEbrx, EEgny, EEgkr, or EEbgr in CCqty or CCgty of BBbtx or CCjkq of BBbdm or of AAlpq of EEbrx, EEgny, EEgkr, or EEbgr in CCjpt of BBbtx?"},
{"name": "template 7",
 "sql": "SELECT min(Value),max(Value) FROM DBdata WHERE ((AA = 'AAdvw' AND BB = 'BBbtx' AND CC = 'CCqty')) AND ((DD = 'DDctx' AND EE = 'EEbgr') OR (DD = 'DDdvy' AND EE = 'EEgkr') OR (DD = 'DDdtw' AND EE = 'EEcdv') OR (DD = 'DDdtw' AND EE = 'EEdqz'))",
 "sqlResult": "{92 | 616}",
 "nlq": "What are the minimum and maximum amounts of AAdvw of EEcdv, EEgkr, EEbgr, or EEdqz in CCqty of BBbtx?"},
{"name": "template 8",
 "sql": "SELECT AA,BB,CC,max(Value),min(Value) FROM DBdata WHERE ((AA = 'AAdvw' AND BB = 'BBbdm' AND CC = 'CCqty') OR (AA = 'AAlpq' AND BB = 'BBbtx' AND CC = 'CCjpt') OR (AA = 'AAlpq' AND BB = 'BBbtx' AND CC = 'CCgty') OR (AA = 'AAdvw' AND BB = 'BBbtx' AND CC = 'CCjkq') OR (AA = 'AAdvw' AND BB = 'BBbdm' AND CC = 'CCjkq')) AND ((DD = 'DDctx' AND EE = 'EEgny') OR (DD = 'DDdvy' AND EE = 'EEbrx') OR (DD = 'DDdtw' AND EE = 'EEdqz')) GROUP BY AA,BB,CC",
 "sqlResult": "{AAlpq | BBbtx | CCjpt | 686 | 42} || {AAlpq | BBbtx | CCgty | 957 | 559} || {AAdvw | BBbtx | CCjkq | 626 | 130} || {AAdvw | BBbdm | CCqty | 950 | 43} || {AAdvw | BBbdm | CCjkq | 293 | 152}",
 "nlq": "What are the maximum and minimum amounts for each AAdvw-AAlpq, BB, and CC, of AAdvw of EEbrx, EEgny, or EEdqz in CCqty or CCjkq of BBbdm or CCjkq of BBbtx or of AAlpq of EEbrx, EEgny, or EEdqz in CCjpt or CCgty of BBbtx? Please, report the corresponding AAdvw-AAlpq, BB, and CC."},
{"name": "template 9",
 "sql": "SELECT min(Value) FROM DBdata WHERE ((AA = 'AAdvw' AND BB = 'BBbtx' AND CC = 'CCqty')) AND (DD IN ('DDctx','DDdvy','DDdtw')) GROUP BY DD",
 "sqlResult": "{131} || {444} || {92}",
 "nlq": "What is the minimum amount for each DD, of AAdvw of DDdtw, DDctx, or DDdvy in CCqty of BBbtx?"},
{"name": "template 10",
 "sql": "SELECT DD,min(Value) FROM DBdata WHERE ((AA = 'AAdvw' AND BB = 'BBbdm' AND CC = 'CCjkq')) AND (DD IN ('DDctx','DDdvy','DDdtw')) GROUP BY DD",
 "sqlResult": "{DDdtw | 206} || {DDctx | 293} || {DDdvy | 152}",
 "nlq": "What is the minimum amount for each DD, of AAdvw of DDdtw, DDctx, or DDdvy in CCjkq of BBbdm? Please, report the corresponding DD."},
{"name": "template 11",
 "sql": "SELECT DD,AA,BB,CC,max(Value) FROM DBdata WHERE ((AA = 'AAdvw' AND BB = 'BBbtx' AND CC = 'CCgty') OR (AA = 'AAlpq' AND BB = 'BBbtx' AND CC = 'CCjkq')) AND (DD IN ('DDctx','DDdvy','DDdtw')) GROUP BY DD,AA,BB,CC",
 "sqlResult": "{DDdtw | AAlpq | BBbtx | CCjkq | 953} || {DDdtw | AAdvw | BBbtx | CCgty | 832} || {DDctx | AAlpq | BBbtx | CCjkq | 658} || {DDctx | AAdvw | BBbtx | CCgty | 391} || {DDdvy | AAlpq | BBbtx | CCjkq | 867} || {DDdvy | AAdvw | BBbtx | CCgty | 309}",
 "nlq": "What is the maximum amount for each DD, AAdvw-AAlpq, BB, and CC, of AAdvw of DDdtw, DDctx, or DDdvy in CCgty of BBbtx or of AAlpq of DDdtw, DDctx, or DDdvy in CCjkq of BBbtx? Please, report the corresponding DD, AAdvw-AAlpq, BB, and CC."},
{"name": "template 12",
 "sql": "SELECT Value FROM DBdata WHERE ((AA = 'AAdvw' AND BB = 'BBbdm' AND CC = 'CCjpt')) AND (DD IN ('DDctx','DDdvy')) ORDER BY VALUE ASC LIMIT 3",
 "sqlResult": "{142} || {365} || {670}",
 "nlq": "What are the bottom 3 amounts of AAdvw of DDctx or DDdvy in CCjpt of BBbdm?"},
{"name": "template 13",
 "sql": "SELECT Value FROM DBdata WHERE ((AA = 'AAdvw' AND BB = 'BBbdm' AND CC = 'CCjkq')) AND (DD IN ('DDdvy','DDdtw')) ORDER BY VALUE DESC",
 "sqlResult": "{785} || {560} || {468} || {206} || {152}",
 "nlq": "What are the amounts ordered by decreasing values of AAdvw of DDdtw or DDdvy in CCjkq of BBbdm?"},
{"name": "template 14",
 "sql": "SELECT DD,EE FROM DBdata WHERE ((AA = 'AAlpq' AND BB = 'BBbdm' AND CC = 'CCgty')) AND Value < 517.21",
 "sqlResult": "{DDctx | EEbgr} || {DDdvy | EEgkr} || {DDdvy | EEbrx}",
 "nlq": "What are the DD and EE for which the amount of AAlpq in CCgty of BBbdm is lower than 517.21?"},
{"name": "template 15",
 "sql": "SELECT DD,EE,Value FROM DBdata WHERE ((AA = 'AAdvw' AND BB = 'BBbdm' AND CC = 'CCjkq')) AND (DD,EE) IN (SELECT DD,EE FROM DBdata WHERE ((AA = 'AAlpq' AND BB = 'BBbdm' AND CC = 'CCgty')) AND Value < 517.21)",
 "sqlResult": "{DDctx | EEbgr | 969} || {DDdvy | EEgkr | 468} || {DDdvy | EEbrx | 152}",
 "nlq": "What is the amount of AAdvw in CCjkq of BBbdm of DD and of EE for which the amount of AAlpq in CCgty of BBbdm is lower than 517.21? Please, report the corresponding DD, EE, and amount of import-export."}]
}

