{
"filename": "Food_import-export_in_tons_set145_3_DB.csv",
"questions": [{"name": "template 1",
 "sql": "SELECT Value FROM DBdata WHERE ((Import_Export = 'Export' AND Year = '2018' AND Quarter = 'Q3')) AND ((Category = 'Beverage' AND Item = 'Soda'))",
 "sqlResult": "{175}",
 "nlq": "What is the amount of Export of Soda in Q3 of 2018?"},
{"name": "template 2",
 "sql": "SELECT Value FROM DBdata WHERE ((Import_Export = 'Import' AND Year = '2019' AND Quarter = 'Q1')) AND ((Category = 'Cereals' AND Item = 'Wheat') OR (Category = 'Cereals' AND Item = 'Soybeans') OR (Category = 'Dairy' AND Item = 'Butter') OR (Category = 'Dairy' AND Item = 'Cream') OR (Category = 'Beverage' AND Item = 'Tea'))",
 "sqlResult": "{74} || {843} || {773} || {683} || {247}",
 "nlq": "What is the amount of Import of Butter, Cream, Soybeans, Tea, or Wheat in Q1 of 2019?"},
{"name": "template 3",
 "sql": "SELECT Value FROM DBdata WHERE ((Import_Export = 'Export' AND Year = '2019' AND Quarter = 'Q1') OR (Import_Export = 'Export' AND Year = '2018' AND Quarter = 'Q2') OR (Import_Export = 'Import' AND Year = '2019' AND Quarter = 'Q2') OR (Import_Export = 'Import' AND Year = '2019' AND Quarter = 'Q3') OR (Import_Export = 'Import' AND Year = '2019' AND Quarter = 'Q4')) AND ((Category = 'Cereals' AND Item = 'Soybeans'))",
 "sqlResult": "{523} || {246} || {876} || {543} || {618}",
 "nlq": "What is the amount of Export of Soybeans in Q1 of 2019 or Q2 of 2018 or of Import of Soybeans in Q2, Q3, or Q4 of 2019?"},
{"name": "template 4",
 "sql": "SELECT max(Value),sum(Value) FROM DBdata WHERE ((Import_Export = 'Export' AND Year = '2018' AND Quarter = 'Q1') OR (Import_Export = 'Export' AND Year = '2019' AND Quarter = 'Q1') OR (Import_Export = 'Import' AND Year = '2018' AND Quarter = 'Q2') OR (Import_Export = 'Import' AND Year = '2019' AND Quarter = 'Q2') OR (Import_Export = 'Export' AND Year = '2019' AND Quarter = 'Q2') OR (Import_Export = 'Import' AND Year = '2018' AND Quarter = 'Q3') OR (Import_Export = 'Export' AND Year = '2018' AND Quarter = 'Q3') OR (Import_Export = 'Export' AND Year = '2019' AND Quarter = 'Q3') OR (Import_Export = 'Import' AND Year = '2018' AND Quarter = 'Q4') OR (Import_Export = 'Export' AND Year = '2019' AND Quarter = 'Q4')) AND ((Category = 'Dairy' AND Item = 'Cheese'))",
 "sqlResult": "{934 | 5695}",
 "nlq": "What are the maximum and total amounts of Export of Cheese in Q1 or Q3 of 2018 or Q1, Q2, Q3, or Q4 of 2019 or of Import of Cheese in Q2 of 2019 or Q2, Q3, or Q4 of 2018?"},
{"name": "template 6",
 "sql": "SELECT Value FROM DBdata WHERE ((Import_Export = 'Export' AND Year = '2018' AND Quarter = 'Q1') OR (Import_Export = 'Import' AND Year = '2019' AND Quarter = 'Q1')) AND ((Category = 'Cereals' AND Item = 'Wheat') OR (Category = 'Dairy' AND Item = 'Cream') OR (Category = 'Beverage' AND Item = 'Tea'))",
 "sqlResult": "{734} || {74} || {317} || {683} || {136} || {247}",
 "nlq": "What is the amount of Export of Cream, Tea, or Wheat in Q1 of 2018 or of Import of Cream, Tea, or Wheat in Q1 of 2019?"},
{"name": "template 7",
 "sql": "SELECT sum(Value),min(Value) FROM DBdata WHERE ((Import_Export = 'Import' AND Year = '2019' AND Quarter = 'Q2')) AND ((Category = 'Cereals' AND Item = 'Wheat') OR (Category = 'Beverage' AND Item = 'Soda'))",
 "sqlResult": "{48 | 14}",
 "nlq": "What are the total and minimum amounts of Import of Soda or Wheat in Q2 of 2019?"},
{"name": "template 8",
 "sql": "SELECT Import_Export,Year,Quarter,sum(Value),avg(Value) FROM DBdata WHERE ((Import_Export = 'Export' AND Year = '2019' AND Quarter = 'Q2') OR (Import_Export = 'Import' AND Year = '2018' AND Quarter = 'Q3') OR (Import_Export = 'Import' AND Year = '2019' AND Quarter = 'Q3') OR (Import_Export = 'Import' AND Year = '2018' AND Quarter = 'Q4') OR (Import_Export = 'Export' AND Year = '2019' AND Quarter = 'Q4')) AND ((Category = 'Dairy' AND Item = 'Cream') OR (Category = 'Dairy' AND Item = 'Cheese')) GROUP BY Import_Export,Year,Quarter",
 "sqlResult": "{Export | 2019 | Q2 | 1425 | 712.5} || {Export | 2019 | Q4 | 1009 | 504.5} || {Import | 2018 | Q3 | 795 | 397.5} || {Import | 2018 | Q4 | 1596 | 798} || {Import | 2019 | Q3 | 1040 | 520}",
 "nlq": "What are the total and average amounts for each Import-Export, Year, and Quarter, of Import of Cheese or Cream in Q3 of 2019 or Q3 or Q4 of 2018 or of Export of Cheese or Cream in Q2 or Q4 of 2019? Please, report the corresponding Import-Export, Year, and Quarter."},
{"name": "template 9",
 "sql": "SELECT min(Value) FROM DBdata WHERE ((Import_Export = 'Import' AND Year = '2019' AND Quarter = 'Q3')) AND (Category IN ('Cereals','Dairy','Beverage')) GROUP BY Category",
 "sqlResult": "{174} || {543} || {316}",
 "nlq": "What is the minimum amount for each Category, of Import of Beverage, Cereals, or Dairy in Q3 of 2019?"},
{"name": "template 10",
 "sql": "SELECT Category,sum(Value) FROM DBdata WHERE ((Import_Export = 'Import' AND Year = '2018' AND Quarter = 'Q1')) AND (Category IN ('Cereals','Dairy','Beverage')) GROUP BY Category",
 "sqlResult": "{Beverage | 816} || {Cereals | 1247} || {Dairy | 730}",
 "nlq": "What is the total amount for each Category, of Import of Beverage, Cereals, or Dairy in Q1 of 2018? Please, report the corresponding Category."},
{"name": "template 11",
 "sql": "SELECT Category,Import_Export,Year,Quarter,avg(Value) FROM DBdata WHERE ((Import_Export = 'Export' AND Year = '2019' AND Quarter = 'Q1') OR (Import_Export = 'Export' AND Year = '2019' AND Quarter = 'Q3') OR (Import_Export = 'Export' AND Year = '2019' AND Quarter = 'Q4')) AND (Category IN ('Cereals','Dairy','Beverage')) GROUP BY Category,Import_Export,Year,Quarter",
 "sqlResult": "{Beverage | Export | 2019 | Q1 | 190.5} || {Beverage | Export | 2019 | Q3 | 926.5} || {Beverage | Export | 2019 | Q4 | 383.5} || {Cereals | Export | 2019 | Q1 | 272} || {Cereals | Export | 2019 | Q3 | 804.5} || {Cereals | Export | 2019 | Q4 | 321.5} || {Dairy | Export | 2019 | Q1 | 459.33} || {Dairy | Export | 2019 | Q3 | 129.67} || {Dairy | Export | 2019 | Q4 | 363.33}",
 "nlq": "What is the average amount for each Category, Import-Export, Year, and Quarter, of Export of Beverage, Cereals, or Dairy in Q1, Q3, or Q4 of 2019? Please, report the corresponding Category, Import-Export, Year, and Quarter."},
{"name": "template 12",
 "sql": "SELECT Value FROM DBdata WHERE ((Import_Export = 'Import' AND Year = '2019' AND Quarter = 'Q3')) AND (Category IN ('Cereals','Beverage')) ORDER BY VALUE ASC LIMIT 3",
 "sqlResult": "{174} || {543} || {722}",
 "nlq": "What are the bottom 3 amounts of Import of Beverage or Cereals in Q3 of 2019?"},
{"name": "template 13",
 "sql": "SELECT Value FROM DBdata WHERE ((Import_Export = 'Export' AND Year = '2018' AND Quarter = 'Q1')) AND (Category IN ('Cereals','Dairy')) ORDER BY VALUE DESC",
 "sqlResult": "{986} || {734} || {458} || {455} || {317}",
 "nlq": "What are the amounts ordered by decreasing values of Export of Cereals or Dairy in Q1 of 2018?"},
{"name": "template 14",
 "sql": "SELECT Category,Item FROM DBdata WHERE ((Import_Export = 'Import' AND Year = '2018' AND Quarter = 'Q4')) AND Value > 461.26",
 "sqlResult": "{Cereals | Wheat} || {Dairy | Cream} || {Dairy | Cheese} || {Beverage | Tea}",
 "nlq": "What are the Category and Item for which the amount of Import in Q4 of 2018 is greater than 461.26?"},
{"name": "template 15",
 "sql": "SELECT Category,Item,Value FROM DBdata WHERE ((Import_Export = 'Import' AND Year = '2019' AND Quarter = 'Q1')) AND (Category,Item) IN (SELECT Category,Item FROM DBdata WHERE ((Import_Export = 'Import' AND Year = '2018' AND Quarter = 'Q4')) AND Value > 461.26)",
 "sqlResult": "{Cereals | Wheat | 74} || {Dairy | Cream | 683} || {Dairy | Cheese | 603} || {Beverage | Tea | 247}",
 "nlq": "What is the amount of Import in Q1 of 2019 of Category and of Item for which the amount of Import in Q4 of 2018 is greater than 461.26? Please, report the corresponding Category, Item, and amount of import-export."}]
}
