{
"filename": "Food_import-export_in_tons_set136_1_DB.csv",
"questions": [{"name": "template 1",
 "sql": "SELECT Value FROM DBdata WHERE ((Year = '2021' AND Import_Export = 'Import')) AND ((Category = 'Beverage' AND Item = 'Tea'))",
 "sqlResult": "{18}",
 "nlq": "What is the amount of Import of Tea in 2021?"},
{"name": "template 2",
 "sql": "SELECT Value FROM DBdata WHERE ((Year = '2020' AND Import_Export = 'Export')) AND ((Category = 'Cereals' AND Item = 'Seeds') OR (Category = 'Cereals' AND Item = 'Wheat') OR (Category = 'Cereals' AND Item = 'Soybeans') OR (Category = 'Dairy' AND Item = 'Milk') OR (Category = 'Dairy' AND Item = 'Butter') OR (Category = 'Beverage' AND Item = 'Tea') OR (Category = 'Beverage' AND Item = 'Soda') OR (Category = 'Beverage' AND Item = 'Juice'))",
 "sqlResult": "{55} || {941} || {36} || {49} || {754} || {123} || {664} || {797}",
 "nlq": "What is the amount of Export of Butter, Juice, Milk, Seeds, Soda, Soybeans, Tea, or Wheat in 2020?"},
{"name": "template 3",
 "sql": "SELECT Value FROM DBdata WHERE ((Year = '2020' AND Import_Export = 'Import') OR (Year = '2020' AND Import_Export = 'Export') OR (Year = '2021' AND Import_Export = 'Export') OR (Year = '2022' AND Import_Export = 'Export')) AND ((Category = 'Cereals' AND Item = 'Seeds'))",
 "sqlResult": "{334} || {55} || {450} || {347}",
 "nlq": "What is the amount of Export or Import of Seeds in 2020 or of Export of Seeds in 2021 or 2022?"},
{"name": "template 4",
 "sql": "SELECT max(Value),sum(Value) FROM DBdata WHERE ((Year = '2020' AND Import_Export = 'Import') OR (Year = '2021' AND Import_Export = 'Export') OR (Year = '2022' AND Import_Export = 'Import') OR (Year = '2022' AND Import_Export = 'Export')) AND ((Category = 'Beverage' AND Item = 'Juice'))",
 "sqlResult": "{710 | 1841}",
 "nlq": "What are the maximum and total amounts of Import of Juice in 2020 or 2022 or of Export of Juice in 2021 or 2022?"},
{"name": "template 5",
 "sql": "SELECT avg(Value) FROM DBdata WHERE Year = '2020' AND (Import_Export IN ('Import','Export')) AND ((Category = 'Cereals' AND Item = 'Wheat'))",
 "sqlResult": "{587.5}",
 "nlq": "What is the average amount of Export or Import of Wheat in 2020?"},
{"name": "template 6",
 "sql": "SELECT Value FROM DBdata WHERE ((Year = '2020' AND Import_Export = 'Import') OR (Year = '2022' AND Import_Export = 'Export')) AND ((Category = 'Beverage' AND Item = 'Soda') OR (Category = 'Beverage' AND Item = 'Juice'))",
 "sqlResult": "{513} || {653} || {378} || {104}",
 "nlq": "What is the amount of Import of Juice or Soda in 2020 or of Export of Juice or Soda in 2022?"},
{"name": "template 7",
 "sql": "SELECT max(Value),min(Value) FROM DBdata WHERE ((Year = '2022' AND Import_Export = 'Import')) AND ((Category = 'Cereals' AND Item = 'Seeds') OR (Category = 'Dairy' AND Item = 'Butter') OR (Category = 'Beverage' AND Item = 'Tea') OR (Category = 'Beverage' AND Item = 'Soda') OR (Category = 'Beverage' AND Item = 'Juice'))",
 "sqlResult": "{943 | 62}",
 "nlq": "What are the maximum and minimum amounts of Import of Butter, Juice, Seeds, Soda, or Tea in 2022?"},
{"name": "template 8",
 "sql": "SELECT Year,Import_Export,min(Value),sum(Value) FROM DBdata WHERE ((Year = '2020' AND Import_Export = 'Export') OR (Year = '2021' AND Import_Export = 'Import')) AND ((Category = 'Cereals' AND Item = 'Wheat') OR (Category = 'Cereals' AND Item = 'Soybeans') OR (Category = 'Dairy' AND Item = 'Milk') OR (Category = 'Beverage' AND Item = 'Tea') OR (Category = 'Beverage' AND Item = 'Juice')) GROUP BY Year,Import_Export",
 "sqlResult": "{2020 | Export | 36 | 1946} || {2021 | Import | 18 | 2509}",
 "nlq": "What are the minimum and total amounts for each Year and Import-Export, of Export of Juice, Milk, Soybeans, Tea, or Wheat in 2020 or of Import of Juice, Milk, Soybeans, Tea, or Wheat in 2021? Please, report the corresponding Year and Import-Export."},
{"name": "template 9",
 "sql": "SELECT min(Value) FROM DBdata WHERE ((Year = '2021' AND Import_Export = 'Import')) AND (Category IN ('Cereals','Dairy','Beverage')) GROUP BY Category",
 "sqlResult": "{18} || {405} || {215}",
 "nlq": "What is the minimum amount for each Category, of Import of Beverage, Cereals, or Dairy in 2021?"},
{"name": "template 10",
 "sql": "SELECT Category,sum(Value) FROM DBdata WHERE ((Year = '2020' AND Import_Export = 'Import')) AND (Category IN ('Cereals','Dairy','Beverage')) GROUP BY Category",
 "sqlResult": "{Beverage | 1812} || {Cereals | 897} || {Dairy | 1348}",
 "nlq": "What is the total amount for each Category, of Import of Beverage, Cereals, or Dairy in 2020? Please, report the corresponding Category."},
{"name": "template 11",
 "sql": "SELECT Category,Year,Import_Export,sum(Value) FROM DBdata WHERE ((Year = '2020' AND Import_Export = 'Export') OR (Year = '2022' AND Import_Export = 'Import')) AND (Category IN ('Cereals','Dairy','Beverage')) GROUP BY Category,Year,Import_Export",
 "sqlResult": "{Beverage | 2020 | Export | 1584} || {Beverage | 2022 | Import | 2395} || {Cereals | 2020 | Export | 1032} || {Cereals | 2022 | Import | 1204} || {Dairy | 2020 | Export | 803} || {Dairy | 2022 | Import | 459}",
 "nlq": "What is the total amount for each Category, Year, and Import-Export, of Export of Beverage, Cereals, or Dairy in 2020 or of Import of Beverage, Cereals, or Dairy in 2022? Please, report the corresponding Category, Year, and Import-Export."},
{"name": "template 12",
 "sql": "SELECT Value FROM DBdata WHERE ((Year = '2022' AND Import_Export = 'Export')) AND (Category IN ('Cereals','Dairy')) ORDER BY VALUE DESC LIMIT 4",
 "sqlResult": "{918} || {806} || {560} || {545}",
 "nlq": "What are the top 4 amounts of Export of Cereals or Dairy in 2022?"},
{"name": "template 13",
 "sql": "SELECT Value FROM DBdata WHERE ((Year = '2021' AND Import_Export = 'Import')) AND (Category IN ('Cereals','Beverage')) ORDER BY VALUE ASC",
 "sqlResult": "{18} || {405} || {476} || {666} || {853} || {919}",
 "nlq": "What are the amounts ordered by increasing values of Import of Beverage or Cereals in 2021?"},
{"name": "template 14",
 "sql": "SELECT Category,Item FROM DBdata WHERE ((Year = '2021' AND Import_Export = 'Import')) AND Value < 512.9",
 "sqlResult": "{Cereals | Wheat} || {Dairy | Butter} || {Beverage | Tea} || {Beverage | Soda}",
 "nlq": "What are the Category and Item for which the amount of Import in 2021 is lower than 512.9?"},
{"name": "template 15",
 "sql": "SELECT Category,Item,Value FROM DBdata WHERE ((Year = '2022' AND Import_Export = 'Import')) AND (Category,Item) IN (SELECT Category,Item FROM DBdata WHERE ((Year = '2021' AND Import_Export = 'Import')) AND Value < 512.9)",
 "sqlResult": "{Cereals | Wheat | 517} || {Dairy | Butter | 62} || {Beverage | Tea | 943} || {Beverage | Soda | 742}",
 "nlq": "What is the amount of Import in 2022 of Category and of Item for which the amount of Import in 2021 is lower than 512.9? Please, report the corresponding Category, Item, and amount of import-export."}]
}
