AAjlw-AAmyz,BB,CC,DD,EE,Value
AA,BB,CC,DD,EE,Value
AAjlw,BBfgl,CCpqx,DDbcl,EEknv,126
AAmyz,BBfgl,CCpqx,DDbcl,EEknv,439
AAjlw,BBghp,CCpqx,DDbcl,EEknv,224
AAmyz,BBghp,CCpqx,DDbcl,EEknv,466
AAjlw,BBfgl,CCbhy,DDbcl,EEknv,200
AAmyz,BBfgl,CCbhy,DDbcl,EEknv,334
AAjlw,BBghp,CCbhy,DDbcl,EEknv,856
AAmyz,BBghp,CCbhy,DDbcl,EEknv,298
AAjlw,BBfgl,CCbnz,DDbcl,EEknv,433
AAmyz,BBfgl,CCbnz,DDbcl,EEknv,30
AAjlw,BBghp,CCbnz,DDbcl,EEknv,58
AAmyz,BBghp,CCbnz,DDbcl,EEknv,729
AAjlw,BBfgl,CCkpx,DDbcl,EEknv,861
AAmyz,BBfgl,CCkpx,DDbcl,EEknv,682
AAjlw,BBghp,CCkpx,DDbcl,EEknv,670
AAmyz,BBghp,CCkpx,DDbcl,EEknv,881
AAjlw,BBfgl,CCpqx,DDbcl,EEqsy,40
AAmyz,BBfgl,CCpqx,DDbcl,EEqsy,593
AAjlw,BBghp,CCpqx,DDbcl,EEqsy,173
AAmyz,BBghp,CCpqx,DDbcl,EEqsy,104
AAjlw,BBfgl,CCbhy,DDbcl,EEqsy,703
AAmyz,BBfgl,CCbhy,DDbcl,EEqsy,609
AAjlw,BBghp,CCbhy,DDbcl,EEqsy,320
AAmyz,BBghp,CCbhy,DDbcl,EEqsy,317
AAjlw,BBfgl,CCbnz,DDbcl,EEqsy,862
AAmyz,BBfgl,CCbnz,DDbcl,EEqsy,915
AAjlw,BBghp,CCbnz,DDbcl,EEqsy,818
AAmyz,BBghp,CCbnz,DDbcl,EEqsy,919
AAjlw,BBfgl,CCkpx,DDbcl,EEqsy,386
AAmyz,BBfgl,CCkpx,DDbcl,EEqsy,372
AAjlw,BBghp,CCkpx,DDbcl,EEqsy,865
AAmyz,BBghp,CCkpx,DDbcl,EEqsy,23
AAjlw,BBfgl,CCpqx,DDbcl,EEdnz,138
AAmyz,BBfgl,CCpqx,DDbcl,EEdnz,778
AAjlw,BBghp,CCpqx,DDbcl,EEdnz,406
AAmyz,BBghp,CCpqx,DDbcl,EEdnz,154
AAjlw,BBfgl,CCbhy,DDbcl,EEdnz,132
AAmyz,BBfgl,CCbhy,DDbcl,EEdnz,424
AAjlw,BBghp,CCbhy,DDbcl,EEdnz,600
AAmyz,BBghp,CCbhy,DDbcl,EEdnz,403
AAjlw,BBfgl,CCbnz,DDbcl,EEdnz,44
AAmyz,BBfgl,CCbnz,DDbcl,EEdnz,779
AAjlw,BBghp,CCbnz,DDbcl,EEdnz,186
AAmyz,BBghp,CCbnz,DDbcl,EEdnz,674
AAjlw,BBfgl,CCkpx,DDbcl,EEdnz,12
AAmyz,BBfgl,CCkpx,DDbcl,EEdnz,377
AAjlw,BBghp,CCkpx,DDbcl,EEdnz,335
AAmyz,BBghp,CCkpx,DDbcl,EEdnz,251
AAjlw,BBfgl,CCpqx,DDbpv,EEhst,289
AAmyz,BBfgl,CCpqx,DDbpv,EEhst,228
AAjlw,BBghp,CCpqx,DDbpv,EEhst,604
AAmyz,BBghp,CCpqx,DDbpv,EEhst,516
AAjlw,BBfgl,CCbhy,DDbpv,EEhst,738
AAmyz,BBfgl,CCbhy,DDbpv,EEhst,634
AAjlw,BBghp,CCbhy,DDbpv,EEhst,362
AAmyz,BBghp,CCbhy,DDbpv,EEhst,711
AAjlw,BBfgl,CCbnz,DDbpv,EEhst,611
AAmyz,BBfgl,CCbnz,DDbpv,EEhst,876
AAjlw,BBghp,CCbnz,DDbpv,EEhst,194
AAmyz,BBghp,CCbnz,DDbpv,EEhst,270
AAjlw,BBfgl,CCkpx,DDbpv,EEhst,514
AAmyz,BBfgl,CCkpx,DDbpv,EEhst,559
AAjlw,BBghp,CCkpx,DDbpv,EEhst,623
AAmyz,BBghp,CCkpx,DDbpv,EEhst,53
AAjlw,BBfgl,CCpqx,DDbpv,EEltv,325
AAmyz,BBfgl,CCpqx,DDbpv,EEltv,641
AAjlw,BBghp,CCpqx,DDbpv,EEltv,936
AAmyz,BBghp,CCpqx,DDbpv,EEltv,935
AAjlw,BBfgl,CCbhy,DDbpv,EEltv,73
AAmyz,BBfgl,CCbhy,DDbpv,EEltv,422
AAjlw,BBghp,CCbhy,DDbpv,EEltv,594
AAmyz,BBghp,CCbhy,DDbpv,EEltv,888
AAjlw,BBfgl,CCbnz,DDbpv,EEltv,869
AAmyz,BBfgl,CCbnz,DDbpv,EEltv,926
AAjlw,BBghp,CCbnz,DDbpv,EEltv,79
AAmyz,BBghp,CCbnz,DDbpv,EEltv,663
AAjlw,BBfgl,CCkpx,DDbpv,EEltv,264
AAmyz,BBfgl,CCkpx,DDbpv,EEltv,310
AAjlw,BBghp,CCkpx,DDbpv,EEltv,796
AAmyz,BBghp,CCkpx,DDbpv,EEltv,716
AAjlw,BBfgl,CCpqx,DDbpv,EEbsz,938
AAmyz,BBfgl,CCpqx,DDbpv,EEbsz,341
AAjlw,BBghp,CCpqx,DDbpv,EEbsz,41
AAmyz,BBghp,CCpqx,DDbpv,EEbsz,157
AAjlw,BBfgl,CCbhy,DDbpv,EEbsz,363
AAmyz,BBfgl,CCbhy,DDbpv,EEbsz,153
AAjlw,BBghp,CCbhy,DDbpv,EEbsz,87
AAmyz,BBghp,CCbhy,DDbpv,EEbsz,843
AAjlw,BBfgl,CCbnz,DDbpv,EEbsz,279
AAmyz,BBfgl,CCbnz,DDbpv,EEbsz,206
AAjlw,BBghp,CCbnz,DDbpv,EEbsz,467
AAmyz,BBghp,CCbnz,DDbpv,EEbsz,35
AAjlw,BBfgl,CCkpx,DDbpv,EEbsz,351
AAmyz,BBfgl,CCkpx,DDbpv,EEbsz,481
AAjlw,BBghp,CCkpx,DDbpv,EEbsz,958
AAmyz,BBghp,CCkpx,DDbpv,EEbsz,215

