{
"filename": "Food_import-export_in_tons_set136_1_DB.csv",
"questions": [{"name": "template 1",
 "sql": "SELECT Value FROM DBdata WHERE ((BB = 'BBgh' AND AA = 'AAjq')) AND ((CC = 'CCqr' AND DD = 'DDhw'))",
 "sqlResult": "{18}",
 "nlq": "What is the amount of AAjq of DDhw in BBgh?"},
{"name": "template 2",
 "sql": "SELECT Value FROM DBdata WHERE ((BB = 'BBcy' AND AA = 'AApr')) AND ((CC = 'CCmv' AND DD = 'DDfr') OR (CC = 'CCmv' AND DD = 'DDcd') OR (CC = 'CCmv' AND DD = 'DDrx') OR (CC = 'CCbk' AND DD = 'DDqx') OR (CC = 'CCbk' AND DD = 'DDfg') OR (CC = 'CCqr' AND DD = 'DDhw') OR (CC = 'CCqr' AND DD = 'DDdz') OR (CC = 'CCqr' AND DD = 'DDjr'))",
 "sqlResult": "{55} || {941} || {36} || {49} || {754} || {123} || {664} || {797}",
 "nlq": "What is the amount of AApr of DDfg, DDjr, DDqx, DDfr, DDdz, DDrx, DDhw, or DDcd in BBcy?"},
{"name": "template 3",
 "sql": "SELECT Value FROM DBdata WHERE ((BB = 'BBcy' AND AA = 'AAjq') OR (BB = 'BBcy' AND AA = 'AApr') OR (BB = 'BBgh' AND AA = 'AApr') OR (BB = 'BBst' AND AA = 'AApr')) AND ((CC = 'CCmv' AND DD = 'DDfr'))",
 "sqlResult": "{334} || {55} || {450} || {347}",
 "nlq": "What is the amount of AApr or AAjq of DDfr in BBcy or of AApr of DDfr in BBgh or BBst?"},
{"name": "template 4",
 "sql": "SELECT max(Value),sum(Value) FROM DBdata WHERE ((BB = 'BBcy' AND AA = 'AAjq') OR (BB = 'BBgh' AND AA = 'AApr') OR (BB = 'BBst' AND AA = 'AAjq') OR (BB = 'BBst' AND AA = 'AApr')) AND ((CC = 'CCqr' AND DD = 'DDjr'))",
 "sqlResult": "{710 | 1841}",
 "nlq": "What are the maximum and total amounts of AAjq of DDjr in BBcy or BBst or of AApr of DDjr in BBgh or BBst?"},
{"name": "template 5",
 "sql": "SELECT avg(Value) FROM DBdata WHERE BB = 'BBcy' AND (AA IN ('AAjq','AApr')) AND ((CC = 'CCmv' AND DD = 'DDcd'))",
 "sqlResult": "{587.5}",
 "nlq": "What is the average amount of AApr or AAjq of DDcd in BBcy?"},
{"name": "template 6",
 "sql": "SELECT Value FROM DBdata WHERE ((BB = 'BBcy' AND AA = 'AAjq') OR (BB = 'BBst' AND AA = 'AApr')) AND ((CC = 'CCqr' AND DD = 'DDdz') OR (CC = 'CCqr' AND DD = 'DDjr'))",
 "sqlResult": "{513} || {653} || {378} || {104}",
 "nlq": "What is the amount of AAjq of DDjr or DDdz in BBcy or of AApr of DDjr or DDdz in BBst?"},
{"name": "template 7",
 "sql": "SELECT max(Value),min(Value) FROM DBdata WHERE ((BB = 'BBst' AND AA = 'AAjq')) AND ((CC = 'CCmv' AND DD = 'DDfr') OR (CC = 'CCbk' AND DD = 'DDfg') OR (CC = 'CCqr' AND DD = 'DDhw') OR (CC = 'CCqr' AND DD = 'DDdz') OR (CC = 'CCqr' AND DD = 'DDjr'))",
 "sqlResult": "{943 | 62}",
 "nlq": "What are the maximum and minimum amounts of AAjq of DDfg, DDjr, DDfr, DDdz, or DDhw in BBst?"},
{"name": "template 8",
 "sql": "SELECT BB,AA,min(Value),sum(Value) FROM DBdata WHERE ((BB = 'BBcy' AND AA = 'AApr') OR (BB = 'BBgh' AND AA = 'AAjq')) AND ((CC = 'CCmv' AND DD = 'DDcd') OR (CC = 'CCmv' AND DD = 'DDrx') OR (CC = 'CCbk' AND DD = 'DDqx') OR (CC = 'CCqr' AND DD = 'DDhw') OR (CC = 'CCqr' AND DD = 'DDjr')) GROUP BY BB,AA",
 "sqlResult": "{BBcy | AApr | 36 | 1946} || {BBgh | AAjq | 18 | 2509}",
 "nlq": "What are the minimum and total amounts for each BB and AAjq-AApr, of AApr of DDjr, DDqx, DDrx, DDhw, or DDcd in BBcy or of AAjq of DDjr, DDqx, DDrx, DDhw, or DDcd in BBgh? Please, report the corresponding BB and AAjq-AApr."},
{"name": "template 9",
 "sql": "SELECT min(Value) FROM DBdata WHERE ((BB = 'BBgh' AND AA = 'AAjq')) AND (CC IN ('CCmv','CCbk','CCqr')) GROUP BY CC",
 "sqlResult": "{18} || {405} || {215}",
 "nlq": "What is the minimum amount for each CC, of AAjq of CCqr, CCmv, or CCbk in BBgh?"},
{"name": "template 10",
 "sql": "SELECT CC,sum(Value) FROM DBdata WHERE ((BB = 'BBcy' AND AA = 'AAjq')) AND (CC IN ('CCmv','CCbk','CCqr')) GROUP BY CC",
 "sqlResult": "{CCqr | 1812} || {CCmv | 897} || {CCbk | 1348}",
 "nlq": "What is the total amount for each CC, of AAjq of CCqr, CCmv, or CCbk in BBcy? Please, report the corresponding CC."},
{"name": "template 11",
 "sql": "SELECT CC,BB,AA,sum(Value) FROM DBdata WHERE ((BB = 'BBcy' AND AA = 'AApr') OR (BB = 'BBst' AND AA = 'AAjq')) AND (CC IN ('CCmv','CCbk','CCqr')) GROUP BY CC,BB,AA",
 "sqlResult": "{CCqr | BBcy | AApr | 1584} || {CCqr | BBst | AAjq | 2395} || {CCmv | BBcy | AApr | 1032} || {CCmv | BBst | AAjq | 1204} || {CCbk | BBcy | AApr | 803} || {CCbk | BBst | AAjq | 459}",
 "nlq": "What is the total amount for each CC, BB, and AAjq-AApr, of AApr of CCqr, CCmv, or CCbk in BBcy or of AAjq of CCqr, CCmv, or CCbk in BBst? Please, report the corresponding CC, BB, and AAjq-AApr."},
{"name": "template 12",
 "sql": "SELECT Value FROM DBdata WHERE ((BB = 'BBst' AND AA = 'AApr')) AND (CC IN ('CCmv','CCbk')) ORDER BY VALUE DESC LIMIT 4",
 "sqlResult": "{918} || {806} || {560} || {545}",
 "nlq": "What are the top 4 amounts of AApr of CCmv or CCbk in BBst?"},
{"name": "template 13",
 "sql": "SELECT Value FROM DBdata WHERE ((BB = 'BBgh' AND AA = 'AAjq')) AND (CC IN ('CCmv','CCqr')) ORDER BY VALUE ASC",
 "sqlResult": "{18} || {405} || {476} || {666} || {853} || {919}",
 "nlq": "What are the amounts ordered by increasing values of AAjq of CCqr or CCmv in BBgh?"},
{"name": "template 14",
 "sql": "SELECT CC,DD FROM DBdata WHERE ((BB = 'BBgh' AND AA = 'AAjq')) AND Value < 512.9",
 "sqlResult": "{CCmv | DDcd} || {CCbk | DDfg} || {CCqr | DDhw} || {CCqr | DDdz}",
 "nlq": "What are the CC and DD for which the amount of AAjq in BBgh is lower than 512.9?"},
{"name": "template 15",
 "sql": "SELECT CC,DD,Value FROM DBdata WHERE ((BB = 'BBst' AND AA = 'AAjq')) AND (CC,DD) IN (SELECT CC,DD FROM DBdata WHERE ((BB = 'BBgh' AND AA = 'AAjq')) AND Value < 512.9)",
 "sqlResult": "{CCmv | DDcd | 517} || {CCbk | DDfg | 62} || {CCqr | DDhw | 943} || {CCqr | DDdz | 742}",
 "nlq": "What is the amount of AAjq in BBst of CC and of DD for which the amount of AAjq in BBgh is lower than 512.9? Please, report the corresponding CC, DD, and amount of import-export."}]
}

