AAbwz-AAglq,BB,CC,DD,EE,Value
AA,BB,CC,DD,EE,Value
AAbwz,BBpry,CCdst,DDgms,EEdjm,194
AAglq,BBpry,CCdst,DDgms,EEdjm,651
AAbwz,BBbfw,CCdst,DDgms,EEdjm,173
AAglq,BBbfw,CCdst,DDgms,EEdjm,372
AAbwz,BBnrx,CCdst,DDgms,EEdjm,117
AAglq,BBnrx,CCdst,DDgms,EEdjm,596
AAbwz,BBpry,CCdhy,DDgms,EEdjm,154
AAglq,BBpry,CCdhy,DDgms,EEdjm,306
AAbwz,BBbfw,CCdhy,DDgms,EEdjm,784
AAglq,BBbfw,CCdhy,DDgms,EEdjm,391
AAbwz,BBnrx,CCdhy,DDgms,EEdjm,927
AAglq,BBnrx,CCdhy,DDgms,EEdjm,763
AAbwz,BBpry,CCclw,DDgms,EEdjm,681
AAglq,BBpry,CCclw,DDgms,EEdjm,368
AAbwz,BBbfw,CCclw,DDgms,EEdjm,414
AAglq,BBbfw,CCclw,DDgms,EEdjm,971
AAbwz,BBnrx,CCclw,DDgms,EEdjm,185
AAglq,BBnrx,CCclw,DDgms,EEdjm,293
AAbwz,BBpry,CCbgl,DDgms,EEdjm,273
AAglq,BBpry,CCbgl,DDgms,EEdjm,206
AAbwz,BBbfw,CCbgl,DDgms,EEdjm,198
AAglq,BBbfw,CCbgl,DDgms,EEdjm,541
AAbwz,BBnrx,CCbgl,DDgms,EEdjm,387
AAglq,BBnrx,CCbgl,DDgms,EEdjm,41
AAbwz,BBpry,CCdst,DDgms,EEbsw,512
AAglq,BBpry,CCdst,DDgms,EEbsw,12
AAbwz,BBbfw,CCdst,DDgms,EEbsw,514
AAglq,BBbfw,CCdst,DDgms,EEbsw,522
AAbwz,BBnrx,CCdst,DDgms,EEbsw,603
AAglq,BBnrx,CCdst,DDgms,EEbsw,200
AAbwz,BBpry,CCdhy,DDgms,EEbsw,381
AAglq,BBpry,CCdhy,DDgms,EEbsw,212
AAbwz,BBbfw,CCdhy,DDgms,EEbsw,631
AAglq,BBbfw,CCdhy,DDgms,EEbsw,636
AAbwz,BBnrx,CCdhy,DDgms,EEbsw,480
AAglq,BBnrx,CCdhy,DDgms,EEbsw,708
AAbwz,BBpry,CCclw,DDgms,EEbsw,850
AAglq,BBpry,CCclw,DDgms,EEbsw,726
AAbwz,BBbfw,CCclw,DDgms,EEbsw,845
AAglq,BBbfw,CCclw,DDgms,EEbsw,644
AAbwz,BBnrx,CCclw,DDgms,EEbsw,513
AAglq,BBnrx,CCclw,DDgms,EEbsw,868
AAbwz,BBpry,CCbgl,DDgms,EEbsw,496
AAglq,BBpry,CCbgl,DDgms,EEbsw,152
AAbwz,BBbfw,CCbgl,DDgms,EEbsw,68
AAglq,BBbfw,CCbgl,DDgms,EEbsw,661
AAbwz,BBnrx,CCbgl,DDgms,EEbsw,614
AAglq,BBnrx,CCbgl,DDgms,EEbsw,533
AAbwz,BBpry,CCdst,DDgms,EEfvx,395
AAglq,BBpry,CCdst,DDgms,EEfvx,987
AAbwz,BBbfw,CCdst,DDgms,EEfvx,359
AAglq,BBbfw,CCdst,DDgms,EEfvx,787
AAbwz,BBnrx,CCdst,DDgms,EEfvx,348
AAglq,BBnrx,CCdst,DDgms,EEfvx,45
AAbwz,BBpry,CCdhy,DDgms,EEfvx,826
AAglq,BBpry,CCdhy,DDgms,EEfvx,968
AAbwz,BBbfw,CCdhy,DDgms,EEfvx,788
AAglq,BBbfw,CCdhy,DDgms,EEfvx,818
AAbwz,BBnrx,CCdhy,DDgms,EEfvx,695
AAglq,BBnrx,CCdhy,DDgms,EEfvx,339
AAbwz,BBpry,CCclw,DDgms,EEfvx,945
AAglq,BBpry,CCclw,DDgms,EEfvx,996
AAbwz,BBbfw,CCclw,DDgms,EEfvx,803
AAglq,BBbfw,CCclw,DDgms,EEfvx,840
AAbwz,BBnrx,CCclw,DDgms,EEfvx,849
AAglq,BBnrx,CCclw,DDgms,EEfvx,470
AAbwz,BBpry,CCbgl,DDgms,EEfvx,408
AAglq,BBpry,CCbgl,DDgms,EEfvx,350
AAbwz,BBbfw,CCbgl,DDgms,EEfvx,689
AAglq,BBbfw,CCbgl,DDgms,EEfvx,574
AAbwz,BBnrx,CCbgl,DDgms,EEfvx,329
AAglq,BBnrx,CCbgl,DDgms,EEfvx,565
AAbwz,BBpry,CCdst,DDdjx,EEfwy,318
AAglq,BBpry,CCdst,DDdjx,EEfwy,852
AAbwz,BBbfw,CCdst,DDdjx,EEfwy,386
AAglq,BBbfw,CCdst,DDdjx,EEfwy,686
AAbwz,BBnrx,CCdst,DDdjx,EEfwy,19
AAglq,BBnrx,CCdst,DDdjx,EEfwy,193
AAbwz,BBpry,CCdhy,DDdjx,EEfwy,792
AAglq,BBpry,CCdhy,DDdjx,EEfwy,724
AAbwz,BBbfw,CCdhy,DDdjx,EEfwy,401
AAglq,BBbfw,CCdhy,DDdjx,EEfwy,905
AAbwz,BBnrx,CCdhy,DDdjx,EEfwy,672
AAglq,BBnrx,CCdhy,DDdjx,EEfwy,30
AAbwz,BBpry,CCclw,DDdjx,EEfwy,158
AAglq,BBpry,CCclw,DDdjx,EEfwy,731
AAbwz,BBbfw,CCclw,DDdjx,EEfwy,687
AAglq,BBbfw,CCclw,DDdjx,EEfwy,688
AAbwz,BBnrx,CCclw,DDdjx,EEfwy,916
AAglq,BBnrx,CCclw,DDdjx,EEfwy,954
AAbwz,BBpry,CCbgl,DDdjx,EEfwy,970
AAglq,BBpry,CCbgl,DDdjx,EEfwy,624
AAbwz,BBbfw,CCbgl,DDdjx,EEfwy,969
AAglq,BBbfw,CCbgl,DDdjx,EEfwy,301
AAbwz,BBnrx,CCbgl,DDdjx,EEfwy,305
AAglq,BBnrx,CCbgl,DDdjx,EEfwy,742
AAbwz,BBpry,CCdst,DDdjx,EEcny,781
AAglq,BBpry,CCdst,DDdjx,EEcny,353
AAbwz,BBbfw,CCdst,DDdjx,EEcny,169
AAglq,BBbfw,CCdst,DDdjx,EEcny,675
AAbwz,BBnrx,CCdst,DDdjx,EEcny,767
AAglq,BBnrx,CCdst,DDdjx,EEcny,430
AAbwz,BBpry,CCdhy,DDdjx,EEcny,525
AAglq,BBpry,CCdhy,DDdjx,EEcny,892
AAbwz,BBbfw,CCdhy,DDdjx,EEcny,207
AAglq,BBbfw,CCdhy,DDdjx,EEcny,926
AAbwz,BBnrx,CCdhy,DDdjx,EEcny,601
AAglq,BBnrx,CCdhy,DDdjx,EEcny,280
AAbwz,BBpry,CCclw,DDdjx,EEcny,484
AAglq,BBpry,CCclw,DDdjx,EEcny,148
AAbwz,BBbfw,CCclw,DDdjx,EEcny,775
AAglq,BBbfw,CCclw,DDdjx,EEcny,769
AAbwz,BBnrx,CCclw,DDdjx,EEcny,861
AAglq,BBnrx,CCclw,DDdjx,EEcny,881
AAbwz,BBpry,CCbgl,DDdjx,EEcny,933
AAglq,BBpry,CCbgl,DDdjx,EEcny,282
AAbwz,BBbfw,CCbgl,DDdjx,EEcny,428
AAglq,BBbfw,CCbgl,DDdjx,EEcny,474
AAbwz,BBnrx,CCbgl,DDdjx,EEcny,131
AAglq,BBnrx,CCbgl,DDdjx,EEcny,172
AAbwz,BBpry,CCdst,DDdjx,EEhjs,379
AAglq,BBpry,CCdst,DDdjx,EEhjs,959
AAbwz,BBbfw,CCdst,DDdjx,EEhjs,63
AAglq,BBbfw,CCdst,DDdjx,EEhjs,126
AAbwz,BBnrx,CCdst,DDdjx,EEhjs,567
AAglq,BBnrx,CCdst,DDdjx,EEhjs,658
AAbwz,BBpry,CCdhy,DDdjx,EEhjs,839
AAglq,BBpry,CCdhy,DDdjx,EEhjs,630
AAbwz,BBbfw,CCdhy,DDdjx,EEhjs,770
AAglq,BBbfw,CCdhy,DDdjx,EEhjs,168
AAbwz,BBnrx,CCdhy,DDdjx,EEhjs,407
AAglq,BBnrx,CCdhy,DDdjx,EEhjs,111
AAbwz,BBpry,CCclw,DDdjx,EEhjs,367
AAglq,BBpry,CCclw,DDdjx,EEhjs,488
AAbwz,BBbfw,CCclw,DDdjx,EEhjs,40
AAglq,BBbfw,CCclw,DDdjx,EEhjs,978
AAbwz,BBnrx,CCclw,DDdjx,EEhjs,759
AAglq,BBnrx,CCclw,DDdjx,EEhjs,241
AAbwz,BBpry,CCbgl,DDdjx,EEhjs,583
AAglq,BBpry,CCbgl,DDdjx,EEhjs,398
AAbwz,BBbfw,CCbgl,DDdjx,EEhjs,591
AAglq,BBbfw,CCbgl,DDdjx,EEhjs,360
AAbwz,BBnrx,CCbgl,DDdjx,EEhjs,153
AAglq,BBnrx,CCbgl,DDdjx,EEhjs,160
AAbwz,BBpry,CCdst,DDprv,EEkmw,121
AAglq,BBpry,CCdst,DDprv,EEkmw,475
AAbwz,BBbfw,CCdst,DDprv,EEkmw,211
AAglq,BBbfw,CCdst,DDprv,EEkmw,735
AAbwz,BBnrx,CCdst,DDprv,EEkmw,750
AAglq,BBnrx,CCdst,DDprv,EEkmw,690
AAbwz,BBpry,CCdhy,DDprv,EEkmw,418
AAglq,BBpry,CCdhy,DDprv,EEkmw,570
AAbwz,BBbfw,CCdhy,DDprv,EEkmw,82
AAglq,BBbfw,CCdhy,DDprv,EEkmw,563
AAbwz,BBnrx,CCdhy,DDprv,EEkmw,269
AAglq,BBnrx,CCdhy,DDprv,EEkmw,453
AAbwz,BBpry,CCclw,DDprv,EEkmw,425
AAglq,BBpry,CCclw,DDprv,EEkmw,106
AAbwz,BBbfw,CCclw,DDprv,EEkmw,883
AAglq,BBbfw,CCclw,DDprv,EEkmw,504
AAbwz,BBnrx,CCclw,DDprv,EEkmw,885
AAglq,BBnrx,CCclw,DDprv,EEkmw,629
AAbwz,BBpry,CCbgl,DDprv,EEkmw,607
AAglq,BBpry,CCbgl,DDprv,EEkmw,693
AAbwz,BBbfw,CCbgl,DDprv,EEkmw,587
AAglq,BBbfw,CCbgl,DDprv,EEkmw,573
AAbwz,BBnrx,CCbgl,DDprv,EEkmw,164
AAglq,BBnrx,CCbgl,DDprv,EEkmw,961
AAbwz,BBpry,CCdst,DDprv,EEhmp,880
AAglq,BBpry,CCdst,DDprv,EEhmp,941
AAbwz,BBbfw,CCdst,DDprv,EEhmp,678
AAglq,BBbfw,CCdst,DDprv,EEhmp,535
AAbwz,BBnrx,CCdst,DDprv,EEhmp,972
AAglq,BBnrx,CCdst,DDprv,EEhmp,448
AAbwz,BBpry,CCdhy,DDprv,EEhmp,119
AAglq,BBpry,CCdhy,DDprv,EEhmp,218
AAbwz,BBbfw,CCdhy,DDprv,EEhmp,178
AAglq,BBbfw,CCdhy,DDprv,EEhmp,957
AAbwz,BBnrx,CCdhy,DDprv,EEhmp,61
AAglq,BBnrx,CCdhy,DDprv,EEhmp,161
AAbwz,BBpry,CCclw,DDprv,EEhmp,413
AAglq,BBpry,CCclw,DDprv,EEhmp,981
AAbwz,BBbfw,CCclw,DDprv,EEhmp,646
AAglq,BBbfw,CCclw,DDprv,EEhmp,125
AAbwz,BBnrx,CCclw,DDprv,EEhmp,431
AAglq,BBnrx,CCclw,DDprv,EEhmp,544
AAbwz,BBpry,CCbgl,DDprv,EEhmp,674
AAglq,BBpry,CCbgl,DDprv,EEhmp,577
AAbwz,BBbfw,CCbgl,DDprv,EEhmp,66
AAglq,BBbfw,CCbgl,DDprv,EEhmp,744
AAbwz,BBnrx,CCbgl,DDprv,EEhmp,477
AAglq,BBnrx,CCbgl,DDprv,EEhmp,922

