Import-Export,Year,Quarter,Category,Item,Value
Import_Export,Year,Quarter,Category,Item,Value
Import,2017,Q1,Meat,Duck,545
Export,2017,Q1,Meat,Duck,286
Import,2018,Q1,Meat,Duck,117
Export,2018,Q1,Meat,Duck,633
Import,2019,Q1,Meat,Duck,446
Export,2019,Q1,Meat,Duck,312
Import,2017,Q2,Meat,Duck,509
Export,2017,Q2,Meat,Duck,839
Import,2018,Q2,Meat,Duck,526
Export,2018,Q2,Meat,Duck,124
Import,2019,Q2,Meat,Duck,235
Export,2019,Q2,Meat,Duck,172
Import,2017,Q3,Meat,Duck,263
Export,2017,Q3,Meat,Duck,915
Import,2018,Q3,Meat,Duck,281
Export,2018,Q3,Meat,Duck,293
Import,2019,Q3,Meat,Duck,524
Export,2019,Q3,Meat,Duck,540
Import,2017,Q4,Meat,Duck,692
Export,2017,Q4,Meat,Duck,716
Import,2018,Q4,Meat,Duck,801
Export,2018,Q4,Meat,Duck,68
Import,2019,Q4,Meat,Duck,793
Export,2019,Q4,Meat,Duck,573
Import,2017,Q1,Meat,Lamb,412
Export,2017,Q1,Meat,Lamb,960
Import,2018,Q1,Meat,Lamb,84
Export,2018,Q1,Meat,Lamb,925
Import,2019,Q1,Meat,Lamb,872
Export,2019,Q1,Meat,Lamb,598
Import,2017,Q2,Meat,Lamb,903
Export,2017,Q2,Meat,Lamb,216
Import,2018,Q2,Meat,Lamb,898
Export,2018,Q2,Meat,Lamb,831
Import,2019,Q2,Meat,Lamb,979
Export,2019,Q2,Meat,Lamb,165
Import,2017,Q3,Meat,Lamb,912
Export,2017,Q3,Meat,Lamb,919
Import,2018,Q3,Meat,Lamb,654
Export,2018,Q3,Meat,Lamb,776
Import,2019,Q3,Meat,Lamb,852
Export,2019,Q3,Meat,Lamb,516
Import,2017,Q4,Meat,Lamb,895
Export,2017,Q4,Meat,Lamb,403
Import,2018,Q4,Meat,Lamb,184
Export,2018,Q4,Meat,Lamb,779
Import,2019,Q4,Meat,Lamb,550
Export,2019,Q4,Meat,Lamb,87
Import,2017,Q1,Cereals,Rice,866
Export,2017,Q1,Cereals,Rice,743
Import,2018,Q1,Cereals,Rice,646
Export,2018,Q1,Cereals,Rice,719
Import,2019,Q1,Cereals,Rice,291
Export,2019,Q1,Cereals,Rice,758
Import,2017,Q2,Cereals,Rice,85
Export,2017,Q2,Cereals,Rice,392
Import,2018,Q2,Cereals,Rice,691
Export,2018,Q2,Cereals,Rice,332
Import,2019,Q2,Cereals,Rice,64
Export,2019,Q2,Cereals,Rice,820
Import,2017,Q3,Cereals,Rice,57
Export,2017,Q3,Cereals,Rice,12
Import,2018,Q3,Cereals,Rice,632
Export,2018,Q3,Cereals,Rice,178
Import,2019,Q3,Cereals,Rice,116
Export,2019,Q3,Cereals,Rice,752
Import,2017,Q4,Cereals,Rice,429
Export,2017,Q4,Cereals,Rice,771
Import,2018,Q4,Cereals,Rice,179
Export,2018,Q4,Cereals,Rice,617
Import,2019,Q4,Cereals,Rice,340
Export,2019,Q4,Cereals,Rice,486
Import,2017,Q1,Cereals,Seeds,520
Export,2017,Q1,Cereals,Seeds,594
Import,2018,Q1,Cereals,Seeds,440
Export,2018,Q1,Cereals,Seeds,679
Import,2019,Q1,Cereals,Seeds,536
Export,2019,Q1,Cereals,Seeds,220
Import,2017,Q2,Cereals,Seeds,620
Export,2017,Q2,Cereals,Seeds,141
Import,2018,Q2,Cereals,Seeds,637
Export,2018,Q2,Cereals,Seeds,430
Import,2019,Q2,Cereals,Seeds,43
Export,2019,Q2,Cereals,Seeds,255
Import,2017,Q3,Cereals,Seeds,549
Export,2017,Q3,Cereals,Seeds,638
Import,2018,Q3,Cereals,Seeds,484
Export,2018,Q3,Cereals,Seeds,208
Import,2019,Q3,Cereals,Seeds,254
Export,2019,Q3,Cereals,Seeds,760
Import,2017,Q4,Cereals,Seeds,816
Export,2017,Q4,Cereals,Seeds,305
Import,2018,Q4,Cereals,Seeds,658
Export,2018,Q4,Cereals,Seeds,718
Import,2019,Q4,Cereals,Seeds,631
Export,2019,Q4,Cereals,Seeds,918
Import,2017,Q1,Dairy,Cream,390
Export,2017,Q1,Dairy,Cream,175
Import,2018,Q1,Dairy,Cream,260
Export,2018,Q1,Dairy,Cream,103
Import,2019,Q1,Dairy,Cream,59
Export,2019,Q1,Dairy,Cream,261
Import,2017,Q2,Dairy,Cream,341
Export,2017,Q2,Dairy,Cream,298
Import,2018,Q2,Dairy,Cream,900
Export,2018,Q2,Dairy,Cream,78
Import,2019,Q2,Dairy,Cream,699
Export,2019,Q2,Dairy,Cream,555
Import,2017,Q3,Dairy,Cream,230
Export,2017,Q3,Dairy,Cream,926
Import,2018,Q3,Dairy,Cream,256
Export,2018,Q3,Dairy,Cream,79
Import,2019,Q3,Dairy,Cream,455
Export,2019,Q3,Dairy,Cream,19
Import,2017,Q4,Dairy,Cream,664
Export,2017,Q4,Dairy,Cream,987
Import,2018,Q4,Dairy,Cream,31
Export,2018,Q4,Dairy,Cream,297
Import,2019,Q4,Dairy,Cream,584
Export,2019,Q4,Dairy,Cream,862
Import,2017,Q1,Dairy,Cheese,515
Export,2017,Q1,Dairy,Cheese,458
Import,2018,Q1,Dairy,Cheese,942
Export,2018,Q1,Dairy,Cheese,965
Import,2019,Q1,Dairy,Cheese,482
Export,2019,Q1,Dairy,Cheese,583
Import,2017,Q2,Dairy,Cheese,377
Export,2017,Q2,Dairy,Cheese,927
Import,2018,Q2,Dairy,Cheese,560
Export,2018,Q2,Dairy,Cheese,398
Import,2019,Q2,Dairy,Cheese,242
Export,2019,Q2,Dairy,Cheese,653
Import,2017,Q3,Dairy,Cheese,940
Export,2017,Q3,Dairy,Cheese,495
Import,2018,Q3,Dairy,Cheese,315
Export,2018,Q3,Dairy,Cheese,936
Import,2019,Q3,Dairy,Cheese,330
Export,2019,Q3,Dairy,Cheese,666
Import,2017,Q4,Dairy,Cheese,544
Export,2017,Q4,Dairy,Cheese,257
Import,2018,Q4,Dairy,Cheese,160
Export,2018,Q4,Dairy,Cheese,672
Import,2019,Q4,Dairy,Cheese,796
Export,2019,Q4,Dairy,Cheese,963
