Import-Export,Year,Category,Item,Value
Import_Export,Year,Category,Item,Value
Import,2016,Dairy,Butter,120
Export,2016,Dairy,Butter,958
Import,2017,Dairy,Butter,627
Export,2017,Dairy,Butter,979
Import,2016,Dairy,Cream,819
Export,2016,Dairy,Cream,473
Import,2017,Dairy,Cream,172
Export,2017,Dairy,Cream,662
Import,2016,Dairy,Cheese,208
Export,2016,Dairy,Cheese,303
Import,2017,Dairy,Cheese,920
Export,2017,Dairy,Cheese,456
Import,2016,Beverage,Soda,922
Export,2016,Beverage,Soda,79
Import,2017,Beverage,Soda,414
Export,2017,Beverage,Soda,197
Import,2016,Beverage,Juice,54
Export,2016,Beverage,Juice,519
Import,2017,Beverage,Juice,73
Export,2017,Beverage,Juice,754
