{
"filename": "Food_import-export_in_tons_set136_2_DB.csv",
"questions": [{"name": "template 1",
 "sql": "SELECT Value FROM DBdata WHERE ((Year = '2020' AND Import_Export = 'Import')) AND ((Category = 'Dairy' AND Item = 'Cream'))",
 "sqlResult": "{947}",
 "nlq": "What is the amount of Import of Cream in 2020?"},
{"name": "template 2",
 "sql": "SELECT Value FROM DBdata WHERE ((Year = '2019' AND Import_Export = 'Import')) AND ((Category = 'Dairy' AND Item = 'Cream') OR (Category = 'Dairy' AND Item = 'Yoghurt') OR (Category = 'Beverage' AND Item = 'Soda') OR (Category = 'Beverage' AND Item = 'Juice'))",
 "sqlResult": "{643} || {445} || {233} || {327}",
 "nlq": "What is the amount of Import of Cream, Juice, Soda, or Yoghurt in 2019?"},
{"name": "template 3",
 "sql": "SELECT Value FROM DBdata WHERE ((Year = '2019' AND Import_Export = 'Import') OR (Year = '2019' AND Import_Export = 'Export') OR (Year = '2020' AND Import_Export = 'Import') OR (Year = '2020' AND Import_Export = 'Export')) AND ((Category = 'Dairy' AND Item = 'Yoghurt'))",
 "sqlResult": "{445} || {455} || {450} || {800}",
 "nlq": "What is the amount of Export or Import of Yoghurt in 2019 or 2020?"},
{"name": "template 4",
 "sql": "SELECT sum(Value),max(Value) FROM DBdata WHERE ((Year = '2019' AND Import_Export = 'Import') OR (Year = '2019' AND Import_Export = 'Export') OR (Year = '2020' AND Import_Export = 'Export')) AND ((Category = 'Beverage' AND Item = 'Juice'))",
 "sqlResult": "{1740 | 709}",
 "nlq": "What are the total and maximum amounts of Export or Import of Juice in 2019 or of Export of Juice in 2020?"},
{"name": "template 5",
 "sql": "SELECT avg(Value) FROM DBdata WHERE Year = '2020' AND (Import_Export IN ('Import','Export')) AND ((Category = 'Dairy' AND Item = 'Yoghurt'))",
 "sqlResult": "{625}",
 "nlq": "What is the average amount of Export or Import of Yoghurt in 2020?"},
{"name": "template 6",
 "sql": "SELECT Value FROM DBdata WHERE ((Year = '2019' AND Import_Export = 'Import') OR (Year = '2019' AND Import_Export = 'Export') OR (Year = '2020' AND Import_Export = 'Import') OR (Year = '2020' AND Import_Export = 'Export')) AND ((Category = 'Dairy' AND Item = 'Cream') OR (Category = 'Dairy' AND Item = 'Cheese') OR (Category = 'Beverage' AND Item = 'Juice'))",
 "sqlResult": "{643} || {895} || {947} || {230} || {710} || {780} || {937} || {277} || {327} || {709} || {962} || {704}",
 "nlq": "What is the amount of Export or Import of Cheese, Cream, or Juice in 2019 or 2020?"},
{"name": "template 7",
 "sql": "SELECT max(Value),min(Value) FROM DBdata WHERE ((Year = '2020' AND Import_Export = 'Export')) AND ((Category = 'Dairy' AND Item = 'Cream') OR (Category = 'Dairy' AND Item = 'Yoghurt') OR (Category = 'Beverage' AND Item = 'Soda') OR (Category = 'Beverage' AND Item = 'Juice'))",
 "sqlResult": "{800 | 110}",
 "nlq": "What are the maximum and minimum amounts of Export of Cream, Juice, Soda, or Yoghurt in 2020?"},
{"name": "template 8",
 "sql": "SELECT Year,Import_Export,avg(Value),sum(Value) FROM DBdata WHERE ((Year = '2019' AND Import_Export = 'Export') OR (Year = '2020' AND Import_Export = 'Import') OR (Year = '2020' AND Import_Export = 'Export')) AND ((Category = 'Dairy' AND Item = 'Cheese') OR (Category = 'Beverage' AND Item = 'Soda')) GROUP BY Year,Import_Export",
 "sqlResult": "{2019 | Export | 802 | 1604} || {2020 | Export | 193.5 | 387} || {2020 | Import | 609 | 1218}",
 "nlq": "What are the average and total amounts for each Year and Import-Export, of Export of Cheese or Soda in 2019 or of Export or Import of Cheese or Soda in 2020? Please, report the corresponding Year and Import-Export."},
{"name": "template 9",
 "sql": "SELECT min(Value) FROM DBdata WHERE ((Year = '2020' AND Import_Export = 'Export')) AND (Category IN ('Dairy','Beverage')) GROUP BY Category",
 "sqlResult": "{110} || {230}",
 "nlq": "What is the minimum amount for each Category, of Export of Beverage or Dairy in 2020?"},
{"name": "template 10",
 "sql": "SELECT Category,sum(Value) FROM DBdata WHERE ((Year = '2019' AND Import_Export = 'Export')) AND (Category IN ('Dairy','Beverage')) GROUP BY Category",
 "sqlResult": "{Beverage | 1533} || {Dairy | 2130}",
 "nlq": "What is the total amount for each Category, of Export of Beverage or Dairy in 2019? Please, report the corresponding Category."},
{"name": "template 11",
 "sql": "SELECT Category,Year,Import_Export,avg(Value) FROM DBdata WHERE ((Year = '2020' AND Import_Export = 'Import') OR (Year = '2020' AND Import_Export = 'Export')) AND (Category IN ('Dairy','Beverage')) GROUP BY Category,Year,Import_Export",
 "sqlResult": "{Beverage | 2020 | Export | 407} || {Beverage | 2020 | Import | 621.5} || {Dairy | 2020 | Export | 435.67} || {Dairy | 2020 | Import | 778}",
 "nlq": "What is the average amount for each Category, Year, and Import-Export, of Export or Import of Beverage or Dairy in 2020? Please, report the corresponding Category, Year, and Import-Export."},
{"name": "template 12",
 "sql": "SELECT Value FROM DBdata WHERE ((Year = '2019' AND Import_Export = 'Export')) AND (Category IN ('Dairy','Beverage')) ORDER BY VALUE ASC LIMIT 4",
 "sqlResult": "{455} || {709} || {780} || {824}",
 "nlq": "What are the bottom 4 amounts of Export of Beverage or Dairy in 2019?"},
{"name": "template 13",
 "sql": "SELECT Value FROM DBdata WHERE ((Year = '2019' AND Import_Export = 'Import')) AND (Category IN ('Dairy','Beverage')) ORDER BY VALUE DESC",
 "sqlResult": "{710} || {643} || {445} || {327} || {233}",
 "nlq": "What are the amounts ordered by decreasing values of Import of Beverage or Dairy in 2019?"},
{"name": "template 14",
 "sql": "SELECT Category,Item FROM DBdata WHERE ((Year = '2019' AND Import_Export = 'Import')) AND Value < 585.95",
 "sqlResult": "{Dairy | Yoghurt} || {Beverage | Soda} || {Beverage | Juice}",
 "nlq": "What are the Category and Item for which the amount of Import in 2019 is lower than 585.95?"},
{"name": "template 15",
 "sql": "SELECT Category,Item,Value FROM DBdata WHERE ((Year = '2019' AND Import_Export = 'Export')) AND (Category,Item) IN (SELECT Category,Item FROM DBdata WHERE ((Year = '2019' AND Import_Export = 'Import')) AND Value < 585.95)",
 "sqlResult": "{Dairy | Yoghurt | 455} || {Beverage | Soda | 824} || {Beverage | Juice | 709}",
 "nlq": "What is the amount of Export in 2019 of Category and of Item for which the amount of Import in 2019 is lower than 585.95? Please, report the corresponding Category, Item, and amount of import-export."}]
}
