{
"filename": "Food_import-export_in_tons_set134_4_DB.csv",
"questions": [{"name": "template 1",
 "sql": "SELECT Value FROM DBdata WHERE ((AA = 'AAfz' AND BB = 'BBqr')) AND ((CC = 'CCfr' AND DD = 'DDfv'))",
 "sqlResult": "{909}",
 "nlq": "What is the amount of AAfz of DDfv in BBqr?"},
{"name": "template 2",
 "sql": "SELECT Value FROM DBdata WHERE ((AA = 'AAfz' AND BB = 'BBqr')) AND ((CC = 'CChq' AND DD = 'DDcz') OR (CC = 'CChq' AND DD = 'DDrx') OR (CC = 'CCfr' AND DD = 'DDfv'))",
 "sqlResult": "{860} || {745} || {909}",
 "nlq": "What is the amount of AAfz of DDcz, DDrx, or DDfv in BBqr?"},
{"name": "template 3",
 "sql": "SELECT Value FROM DBdata WHERE ((AA = 'AAfz' AND BB = 'BBqr') OR (AA = 'AAsy' AND BB = 'BBqr') OR (AA = 'AAfz' AND BB = 'BBqw') OR (AA = 'AAsy' AND BB = 'BBqw') OR (AA = 'AAfz' AND BB = 'BBgl') OR (AA = 'AAsy' AND BB = 'BBgl')) AND ((CC = 'CCfr' AND DD = 'DDfv'))",
 "sqlResult": "{909} || {208} || {961} || {521} || {28} || {664}",
 "nlq": "What is the amount of AAsy or AAfz of DDfv in BBqr, BBqw, or BBgl?"},
{"name": "template 4",
 "sql": "SELECT sum(Value),min(Value) FROM DBdata WHERE ((AA = 'AAfz' AND BB = 'BBqr') OR (AA = 'AAsy' AND BB = 'BBqr') OR (AA = 'AAfz' AND BB = 'BBqw') OR (AA = 'AAsy' AND BB = 'BBqw') OR (AA = 'AAfz' AND BB = 'BBgl') OR (AA = 'AAsy' AND BB = 'BBgl')) AND ((CC = 'CChq' AND DD = 'DDcz'))",
 "sqlResult": "{3059 | 20}",
 "nlq": "What are the total and minimum amounts of AAsy or AAfz of DDcz in BBqr, BBqw, or BBgl?"},
{"name": "template 5",
 "sql": "SELECT avg(Value) FROM DBdata WHERE AA = 'AAfz' AND (BB IN ('BBqr','BBqw','BBgl')) AND ((CC = 'CCfr' AND DD = 'DDdp'))",
 "sqlResult": "{520}",
 "nlq": "What is the average amount of AAfz of DDdp in BBqr, BBqw, or BBgl?"},
{"name": "template 6",
 "sql": "SELECT Value FROM DBdata WHERE ((AA = 'AAsy' AND BB = 'BBqr') OR (AA = 'AAfz' AND BB = 'BBgl')) AND ((CC = 'CChq' AND DD = 'DDcz') OR (CC = 'CChq' AND DD = 'DDrx') OR (CC = 'CCfr' AND DD = 'DDfv'))",
 "sqlResult": "{767} || {616} || {318} || {659} || {208} || {28}",
 "nlq": "What is the amount of AAsy of DDcz, DDrx, or DDfv in BBqr or of AAfz of DDcz, DDrx, or DDfv in BBgl?"},
{"name": "template 7",
 "sql": "SELECT max(Value),min(Value) FROM DBdata WHERE ((AA = 'AAfz' AND BB = 'BBqw')) AND ((CC = 'CChq' AND DD = 'DDrx') OR (CC = 'CCfr' AND DD = 'DDfv') OR (CC = 'CCfr' AND DD = 'DDdp'))",
 "sqlResult": "{961 | 678}",
 "nlq": "What are the maximum and minimum amounts of AAfz of DDrx, DDfv, or DDdp in BBqw?"},
{"name": "template 8",
 "sql": "SELECT AA,BB,min(Value),avg(Value) FROM DBdata WHERE ((AA = 'AAsy' AND BB = 'BBqr') OR (AA = 'AAfz' AND BB = 'BBqw') OR (AA = 'AAfz' AND BB = 'BBgl')) AND ((CC = 'CChq' AND DD = 'DDcz') OR (CC = 'CChq' AND DD = 'DDrx') OR (CC = 'CCfr' AND DD = 'DDdp')) GROUP BY AA,BB",
 "sqlResult": "{AAsy | BBqr | 318 | 617} || {AAfz | BBqw | 20 | 471.67} || {AAfz | BBgl | 509 | 594.67}",
 "nlq": "What are the minimum and average amounts for each AAfz-AAsy and BB, of AAsy of DDcz, DDrx, or DDdp in BBqr or of AAfz of DDcz, DDrx, or DDdp in BBqw or BBgl? Please, report the corresponding AAfz-AAsy and BB."},
{"name": "template 9",
 "sql": "SELECT min(Value) FROM DBdata WHERE ((AA = 'AAsy' AND BB = 'BBqw')) AND (CC IN ('CChq','CCfr')) GROUP BY CC",
 "sqlResult": "{237} || {306}",
 "nlq": "What is the minimum amount for each CC, of AAsy of CCfr or CChq in BBqw?"},
{"name": "template 10",
 "sql": "SELECT CC,sum(Value) FROM DBdata WHERE ((AA = 'AAsy' AND BB = 'BBqr')) AND (CC IN ('CChq','CCfr')) GROUP BY CC",
 "sqlResult": "{CCfr | 974} || {CChq | 1085}",
 "nlq": "What is the total amount for each CC, of AAsy of CCfr or CChq in BBqr? Please, report the corresponding CC."},
{"name": "template 11",
 "sql": "SELECT CC,AA,BB,sum(Value) FROM DBdata WHERE ((AA = 'AAfz' AND BB = 'BBqw') OR (AA = 'AAsy' AND BB = 'BBqw') OR (AA = 'AAsy' AND BB = 'BBgl')) AND (CC IN ('CChq','CCfr')) GROUP BY CC,AA,BB",
 "sqlResult": "{CCfr | AAsy | BBqw | 758} || {CCfr | AAsy | BBgl | 1277} || {CCfr | AAfz | BBqw | 1639} || {CChq | AAsy | BBqw | 690} || {CChq | AAsy | BBgl | 1479} || {CChq | AAfz | BBqw | 737}",
 "nlq": "What is the total amount for each CC, AAfz-AAsy, and BB, of AAsy or AAfz of CCfr or CChq in BBqw or of AAsy of CCfr or CChq in BBgl? Please, report the corresponding CC, AAfz-AAsy, and BB."},
{"name": "template 12",
 "sql": "SELECT Value FROM DBdata WHERE ((AA = 'AAfz' AND BB = 'BBgl')) AND (CC IN ('CChq','CCfr')) ORDER BY VALUE DESC LIMIT 3",
 "sqlResult": "{659} || {616} || {509}",
 "nlq": "What are the top 3 amounts of AAfz of CCfr or CChq in BBgl?"},
{"name": "template 13",
 "sql": "SELECT Value FROM DBdata WHERE ((AA = 'AAfz' AND BB = 'BBqr')) AND (CC IN ('CChq','CCfr')) ORDER BY VALUE ASC",
 "sqlResult": "{373} || {745} || {860} || {909}",
 "nlq": "What are the amounts ordered by increasing values of AAfz of CCfr or CChq in BBqr?"},
{"name": "template 14",
 "sql": "SELECT CC,DD FROM DBdata WHERE ((AA = 'AAsy' AND BB = 'BBqr')) AND Value < 555.75",
 "sqlResult": "{CChq | DDrx} || {CCfr | DDfv}",
 "nlq": "What are the CC and DD for which the amount of AAsy in BBqr is lower than 555.75?"},
{"name": "template 15",
 "sql": "SELECT CC,DD,Value FROM DBdata WHERE ((AA = 'AAfz' AND BB = 'BBqw')) AND (CC,DD) IN (SELECT CC,DD FROM DBdata WHERE ((AA = 'AAsy' AND BB = 'BBqr')) AND Value < 555.75)",
 "sqlResult": "{CChq | DDrx | 717} || {CCfr | DDfv | 961}",
 "nlq": "What is the amount of AAfz in BBqw of CC and of DD for which the amount of AAsy in BBqr is lower than 555.75? Please, report the corresponding CC, DD, and amount of import-export."}]
}

