{
"filename": "Weather_statistics_set9_5_DB.csv",
"questions": [{"name": "template 1",
 "sql": "SELECT Value FROM DBdata WHERE (AA IN ('AAcp')) AND ((BB = 'BBlr' AND CC = 'CCcv'))",
 "sqlResult": "{20}",
 "nlq": "How many days were there with CCcv BBlr in AAcp?"},
{"name": "template 2",
 "sql": "SELECT Value FROM DBdata WHERE (AA IN ('AAcp')) AND ((BB = 'BBdp' AND CC = 'CClv') OR (BB = 'BBdp' AND CC = 'CCns') OR (BB = 'BBdp' AND CC = 'CCry') OR (BB = 'BBmx' AND CC = 'CCkv') OR (BB = 'BBlr' AND CC = 'CCcv') OR (BB = 'BBlr' AND CC = 'CCwy') OR (BB = 'BBlr' AND CC = 'CCgs'))",
 "sqlResult": "{23} || {2} || {28} || {6} || {20} || {11} || {3}",
 "nlq": "How many days were there with CClv, CCns, or CCry BBdp, CCgs, CCcv, or CCwy BBlr, or CCkv BBmx in AAcp?"},
{"name": "template 3",
 "sql": "SELECT Value FROM DBdata WHERE (AA IN ('AAcp','AAnz')) AND ((BB = 'BBlr' AND CC = 'CCcv'))",
 "sqlResult": "{20} || {15}",
 "nlq": "How many days were there with CCcv BBlr in AAcp or AAnz?"},
{"name": "template 4",
 "sql": "SELECT sum(Value),avg(Value) FROM DBdata WHERE (AA IN ('AAjv','AAcp','AAnz')) AND ((BB = 'BBdp' AND CC = 'CCry'))",
 "sqlResult": "{49 | 16.33}",
 "nlq": "What are the total and average numbers of days with CCry BBdp in AAjv, AAcp, or AAnz?"},
{"name": "template 6",
 "sql": "SELECT Value FROM DBdata WHERE (AA IN ('AAjv','AAcp','AAnz')) AND ((BB = 'BBdp' AND CC = 'CClv') OR (BB = 'BBmx' AND CC = 'CCrw'))",
 "sqlResult": "{14} || {23} || {22} || {9} || {26} || {19}",
 "nlq": "How many days were there with CClv BBdp or CCrw BBmx in AAjv, AAcp, or AAnz?"},
{"name": "template 7",
 "sql": "SELECT min(Value),avg(Value) FROM DBdata WHERE (AA IN ('AAcp')) AND ((BB = 'BBdp' AND CC = 'CClv') OR (BB = 'BBdp' AND CC = 'CCns') OR (BB = 'BBdp' AND CC = 'CCry'))",
 "sqlResult": "{2 | 17.67}",
 "nlq": "What are the minimum and average numbers of days with CClv, CCns, or CCry BBdp in AAcp?"},
{"name": "template 8",
 "sql": "SELECT AA,min(Value),max(Value) FROM DBdata WHERE (AA IN ('AAjv','AAnz')) AND ((BB = 'BBdp' AND CC = 'CClv') OR (BB = 'BBdp' AND CC = 'CCns')) GROUP BY AA",
 "sqlResult": "{AAjv | 14 | 21} || {AAnz | 10 | 22}",
 "nlq": "What are the minimum and maximum numbers of days for each AA, with CClv or CCns BBdp in AAjv or AAnz? Please, report the corresponding AA."},
{"name": "template 9",
 "sql": "SELECT min(Value) FROM DBdata WHERE (AA IN ('AAnz')) AND (BB IN ('BBdp','BBmx','BBlr')) GROUP BY BB",
 "sqlResult": "{0} || {5} || {7}",
 "nlq": "What is the minimum number of days for each BB, with BBlr, BBdp, or BBmx in AAnz?"},
{"name": "template 10",
 "sql": "SELECT BB,avg(Value) FROM DBdata WHERE (AA IN ('AAcp')) AND (BB IN ('BBdp','BBmx','BBlr')) GROUP BY BB",
 "sqlResult": "{BBlr | 11.33} || {BBdp | 17.67} || {BBmx | 16}",
 "nlq": "What is the average number of days for each BB, with BBlr, BBdp, or BBmx in AAcp? Please, report the corresponding BB."},
{"name": "template 11",
 "sql": "SELECT BB,AA,max(Value) FROM DBdata WHERE (AA IN ('AAjv','AAcp','AAnz')) AND (BB IN ('BBdp','BBmx','BBlr')) GROUP BY BB,AA",
 "sqlResult": "{BBlr | AAjv | 27} || {BBlr | AAcp | 20} || {BBlr | AAnz | 18} || {BBdp | AAjv | 21} || {BBdp | AAcp | 28} || {BBdp | AAnz | 22} || {BBmx | AAjv | 12} || {BBmx | AAcp | 26} || {BBmx | AAnz | 19}",
 "nlq": "What is the maximum number of days for each BB and AA, with BBlr, BBdp, or BBmx in AAjv, AAcp, or AAnz? Please, report the corresponding BB and AA."},
{"name": "template 12",
 "sql": "SELECT Value FROM DBdata WHERE (AA IN ('AAjv')) AND (BB IN ('BBdp','BBlr')) ORDER BY VALUE ASC LIMIT 2",
 "sqlResult": "{4} || {8}",
 "nlq": "What are the smallest 2 numbers of days with BBlr or BBdp in AAjv?"},
{"name": "template 13",
 "sql": "SELECT Value FROM DBdata WHERE (AA IN ('AAjv')) AND (BB IN ('BBmx','BBlr')) ORDER BY VALUE ASC",
 "sqlResult": "{4} || {8} || {9} || {12} || {27}",
 "nlq": "What are the numbers of days ordered by ascending values with BBlr or BBmx in AAjv?"},
{"name": "template 14",
 "sql": "SELECT BB,CC FROM DBdata WHERE (AA IN ('AAjv')) AND Value > 13.58",
 "sqlResult": "{BBdp | CClv} || {BBdp | CCns} || {BBdp | CCry} || {BBlr | CCwy}",
 "nlq": "What are the BB and CC for which the number of days in AAjv is greater than 13.58?"},
{"name": "template 15",
 "sql": "SELECT BB,CC,Value FROM DBdata WHERE (AA IN ('AAcp')) AND (BB,CC) IN (SELECT BB,CC FROM DBdata WHERE (AA IN ('AAjv')) AND Value > 13.58)",
 "sqlResult": "{BBdp | CClv | 23} || {BBdp | CCns | 2} || {BBdp | CCry | 28} || {BBlr | CCwy | 11}",
 "nlq": "How many days were there in AAcp with BB and with CC for which the number of days in AAjv is greater than 13.58? Please, report the corresponding BB, CC, and number of days."}]
}

