{
"filename": "Weather_statistics_set8_4_DB.csv",
"questions": [{"name": "template 1",
 "sql": "SELECT Value FROM DBdata WHERE (AA IN ('AAjp')) AND ((BB = 'BBhj' AND CC = 'CCmx'))",
 "sqlResult": "{2}",
 "nlq": "How many days were there with CCmx BBhj in AAjp?"},
{"name": "template 2",
 "sql": "SELECT Value FROM DBdata WHERE (AA IN ('AAlq')) AND ((BB = 'BBfs' AND CC = 'CCvy') OR (BB = 'BBfs' AND CC = 'CChq') OR (BB = 'BBhj' AND CC = 'CCck'))",
 "sqlResult": "{5} || {0} || {20}",
 "nlq": "How many days were there with CCvy or CChq BBfs or CCck BBhj in AAlq?"},
{"name": "template 3",
 "sql": "SELECT Value FROM DBdata WHERE (AA IN ('AAjp')) AND ((BB = 'BBhj' AND CC = 'CCmx'))",
 "sqlResult": "{2}",
 "nlq": "How many days were there with CCmx BBhj in AAjp?"},
{"name": "template 4",
 "sql": "SELECT sum(Value),min(Value) FROM DBdata WHERE (AA IN ('AAjp','AAlq')) AND ((BB = 'BBfs' AND CC = 'CChr'))",
 "sqlResult": "{27 | 9}",
 "nlq": "What are the total and minimum numbers of days with CChr BBfs in AAjp or AAlq?"},
{"name": "template 6",
 "sql": "SELECT Value FROM DBdata WHERE (AA IN ('AAjp','AAlq')) AND ((BB = 'BBfs' AND CC = 'CCvy') OR (BB = 'BBhj' AND CC = 'CCmx') OR (BB = 'BBhj' AND CC = 'CCck'))",
 "sqlResult": "{27} || {5} || {2} || {11} || {10} || {20}",
 "nlq": "How many days were there with CCvy BBfs or CCck or CCmx BBhj in AAjp or AAlq?"},
{"name": "template 7",
 "sql": "SELECT min(Value),max(Value) FROM DBdata WHERE (AA IN ('AAlq')) AND ((BB = 'BBfs' AND CC = 'CChr') OR (BB = 'BBfs' AND CC = 'CCvy') OR (BB = 'BBfs' AND CC = 'CChq') OR (BB = 'BBhj' AND CC = 'CCmx') OR (BB = 'BBhj' AND CC = 'CCck'))",
 "sqlResult": "{0 | 20}",
 "nlq": "What are the minimum and maximum numbers of days with CChr, CCvy, or CChq BBfs or CCck or CCmx BBhj in AAlq?"},
{"name": "template 8",
 "sql": "SELECT AA,sum(Value),avg(Value) FROM DBdata WHERE (AA IN ('AAjp')) AND ((BB = 'BBfs' AND CC = 'CChr') OR (BB = 'BBfs' AND CC = 'CCvy') OR (BB = 'BBfs' AND CC = 'CChq')) GROUP BY AA",
 "sqlResult": "{AAjp | 52 | 17.33}",
 "nlq": "What are the total and average numbers of days for each AA, with CChr, CCvy, or CChq BBfs in AAjp? Please, report the corresponding AA."},
{"name": "template 9",
 "sql": "SELECT min(Value) FROM DBdata WHERE (AA IN ('AAjp')) AND (BB IN ('BBfs','BBhj')) GROUP BY BB",
 "sqlResult": "{9} || {2}",
 "nlq": "What is the minimum number of days for each BB, with BBfs or BBhj in AAjp?"},
{"name": "template 10",
 "sql": "SELECT BB,max(Value) FROM DBdata WHERE (AA IN ('AAlq')) AND (BB IN ('BBfs','BBhj')) GROUP BY BB",
 "sqlResult": "{BBfs | 18} || {BBhj | 20}",
 "nlq": "What is the maximum number of days for each BB, with BBfs or BBhj in AAlq? Please, report the corresponding BB."},
{"name": "template 11",
 "sql": "SELECT BB,AA,avg(Value) FROM DBdata WHERE (AA IN ('AAjp','AAlq')) AND (BB IN ('BBfs','BBhj')) GROUP BY BB,AA",
 "sqlResult": "{BBfs | AAjp | 17.33} || {BBfs | AAlq | 7.67} || {BBhj | AAjp | 6} || {BBhj | AAlq | 15.5}",
 "nlq": "What is the average number of days for each BB and AA, with BBfs or BBhj in AAjp or AAlq? Please, report the corresponding BB and AA."},
{"name": "template 12",
 "sql": "SELECT Value FROM DBdata WHERE (AA IN ('AAjp')) AND (BB IN ('BBfs','BBhj')) ORDER BY VALUE DESC LIMIT 2",
 "sqlResult": "{27} || {16}",
 "nlq": "What are the largest 2 numbers of days with BBfs or BBhj in AAjp?"},
{"name": "template 13",
 "sql": "SELECT Value FROM DBdata WHERE (AA IN ('AAlq')) AND (BB IN ('BBfs','BBhj')) ORDER BY VALUE DESC",
 "sqlResult": "{20} || {18} || {11} || {5} || {0}",
 "nlq": "What are the numbers of days ordered by descending values with BBfs or BBhj in AAlq?"},
{"name": "template 14",
 "sql": "SELECT BB,CC FROM DBdata WHERE (AA IN ('AAlq')) AND Value > 11.8",
 "sqlResult": "{BBfs | CChr} || {BBhj | CCck}",
 "nlq": "What are the BB and CC for which the number of days in AAlq is greater than 11.8?"},
{"name": "template 15",
 "sql": "SELECT BB,CC,Value FROM DBdata WHERE (AA IN ('AAjp')) AND (BB,CC) IN (SELECT BB,CC FROM DBdata WHERE (AA IN ('AAlq')) AND Value > 11.8)",
 "sqlResult": "{BBfs | CChr | 9} || {BBhj | CCck | 10}",
 "nlq": "How many days were there in AAjp with BB and with CC for which the number of days in AAlq is greater than 11.8? Please, report the corresponding BB, CC, and number of days."}]
}

