{
"filename": "Weather_statistics_set8_2_DB.csv",
"questions": [{"name": "template 1",
 "sql": "SELECT Value FROM DBdata WHERE (AA IN ('AAdv')) AND ((BB = 'BBjk' AND CC = 'CCbq'))",
 "sqlResult": "{28}",
 "nlq": "How many days were there with CCbq BBjk in AAdv?"},
{"name": "template 2",
 "sql": "SELECT Value FROM DBdata WHERE (AA IN ('AAdm')) AND ((BB = 'BBdh' AND CC = 'CCyz') OR (BB = 'BBdh' AND CC = 'CChy'))",
 "sqlResult": "{2} || {25}",
 "nlq": "How many days were there with CCyz or CChy BBdh in AAdm?"},
{"name": "template 3",
 "sql": "SELECT Value FROM DBdata WHERE (AA IN ('AAnz','AAdv','AAdm')) AND ((BB = 'BBjk' AND CC = 'CCvz'))",
 "sqlResult": "{17} || {9} || {16}",
 "nlq": "How many days were there with CCvz BBjk in AAnz, AAdv, or AAdm?"},
{"name": "template 4",
 "sql": "SELECT avg(Value),sum(Value) FROM DBdata WHERE (AA IN ('AAnz','AAdv','AAdm')) AND ((BB = 'BBdh' AND CC = 'CCyz'))",
 "sqlResult": "{8.67 | 26}",
 "nlq": "What are the average and total numbers of days with CCyz BBdh in AAnz, AAdv, or AAdm?"},
{"name": "template 6",
 "sql": "SELECT Value FROM DBdata WHERE (AA IN ('AAnz','AAdv','AAdm')) AND ((BB = 'BBjk' AND CC = 'CCns') OR (BB = 'BBjk' AND CC = 'CCvz') OR (BB = 'BBjs' AND CC = 'CCpt') OR (BB = 'BBdh' AND CC = 'CCbv'))",
 "sqlResult": "{8} || {21} || {14} || {17} || {9} || {16} || {0} || {1} || {26} || {22} || {5} || {3}",
 "nlq": "How many days were there with CCns or CCvz BBjk, CCpt BBjs, or CCbv BBdh in AAnz, AAdv, or AAdm?"},
{"name": "template 7",
 "sql": "SELECT sum(Value),min(Value) FROM DBdata WHERE (AA IN ('AAdm')) AND ((BB = 'BBjk' AND CC = 'CCns') OR (BB = 'BBjk' AND CC = 'CCvz') OR (BB = 'BBjk' AND CC = 'CCbq') OR (BB = 'BBjs' AND CC = 'CCgh') OR (BB = 'BBjs' AND CC = 'CCpt'))",
 "sqlResult": "{72 | 4}",
 "nlq": "What are the total and minimum numbers of days with CCns, CCvz, or CCbq BBjk or CCpt or CCgh BBjs in AAdm?"},
{"name": "template 8",
 "sql": "SELECT AA,avg(Value),min(Value) FROM DBdata WHERE (AA IN ('AAdv','AAdm')) AND ((BB = 'BBjk' AND CC = 'CCvz') OR (BB = 'BBjk' AND CC = 'CCbq') OR (BB = 'BBjs' AND CC = 'CCgh') OR (BB = 'BBdh' AND CC = 'CCyz') OR (BB = 'BBdh' AND CC = 'CChy')) GROUP BY AA",
 "sqlResult": "{AAdv | 15.2 | 9} || {AAdm | 11.8 | 2}",
 "nlq": "What are the average and minimum numbers of days for each AA, with CCvz or CCbq BBjk, CCgh BBjs, or CCyz or CChy BBdh in AAdv or AAdm? Please, report the corresponding AA."},
{"name": "template 9",
 "sql": "SELECT min(Value) FROM DBdata WHERE (AA IN ('AAdm')) AND (BB IN ('BBjk','BBjs','BBdh')) GROUP BY BB",
 "sqlResult": "{2} || {4} || {12}",
 "nlq": "What is the minimum number of days for each BB, with BBdh, BBjk, or BBjs in AAdm?"},
{"name": "template 10",
 "sql": "SELECT BB,avg(Value) FROM DBdata WHERE (AA IN ('AAnz')) AND (BB IN ('BBjk','BBjs','BBdh')) GROUP BY BB",
 "sqlResult": "{BBdh | 13.67} || {BBjk | 10.67} || {BBjs | 10}",
 "nlq": "What is the average number of days for each BB, with BBdh, BBjk, or BBjs in AAnz? Please, report the corresponding BB."},
{"name": "template 11",
 "sql": "SELECT BB,AA,sum(Value) FROM DBdata WHERE (AA IN ('AAnz','AAdv')) AND (BB IN ('BBjk','BBjs','BBdh')) GROUP BY BB,AA",
 "sqlResult": "{BBdh | AAnz | 41} || {BBdh | AAdv | 34} || {BBjk | AAnz | 32} || {BBjk | AAdv | 58} || {BBjs | AAnz | 20} || {BBjs | AAdv | 11}",
 "nlq": "What is the total number of days for each BB and AA, with BBdh, BBjk, or BBjs in AAnz or AAdv? Please, report the corresponding BB and AA."},
{"name": "template 12",
 "sql": "SELECT Value FROM DBdata WHERE (AA IN ('AAdv')) AND (BB IN ('BBjk','BBdh')) ORDER BY VALUE DESC LIMIT 2",
 "sqlResult": "{28} || {21}",
 "nlq": "What are the largest 2 numbers of days with BBdh or BBjk in AAdv?"},
{"name": "template 13",
 "sql": "SELECT Value FROM DBdata WHERE (AA IN ('AAdm')) AND (BB IN ('BBjs','BBdh')) ORDER BY VALUE ASC",
 "sqlResult": "{2} || {3} || {12} || {25} || {26}",
 "nlq": "What are the numbers of days ordered by ascending values with BBdh or BBjs in AAdm?"},
{"name": "template 14",
 "sql": "SELECT BB,CC FROM DBdata WHERE (AA IN ('AAdm')) AND Value > 12.42",
 "sqlResult": "{BBjk | CCns} || {BBjk | CCvz} || {BBjs | CCpt} || {BBdh | CChy}",
 "nlq": "What are the BB and CC for which the number of days in AAdm is greater than 12.42?"},
{"name": "template 15",
 "sql": "SELECT BB,CC,Value FROM DBdata WHERE (AA IN ('AAdv')) AND (BB,CC) IN (SELECT BB,CC FROM DBdata WHERE (AA IN ('AAdm')) AND Value > 12.42)",
 "sqlResult": "{BBjk | CCns | 21} || {BBjk | CCvz | 9} || {BBjs | CCpt | 1} || {BBdh | CChy | 11}",
 "nlq": "How many days were there in AAdv with BB and with CC for which the number of days in AAdm is greater than 12.42? Please, report the corresponding BB, CC, and number of days."}]
}

