{
"filename": "Weather_statistics_set5_2_DB.csv",
"questions": [{"name": "template 1",
 "sql": "SELECT Value FROM DBdata WHERE (AA IN ('AAqv')) AND ((BB = 'BBwx' AND CC = 'CCcz'))",
 "sqlResult": "{21}",
 "nlq": "How many days were there with CCcz BBwx in AAqv?"},
{"name": "template 2",
 "sql": "SELECT Value FROM DBdata WHERE (AA IN ('AAqv')) AND ((BB = 'BBlw' AND CC = 'CCjp') OR (BB = 'BBry' AND CC = 'CCtz'))",
 "sqlResult": "{8} || {18}",
 "nlq": "How many days were there with CCjp BBlw or CCtz BBry in AAqv?"},
{"name": "template 3",
 "sql": "SELECT Value FROM DBdata WHERE (AA IN ('AAqv')) AND ((BB = 'BBwx' AND CC = 'CCms'))",
 "sqlResult": "{14}",
 "nlq": "How many days were there with CCms BBwx in AAqv?"},
{"name": "template 4",
 "sql": "SELECT sum(Value),min(Value) FROM DBdata WHERE (AA IN ('AAqv','AAnw')) AND ((BB = 'BBlw' AND CC = 'CCjp'))",
 "sqlResult": "{30 | 8}",
 "nlq": "What are the total and minimum numbers of days with CCjp BBlw in AAqv or AAnw?"},
{"name": "template 6",
 "sql": "SELECT Value FROM DBdata WHERE (AA IN ('AAqv','AAnw')) AND ((BB = 'BBlw' AND CC = 'CCbk') OR (BB = 'BBlw' AND CC = 'CCrx') OR (BB = 'BBwx' AND CC = 'CCrv'))",
 "sqlResult": "{19} || {24} || {28} || {2} || {25} || {11}",
 "nlq": "How many days were there with CCbk or CCrx BBlw or CCrv BBwx in AAqv or AAnw?"},
{"name": "template 7",
 "sql": "SELECT avg(Value),min(Value) FROM DBdata WHERE (AA IN ('AAqv')) AND ((BB = 'BBlw' AND CC = 'CCrx') OR (BB = 'BBwx' AND CC = 'CCrv') OR (BB = 'BBry' AND CC = 'CCtz') OR (BB = 'BBry' AND CC = 'CCdl'))",
 "sqlResult": "{23.5 | 18}",
 "nlq": "What are the average and minimum numbers of days with CCrx BBlw, CCtz or CCdl BBry, or CCrv BBwx in AAqv?"},
{"name": "template 8",
 "sql": "SELECT AA,min(Value),max(Value) FROM DBdata WHERE (AA IN ('AAqv','AAnw')) AND ((BB = 'BBlw' AND CC = 'CCbk') OR (BB = 'BBlw' AND CC = 'CCrx') OR (BB = 'BBwx' AND CC = 'CCms') OR (BB = 'BBwx' AND CC = 'CCrv')) GROUP BY AA",
 "sqlResult": "{AAqv | 14 | 28} || {AAnw | 2 | 24}",
 "nlq": "What are the minimum and maximum numbers of days for each AA, with CCbk or CCrx BBlw or CCms or CCrv BBwx in AAqv or AAnw? Please, report the corresponding AA."},
{"name": "template 9",
 "sql": "SELECT min(Value) FROM DBdata WHERE (AA IN ('AAqv')) AND (BB IN ('BBlw','BBwx','BBry')) GROUP BY BB",
 "sqlResult": "{6} || {8} || {14}",
 "nlq": "What is the minimum number of days for each BB, with BBry, BBlw, or BBwx in AAqv?"},
{"name": "template 10",
 "sql": "SELECT BB,max(Value) FROM DBdata WHERE (AA IN ('AAqv')) AND (BB IN ('BBlw','BBwx','BBry')) GROUP BY BB",
 "sqlResult": "{BBry | 23} || {BBlw | 28} || {BBwx | 25}",
 "nlq": "What is the maximum number of days for each BB, with BBry, BBlw, or BBwx in AAqv? Please, report the corresponding BB."},
{"name": "template 11",
 "sql": "SELECT BB,AA,max(Value) FROM DBdata WHERE (AA IN ('AAqv')) AND (BB IN ('BBlw','BBwx','BBry')) GROUP BY BB,AA",
 "sqlResult": "{BBry | AAqv | 23} || {BBlw | AAqv | 28} || {BBwx | AAqv | 25}",
 "nlq": "What is the maximum number of days for each BB and AA, with BBry, BBlw, or BBwx in AAqv? Please, report the corresponding BB and AA."},
{"name": "template 12",
 "sql": "SELECT Value FROM DBdata WHERE (AA IN ('AAnw')) AND (BB IN ('BBlw','BBwx')) ORDER BY VALUE ASC LIMIT 4",
 "sqlResult": "{2} || {3} || {4} || {11}",
 "nlq": "What are the smallest 4 numbers of days with BBlw or BBwx in AAnw?"},
{"name": "template 13",
 "sql": "SELECT Value FROM DBdata WHERE (AA IN ('AAnw')) AND (BB IN ('BBwx','BBry')) ORDER BY VALUE DESC",
 "sqlResult": "{27} || {11} || {9} || {7} || {4} || {3}",
 "nlq": "What are the numbers of days ordered by descending values with BBry or BBwx in AAnw?"},
{"name": "template 14",
 "sql": "SELECT BB,CC FROM DBdata WHERE (AA IN ('AAnw')) AND Value > 15.06",
 "sqlResult": "{BBlw | CCbk} || {BBlw | CCjp} || {BBry | CCcr}",
 "nlq": "What are the BB and CC for which the number of days in AAnw is greater than 15.06?"},
{"name": "template 15",
 "sql": "SELECT BB,CC,Value FROM DBdata WHERE (AA IN ('AAqv')) AND (BB,CC) IN (SELECT BB,CC FROM DBdata WHERE (AA IN ('AAnw')) AND Value > 15.06)",
 "sqlResult": "{BBlw | CCbk | 19} || {BBlw | CCjp | 8} || {BBry | CCcr | 6}",
 "nlq": "How many days were there in AAqv with BB and with CC for which the number of days in AAnw is greater than 15.06? Please, report the corresponding BB, CC, and number of days."}]
}

