{
"filename": "Weather_statistics_set8_4_DB.csv",
"questions": [{"name": "template 1",
 "sql": "SELECT Value FROM DBdata WHERE (Year IN ('2021')) AND ((Characteristic = 'Wind' AND Intensity = 'Calm'))",
 "sqlResult": "{2}",
 "nlq": "How many days were there with Calm Wind in 2021?"},
{"name": "template 2",
 "sql": "SELECT Value FROM DBdata WHERE (Year IN ('2022')) AND ((Characteristic = 'Temperature' AND Intensity = '11-20') OR (Characteristic = 'Temperature' AND Intensity = '21-30') OR (Characteristic = 'Wind' AND Intensity = 'Breeze'))",
 "sqlResult": "{5} || {0} || {20}",
 "nlq": "How many days were there with 11-20 or 21-30 Temperature or Breeze Wind in 2022?"},
{"name": "template 3",
 "sql": "SELECT Value FROM DBdata WHERE (Year IN ('2021')) AND ((Characteristic = 'Wind' AND Intensity = 'Calm'))",
 "sqlResult": "{2}",
 "nlq": "How many days were there with Calm Wind in 2021?"},
{"name": "template 4",
 "sql": "SELECT sum(Value),min(Value) FROM DBdata WHERE (Year IN ('2021','2022')) AND ((Characteristic = 'Temperature' AND Intensity = '0-10'))",
 "sqlResult": "{27 | 9}",
 "nlq": "What are the total and minimum numbers of days with 0-10 Temperature in 2021 or 2022?"},
{"name": "template 6",
 "sql": "SELECT Value FROM DBdata WHERE (Year IN ('2021','2022')) AND ((Characteristic = 'Temperature' AND Intensity = '11-20') OR (Characteristic = 'Wind' AND Intensity = 'Calm') OR (Characteristic = 'Wind' AND Intensity = 'Breeze'))",
 "sqlResult": "{27} || {5} || {2} || {11} || {10} || {20}",
 "nlq": "How many days were there with 11-20 Temperature or Breeze or Calm Wind in 2021 or 2022?"},
{"name": "template 7",
 "sql": "SELECT min(Value),max(Value) FROM DBdata WHERE (Year IN ('2022')) AND ((Characteristic = 'Temperature' AND Intensity = '0-10') OR (Characteristic = 'Temperature' AND Intensity = '11-20') OR (Characteristic = 'Temperature' AND Intensity = '21-30') OR (Characteristic = 'Wind' AND Intensity = 'Calm') OR (Characteristic = 'Wind' AND Intensity = 'Breeze'))",
 "sqlResult": "{0 | 20}",
 "nlq": "What are the minimum and maximum numbers of days with 0-10, 11-20, or 21-30 Temperature or Breeze or Calm Wind in 2022?"},
{"name": "template 8",
 "sql": "SELECT Year,sum(Value),avg(Value) FROM DBdata WHERE (Year IN ('2021')) AND ((Characteristic = 'Temperature' AND Intensity = '0-10') OR (Characteristic = 'Temperature' AND Intensity = '11-20') OR (Characteristic = 'Temperature' AND Intensity = '21-30')) GROUP BY Year",
 "sqlResult": "{2021 | 52 | 17.33}",
 "nlq": "What are the total and average numbers of days for each Year, with 0-10, 11-20, or 21-30 Temperature in 2021? Please, report the corresponding Year."},
{"name": "template 9",
 "sql": "SELECT min(Value) FROM DBdata WHERE (Year IN ('2021')) AND (Characteristic IN ('Temperature','Wind')) GROUP BY Characteristic",
 "sqlResult": "{9} || {2}",
 "nlq": "What is the minimum number of days for each Characteristic, with Temperature or Wind in 2021?"},
{"name": "template 10",
 "sql": "SELECT Characteristic,max(Value) FROM DBdata WHERE (Year IN ('2022')) AND (Characteristic IN ('Temperature','Wind')) GROUP BY Characteristic",
 "sqlResult": "{Temperature | 18} || {Wind | 20}",
 "nlq": "What is the maximum number of days for each Characteristic, with Temperature or Wind in 2022? Please, report the corresponding Characteristic."},
{"name": "template 11",
 "sql": "SELECT Characteristic,Year,avg(Value) FROM DBdata WHERE (Year IN ('2021','2022')) AND (Characteristic IN ('Temperature','Wind')) GROUP BY Characteristic,Year",
 "sqlResult": "{Temperature | 2021 | 17.33} || {Temperature | 2022 | 7.67} || {Wind | 2021 | 6} || {Wind | 2022 | 15.5}",
 "nlq": "What is the average number of days for each Characteristic and Year, with Temperature or Wind in 2021 or 2022? Please, report the corresponding Characteristic and Year."},
{"name": "template 12",
 "sql": "SELECT Value FROM DBdata WHERE (Year IN ('2021')) AND (Characteristic IN ('Temperature','Wind')) ORDER BY VALUE DESC LIMIT 2",
 "sqlResult": "{27} || {16}",
 "nlq": "What are the largest 2 numbers of days with Temperature or Wind in 2021?"},
{"name": "template 13",
 "sql": "SELECT Value FROM DBdata WHERE (Year IN ('2022')) AND (Characteristic IN ('Temperature','Wind')) ORDER BY VALUE DESC",
 "sqlResult": "{20} || {18} || {11} || {5} || {0}",
 "nlq": "What are the numbers of days ordered by descending values with Temperature or Wind in 2022?"},
{"name": "template 14",
 "sql": "SELECT Characteristic,Intensity FROM DBdata WHERE (Year IN ('2022')) AND Value > 11.8",
 "sqlResult": "{Temperature | 0-10} || {Wind | Breeze}",
 "nlq": "What are the Characteristic and Intensity for which the number of days in 2022 is greater than 11.8?"},
{"name": "template 15",
 "sql": "SELECT Characteristic,Intensity,Value FROM DBdata WHERE (Year IN ('2021')) AND (Characteristic,Intensity) IN (SELECT Characteristic,Intensity FROM DBdata WHERE (Year IN ('2022')) AND Value > 11.8)",
 "sqlResult": "{Temperature | 0-10 | 9} || {Wind | Breeze | 10}",
 "nlq": "How many days were there in 2021 with Characteristic and with Intensity for which the number of days in 2022 is greater than 11.8? Please, report the corresponding Characteristic, Intensity, and number of days."}]
}
