{
"filename": "Weather_statistics_set2_1_DB.csv",
"questions": [{"name": "template 1",
 "sql": "SELECT Value FROM DBdata WHERE (Year IN ('2020')) AND ((Characteristic = 'Humidity' AND Intensity = 'High'))",
 "sqlResult": "{20}",
 "nlq": "How many days were there with High Humidity in 2020?"},
{"name": "template 2",
 "sql": "SELECT Value FROM DBdata WHERE (Year IN ('2019')) AND ((Characteristic = 'Temperature' AND Intensity = '11-20') OR (Characteristic = 'Temperature' AND Intensity = '21-30') OR (Characteristic = 'Temperature' AND Intensity = '31-40') OR (Characteristic = 'Wind' AND Intensity = 'Breeze') OR (Characteristic = 'Wind' AND Intensity = 'Storm') OR (Characteristic = 'Humidity' AND Intensity = 'Low') OR (Characteristic = 'Humidity' AND Intensity = 'Medium') OR (Characteristic = 'Humidity' AND Intensity = 'High'))",
 "sqlResult": "{5} || {14} || {25} || {3} || {1} || {22} || {8} || {26}",
 "nlq": "How many days were there with 11-20, 21-30, or 31-40 Temperature, Breeze or Storm Wind, or High, Low, or Medium Humidity in 2019?"},
{"name": "template 3",
 "sql": "SELECT Value FROM DBdata WHERE (Year IN ('2019','2020')) AND ((Characteristic = 'Temperature' AND Intensity = '11-20'))",
 "sqlResult": "{5} || {11}",
 "nlq": "How many days were there with 11-20 Temperature in 2019 or 2020?"},
{"name": "template 4",
 "sql": "SELECT min(Value),avg(Value) FROM DBdata WHERE (Year IN ('2019','2020')) AND ((Characteristic = 'Temperature' AND Intensity = '21-30'))",
 "sqlResult": "{14 | 15.5}",
 "nlq": "What are the minimum and average numbers of days with 21-30 Temperature in 2019 or 2020?"},
{"name": "template 6",
 "sql": "SELECT Value FROM DBdata WHERE (Year IN ('2020')) AND ((Characteristic = 'Wind' AND Intensity = 'Storm') OR (Characteristic = 'Humidity' AND Intensity = 'Low'))",
 "sqlResult": "{13} || {7}",
 "nlq": "How many days were there with Low Humidity or Storm Wind in 2020?"},
{"name": "template 7",
 "sql": "SELECT min(Value),sum(Value) FROM DBdata WHERE (Year IN ('2020')) AND ((Characteristic = 'Temperature' AND Intensity = '11-20') OR (Characteristic = 'Temperature' AND Intensity = '31-40') OR (Characteristic = 'Wind' AND Intensity = 'Breeze') OR (Characteristic = 'Humidity' AND Intensity = 'Low') OR (Characteristic = 'Humidity' AND Intensity = 'High'))",
 "sqlResult": "{7 | 84}",
 "nlq": "What are the minimum and total numbers of days with 11-20 or 31-40 Temperature, Breeze Wind, or High or Low Humidity in 2020?"},
{"name": "template 8",
 "sql": "SELECT Year,min(Value),max(Value) FROM DBdata WHERE (Year IN ('2020')) AND ((Characteristic = 'Temperature' AND Intensity = '21-30') OR (Characteristic = 'Humidity' AND Intensity = 'Low') OR (Characteristic = 'Humidity' AND Intensity = 'Medium') OR (Characteristic = 'Humidity' AND Intensity = 'High')) GROUP BY Year",
 "sqlResult": "{2020 | 7 | 20}",
 "nlq": "What are the minimum and maximum numbers of days for each Year, with 21-30 Temperature or High, Low, or Medium Humidity in 2020? Please, report the corresponding Year."},
{"name": "template 9",
 "sql": "SELECT min(Value) FROM DBdata WHERE (Year IN ('2019')) AND (Characteristic IN ('Temperature','Wind','Humidity')) GROUP BY Characteristic",
 "sqlResult": "{8} || {5} || {1}",
 "nlq": "What is the minimum number of days for each Characteristic, with Humidity, Temperature, or Wind in 2019?"},
{"name": "template 10",
 "sql": "SELECT Characteristic,max(Value) FROM DBdata WHERE (Year IN ('2019')) AND (Characteristic IN ('Temperature','Wind','Humidity')) GROUP BY Characteristic",
 "sqlResult": "{Humidity | 26} || {Temperature | 25} || {Wind | 3}",
 "nlq": "What is the maximum number of days for each Characteristic, with Humidity, Temperature, or Wind in 2019? Please, report the corresponding Characteristic."},
{"name": "template 11",
 "sql": "SELECT Characteristic,Year,sum(Value) FROM DBdata WHERE (Year IN ('2019')) AND (Characteristic IN ('Temperature','Wind','Humidity')) GROUP BY Characteristic,Year",
 "sqlResult": "{Humidity | 2019 | 56} || {Temperature | 2019 | 44} || {Wind | 2019 | 4}",
 "nlq": "What is the total number of days for each Characteristic and Year, with Humidity, Temperature, or Wind in 2019? Please, report the corresponding Characteristic and Year."},
{"name": "template 12",
 "sql": "SELECT Value FROM DBdata WHERE (Year IN ('2020')) AND (Characteristic IN ('Temperature','Humidity')) ORDER BY VALUE DESC LIMIT 4",
 "sqlResult": "{27} || {20} || {17} || {11}",
 "nlq": "What are the largest 4 numbers of days with Humidity or Temperature in 2020?"},
{"name": "template 13",
 "sql": "SELECT Value FROM DBdata WHERE (Year IN ('2020')) AND (Characteristic IN ('Temperature','Humidity')) ORDER BY VALUE ASC",
 "sqlResult": "{7} || {9} || {11} || {17} || {20} || {27}",
 "nlq": "What are the numbers of days ordered by ascending values with Humidity or Temperature in 2020?"},
{"name": "template 14",
 "sql": "SELECT Characteristic,Intensity FROM DBdata WHERE (Year IN ('2019')) AND Value > 14.19",
 "sqlResult": "{Temperature | 31-40} || {Humidity | Low} || {Humidity | High}",
 "nlq": "What are the Characteristic and Intensity for which the number of days in 2019 is greater than 14.19?"},
{"name": "template 15",
 "sql": "SELECT Characteristic,Intensity,Value FROM DBdata WHERE (Year IN ('2020')) AND (Characteristic,Intensity) IN (SELECT Characteristic,Intensity FROM DBdata WHERE (Year IN ('2019')) AND Value > 14.19)",
 "sqlResult": "{Temperature | 31-40 | 27} || {Humidity | Low | 7} || {Humidity | High | 20}",
 "nlq": "How many days were there in 2020 with Characteristic and with Intensity for which the number of days in 2019 is greater than 14.19? Please, report the corresponding Characteristic, Intensity, and number of days."}]
}
