{
"filename": "Weather_statistics_set8_5_DB.csv",
"questions": [{"name": "template 1",
 "sql": "SELECT Value FROM DBdata WHERE (AA IN ('AAmr')) AND ((BB = 'BBxz' AND CC = 'CChk'))",
 "sqlResult": "{13}",
 "nlq": "How many days were there with CChk BBxz in AAmr?"},
{"name": "template 2",
 "sql": "SELECT Value FROM DBdata WHERE (AA IN ('AAmr')) AND ((BB = 'BBbw' AND CC = 'CCdp') OR (BB = 'BBbw' AND CC = 'CCrw') OR (BB = 'BBbw' AND CC = 'CCvw') OR (BB = 'BBxz' AND CC = 'CCcd') OR (BB = 'BBxz' AND CC = 'CChk'))",
 "sqlResult": "{10} || {18} || {8} || {14} || {13}",
 "nlq": "How many days were there with CCdp, CCrw, or CCvw BBbw or CChk or CCcd BBxz in AAmr?"},
{"name": "template 3",
 "sql": "SELECT Value FROM DBdata WHERE (AA IN ('AAfy','AAmr')) AND ((BB = 'BBxz' AND CC = 'CCcd'))",
 "sqlResult": "{5} || {14}",
 "nlq": "How many days were there with CCcd BBxz in AAfy or AAmr?"},
{"name": "template 4",
 "sql": "SELECT min(Value),avg(Value) FROM DBdata WHERE (AA IN ('AAfy','AAnx','AAmr')) AND ((BB = 'BBxz' AND CC = 'CChk'))",
 "sqlResult": "{13 | 20}",
 "nlq": "What are the minimum and average numbers of days with CChk BBxz in AAfy, AAnx, or AAmr?"},
{"name": "template 6",
 "sql": "SELECT Value FROM DBdata WHERE (AA IN ('AAnx','AAmr')) AND ((BB = 'BBbw' AND CC = 'CCrw') OR (BB = 'BBxz' AND CC = 'CCcd'))",
 "sqlResult": "{19} || {18} || {7} || {14}",
 "nlq": "How many days were there with CCrw BBbw or CCcd BBxz in AAnx or AAmr?"},
{"name": "template 7",
 "sql": "SELECT min(Value),max(Value) FROM DBdata WHERE (AA IN ('AAfy')) AND ((BB = 'BBbw' AND CC = 'CCdp') OR (BB = 'BBbw' AND CC = 'CCrw') OR (BB = 'BBxz' AND CC = 'CChk'))",
 "sqlResult": "{15 | 22}",
 "nlq": "What are the minimum and maximum numbers of days with CCdp or CCrw BBbw or CChk BBxz in AAfy?"},
{"name": "template 8",
 "sql": "SELECT AA,max(Value),sum(Value) FROM DBdata WHERE (AA IN ('AAnx','AAmr')) AND ((BB = 'BBbw' AND CC = 'CCdp') OR (BB = 'BBbw' AND CC = 'CCrw') OR (BB = 'BBbw' AND CC = 'CCvw') OR (BB = 'BBxz' AND CC = 'CCcd') OR (BB = 'BBxz' AND CC = 'CChk')) GROUP BY AA",
 "sqlResult": "{AAnx | 25 | 65} || {AAmr | 18 | 63}",
 "nlq": "What are the maximum and total numbers of days for each AA, with CCdp, CCrw, or CCvw BBbw or CChk or CCcd BBxz in AAnx or AAmr? Please, report the corresponding AA."},
{"name": "template 9",
 "sql": "SELECT min(Value) FROM DBdata WHERE (AA IN ('AAnx')) AND (BB IN ('BBbw','BBxz')) GROUP BY BB",
 "sqlResult": "{2} || {7}",
 "nlq": "What is the minimum number of days for each BB, with BBbw or BBxz in AAnx?"},
{"name": "template 10",
 "sql": "SELECT BB,max(Value) FROM DBdata WHERE (AA IN ('AAnx')) AND (BB IN ('BBbw','BBxz')) GROUP BY BB",
 "sqlResult": "{BBbw | 19} || {BBxz | 25}",
 "nlq": "What is the maximum number of days for each BB, with BBbw or BBxz in AAnx? Please, report the corresponding BB."},
{"name": "template 11",
 "sql": "SELECT BB,AA,max(Value) FROM DBdata WHERE (AA IN ('AAfy','AAnx','AAmr')) AND (BB IN ('BBbw','BBxz')) GROUP BY BB,AA",
 "sqlResult": "{BBbw | AAfy | 24} || {BBbw | AAnx | 19} || {BBbw | AAmr | 18} || {BBxz | AAfy | 22} || {BBxz | AAnx | 25} || {BBxz | AAmr | 14}",
 "nlq": "What is the maximum number of days for each BB and AA, with BBbw or BBxz in AAfy, AAnx, or AAmr? Please, report the corresponding BB and AA."},
{"name": "template 12",
 "sql": "SELECT Value FROM DBdata WHERE (AA IN ('AAmr')) AND (BB IN ('BBbw','BBxz')) ORDER BY VALUE DESC LIMIT 3",
 "sqlResult": "{18} || {14} || {13}",
 "nlq": "What are the largest 3 numbers of days with BBbw or BBxz in AAmr?"},
{"name": "template 13",
 "sql": "SELECT Value FROM DBdata WHERE (AA IN ('AAnx')) AND (BB IN ('BBbw','BBxz')) ORDER BY VALUE DESC",
 "sqlResult": "{25} || {19} || {12} || {7} || {2}",
 "nlq": "What are the numbers of days ordered by descending values with BBbw or BBxz in AAnx?"},
{"name": "template 14",
 "sql": "SELECT BB,CC FROM DBdata WHERE (AA IN ('AAnx')) AND Value < 14",
 "sqlResult": "{BBbw | CCdp} || {BBbw | CCvw} || {BBxz | CCcd}",
 "nlq": "What are the BB and CC for which the number of days in AAnx is lower than 14?"},
{"name": "template 15",
 "sql": "SELECT BB,CC,Value FROM DBdata WHERE (AA IN ('AAfy')) AND (BB,CC) IN (SELECT BB,CC FROM DBdata WHERE (AA IN ('AAnx')) AND Value < 14)",
 "sqlResult": "{BBbw | CCdp | 16} || {BBbw | CCvw | 24} || {BBxz | CCcd | 5}",
 "nlq": "How many days were there in AAfy with BB and with CC for which the number of days in AAnx is lower than 14? Please, report the corresponding BB, CC, and number of days."}]
}

