{
"filename": "Weather_statistics_set3_3_DB.csv",
"questions": [{"name": "template 1",
 "sql": "SELECT Value FROM DBdata WHERE (Year IN ('2020')) AND ((Characteristic = 'Wind' AND Intensity = 'Storm'))",
 "sqlResult": "{26}",
 "nlq": "How many days were there with Storm Wind in 2020?"},
{"name": "template 2",
 "sql": "SELECT Value FROM DBdata WHERE (Year IN ('2022')) AND ((Characteristic = 'Temperature' AND Intensity = '21-30') OR (Characteristic = 'Humidity' AND Intensity = 'Medium'))",
 "sqlResult": "{20} || {17}",
 "nlq": "How many days were there with 21-30 Temperature or Medium Humidity in 2022?"},
{"name": "template 3",
 "sql": "SELECT Value FROM DBdata WHERE (Year IN ('2020','2021','2022')) AND ((Characteristic = 'Wind' AND Intensity = 'Storm'))",
 "sqlResult": "{26} || {24} || {21}",
 "nlq": "How many days were there with Storm Wind in 2020, 2021, or 2022?"},
{"name": "template 4",
 "sql": "SELECT sum(Value),min(Value) FROM DBdata WHERE (Year IN ('2020','2022')) AND ((Characteristic = 'Temperature' AND Intensity = '31-40'))",
 "sqlResult": "{37 | 10}",
 "nlq": "What are the total and minimum numbers of days with 31-40 Temperature in 2020 or 2022?"},
{"name": "template 6",
 "sql": "SELECT Value FROM DBdata WHERE (Year IN ('2020','2022')) AND ((Characteristic = 'Wind' AND Intensity = 'Breeze') OR (Characteristic = 'Wind' AND Intensity = 'Storm') OR (Characteristic = 'Humidity' AND Intensity = 'High'))",
 "sqlResult": "{8} || {11} || {26} || {21} || {16} || {2}",
 "nlq": "How many days were there with Breeze or Storm Wind or High Humidity in 2020 or 2022?"},
{"name": "template 7",
 "sql": "SELECT avg(Value),sum(Value) FROM DBdata WHERE (Year IN ('2022')) AND ((Characteristic = 'Wind' AND Intensity = 'Breeze') OR (Characteristic = 'Wind' AND Intensity = 'Storm') OR (Characteristic = 'Humidity' AND Intensity = 'Low') OR (Characteristic = 'Humidity' AND Intensity = 'High'))",
 "sqlResult": "{14 | 56}",
 "nlq": "What are the average and total numbers of days with Breeze or Storm Wind or High or Low Humidity in 2022?"},
{"name": "template 8",
 "sql": "SELECT Year,min(Value),sum(Value) FROM DBdata WHERE (Year IN ('2020','2021')) AND ((Characteristic = 'Temperature' AND Intensity = '21-30') OR (Characteristic = 'Temperature' AND Intensity = '31-40') OR (Characteristic = 'Wind' AND Intensity = 'Breeze') OR (Characteristic = 'Wind' AND Intensity = 'Storm') OR (Characteristic = 'Humidity' AND Intensity = 'High')) GROUP BY Year",
 "sqlResult": "{2020 | 7 | 67} || {2021 | 0 | 61}",
 "nlq": "What are the minimum and total numbers of days for each Year, with 21-30 or 31-40 Temperature, Breeze or Storm Wind, or High Humidity in 2020 or 2021? Please, report the corresponding Year."},
{"name": "template 9",
 "sql": "SELECT min(Value) FROM DBdata WHERE (Year IN ('2021')) AND (Characteristic IN ('Temperature','Wind','Humidity')) GROUP BY Characteristic",
 "sqlResult": "{3} || {0} || {6}",
 "nlq": "What is the minimum number of days for each Characteristic, with Humidity, Temperature, or Wind in 2021?"},
{"name": "template 10",
 "sql": "SELECT Characteristic,sum(Value) FROM DBdata WHERE (Year IN ('2020')) AND (Characteristic IN ('Temperature','Wind','Humidity')) GROUP BY Characteristic",
 "sqlResult": "{Humidity | 48} || {Temperature | 17} || {Wind | 34}",
 "nlq": "What is the total number of days for each Characteristic, with Humidity, Temperature, or Wind in 2020? Please, report the corresponding Characteristic."},
{"name": "template 11",
 "sql": "SELECT Characteristic,Year,sum(Value) FROM DBdata WHERE (Year IN ('2021','2022')) AND (Characteristic IN ('Temperature','Wind','Humidity')) GROUP BY Characteristic,Year",
 "sqlResult": "{Humidity | 2021 | 43} || {Humidity | 2022 | 41} || {Temperature | 2021 | 19} || {Temperature | 2022 | 47} || {Wind | 2021 | 30} || {Wind | 2022 | 32}",
 "nlq": "What is the total number of days for each Characteristic and Year, with Humidity, Temperature, or Wind in 2021 or 2022? Please, report the corresponding Characteristic and Year."},
{"name": "template 12",
 "sql": "SELECT Value FROM DBdata WHERE (Year IN ('2020')) AND (Characteristic IN ('Temperature','Humidity')) ORDER BY VALUE ASC LIMIT 4",
 "sqlResult": "{7} || {9} || {10} || {16}",
 "nlq": "What are the smallest 4 numbers of days with Humidity or Temperature in 2020?"},
{"name": "template 13",
 "sql": "SELECT Value FROM DBdata WHERE (Year IN ('2020')) AND (Characteristic IN ('Temperature','Humidity')) ORDER BY VALUE ASC",
 "sqlResult": "{7} || {9} || {10} || {16} || {23}",
 "nlq": "What are the numbers of days ordered by ascending values with Humidity or Temperature in 2020?"},
{"name": "template 14",
 "sql": "SELECT Characteristic,Intensity FROM DBdata WHERE (Year IN ('2022')) AND Value > 14.81",
 "sqlResult": "{Temperature | 21-30} || {Temperature | 31-40} || {Wind | Storm} || {Humidity | Low} || {Humidity | Medium}",
 "nlq": "What are the Characteristic and Intensity for which the number of days in 2022 is greater than 14.81?"},
{"name": "template 15",
 "sql": "SELECT Characteristic,Intensity,Value FROM DBdata WHERE (Year IN ('2021')) AND (Characteristic,Intensity) IN (SELECT Characteristic,Intensity FROM DBdata WHERE (Year IN ('2022')) AND Value > 14.81)",
 "sqlResult": "{Temperature | 21-30 | 0} || {Temperature | 31-40 | 19} || {Wind | Storm | 24} || {Humidity | Low | 28} || {Humidity | Medium | 3}",
 "nlq": "How many days were there in 2021 with Characteristic and with Intensity for which the number of days in 2022 is greater than 14.81? Please, report the corresponding Characteristic, Intensity, and number of days."}]
}
