Year,Characteristic,Intensity,Value
Year,Characteristic,Intensity,Value
2020,Temperature,21-30,7
2021,Temperature,21-30,0
2022,Temperature,21-30,20
2020,Temperature,31-40,10
2021,Temperature,31-40,19
2022,Temperature,31-40,27
2020,Wind,Breeze,8
2021,Wind,Breeze,6
2022,Wind,Breeze,11
2020,Wind,Storm,26
2021,Wind,Storm,24
2022,Wind,Storm,21
2020,Humidity,Low,23
2021,Humidity,Low,28
2022,Humidity,Low,22
2020,Humidity,Medium,9
2021,Humidity,Medium,3
2022,Humidity,Medium,17
2020,Humidity,High,16
2021,Humidity,High,12
2022,Humidity,High,2
