{
"filename": "Weather_statistics_set4_4_DB.csv",
"questions": [{"name": "template 1",
 "sql": "SELECT Value FROM DBdata WHERE (AA IN ('AAkx')) AND ((BB = 'BBck' AND CC = 'CCmp'))",
 "sqlResult": "{25}",
 "nlq": "How many days were there with CCmp BBck in AAkx?"},
{"name": "template 2",
 "sql": "SELECT Value FROM DBdata WHERE (AA IN ('AAkx')) AND ((BB = 'BBpx' AND CC = 'CCfk') OR (BB = 'BBpx' AND CC = 'CCnp') OR (BB = 'BBhn' AND CC = 'CCnv') OR (BB = 'BBhn' AND CC = 'CCds') OR (BB = 'BBck' AND CC = 'CCmp') OR (BB = 'BBck' AND CC = 'CCfr') OR (BB = 'BBck' AND CC = 'CCcp'))",
 "sqlResult": "{10} || {27} || {2} || {21} || {25} || {3} || {19}",
 "nlq": "How many days were there with CCfk or CCnp BBpx, CCnv or CCds BBhn, or CCcp, CCmp, or CCfr BBck in AAkx?"},
{"name": "template 3",
 "sql": "SELECT Value FROM DBdata WHERE (AA IN ('AAkx')) AND ((BB = 'BBck' AND CC = 'CCfr'))",
 "sqlResult": "{3}",
 "nlq": "How many days were there with CCfr BBck in AAkx?"},
{"name": "template 4",
 "sql": "SELECT sum(Value),avg(Value) FROM DBdata WHERE (AA IN ('AAgw')) AND ((BB = 'BBhn' AND CC = 'CCnv'))",
 "sqlResult": "{20 | 20}",
 "nlq": "What are the total and average numbers of days with CCnv BBhn in AAgw?"},
{"name": "template 6",
 "sql": "SELECT Value FROM DBdata WHERE (AA IN ('AAkx','AAgw')) AND ((BB = 'BBpx' AND CC = 'CCnp') OR (BB = 'BBck' AND CC = 'CCmp') OR (BB = 'BBck' AND CC = 'CCfr'))",
 "sqlResult": "{27} || {11} || {25} || {28} || {3} || {12}",
 "nlq": "How many days were there with CCnp BBpx or CCmp or CCfr BBck in AAkx or AAgw?"},
{"name": "template 7",
 "sql": "SELECT max(Value),avg(Value) FROM DBdata WHERE (AA IN ('AAgw')) AND ((BB = 'BBpx' AND CC = 'CCnp') OR (BB = 'BBhn' AND CC = 'CCnv') OR (BB = 'BBck' AND CC = 'CCmp') OR (BB = 'BBck' AND CC = 'CCcp'))",
 "sqlResult": "{28 | 18}",
 "nlq": "What are the maximum and average numbers of days with CCnp BBpx, CCnv BBhn, or CCcp or CCmp BBck in AAgw?"},
{"name": "template 8",
 "sql": "SELECT AA,avg(Value),max(Value) FROM DBdata WHERE (AA IN ('AAkx')) AND ((BB = 'BBhn' AND CC = 'CCds') OR (BB = 'BBck' AND CC = 'CCfr')) GROUP BY AA",
 "sqlResult": "{AAkx | 12 | 21}",
 "nlq": "What are the average and maximum numbers of days for each AA, with CCfr BBck or CCds BBhn in AAkx? Please, report the corresponding AA."},
{"name": "template 9",
 "sql": "SELECT min(Value) FROM DBdata WHERE (AA IN ('AAkx')) AND (BB IN ('BBpx','BBhn','BBck')) GROUP BY BB",
 "sqlResult": "{3} || {10} || {2}",
 "nlq": "What is the minimum number of days for each BB, with BBck, BBpx, or BBhn in AAkx?"},
{"name": "template 10",
 "sql": "SELECT BB,min(Value) FROM DBdata WHERE (AA IN ('AAkx')) AND (BB IN ('BBpx','BBhn','BBck')) GROUP BY BB",
 "sqlResult": "{BBck | 3} || {BBpx | 10} || {BBhn | 2}",
 "nlq": "What is the minimum number of days for each BB, with BBck, BBpx, or BBhn in AAkx? Please, report the corresponding BB."},
{"name": "template 11",
 "sql": "SELECT BB,AA,sum(Value) FROM DBdata WHERE (AA IN ('AAkx')) AND (BB IN ('BBpx','BBhn','BBck')) GROUP BY BB,AA",
 "sqlResult": "{BBck | AAkx | 47} || {BBpx | AAkx | 37} || {BBhn | AAkx | 23}",
 "nlq": "What is the total number of days for each BB and AA, with BBck, BBpx, or BBhn in AAkx? Please, report the corresponding BB and AA."},
{"name": "template 12",
 "sql": "SELECT Value FROM DBdata WHERE (AA IN ('AAgw')) AND (BB IN ('BBhn','BBck')) ORDER BY VALUE ASC LIMIT 2",
 "sqlResult": "{7} || {12}",
 "nlq": "What are the smallest 2 numbers of days with BBck or BBhn in AAgw?"},
{"name": "template 13",
 "sql": "SELECT Value FROM DBdata WHERE (AA IN ('AAgw')) AND (BB IN ('BBpx','BBck')) ORDER BY VALUE DESC",
 "sqlResult": "{28} || {13} || {12} || {11} || {4}",
 "nlq": "What are the numbers of days ordered by descending values with BBck or BBpx in AAgw?"},
{"name": "template 14",
 "sql": "SELECT BB,CC FROM DBdata WHERE (AA IN ('AAgw')) AND Value > 14.43",
 "sqlResult": "{BBhn | CCnv} || {BBck | CCmp}",
 "nlq": "What are the BB and CC for which the number of days in AAgw is greater than 14.43?"},
{"name": "template 15",
 "sql": "SELECT BB,CC,Value FROM DBdata WHERE (AA IN ('AAkx')) AND (BB,CC) IN (SELECT BB,CC FROM DBdata WHERE (AA IN ('AAgw')) AND Value > 14.43)",
 "sqlResult": "{BBhn | CCnv | 2} || {BBck | CCmp | 25}",
 "nlq": "How many days were there in AAkx with BB and with CC for which the number of days in AAgw is greater than 14.43? Please, report the corresponding BB, CC, and number of days."}]
}

