{
"filename": "Weather_statistics_set3_2_DB.csv",
"questions": [{"name": "template 1",
 "sql": "SELECT Value FROM DBdata WHERE (Year IN ('2022')) AND ((Characteristic = 'Humidity' AND Intensity = 'Medium'))",
 "sqlResult": "{28}",
 "nlq": "How many days were there with Medium Humidity in 2022?"},
{"name": "template 2",
 "sql": "SELECT Value FROM DBdata WHERE (Year IN ('2022')) AND ((Characteristic = 'Wind' AND Intensity = 'Calm') OR (Characteristic = 'Wind' AND Intensity = 'Breeze') OR (Characteristic = 'Humidity' AND Intensity = 'Low') OR (Characteristic = 'Humidity' AND Intensity = 'Medium') OR (Characteristic = 'Humidity' AND Intensity = 'High'))",
 "sqlResult": "{7} || {3} || {25} || {28} || {15}",
 "nlq": "How many days were there with Breeze or Calm Wind or High, Low, or Medium Humidity in 2022?"},
{"name": "template 3",
 "sql": "SELECT Value FROM DBdata WHERE (Year IN ('2021','2022')) AND ((Characteristic = 'Humidity' AND Intensity = 'High'))",
 "sqlResult": "{12} || {15}",
 "nlq": "How many days were there with High Humidity in 2021 or 2022?"},
{"name": "template 4",
 "sql": "SELECT max(Value),avg(Value) FROM DBdata WHERE (Year IN ('2022')) AND ((Characteristic = 'Wind' AND Intensity = 'Breeze'))",
 "sqlResult": "{3 | 3}",
 "nlq": "What are the maximum and average numbers of days with Breeze Wind in 2022?"},
{"name": "template 6",
 "sql": "SELECT Value FROM DBdata WHERE (Year IN ('2022')) AND ((Characteristic = 'Humidity' AND Intensity = 'Medium') OR (Characteristic = 'Humidity' AND Intensity = 'High'))",
 "sqlResult": "{28} || {15}",
 "nlq": "How many days were there with High or Medium Humidity in 2022?"},
{"name": "template 7",
 "sql": "SELECT sum(Value),avg(Value) FROM DBdata WHERE (Year IN ('2021')) AND ((Characteristic = 'Wind' AND Intensity = 'Calm') OR (Characteristic = 'Wind' AND Intensity = 'Breeze') OR (Characteristic = 'Humidity' AND Intensity = 'High'))",
 "sqlResult": "{40 | 13.33}",
 "nlq": "What are the total and average numbers of days with Breeze or Calm Wind or High Humidity in 2021?"},
{"name": "template 8",
 "sql": "SELECT Year,avg(Value),max(Value) FROM DBdata WHERE (Year IN ('2021','2022')) AND ((Characteristic = 'Wind' AND Intensity = 'Calm') OR (Characteristic = 'Wind' AND Intensity = 'Breeze') OR (Characteristic = 'Humidity' AND Intensity = 'Low') OR (Characteristic = 'Humidity' AND Intensity = 'High')) GROUP BY Year",
 "sqlResult": "{2021 | 16.5 | 26} || {2022 | 12.5 | 25}",
 "nlq": "What are the average and maximum numbers of days for each Year, with Breeze or Calm Wind or High or Low Humidity in 2021 or 2022? Please, report the corresponding Year."},
{"name": "template 9",
 "sql": "SELECT min(Value) FROM DBdata WHERE (Year IN ('2021')) AND (Characteristic IN ('Wind','Humidity')) GROUP BY Characteristic",
 "sqlResult": "{1} || {10}",
 "nlq": "What is the minimum number of days for each Characteristic, with Humidity or Wind in 2021?"},
{"name": "template 10",
 "sql": "SELECT Characteristic,min(Value) FROM DBdata WHERE (Year IN ('2022')) AND (Characteristic IN ('Wind','Humidity')) GROUP BY Characteristic",
 "sqlResult": "{Humidity | 15} || {Wind | 3}",
 "nlq": "What is the minimum number of days for each Characteristic, with Humidity or Wind in 2022? Please, report the corresponding Characteristic."},
{"name": "template 11",
 "sql": "SELECT Characteristic,Year,min(Value) FROM DBdata WHERE (Year IN ('2021','2022')) AND (Characteristic IN ('Wind','Humidity')) GROUP BY Characteristic,Year",
 "sqlResult": "{Humidity | 2021 | 1} || {Humidity | 2022 | 15} || {Wind | 2021 | 10} || {Wind | 2022 | 3}",
 "nlq": "What is the minimum number of days for each Characteristic and Year, with Humidity or Wind in 2021 or 2022? Please, report the corresponding Characteristic and Year."},
{"name": "template 12",
 "sql": "SELECT Value FROM DBdata WHERE (Year IN ('2022')) AND (Characteristic IN ('Wind','Humidity')) ORDER BY VALUE DESC LIMIT 4",
 "sqlResult": "{28} || {25} || {15} || {7}",
 "nlq": "What are the largest 4 numbers of days with Humidity or Wind in 2022?"},
{"name": "template 13",
 "sql": "SELECT Value FROM DBdata WHERE (Year IN ('2021')) AND (Characteristic IN ('Wind','Humidity')) ORDER BY VALUE DESC",
 "sqlResult": "{26} || {18} || {12} || {10} || {1}",
 "nlq": "What are the numbers of days ordered by descending values with Humidity or Wind in 2021?"},
{"name": "template 14",
 "sql": "SELECT Characteristic,Intensity FROM DBdata WHERE (Year IN ('2021')) AND Value > 14.5",
 "sqlResult": "{Wind | Breeze} || {Humidity | Low}",
 "nlq": "What are the Characteristic and Intensity for which the number of days in 2021 is greater than 14.5?"},
{"name": "template 15",
 "sql": "SELECT Characteristic,Intensity,Value FROM DBdata WHERE (Year IN ('2022')) AND (Characteristic,Intensity) IN (SELECT Characteristic,Intensity FROM DBdata WHERE (Year IN ('2021')) AND Value > 14.5)",
 "sqlResult": "{Wind | Breeze | 3} || {Humidity | Low | 25}",
 "nlq": "How many days were there in 2022 with Characteristic and with Intensity for which the number of days in 2021 is greater than 14.5? Please, report the corresponding Characteristic, Intensity, and number of days."}]
}
