Year,Characteristic,Intensity,Value
Year,Characteristic,Intensity,Value
2015,Temperature,0-10,14
2016,Temperature,0-10,23
2017,Temperature,0-10,22
2015,Temperature,11-20,21
2016,Temperature,11-20,2
2017,Temperature,11-20,10
2015,Temperature,21-30,16
2016,Temperature,21-30,28
2017,Temperature,21-30,5
2015,Wind,Breeze,9
2016,Wind,Breeze,26
2017,Wind,Breeze,19
2015,Wind,Storm,12
2016,Wind,Storm,6
2017,Wind,Storm,7
2015,Humidity,Low,4
2016,Humidity,Low,20
2017,Humidity,Low,15
2015,Humidity,Medium,27
2016,Humidity,Medium,11
2017,Humidity,Medium,18
2015,Humidity,High,8
2016,Humidity,High,3
2017,Humidity,High,0
