{
"filename": "Weather_statistics_set7_5_DB.csv",
"questions": [{"name": "template 1",
 "sql": "SELECT Value FROM DBdata WHERE (Year IN ('2019')) AND ((Characteristic = 'Wind' AND Intensity = 'Breeze'))",
 "sqlResult": "{10}",
 "nlq": "How many days were there with Breeze Wind in 2019?"},
{"name": "template 2",
 "sql": "SELECT Value FROM DBdata WHERE (Year IN ('2019')) AND ((Characteristic = 'Temperature' AND Intensity = '21-30') OR (Characteristic = 'Temperature' AND Intensity = '31-40') OR (Characteristic = 'Wind' AND Intensity = 'Breeze') OR (Characteristic = 'Wind' AND Intensity = 'Storm') OR (Characteristic = 'Humidity' AND Intensity = 'Medium') OR (Characteristic = 'Humidity' AND Intensity = 'High'))",
 "sqlResult": "{25} || {17} || {10} || {16} || {8} || {14}",
 "nlq": "How many days were there with 21-30 or 31-40 Temperature, Breeze or Storm Wind, or High or Medium Humidity in 2019?"},
{"name": "template 3",
 "sql": "SELECT Value FROM DBdata WHERE (Year IN ('2018','2019')) AND ((Characteristic = 'Wind' AND Intensity = 'Breeze'))",
 "sqlResult": "{18} || {10}",
 "nlq": "How many days were there with Breeze Wind in 2018 or 2019?"},
{"name": "template 4",
 "sql": "SELECT min(Value),avg(Value) FROM DBdata WHERE (Year IN ('2018','2019')) AND ((Characteristic = 'Humidity' AND Intensity = 'Medium'))",
 "sqlResult": "{8 | 8.5}",
 "nlq": "What are the minimum and average numbers of days with Medium Humidity in 2018 or 2019?"},
{"name": "template 6",
 "sql": "SELECT Value FROM DBdata WHERE (Year IN ('2019')) AND ((Characteristic = 'Temperature' AND Intensity = '11-20') OR (Characteristic = 'Wind' AND Intensity = 'Breeze'))",
 "sqlResult": "{11} || {10}",
 "nlq": "How many days were there with 11-20 Temperature or Breeze Wind in 2019?"},
{"name": "template 7",
 "sql": "SELECT min(Value),max(Value) FROM DBdata WHERE (Year IN ('2018')) AND ((Characteristic = 'Temperature' AND Intensity = '11-20') OR (Characteristic = 'Temperature' AND Intensity = '21-30') OR (Characteristic = 'Wind' AND Intensity = 'Breeze') OR (Characteristic = 'Humidity' AND Intensity = 'Medium') OR (Characteristic = 'Humidity' AND Intensity = 'High'))",
 "sqlResult": "{0 | 19}",
 "nlq": "What are the minimum and maximum numbers of days with 11-20 or 21-30 Temperature, Breeze Wind, or High or Medium Humidity in 2018?"},
{"name": "template 8",
 "sql": "SELECT Year,avg(Value),max(Value) FROM DBdata WHERE (Year IN ('2018','2019')) AND ((Characteristic = 'Temperature' AND Intensity = '11-20') OR (Characteristic = 'Wind' AND Intensity = 'Storm') OR (Characteristic = 'Humidity' AND Intensity = 'Medium') OR (Characteristic = 'Humidity' AND Intensity = 'High')) GROUP BY Year",
 "sqlResult": "{2018 | 4.5 | 9} || {2019 | 12.25 | 16}",
 "nlq": "What are the average and maximum numbers of days for each Year, with 11-20 Temperature, High or Medium Humidity, or Storm Wind in 2018 or 2019? Please, report the corresponding Year."},
{"name": "template 9",
 "sql": "SELECT min(Value) FROM DBdata WHERE (Year IN ('2018')) AND (Characteristic IN ('Temperature','Wind','Humidity')) GROUP BY Characteristic",
 "sqlResult": "{3} || {0} || {6}",
 "nlq": "What is the minimum number of days for each Characteristic, with Humidity, Temperature, or Wind in 2018?"},
{"name": "template 10",
 "sql": "SELECT Characteristic,avg(Value) FROM DBdata WHERE (Year IN ('2018')) AND (Characteristic IN ('Temperature','Wind','Humidity')) GROUP BY Characteristic",
 "sqlResult": "{Humidity | 6} || {Temperature | 7} || {Wind | 12}",
 "nlq": "What is the average number of days for each Characteristic, with Humidity, Temperature, or Wind in 2018? Please, report the corresponding Characteristic."},
{"name": "template 11",
 "sql": "SELECT Characteristic,Year,avg(Value) FROM DBdata WHERE (Year IN ('2018','2019')) AND (Characteristic IN ('Temperature','Wind','Humidity')) GROUP BY Characteristic,Year",
 "sqlResult": "{Humidity | 2018 | 6} || {Humidity | 2019 | 11} || {Temperature | 2018 | 7} || {Temperature | 2019 | 17.67} || {Wind | 2018 | 12} || {Wind | 2019 | 11}",
 "nlq": "What is the average number of days for each Characteristic and Year, with Humidity, Temperature, or Wind in 2018 or 2019? Please, report the corresponding Characteristic and Year."},
{"name": "template 12",
 "sql": "SELECT Value FROM DBdata WHERE (Year IN ('2018')) AND (Characteristic IN ('Temperature','Wind')) ORDER BY VALUE ASC LIMIT 5",
 "sqlResult": "{0} || {2} || {6} || {12} || {18}",
 "nlq": "What are the smallest 5 numbers of days with Temperature or Wind in 2018?"},
{"name": "template 13",
 "sql": "SELECT Value FROM DBdata WHERE (Year IN ('2018')) AND (Characteristic IN ('Wind','Humidity')) ORDER BY VALUE ASC",
 "sqlResult": "{3} || {6} || {9} || {12} || {18}",
 "nlq": "What are the numbers of days ordered by ascending values with Humidity or Wind in 2018?"},
{"name": "template 14",
 "sql": "SELECT Characteristic,Intensity FROM DBdata WHERE (Year IN ('2019')) AND Value < 11.06",
 "sqlResult": "{Temperature | 11-20} || {Wind | Calm} || {Wind | Breeze} || {Humidity | Medium}",
 "nlq": "What are the Characteristic and Intensity for which the number of days in 2019 is lower than 11.06?"},
{"name": "template 15",
 "sql": "SELECT Characteristic,Intensity,Value FROM DBdata WHERE (Year IN ('2018')) AND (Characteristic,Intensity) IN (SELECT Characteristic,Intensity FROM DBdata WHERE (Year IN ('2019')) AND Value < 11.06)",
 "sqlResult": "{Temperature | 11-20 | 0} || {Wind | Calm | 12} || {Wind | Breeze | 18} || {Humidity | Medium | 9}",
 "nlq": "How many days were there in 2018 with Characteristic and with Intensity for which the number of days in 2019 is lower than 11.06? Please, report the corresponding Characteristic, Intensity, and number of days."}]
}
