{
"filename": "Weather_statistics_set10_1_DB.csv",
"questions": [{"name": "template 1",
 "sql": "SELECT Value FROM DBdata WHERE (Year IN ('2022')) AND ((Characteristic = 'Wind' AND Intensity = 'Breeze'))",
 "sqlResult": "{6}",
 "nlq": "How many days were there with Breeze Wind in 2022?"},
{"name": "template 2",
 "sql": "SELECT Value FROM DBdata WHERE (Year IN ('2022')) AND ((Characteristic = 'Wind' AND Intensity = 'Calm') OR (Characteristic = 'Wind' AND Intensity = 'Breeze') OR (Characteristic = 'Humidity' AND Intensity = 'Low') OR (Characteristic = 'Humidity' AND Intensity = 'Medium') OR (Characteristic = 'Humidity' AND Intensity = 'High'))",
 "sqlResult": "{14} || {6} || {15} || {25} || {18}",
 "nlq": "How many days were there with Breeze or Calm Wind or High, Low, or Medium Humidity in 2022?"},
{"name": "template 3",
 "sql": "SELECT Value FROM DBdata WHERE (Year IN ('2021','2022')) AND ((Characteristic = 'Humidity' AND Intensity = 'High'))",
 "sqlResult": "{24} || {18}",
 "nlq": "How many days were there with High Humidity in 2021 or 2022?"},
{"name": "template 4",
 "sql": "SELECT min(Value),avg(Value) FROM DBdata WHERE (Year IN ('2021','2022')) AND ((Characteristic = 'Wind' AND Intensity = 'Calm'))",
 "sqlResult": "{13 | 13.5}",
 "nlq": "What are the minimum and average numbers of days with Calm Wind in 2021 or 2022?"},
{"name": "template 6",
 "sql": "SELECT Value FROM DBdata WHERE (Year IN ('2022')) AND ((Characteristic = 'Wind' AND Intensity = 'Calm') OR (Characteristic = 'Humidity' AND Intensity = 'Low') OR (Characteristic = 'Humidity' AND Intensity = 'Medium') OR (Characteristic = 'Humidity' AND Intensity = 'High'))",
 "sqlResult": "{14} || {15} || {25} || {18}",
 "nlq": "How many days were there with Calm Wind or High, Low, or Medium Humidity in 2022?"},
{"name": "template 7",
 "sql": "SELECT avg(Value),sum(Value) FROM DBdata WHERE (Year IN ('2022')) AND ((Characteristic = 'Wind' AND Intensity = 'Calm') OR (Characteristic = 'Wind' AND Intensity = 'Breeze') OR (Characteristic = 'Humidity' AND Intensity = 'Low') OR (Characteristic = 'Humidity' AND Intensity = 'Medium') OR (Characteristic = 'Humidity' AND Intensity = 'High'))",
 "sqlResult": "{15.6 | 78}",
 "nlq": "What are the average and total numbers of days with Breeze or Calm Wind or High, Low, or Medium Humidity in 2022?"},
{"name": "template 8",
 "sql": "SELECT Year,sum(Value),min(Value) FROM DBdata WHERE (Year IN ('2021')) AND ((Characteristic = 'Wind' AND Intensity = 'Calm') OR (Characteristic = 'Wind' AND Intensity = 'Breeze') OR (Characteristic = 'Humidity' AND Intensity = 'Low') OR (Characteristic = 'Humidity' AND Intensity = 'Medium') OR (Characteristic = 'Humidity' AND Intensity = 'High')) GROUP BY Year",
 "sqlResult": "{2021 | 58 | 2}",
 "nlq": "What are the total and minimum numbers of days for each Year, with Breeze or Calm Wind or High, Low, or Medium Humidity in 2021? Please, report the corresponding Year."},
{"name": "template 9",
 "sql": "SELECT min(Value) FROM DBdata WHERE (Year IN ('2022')) AND (Characteristic IN ('Wind','Humidity')) GROUP BY Characteristic",
 "sqlResult": "{15} || {6}",
 "nlq": "What is the minimum number of days for each Characteristic, with Humidity or Wind in 2022?"},
{"name": "template 10",
 "sql": "SELECT Characteristic,min(Value) FROM DBdata WHERE (Year IN ('2022')) AND (Characteristic IN ('Wind','Humidity')) GROUP BY Characteristic",
 "sqlResult": "{Humidity | 15} || {Wind | 6}",
 "nlq": "What is the minimum number of days for each Characteristic, with Humidity or Wind in 2022? Please, report the corresponding Characteristic."},
{"name": "template 11",
 "sql": "SELECT Characteristic,Year,min(Value) FROM DBdata WHERE (Year IN ('2021','2022')) AND (Characteristic IN ('Wind','Humidity')) GROUP BY Characteristic,Year",
 "sqlResult": "{Humidity | 2021 | 3} || {Humidity | 2022 | 15} || {Wind | 2021 | 2} || {Wind | 2022 | 6}",
 "nlq": "What is the minimum number of days for each Characteristic and Year, with Humidity or Wind in 2021 or 2022? Please, report the corresponding Characteristic and Year."},
{"name": "template 12",
 "sql": "SELECT Value FROM DBdata WHERE (Year IN ('2021')) AND (Characteristic IN ('Wind','Humidity')) ORDER BY VALUE DESC LIMIT 4",
 "sqlResult": "{24} || {16} || {13} || {3}",
 "nlq": "What are the largest 4 numbers of days with Humidity or Wind in 2021?"},
{"name": "template 13",
 "sql": "SELECT Value FROM DBdata WHERE (Year IN ('2022')) AND (Characteristic IN ('Wind','Humidity')) ORDER BY VALUE DESC",
 "sqlResult": "{25} || {18} || {15} || {14} || {6}",
 "nlq": "What are the numbers of days ordered by descending values with Humidity or Wind in 2022?"},
{"name": "template 14",
 "sql": "SELECT Characteristic,Intensity FROM DBdata WHERE (Year IN ('2021')) AND Value > 13.6",
 "sqlResult": "{Humidity | Medium} || {Humidity | High}",
 "nlq": "What are the Characteristic and Intensity for which the number of days in 2021 is greater than 13.6?"},
{"name": "template 15",
 "sql": "SELECT Characteristic,Intensity,Value FROM DBdata WHERE (Year IN ('2022')) AND (Characteristic,Intensity) IN (SELECT Characteristic,Intensity FROM DBdata WHERE (Year IN ('2021')) AND Value > 13.6)",
 "sqlResult": "{Humidity | Medium | 25} || {Humidity | High | 18}",
 "nlq": "How many days were there in 2022 with Characteristic and with Intensity for which the number of days in 2021 is greater than 13.6? Please, report the corresponding Characteristic, Intensity, and number of days."}]
}
