{
"filename": "Weather_statistics_set3_1_DB.csv",
"questions": [{"name": "template 1",
 "sql": "SELECT Value FROM DBdata WHERE (AA IN ('AAjq')) AND ((BB = 'BBjv' AND CC = 'CCpr'))",
 "sqlResult": "{12}",
 "nlq": "How many days were there with CCpr BBjv in AAjq?"},
{"name": "template 2",
 "sql": "SELECT Value FROM DBdata WHERE (AA IN ('AAqx')) AND ((BB = 'BBjv' AND CC = 'CChq') OR (BB = 'BBjv' AND CC = 'CCjw') OR (BB = 'BBjv' AND CC = 'CCpr') OR (BB = 'BBrv' AND CC = 'CCky') OR (BB = 'BBhr' AND CC = 'CCbg') OR (BB = 'BBhr' AND CC = 'CCjm') OR (BB = 'BBhr' AND CC = 'CCcy'))",
 "sqlResult": "{3} || {7} || {16} || {10} || {24} || {21} || {13}",
 "nlq": "How many days were there with CChq, CCjw, or CCpr BBjv, CCky BBrv, or CCcy, CCbg, or CCjm BBhr in AAqx?"},
{"name": "template 3",
 "sql": "SELECT Value FROM DBdata WHERE (AA IN ('AAfm','AAjq','AAqx')) AND ((BB = 'BBrv' AND CC = 'CCnp'))",
 "sqlResult": "{17} || {9} || {23}",
 "nlq": "How many days were there with CCnp BBrv in AAfm, AAjq, or AAqx?"},
{"name": "template 4",
 "sql": "SELECT min(Value),sum(Value) FROM DBdata WHERE (AA IN ('AAfm','AAqx')) AND ((BB = 'BBjv' AND CC = 'CCpr'))",
 "sqlResult": "{16 | 42}",
 "nlq": "What are the minimum and total numbers of days with CCpr BBjv in AAfm or AAqx?"},
{"name": "template 6",
 "sql": "SELECT Value FROM DBdata WHERE (AA IN ('AAfm','AAjq','AAqx')) AND ((BB = 'BBjv' AND CC = 'CCpr') OR (BB = 'BBhr' AND CC = 'CCjm') OR (BB = 'BBhr' AND CC = 'CCcy'))",
 "sqlResult": "{26} || {12} || {16} || {0} || {28} || {21} || {18} || {20} || {13}",
 "nlq": "How many days were there with CCpr BBjv or CCcy or CCjm BBhr in AAfm, AAjq, or AAqx?"},
{"name": "template 7",
 "sql": "SELECT sum(Value),min(Value) FROM DBdata WHERE (AA IN ('AAfm')) AND ((BB = 'BBjv' AND CC = 'CCjw') OR (BB = 'BBrv' AND CC = 'CCky') OR (BB = 'BBhr' AND CC = 'CCjm'))",
 "sqlResult": "{18 | 0}",
 "nlq": "What are the total and minimum numbers of days with CCjw BBjv, CCky BBrv, or CCjm BBhr in AAfm?"},
{"name": "template 8",
 "sql": "SELECT AA,avg(Value),sum(Value) FROM DBdata WHERE (AA IN ('AAfm','AAjq','AAqx')) AND ((BB = 'BBjv' AND CC = 'CCjw') OR (BB = 'BBhr' AND CC = 'CCjm')) GROUP BY AA",
 "sqlResult": "{AAfm | 2 | 4} || {AAjq | 19.5 | 39} || {AAqx | 14 | 28}",
 "nlq": "What are the average and total numbers of days for each AA, with CCjw BBjv or CCjm BBhr in AAfm, AAjq, or AAqx? Please, report the corresponding AA."},
{"name": "template 9",
 "sql": "SELECT min(Value) FROM DBdata WHERE (AA IN ('AAjq')) AND (BB IN ('BBjv','BBrv','BBhr')) GROUP BY BB",
 "sqlResult": "{5} || {11} || {9}",
 "nlq": "What is the minimum number of days for each BB, with BBhr, BBjv, or BBrv in AAjq?"},
{"name": "template 10",
 "sql": "SELECT BB,avg(Value) FROM DBdata WHERE (AA IN ('AAjq')) AND (BB IN ('BBjv','BBrv','BBhr')) GROUP BY BB",
 "sqlResult": "{BBhr | 17.67} || {BBjv | 16.67} || {BBrv | 17}",
 "nlq": "What is the average number of days for each BB, with BBhr, BBjv, or BBrv in AAjq? Please, report the corresponding BB."},
{"name": "template 11",
 "sql": "SELECT BB,AA,avg(Value) FROM DBdata WHERE (AA IN ('AAfm','AAjq','AAqx')) AND (BB IN ('BBjv','BBrv','BBhr')) GROUP BY BB,AA",
 "sqlResult": "{BBhr | AAfm | 13.33} || {BBhr | AAjq | 17.67} || {BBhr | AAqx | 19.33} || {BBjv | AAfm | 10.33} || {BBjv | AAjq | 16.67} || {BBjv | AAqx | 8.67} || {BBrv | AAfm | 15.5} || {BBrv | AAjq | 17} || {BBrv | AAqx | 16.5}",
 "nlq": "What is the average number of days for each BB and AA, with BBhr, BBjv, or BBrv in AAfm, AAjq, or AAqx? Please, report the corresponding BB and AA."},
{"name": "template 12",
 "sql": "SELECT Value FROM DBdata WHERE (AA IN ('AAqx')) AND (BB IN ('BBrv','BBhr')) ORDER BY VALUE ASC LIMIT 3",
 "sqlResult": "{10} || {13} || {21}",
 "nlq": "What are the smallest 3 numbers of days with BBhr or BBrv in AAqx?"},
{"name": "template 13",
 "sql": "SELECT Value FROM DBdata WHERE (AA IN ('AAqx')) AND (BB IN ('BBjv','BBhr')) ORDER BY VALUE DESC",
 "sqlResult": "{24} || {21} || {16} || {13} || {7} || {3}",
 "nlq": "What are the numbers of days ordered by descending values with BBhr or BBjv in AAqx?"},
{"name": "template 14",
 "sql": "SELECT BB,CC FROM DBdata WHERE (AA IN ('AAjq')) AND Value < 14.83",
 "sqlResult": "{BBjv | CCjw} || {BBjv | CCpr} || {BBrv | CCnp} || {BBhr | CCbg}",
 "nlq": "What are the BB and CC for which the number of days in AAjq is lower than 14.83?"},
{"name": "template 15",
 "sql": "SELECT BB,CC,Value FROM DBdata WHERE (AA IN ('AAqx')) AND (BB,CC) IN (SELECT BB,CC FROM DBdata WHERE (AA IN ('AAjq')) AND Value < 14.83)",
 "sqlResult": "{BBjv | CCjw | 7} || {BBjv | CCpr | 16} || {BBrv | CCnp | 23} || {BBhr | CCbg | 24}",
 "nlq": "How many days were there in AAqx with BB and with CC for which the number of days in AAjq is lower than 14.83? Please, report the corresponding BB, CC, and number of days."}]
}

