{
"filename": "Weather_statistics_set10_3_DB.csv",
"questions": [{"name": "template 1",
 "sql": "SELECT Value FROM DBdata WHERE (AA IN ('AAbz')) AND ((BB = 'BBmv' AND CC = 'CCpr'))",
 "sqlResult": "{16}",
 "nlq": "How many days were there with CCpr BBmv in AAbz?"},
{"name": "template 2",
 "sql": "SELECT Value FROM DBdata WHERE (AA IN ('AAbq')) AND ((BB = 'BBcq' AND CC = 'CCbk') OR (BB = 'BBmv' AND CC = 'CCpr') OR (BB = 'BBmv' AND CC = 'CCwy'))",
 "sqlResult": "{2} || {3} || {25}",
 "nlq": "How many days were there with CCbk BBcq or CCwy or CCpr BBmv in AAbq?"},
{"name": "template 3",
 "sql": "SELECT Value FROM DBdata WHERE (AA IN ('AAbq','AAbz')) AND ((BB = 'BBcq' AND CC = 'CCbk'))",
 "sqlResult": "{2} || {4}",
 "nlq": "How many days were there with CCbk BBcq in AAbq or AAbz?"},
{"name": "template 4",
 "sql": "SELECT avg(Value),max(Value) FROM DBdata WHERE (AA IN ('AAbq','AAbz')) AND ((BB = 'BBmv' AND CC = 'CCwy'))",
 "sqlResult": "{25.5 | 26}",
 "nlq": "What are the average and maximum numbers of days with CCwy BBmv in AAbq or AAbz?"},
{"name": "template 6",
 "sql": "SELECT Value FROM DBdata WHERE (AA IN ('AAbq','AAbz')) AND ((BB = 'BBcq' AND CC = 'CCbk') OR (BB = 'BBmv' AND CC = 'CCwy'))",
 "sqlResult": "{2} || {4} || {25} || {26}",
 "nlq": "How many days were there with CCbk BBcq or CCwy BBmv in AAbq or AAbz?"},
{"name": "template 7",
 "sql": "SELECT max(Value),min(Value) FROM DBdata WHERE (AA IN ('AAbz')) AND ((BB = 'BBcq' AND CC = 'CCbj') OR (BB = 'BBmv' AND CC = 'CCpr'))",
 "sqlResult": "{16 | 8}",
 "nlq": "What are the maximum and minimum numbers of days with CCbj BBcq or CCpr BBmv in AAbz?"},
{"name": "template 8",
 "sql": "SELECT AA,sum(Value),max(Value) FROM DBdata WHERE (AA IN ('AAbq')) AND ((BB = 'BBcq' AND CC = 'CCbk') OR (BB = 'BBcq' AND CC = 'CCbj') OR (BB = 'BBmv' AND CC = 'CCny') OR (BB = 'BBmv' AND CC = 'CCpr') OR (BB = 'BBmv' AND CC = 'CCwy')) GROUP BY AA",
 "sqlResult": "{AAbq | 70 | 28}",
 "nlq": "What are the total and maximum numbers of days for each AA, with CCbj or CCbk BBcq or CCwy, CCny, or CCpr BBmv in AAbq? Please, report the corresponding AA."},
{"name": "template 9",
 "sql": "SELECT min(Value) FROM DBdata WHERE (AA IN ('AAbz')) AND (BB IN ('BBcq','BBmv')) GROUP BY BB",
 "sqlResult": "{16} || {4}",
 "nlq": "What is the minimum number of days for each BB, with BBmv or BBcq in AAbz?"},
{"name": "template 10",
 "sql": "SELECT BB,max(Value) FROM DBdata WHERE (AA IN ('AAbz')) AND (BB IN ('BBcq','BBmv')) GROUP BY BB",
 "sqlResult": "{BBmv | 27} || {BBcq | 8}",
 "nlq": "What is the maximum number of days for each BB, with BBmv or BBcq in AAbz? Please, report the corresponding BB."},
{"name": "template 11",
 "sql": "SELECT BB,AA,max(Value) FROM DBdata WHERE (AA IN ('AAbq','AAbz')) AND (BB IN ('BBcq','BBmv')) GROUP BY BB,AA",
 "sqlResult": "{BBmv | AAbq | 25} || {BBmv | AAbz | 27} || {BBcq | AAbq | 28} || {BBcq | AAbz | 8}",
 "nlq": "What is the maximum number of days for each BB and AA, with BBmv or BBcq in AAbq or AAbz? Please, report the corresponding BB and AA."},
{"name": "template 12",
 "sql": "SELECT Value FROM DBdata WHERE (AA IN ('AAbz')) AND (BB IN ('BBcq','BBmv')) ORDER BY VALUE DESC LIMIT 3",
 "sqlResult": "{27} || {26} || {16}",
 "nlq": "What are the largest 3 numbers of days with BBmv or BBcq in AAbz?"},
{"name": "template 13",
 "sql": "SELECT Value FROM DBdata WHERE (AA IN ('AAbz')) AND (BB IN ('BBcq','BBmv')) ORDER BY VALUE DESC",
 "sqlResult": "{27} || {26} || {16} || {8} || {4}",
 "nlq": "What are the numbers of days ordered by descending values with BBmv or BBcq in AAbz?"},
{"name": "template 14",
 "sql": "SELECT BB,CC FROM DBdata WHERE (AA IN ('AAbq')) AND Value > 15.1",
 "sqlResult": "{BBcq | CCbj} || {BBmv | CCwy}",
 "nlq": "What are the BB and CC for which the number of days in AAbq is greater than 15.1?"},
{"name": "template 15",
 "sql": "SELECT BB,CC,Value FROM DBdata WHERE (AA IN ('AAbz')) AND (BB,CC) IN (SELECT BB,CC FROM DBdata WHERE (AA IN ('AAbq')) AND Value > 15.1)",
 "sqlResult": "{BBcq | CCbj | 8} || {BBmv | CCwy | 26}",
 "nlq": "How many days were there in AAbz with BB and with CC for which the number of days in AAbq is greater than 15.1? Please, report the corresponding BB, CC, and number of days."}]
}

