{
"filename": "Weather_statistics_set10_3_DB.csv",
"questions": [{"name": "template 1",
 "sql": "SELECT Value FROM DBdata WHERE (Year IN ('2018')) AND ((Characteristic = 'Humidity' AND Intensity = 'Medium'))",
 "sqlResult": "{16}",
 "nlq": "How many days were there with Medium Humidity in 2018?"},
{"name": "template 2",
 "sql": "SELECT Value FROM DBdata WHERE (Year IN ('2017')) AND ((Characteristic = 'Wind' AND Intensity = 'Calm') OR (Characteristic = 'Humidity' AND Intensity = 'Medium') OR (Characteristic = 'Humidity' AND Intensity = 'High'))",
 "sqlResult": "{2} || {3} || {25}",
 "nlq": "How many days were there with Calm Wind or High or Medium Humidity in 2017?"},
{"name": "template 3",
 "sql": "SELECT Value FROM DBdata WHERE (Year IN ('2017','2018')) AND ((Characteristic = 'Wind' AND Intensity = 'Calm'))",
 "sqlResult": "{2} || {4}",
 "nlq": "How many days were there with Calm Wind in 2017 or 2018?"},
{"name": "template 4",
 "sql": "SELECT avg(Value),max(Value) FROM DBdata WHERE (Year IN ('2017','2018')) AND ((Characteristic = 'Humidity' AND Intensity = 'High'))",
 "sqlResult": "{25.5 | 26}",
 "nlq": "What are the average and maximum numbers of days with High Humidity in 2017 or 2018?"},
{"name": "template 6",
 "sql": "SELECT Value FROM DBdata WHERE (Year IN ('2017','2018')) AND ((Characteristic = 'Wind' AND Intensity = 'Calm') OR (Characteristic = 'Humidity' AND Intensity = 'High'))",
 "sqlResult": "{2} || {4} || {25} || {26}",
 "nlq": "How many days were there with Calm Wind or High Humidity in 2017 or 2018?"},
{"name": "template 7",
 "sql": "SELECT max(Value),min(Value) FROM DBdata WHERE (Year IN ('2018')) AND ((Characteristic = 'Wind' AND Intensity = 'Breeze') OR (Characteristic = 'Humidity' AND Intensity = 'Medium'))",
 "sqlResult": "{16 | 8}",
 "nlq": "What are the maximum and minimum numbers of days with Breeze Wind or Medium Humidity in 2018?"},
{"name": "template 8",
 "sql": "SELECT Year,sum(Value),max(Value) FROM DBdata WHERE (Year IN ('2017')) AND ((Characteristic = 'Wind' AND Intensity = 'Calm') OR (Characteristic = 'Wind' AND Intensity = 'Breeze') OR (Characteristic = 'Humidity' AND Intensity = 'Low') OR (Characteristic = 'Humidity' AND Intensity = 'Medium') OR (Characteristic = 'Humidity' AND Intensity = 'High')) GROUP BY Year",
 "sqlResult": "{2017 | 70 | 28}",
 "nlq": "What are the total and maximum numbers of days for each Year, with Breeze or Calm Wind or High, Low, or Medium Humidity in 2017? Please, report the corresponding Year."},
{"name": "template 9",
 "sql": "SELECT min(Value) FROM DBdata WHERE (Year IN ('2018')) AND (Characteristic IN ('Wind','Humidity')) GROUP BY Characteristic",
 "sqlResult": "{16} || {4}",
 "nlq": "What is the minimum number of days for each Characteristic, with Humidity or Wind in 2018?"},
{"name": "template 10",
 "sql": "SELECT Characteristic,max(Value) FROM DBdata WHERE (Year IN ('2018')) AND (Characteristic IN ('Wind','Humidity')) GROUP BY Characteristic",
 "sqlResult": "{Humidity | 27} || {Wind | 8}",
 "nlq": "What is the maximum number of days for each Characteristic, with Humidity or Wind in 2018? Please, report the corresponding Characteristic."},
{"name": "template 11",
 "sql": "SELECT Characteristic,Year,max(Value) FROM DBdata WHERE (Year IN ('2017','2018')) AND (Characteristic IN ('Wind','Humidity')) GROUP BY Characteristic,Year",
 "sqlResult": "{Humidity | 2017 | 25} || {Humidity | 2018 | 27} || {Wind | 2017 | 28} || {Wind | 2018 | 8}",
 "nlq": "What is the maximum number of days for each Characteristic and Year, with Humidity or Wind in 2017 or 2018? Please, report the corresponding Characteristic and Year."},
{"name": "template 12",
 "sql": "SELECT Value FROM DBdata WHERE (Year IN ('2018')) AND (Characteristic IN ('Wind','Humidity')) ORDER BY VALUE DESC LIMIT 3",
 "sqlResult": "{27} || {26} || {16}",
 "nlq": "What are the largest 3 numbers of days with Humidity or Wind in 2018?"},
{"name": "template 13",
 "sql": "SELECT Value FROM DBdata WHERE (Year IN ('2018')) AND (Characteristic IN ('Wind','Humidity')) ORDER BY VALUE DESC",
 "sqlResult": "{27} || {26} || {16} || {8} || {4}",
 "nlq": "What are the numbers of days ordered by descending values with Humidity or Wind in 2018?"},
{"name": "template 14",
 "sql": "SELECT Characteristic,Intensity FROM DBdata WHERE (Year IN ('2017')) AND Value > 15.1",
 "sqlResult": "{Wind | Breeze} || {Humidity | High}",
 "nlq": "What are the Characteristic and Intensity for which the number of days in 2017 is greater than 15.1?"},
{"name": "template 15",
 "sql": "SELECT Characteristic,Intensity,Value FROM DBdata WHERE (Year IN ('2018')) AND (Characteristic,Intensity) IN (SELECT Characteristic,Intensity FROM DBdata WHERE (Year IN ('2017')) AND Value > 15.1)",
 "sqlResult": "{Wind | Breeze | 8} || {Humidity | High | 26}",
 "nlq": "How many days were there in 2018 with Characteristic and with Intensity for which the number of days in 2017 is greater than 15.1? Please, report the corresponding Characteristic, Intensity, and number of days."}]
}
