{
"filename": "Weather_statistics_set6_5_DB.csv",
"questions": [{"name": "template 1",
 "sql": "SELECT Value FROM DBdata WHERE (AA IN ('AAdq')) AND ((BB = 'BBjs' AND CC = 'CCbq'))",
 "sqlResult": "{7}",
 "nlq": "How many days were there with CCbq BBjs in AAdq?"},
{"name": "template 2",
 "sql": "SELECT Value FROM DBdata WHERE (AA IN ('AAgs')) AND ((BB = 'BBjs' AND CC = 'CCwy') OR (BB = 'BBjs' AND CC = 'CCbq') OR (BB = 'BBjs' AND CC = 'CCjw') OR (BB = 'BBhw' AND CC = 'CCbh'))",
 "sqlResult": "{21} || {8} || {0} || {19}",
 "nlq": "How many days were there with CCbq, CCwy, or CCjw BBjs or CCbh BBhw in AAgs?"},
{"name": "template 3",
 "sql": "SELECT Value FROM DBdata WHERE (AA IN ('AAdq','AAgs')) AND ((BB = 'BBhw' AND CC = 'CCbh'))",
 "sqlResult": "{6} || {19}",
 "nlq": "How many days were there with CCbh BBhw in AAdq or AAgs?"},
{"name": "template 4",
 "sql": "SELECT max(Value),avg(Value) FROM DBdata WHERE (AA IN ('AAdq','AAxz','AAgs')) AND ((BB = 'BBhw' AND CC = 'CCkv'))",
 "sqlResult": "{12 | 8.67}",
 "nlq": "What are the maximum and average numbers of days with CCkv BBhw in AAdq, AAxz, or AAgs?"},
{"name": "template 6",
 "sql": "SELECT Value FROM DBdata WHERE (AA IN ('AAdq','AAxz','AAgs')) AND ((BB = 'BBjs' AND CC = 'CCwy') OR (BB = 'BBjs' AND CC = 'CCbq') OR (BB = 'BBhw' AND CC = 'CCkv') OR (BB = 'BBhw' AND CC = 'CCbh'))",
 "sqlResult": "{26} || {18} || {21} || {7} || {27} || {8} || {12} || {4} || {10} || {6} || {24} || {19}",
 "nlq": "How many days were there with CCbq or CCwy BBjs or CCbh or CCkv BBhw in AAdq, AAxz, or AAgs?"},
{"name": "template 7",
 "sql": "SELECT sum(Value),max(Value) FROM DBdata WHERE (AA IN ('AAxz')) AND ((BB = 'BBhw' AND CC = 'CCkv') OR (BB = 'BBhw' AND CC = 'CChx') OR (BB = 'BBhw' AND CC = 'CCbh'))",
 "sqlResult": "{44 | 24}",
 "nlq": "What are the total and maximum numbers of days with CCbh, CCkv, or CChx BBhw in AAxz?"},
{"name": "template 8",
 "sql": "SELECT AA,sum(Value),min(Value) FROM DBdata WHERE (AA IN ('AAdq','AAxz','AAgs')) AND ((BB = 'BBjs' AND CC = 'CCjw') OR (BB = 'BBhw' AND CC = 'CCkv') OR (BB = 'BBhw' AND CC = 'CChx') OR (BB = 'BBhw' AND CC = 'CCbh')) GROUP BY AA",
 "sqlResult": "{AAdq | 32 | 1} || {AAxz | 64 | 4} || {AAgs | 38 | 0}",
 "nlq": "What are the total and minimum numbers of days for each AA, with CCbh, CCkv, or CChx BBhw or CCjw BBjs in AAdq, AAxz, or AAgs? Please, report the corresponding AA."},
{"name": "template 9",
 "sql": "SELECT min(Value) FROM DBdata WHERE (AA IN ('AAgs')) AND (BB IN ('BBjs','BBhw')) GROUP BY BB",
 "sqlResult": "{9} || {0}",
 "nlq": "What is the minimum number of days for each BB, with BBhw or BBjs in AAgs?"},
{"name": "template 10",
 "sql": "SELECT BB,max(Value) FROM DBdata WHERE (AA IN ('AAgs')) AND (BB IN ('BBjs','BBhw')) GROUP BY BB",
 "sqlResult": "{BBhw | 19} || {BBjs | 21}",
 "nlq": "What is the maximum number of days for each BB, with BBhw or BBjs in AAgs? Please, report the corresponding BB."},
{"name": "template 11",
 "sql": "SELECT BB,AA,min(Value) FROM DBdata WHERE (AA IN ('AAdq','AAgs')) AND (BB IN ('BBjs','BBhw')) GROUP BY BB,AA",
 "sqlResult": "{BBhw | AAdq | 1} || {BBhw | AAgs | 9} || {BBjs | AAdq | 7} || {BBjs | AAgs | 0}",
 "nlq": "What is the minimum number of days for each BB and AA, with BBhw or BBjs in AAdq or AAgs? Please, report the corresponding BB and AA."},
{"name": "template 12",
 "sql": "SELECT Value FROM DBdata WHERE (AA IN ('AAxz')) AND (BB IN ('BBjs','BBhw')) ORDER BY VALUE DESC LIMIT 5",
 "sqlResult": "{27} || {24} || {20} || {18} || {16}",
 "nlq": "What are the largest 5 numbers of days with BBhw or BBjs in AAxz?"},
{"name": "template 13",
 "sql": "SELECT Value FROM DBdata WHERE (AA IN ('AAgs')) AND (BB IN ('BBjs','BBhw')) ORDER BY VALUE ASC",
 "sqlResult": "{0} || {8} || {9} || {10} || {19} || {21}",
 "nlq": "What are the numbers of days ordered by ascending values with BBhw or BBjs in AAgs?"},
{"name": "template 14",
 "sql": "SELECT BB,CC FROM DBdata WHERE (AA IN ('AAdq')) AND Value > 13.39",
 "sqlResult": "{BBjs | CCwy}",
 "nlq": "What are the BB and CC for which the number of days in AAdq is greater than 13.39?"},
{"name": "template 15",
 "sql": "SELECT BB,CC,Value FROM DBdata WHERE (AA IN ('AAgs')) AND (BB,CC) IN (SELECT BB,CC FROM DBdata WHERE (AA IN ('AAdq')) AND Value > 13.39)",
 "sqlResult": "{BBjs | CCwy | 21}",
 "nlq": "How many days were there in AAgs with BB and with CC for which the number of days in AAdq is greater than 13.39? Please, report the corresponding BB, CC, and number of days."}]
}

