{
"filename": "Weather_statistics_set7_1_DB.csv",
"questions": [{"name": "template 1",
 "sql": "SELECT Value FROM DBdata WHERE (Year IN ('2017')) AND ((Characteristic = 'Temperature' AND Intensity = '21-30'))",
 "sqlResult": "{2}",
 "nlq": "How many days were there with 21-30 Temperature in 2017?"},
{"name": "template 2",
 "sql": "SELECT Value FROM DBdata WHERE (Year IN ('2017')) AND ((Characteristic = 'Temperature' AND Intensity = '11-20') OR (Characteristic = 'Temperature' AND Intensity = '21-30') OR (Characteristic = 'Temperature' AND Intensity = '31-40') OR (Characteristic = 'Wind' AND Intensity = 'Calm') OR (Characteristic = 'Wind' AND Intensity = 'Breeze') OR (Characteristic = 'Humidity' AND Intensity = 'Low') OR (Characteristic = 'Humidity' AND Intensity = 'Medium'))",
 "sqlResult": "{1} || {2} || {3} || {12} || {0} || {27} || {6}",
 "nlq": "How many days were there with 11-20, 21-30, or 31-40 Temperature, Breeze or Calm Wind, or Low or Medium Humidity in 2017?"},
{"name": "template 3",
 "sql": "SELECT Value FROM DBdata WHERE (Year IN ('2015','2016')) AND ((Characteristic = 'Temperature' AND Intensity = '11-20'))",
 "sqlResult": "{14} || {20}",
 "nlq": "How many days were there with 11-20 Temperature in 2015 or 2016?"},
{"name": "template 4",
 "sql": "SELECT avg(Value),sum(Value) FROM DBdata WHERE (Year IN ('2015','2016')) AND ((Characteristic = 'Wind' AND Intensity = 'Storm'))",
 "sqlResult": "{14.5 | 29}",
 "nlq": "What are the average and total numbers of days with Storm Wind in 2015 or 2016?"},
{"name": "template 6",
 "sql": "SELECT Value FROM DBdata WHERE (Year IN ('2015','2016')) AND ((Characteristic = 'Temperature' AND Intensity = '21-30') OR (Characteristic = 'Wind' AND Intensity = 'Calm') OR (Characteristic = 'Wind' AND Intensity = 'Storm') OR (Characteristic = 'Humidity' AND Intensity = 'Medium'))",
 "sqlResult": "{10} || {8} || {24} || {25} || {7} || {22} || {16} || {17}",
 "nlq": "How many days were there with 21-30 Temperature, Calm or Storm Wind, or Medium Humidity in 2015 or 2016?"},
{"name": "template 7",
 "sql": "SELECT max(Value),sum(Value) FROM DBdata WHERE (Year IN ('2015')) AND ((Characteristic = 'Temperature' AND Intensity = '21-30') OR (Characteristic = 'Temperature' AND Intensity = '31-40') OR (Characteristic = 'Wind' AND Intensity = 'Breeze') OR (Characteristic = 'Wind' AND Intensity = 'Storm'))",
 "sqlResult": "{15 | 37}",
 "nlq": "What are the maximum and total numbers of days with 21-30 or 31-40 Temperature or Breeze or Storm Wind in 2015?"},
{"name": "template 8",
 "sql": "SELECT Year,max(Value),sum(Value) FROM DBdata WHERE (Year IN ('2015','2017')) AND ((Characteristic = 'Temperature' AND Intensity = '11-20') OR (Characteristic = 'Temperature' AND Intensity = '21-30') OR (Characteristic = 'Temperature' AND Intensity = '31-40') OR (Characteristic = 'Wind' AND Intensity = 'Breeze') OR (Characteristic = 'Wind' AND Intensity = 'Storm')) GROUP BY Year",
 "sqlResult": "{2015 | 15 | 51} || {2017 | 19 | 25}",
 "nlq": "What are the maximum and total numbers of days for each Year, with 11-20, 21-30, or 31-40 Temperature or Breeze or Storm Wind in 2015 or 2017? Please, report the corresponding Year."},
{"name": "template 9",
 "sql": "SELECT min(Value) FROM DBdata WHERE (Year IN ('2017')) AND (Characteristic IN ('Temperature','Wind','Humidity')) GROUP BY Characteristic",
 "sqlResult": "{6} || {1} || {0}",
 "nlq": "What is the minimum number of days for each Characteristic, with Humidity, Temperature, or Wind in 2017?"},
{"name": "template 10",
 "sql": "SELECT Characteristic,avg(Value) FROM DBdata WHERE (Year IN ('2017')) AND (Characteristic IN ('Temperature','Wind','Humidity')) GROUP BY Characteristic",
 "sqlResult": "{Humidity | 16.5} || {Temperature | 2} || {Wind | 10.33}",
 "nlq": "What is the average number of days for each Characteristic, with Humidity, Temperature, or Wind in 2017? Please, report the corresponding Characteristic."},
{"name": "template 11",
 "sql": "SELECT Characteristic,Year,max(Value) FROM DBdata WHERE (Year IN ('2016','2017')) AND (Characteristic IN ('Temperature','Wind','Humidity')) GROUP BY Characteristic,Year",
 "sqlResult": "{Humidity | 2016 | 18} || {Humidity | 2017 | 27} || {Temperature | 2016 | 20} || {Temperature | 2017 | 3} || {Wind | 2016 | 25} || {Wind | 2017 | 19}",
 "nlq": "What is the maximum number of days for each Characteristic and Year, with Humidity, Temperature, or Wind in 2016 or 2017? Please, report the corresponding Characteristic and Year."},
{"name": "template 12",
 "sql": "SELECT Value FROM DBdata WHERE (Year IN ('2017')) AND (Characteristic IN ('Temperature','Wind')) ORDER BY VALUE ASC LIMIT 2",
 "sqlResult": "{0} || {1}",
 "nlq": "What are the smallest 2 numbers of days with Temperature or Wind in 2017?"},
{"name": "template 13",
 "sql": "SELECT Value FROM DBdata WHERE (Year IN ('2015')) AND (Characteristic IN ('Wind','Humidity')) ORDER BY VALUE DESC",
 "sqlResult": "{28} || {24} || {16} || {7} || {5}",
 "nlq": "What are the numbers of days ordered by descending values with Humidity or Wind in 2015?"},
{"name": "template 14",
 "sql": "SELECT Characteristic,Intensity FROM DBdata WHERE (Year IN ('2016')) AND Value > 13.08",
 "sqlResult": "{Temperature | 11-20} || {Wind | Calm} || {Wind | Storm} || {Humidity | Low} || {Humidity | Medium}",
 "nlq": "What are the Characteristic and Intensity for which the number of days in 2016 is greater than 13.08?"},
{"name": "template 15",
 "sql": "SELECT Characteristic,Intensity,Value FROM DBdata WHERE (Year IN ('2015')) AND (Characteristic,Intensity) IN (SELECT Characteristic,Intensity FROM DBdata WHERE (Year IN ('2016')) AND Value > 13.08)",
 "sqlResult": "{Temperature | 11-20 | 14} || {Wind | Calm | 24} || {Wind | Storm | 7} || {Humidity | Low | 28} || {Humidity | Medium | 16}",
 "nlq": "How many days were there in 2015 with Characteristic and with Intensity for which the number of days in 2016 is greater than 13.08? Please, report the corresponding Characteristic, Intensity, and number of days."}]
}
