{
"filename": "Weather_statistics_set1_3_DB.csv",
"questions": [{"name": "template 1",
 "sql": "SELECT Value FROM DBdata WHERE (AA IN ('AAhv')) AND ((BB = 'BBpq' AND CC = 'CClm'))",
 "sqlResult": "{23}",
 "nlq": "How many days were there with CClm BBpq in AAhv?"},
{"name": "template 2",
 "sql": "SELECT Value FROM DBdata WHERE (AA IN ('AAfr')) AND ((BB = 'BBcd' AND CC = 'CCgh') OR (BB = 'BBpq' AND CC = 'CClm') OR (BB = 'BBpq' AND CC = 'CCdl') OR (BB = 'BBjp' AND CC = 'CCsz') OR (BB = 'BBjp' AND CC = 'CCmr'))",
 "sqlResult": "{26} || {15} || {25} || {21} || {24}",
 "nlq": "How many days were there with CCgh BBcd, CCdl or CClm BBpq, or CCsz or CCmr BBjp in AAfr?"},
{"name": "template 3",
 "sql": "SELECT Value FROM DBdata WHERE (AA IN ('AAhv')) AND ((BB = 'BBpq' AND CC = 'CClm'))",
 "sqlResult": "{23}",
 "nlq": "How many days were there with CClm BBpq in AAhv?"},
{"name": "template 4",
 "sql": "SELECT max(Value),avg(Value) FROM DBdata WHERE (AA IN ('AAfr')) AND ((BB = 'BBpq' AND CC = 'CCdl'))",
 "sqlResult": "{25 | 25}",
 "nlq": "What are the maximum and average numbers of days with CCdl BBpq in AAfr?"},
{"name": "template 6",
 "sql": "SELECT Value FROM DBdata WHERE (AA IN ('AAhv')) AND ((BB = 'BBcd' AND CC = 'CCgh') OR (BB = 'BBpq' AND CC = 'CCdl') OR (BB = 'BBjp' AND CC = 'CCsz'))",
 "sqlResult": "{16} || {4} || {3}",
 "nlq": "How many days were there with CCgh BBcd, CCdl BBpq, or CCsz BBjp in AAhv?"},
{"name": "template 7",
 "sql": "SELECT max(Value),sum(Value) FROM DBdata WHERE (AA IN ('AAfr')) AND ((BB = 'BBcd' AND CC = 'CCpy') OR (BB = 'BBpq' AND CC = 'CCdl'))",
 "sqlResult": "{25 | 34}",
 "nlq": "What are the maximum and total numbers of days with CCpy BBcd or CCdl BBpq in AAfr?"},
{"name": "template 8",
 "sql": "SELECT AA,sum(Value),max(Value) FROM DBdata WHERE (AA IN ('AAfr','AAhv')) AND ((BB = 'BBcd' AND CC = 'CCpy') OR (BB = 'BBpq' AND CC = 'CClm') OR (BB = 'BBjp' AND CC = 'CCsz') OR (BB = 'BBjp' AND CC = 'CCmr')) GROUP BY AA",
 "sqlResult": "{AAfr | 69 | 24} || {AAhv | 45 | 23}",
 "nlq": "What are the total and maximum numbers of days for each AA, with CCpy BBcd, CClm BBpq, or CCsz or CCmr BBjp in AAfr or AAhv? Please, report the corresponding AA."},
{"name": "template 9",
 "sql": "SELECT min(Value) FROM DBdata WHERE (AA IN ('AAfr')) AND (BB IN ('BBcd','BBpq','BBjp')) GROUP BY BB",
 "sqlResult": "{21} || {9} || {15}",
 "nlq": "What is the minimum number of days for each BB, with BBjp, BBcd, or BBpq in AAfr?"},
{"name": "template 10",
 "sql": "SELECT BB,sum(Value) FROM DBdata WHERE (AA IN ('AAfr')) AND (BB IN ('BBcd','BBpq','BBjp')) GROUP BY BB",
 "sqlResult": "{BBjp | 45} || {BBcd | 35} || {BBpq | 40}",
 "nlq": "What is the total number of days for each BB, with BBjp, BBcd, or BBpq in AAfr? Please, report the corresponding BB."},
{"name": "template 11",
 "sql": "SELECT BB,AA,max(Value) FROM DBdata WHERE (AA IN ('AAfr','AAhv')) AND (BB IN ('BBcd','BBpq','BBjp')) GROUP BY BB,AA",
 "sqlResult": "{BBjp | AAfr | 24} || {BBjp | AAhv | 3} || {BBcd | AAfr | 26} || {BBcd | AAhv | 19} || {BBpq | AAfr | 25} || {BBpq | AAhv | 23}",
 "nlq": "What is the maximum number of days for each BB and AA, with BBjp, BBcd, or BBpq in AAfr or AAhv? Please, report the corresponding BB and AA."},
{"name": "template 12",
 "sql": "SELECT Value FROM DBdata WHERE (AA IN ('AAfr')) AND (BB IN ('BBcd','BBpq')) ORDER BY VALUE DESC LIMIT 2",
 "sqlResult": "{26} || {25}",
 "nlq": "What are the largest 2 numbers of days with BBcd or BBpq in AAfr?"},
{"name": "template 13",
 "sql": "SELECT Value FROM DBdata WHERE (AA IN ('AAhv')) AND (BB IN ('BBcd','BBpq')) ORDER BY VALUE DESC",
 "sqlResult": "{23} || {19} || {16} || {4}",
 "nlq": "What are the numbers of days ordered by descending values with BBcd or BBpq in AAhv?"},
{"name": "template 14",
 "sql": "SELECT BB,CC FROM DBdata WHERE (AA IN ('AAhv')) AND Value > 15.42",
 "sqlResult": "{BBcd | CCgh} || {BBcd | CCpy} || {BBpq | CClm}",
 "nlq": "What are the BB and CC for which the number of days in AAhv is greater than 15.42?"},
{"name": "template 15",
 "sql": "SELECT BB,CC,Value FROM DBdata WHERE (AA IN ('AAfr')) AND (BB,CC) IN (SELECT BB,CC FROM DBdata WHERE (AA IN ('AAhv')) AND Value > 15.42)",
 "sqlResult": "{BBcd | CCgh | 26} || {BBcd | CCpy | 9} || {BBpq | CClm | 15}",
 "nlq": "How many days were there in AAfr with BB and with CC for which the number of days in AAhv is greater than 15.42? Please, report the corresponding BB, CC, and number of days."}]
}

