{
"filename": "Weather_statistics_set5_5_DB.csv",
"questions": [{"name": "template 1",
 "sql": "SELECT Value FROM DBdata WHERE (Year IN ('2021')) AND ((Characteristic = 'Temperature' AND Intensity = '21-30'))",
 "sqlResult": "{24}",
 "nlq": "How many days were there with 21-30 Temperature in 2021?"},
{"name": "template 2",
 "sql": "SELECT Value FROM DBdata WHERE (Year IN ('2019')) AND ((Characteristic = 'Temperature' AND Intensity = '21-30') OR (Characteristic = 'Temperature' AND Intensity = '31-40') OR (Characteristic = 'Wind' AND Intensity = 'Calm'))",
 "sqlResult": "{26} || {10} || {28}",
 "nlq": "How many days were there with 21-30 or 31-40 Temperature or Calm Wind in 2019?"},
{"name": "template 3",
 "sql": "SELECT Value FROM DBdata WHERE (Year IN ('2019','2020','2021')) AND ((Characteristic = 'Wind' AND Intensity = 'Calm'))",
 "sqlResult": "{28} || {27} || {16}",
 "nlq": "How many days were there with Calm Wind in 2019, 2020, or 2021?"},
{"name": "template 4",
 "sql": "SELECT avg(Value),min(Value) FROM DBdata WHERE (Year IN ('2019','2020','2021')) AND ((Characteristic = 'Temperature' AND Intensity = '11-20'))",
 "sqlResult": "{10.33 | 5}",
 "nlq": "What are the average and minimum numbers of days with 11-20 Temperature in 2019, 2020, or 2021?"},
{"name": "template 6",
 "sql": "SELECT Value FROM DBdata WHERE (Year IN ('2019','2020')) AND ((Characteristic = 'Temperature' AND Intensity = '11-20') OR (Characteristic = 'Temperature' AND Intensity = '21-30') OR (Characteristic = 'Wind' AND Intensity = 'Breeze'))",
 "sqlResult": "{15} || {11} || {26} || {25} || {9} || {8}",
 "nlq": "How many days were there with 11-20 or 21-30 Temperature or Breeze Wind in 2019 or 2020?"},
{"name": "template 7",
 "sql": "SELECT max(Value),sum(Value) FROM DBdata WHERE (Year IN ('2021')) AND ((Characteristic = 'Temperature' AND Intensity = '21-30') OR (Characteristic = 'Temperature' AND Intensity = '31-40') OR (Characteristic = 'Wind' AND Intensity = 'Calm') OR (Characteristic = 'Wind' AND Intensity = 'Breeze'))",
 "sqlResult": "{24 | 82}",
 "nlq": "What are the maximum and total numbers of days with 21-30 or 31-40 Temperature or Breeze or Calm Wind in 2021?"},
{"name": "template 8",
 "sql": "SELECT Year,max(Value),min(Value) FROM DBdata WHERE (Year IN ('2019','2020','2021')) AND ((Characteristic = 'Temperature' AND Intensity = '11-20') OR (Characteristic = 'Temperature' AND Intensity = '31-40')) GROUP BY Year",
 "sqlResult": "{2019 | 15 | 10} || {2020 | 21 | 11} || {2021 | 23 | 5}",
 "nlq": "What are the maximum and minimum numbers of days for each Year, with 11-20 or 31-40 Temperature in 2019, 2020, or 2021? Please, report the corresponding Year."},
{"name": "template 9",
 "sql": "SELECT min(Value) FROM DBdata WHERE (Year IN ('2019')) AND (Characteristic IN ('Temperature','Wind')) GROUP BY Characteristic",
 "sqlResult": "{10} || {9}",
 "nlq": "What is the minimum number of days for each Characteristic, with Temperature or Wind in 2019?"},
{"name": "template 10",
 "sql": "SELECT Characteristic,max(Value) FROM DBdata WHERE (Year IN ('2019')) AND (Characteristic IN ('Temperature','Wind')) GROUP BY Characteristic",
 "sqlResult": "{Temperature | 26} || {Wind | 28}",
 "nlq": "What is the maximum number of days for each Characteristic, with Temperature or Wind in 2019? Please, report the corresponding Characteristic."},
{"name": "template 11",
 "sql": "SELECT Characteristic,Year,min(Value) FROM DBdata WHERE (Year IN ('2019','2021')) AND (Characteristic IN ('Temperature','Wind')) GROUP BY Characteristic,Year",
 "sqlResult": "{Temperature | 2019 | 10} || {Temperature | 2021 | 5} || {Wind | 2019 | 9} || {Wind | 2021 | 16}",
 "nlq": "What is the minimum number of days for each Characteristic and Year, with Temperature or Wind in 2019 or 2021? Please, report the corresponding Characteristic and Year."},
{"name": "template 12",
 "sql": "SELECT Value FROM DBdata WHERE (Year IN ('2021')) AND (Characteristic IN ('Temperature','Wind')) ORDER BY VALUE DESC LIMIT 3",
 "sqlResult": "{24} || {23} || {19}",
 "nlq": "What are the largest 3 numbers of days with Temperature or Wind in 2021?"},
{"name": "template 13",
 "sql": "SELECT Value FROM DBdata WHERE (Year IN ('2019')) AND (Characteristic IN ('Temperature','Wind')) ORDER BY VALUE DESC",
 "sqlResult": "{28} || {26} || {15} || {10} || {9}",
 "nlq": "What are the numbers of days ordered by descending values with Temperature or Wind in 2019?"},
{"name": "template 14",
 "sql": "SELECT Characteristic,Intensity FROM DBdata WHERE (Year IN ('2019')) AND Value > 17.8",
 "sqlResult": "{Temperature | 21-30} || {Wind | Calm}",
 "nlq": "What are the Characteristic and Intensity for which the number of days in 2019 is greater than 17.8?"},
{"name": "template 15",
 "sql": "SELECT Characteristic,Intensity,Value FROM DBdata WHERE (Year IN ('2020')) AND (Characteristic,Intensity) IN (SELECT Characteristic,Intensity FROM DBdata WHERE (Year IN ('2019')) AND Value > 17.8)",
 "sqlResult": "{Temperature | 21-30 | 25} || {Wind | Calm | 27}",
 "nlq": "How many days were there in 2020 with Characteristic and with Intensity for which the number of days in 2019 is greater than 17.8? Please, report the corresponding Characteristic, Intensity, and number of days."}]
}
