{
"filename": "Weather_statistics_set3_3_DB.csv",
"questions": [{"name": "template 1",
 "sql": "SELECT Value FROM DBdata WHERE (AA IN ('AAdm')) AND ((BB = 'BBfg' AND CC = 'CCcs'))",
 "sqlResult": "{26}",
 "nlq": "How many days were there with CCcs BBfg in AAdm?"},
{"name": "template 2",
 "sql": "SELECT Value FROM DBdata WHERE (AA IN ('AAks')) AND ((BB = 'BBqw' AND CC = 'CChl') OR (BB = 'BBjl' AND CC = 'CCbd'))",
 "sqlResult": "{20} || {17}",
 "nlq": "How many days were there with CChl BBqw or CCbd BBjl in AAks?"},
{"name": "template 3",
 "sql": "SELECT Value FROM DBdata WHERE (AA IN ('AAdm','AAmn','AAks')) AND ((BB = 'BBfg' AND CC = 'CCcs'))",
 "sqlResult": "{26} || {24} || {21}",
 "nlq": "How many days were there with CCcs BBfg in AAdm, AAmn, or AAks?"},
{"name": "template 4",
 "sql": "SELECT sum(Value),min(Value) FROM DBdata WHERE (AA IN ('AAdm','AAks')) AND ((BB = 'BBqw' AND CC = 'CCfx'))",
 "sqlResult": "{37 | 10}",
 "nlq": "What are the total and minimum numbers of days with CCfx BBqw in AAdm or AAks?"},
{"name": "template 6",
 "sql": "SELECT Value FROM DBdata WHERE (AA IN ('AAdm','AAks')) AND ((BB = 'BBfg' AND CC = 'CCjs') OR (BB = 'BBfg' AND CC = 'CCcs') OR (BB = 'BBjl' AND CC = 'CCbt'))",
 "sqlResult": "{8} || {11} || {26} || {21} || {16} || {2}",
 "nlq": "How many days were there with CCjs or CCcs BBfg or CCbt BBjl in AAdm or AAks?"},
{"name": "template 7",
 "sql": "SELECT avg(Value),sum(Value) FROM DBdata WHERE (AA IN ('AAks')) AND ((BB = 'BBfg' AND CC = 'CCjs') OR (BB = 'BBfg' AND CC = 'CCcs') OR (BB = 'BBjl' AND CC = 'CCcg') OR (BB = 'BBjl' AND CC = 'CCbt'))",
 "sqlResult": "{14 | 56}",
 "nlq": "What are the average and total numbers of days with CCjs or CCcs BBfg or CCbt or CCcg BBjl in AAks?"},
{"name": "template 8",
 "sql": "SELECT AA,min(Value),sum(Value) FROM DBdata WHERE (AA IN ('AAdm','AAmn')) AND ((BB = 'BBqw' AND CC = 'CChl') OR (BB = 'BBqw' AND CC = 'CCfx') OR (BB = 'BBfg' AND CC = 'CCjs') OR (BB = 'BBfg' AND CC = 'CCcs') OR (BB = 'BBjl' AND CC = 'CCbt')) GROUP BY AA",
 "sqlResult": "{AAdm | 7 | 67} || {AAmn | 0 | 61}",
 "nlq": "What are the minimum and total numbers of days for each AA, with CChl or CCfx BBqw, CCjs or CCcs BBfg, or CCbt BBjl in AAdm or AAmn? Please, report the corresponding AA."},
{"name": "template 9",
 "sql": "SELECT min(Value) FROM DBdata WHERE (AA IN ('AAmn')) AND (BB IN ('BBqw','BBfg','BBjl')) GROUP BY BB",
 "sqlResult": "{3} || {0} || {6}",
 "nlq": "What is the minimum number of days for each BB, with BBjl, BBqw, or BBfg in AAmn?"},
{"name": "template 10",
 "sql": "SELECT BB,sum(Value) FROM DBdata WHERE (AA IN ('AAdm')) AND (BB IN ('BBqw','BBfg','BBjl')) GROUP BY BB",
 "sqlResult": "{BBjl | 48} || {BBqw | 17} || {BBfg | 34}",
 "nlq": "What is the total number of days for each BB, with BBjl, BBqw, or BBfg in AAdm? Please, report the corresponding BB."},
{"name": "template 11",
 "sql": "SELECT BB,AA,sum(Value) FROM DBdata WHERE (AA IN ('AAmn','AAks')) AND (BB IN ('BBqw','BBfg','BBjl')) GROUP BY BB,AA",
 "sqlResult": "{BBjl | AAmn | 43} || {BBjl | AAks | 41} || {BBqw | AAmn | 19} || {BBqw | AAks | 47} || {BBfg | AAmn | 30} || {BBfg | AAks | 32}",
 "nlq": "What is the total number of days for each BB and AA, with BBjl, BBqw, or BBfg in AAmn or AAks? Please, report the corresponding BB and AA."},
{"name": "template 12",
 "sql": "SELECT Value FROM DBdata WHERE (AA IN ('AAdm')) AND (BB IN ('BBqw','BBjl')) ORDER BY VALUE ASC LIMIT 4",
 "sqlResult": "{7} || {9} || {10} || {16}",
 "nlq": "What are the smallest 4 numbers of days with BBjl or BBqw in AAdm?"},
{"name": "template 13",
 "sql": "SELECT Value FROM DBdata WHERE (AA IN ('AAdm')) AND (BB IN ('BBqw','BBjl')) ORDER BY VALUE ASC",
 "sqlResult": "{7} || {9} || {10} || {16} || {23}",
 "nlq": "What are the numbers of days ordered by ascending values with BBjl or BBqw in AAdm?"},
{"name": "template 14",
 "sql": "SELECT BB,CC FROM DBdata WHERE (AA IN ('AAks')) AND Value > 14.81",
 "sqlResult": "{BBqw | CChl} || {BBqw | CCfx} || {BBfg | CCcs} || {BBjl | CCcg} || {BBjl | CCbd}",
 "nlq": "What are the BB and CC for which the number of days in AAks is greater than 14.81?"},
{"name": "template 15",
 "sql": "SELECT BB,CC,Value FROM DBdata WHERE (AA IN ('AAmn')) AND (BB,CC) IN (SELECT BB,CC FROM DBdata WHERE (AA IN ('AAks')) AND Value > 14.81)",
 "sqlResult": "{BBqw | CChl | 0} || {BBqw | CCfx | 19} || {BBfg | CCcs | 24} || {BBjl | CCcg | 28} || {BBjl | CCbd | 3}",
 "nlq": "How many days were there in AAmn with BB and with CC for which the number of days in AAks is greater than 14.81? Please, report the corresponding BB, CC, and number of days."}]
}

