Year,Characteristic,Intensity,Value
Year,Characteristic,Intensity,Value
2015,Temperature,11-20,6
2016,Temperature,11-20,0
2017,Temperature,11-20,3
2015,Temperature,21-30,12
2016,Temperature,21-30,22
2017,Temperature,21-30,4
2015,Wind,Calm,8
2016,Wind,Calm,7
2017,Wind,Calm,27
2015,Wind,Breeze,21
2016,Wind,Breeze,24
2017,Wind,Breeze,14
2015,Humidity,Low,28
2016,Humidity,Low,13
2017,Humidity,Low,26
2015,Humidity,Medium,15
2016,Humidity,Medium,9
2017,Humidity,Medium,2
2015,Humidity,High,16
2016,Humidity,High,10
2017,Humidity,High,23
