{
"filename": "Weather_statistics_set6_4_DB.csv",
"questions": [{"name": "template 1",
 "sql": "SELECT Value FROM DBdata WHERE (AA IN ('AAlz')) AND ((BB = 'BBdt' AND CC = 'CCgn'))",
 "sqlResult": "{28}",
 "nlq": "How many days were there with CCgn BBdt in AAlz?"},
{"name": "template 2",
 "sql": "SELECT Value FROM DBdata WHERE (AA IN ('AAlz')) AND ((BB = 'BBhy' AND CC = 'CCsw') OR (BB = 'BBhy' AND CC = 'CCtz') OR (BB = 'BBdt' AND CC = 'CCgn') OR (BB = 'BBdt' AND CC = 'CCgp') OR (BB = 'BBjm' AND CC = 'CCbz') OR (BB = 'BBjm' AND CC = 'CCry'))",
 "sqlResult": "{26} || {23} || {28} || {2} || {6} || {9}",
 "nlq": "How many days were there with CCsw or CCtz BBhy, CCgp or CCgn BBdt, or CCry or CCbz BBjm in AAlz?"},
{"name": "template 3",
 "sql": "SELECT Value FROM DBdata WHERE (AA IN ('AAlz')) AND ((BB = 'BBdt' AND CC = 'CCgp'))",
 "sqlResult": "{2}",
 "nlq": "How many days were there with CCgp BBdt in AAlz?"},
{"name": "template 4",
 "sql": "SELECT avg(Value),sum(Value) FROM DBdata WHERE (AA IN ('AAlz','AAbd')) AND ((BB = 'BBdt' AND CC = 'CCpx'))",
 "sqlResult": "{12.5 | 25}",
 "nlq": "What are the average and total numbers of days with CCpx BBdt in AAlz or AAbd?"},
{"name": "template 6",
 "sql": "SELECT Value FROM DBdata WHERE (AA IN ('AAlz','AAbd')) AND ((BB = 'BBdt' AND CC = 'CCgn') OR (BB = 'BBjm' AND CC = 'CCpr') OR (BB = 'BBjm' AND CC = 'CCbz') OR (BB = 'BBjm' AND CC = 'CCry'))",
 "sqlResult": "{28} || {7} || {0} || {15} || {6} || {3} || {9} || {12}",
 "nlq": "How many days were there with CCgn BBdt or CCry, CCpr, or CCbz BBjm in AAlz or AAbd?"},
{"name": "template 7",
 "sql": "SELECT min(Value),avg(Value) FROM DBdata WHERE (AA IN ('AAlz')) AND ((BB = 'BBhy' AND CC = 'CCsw') OR (BB = 'BBhy' AND CC = 'CCtz'))",
 "sqlResult": "{23 | 24.5}",
 "nlq": "What are the minimum and average numbers of days with CCsw or CCtz BBhy in AAlz?"},
{"name": "template 8",
 "sql": "SELECT AA,min(Value),avg(Value) FROM DBdata WHERE (AA IN ('AAlz','AAbd')) AND ((BB = 'BBhy' AND CC = 'CCsw') OR (BB = 'BBjm' AND CC = 'CCry')) GROUP BY AA",
 "sqlResult": "{AAlz | 9 | 17.5} || {AAbd | 5 | 8.5}",
 "nlq": "What are the minimum and average numbers of days for each AA, with CCsw BBhy or CCry BBjm in AAlz or AAbd? Please, report the corresponding AA."},
{"name": "template 9",
 "sql": "SELECT min(Value) FROM DBdata WHERE (AA IN ('AAlz')) AND (BB IN ('BBhy','BBdt','BBjm')) GROUP BY BB",
 "sqlResult": "{0} || {23} || {2}",
 "nlq": "What is the minimum number of days for each BB, with BBjm, BBhy, or BBdt in AAlz?"},
{"name": "template 10",
 "sql": "SELECT BB,avg(Value) FROM DBdata WHERE (AA IN ('AAlz')) AND (BB IN ('BBhy','BBdt','BBjm')) GROUP BY BB",
 "sqlResult": "{BBjm | 5} || {BBhy | 24.5} || {BBdt | 12.67}",
 "nlq": "What is the average number of days for each BB, with BBjm, BBhy, or BBdt in AAlz? Please, report the corresponding BB."},
{"name": "template 11",
 "sql": "SELECT BB,AA,max(Value) FROM DBdata WHERE (AA IN ('AAbd')) AND (BB IN ('BBhy','BBdt','BBjm')) GROUP BY BB,AA",
 "sqlResult": "{BBjm | AAbd | 15} || {BBhy | AAbd | 24} || {BBdt | AAbd | 17}",
 "nlq": "What is the maximum number of days for each BB and AA, with BBjm, BBhy, or BBdt in AAbd? Please, report the corresponding BB and AA."},
{"name": "template 12",
 "sql": "SELECT Value FROM DBdata WHERE (AA IN ('AAbd')) AND (BB IN ('BBhy','BBjm')) ORDER BY VALUE DESC LIMIT 3",
 "sqlResult": "{24} || {15} || {12}",
 "nlq": "What are the largest 3 numbers of days with BBjm or BBhy in AAbd?"},
{"name": "template 13",
 "sql": "SELECT Value FROM DBdata WHERE (AA IN ('AAlz')) AND (BB IN ('BBhy','BBdt')) ORDER BY VALUE DESC",
 "sqlResult": "{28} || {26} || {23} || {8} || {2}",
 "nlq": "What are the numbers of days ordered by descending values with BBhy or BBdt in AAlz?"},
{"name": "template 14",
 "sql": "SELECT BB,CC FROM DBdata WHERE (AA IN ('AAlz')) AND Value > 12.44",
 "sqlResult": "{BBhy | CCsw} || {BBhy | CCtz} || {BBdt | CCgn}",
 "nlq": "What are the BB and CC for which the number of days in AAlz is greater than 12.44?"},
{"name": "template 15",
 "sql": "SELECT BB,CC,Value FROM DBdata WHERE (AA IN ('AAbd')) AND (BB,CC) IN (SELECT BB,CC FROM DBdata WHERE (AA IN ('AAlz')) AND Value > 12.44)",
 "sqlResult": "{BBhy | CCsw | 5} || {BBhy | CCtz | 24} || {BBdt | CCgn | 7}",
 "nlq": "How many days were there in AAbd with BB and with CC for which the number of days in AAlz is greater than 12.44? Please, report the corresponding BB, CC, and number of days."}]
}

