{
"filename": "Weather_statistics_set10_1_DB.csv",
"questions": [{"name": "template 1",
 "sql": "SELECT Value FROM DBdata WHERE (AA IN ('AAcf')) AND ((BB = 'BBfl' AND CC = 'CCjt'))",
 "sqlResult": "{6}",
 "nlq": "How many days were there with CCjt BBfl in AAcf?"},
{"name": "template 2",
 "sql": "SELECT Value FROM DBdata WHERE (AA IN ('AAcf')) AND ((BB = 'BBfl' AND CC = 'CCkl') OR (BB = 'BBfl' AND CC = 'CCjt') OR (BB = 'BBms' AND CC = 'CCmx') OR (BB = 'BBms' AND CC = 'CCjz') OR (BB = 'BBms' AND CC = 'CCfh'))",
 "sqlResult": "{14} || {6} || {15} || {25} || {18}",
 "nlq": "How many days were there with CCjt or CCkl BBfl or CCfh, CCmx, or CCjz BBms in AAcf?"},
{"name": "template 3",
 "sql": "SELECT Value FROM DBdata WHERE (AA IN ('AAgm','AAcf')) AND ((BB = 'BBms' AND CC = 'CCfh'))",
 "sqlResult": "{24} || {18}",
 "nlq": "How many days were there with CCfh BBms in AAgm or AAcf?"},
{"name": "template 4",
 "sql": "SELECT min(Value),avg(Value) FROM DBdata WHERE (AA IN ('AAgm','AAcf')) AND ((BB = 'BBfl' AND CC = 'CCkl'))",
 "sqlResult": "{13 | 13.5}",
 "nlq": "What are the minimum and average numbers of days with CCkl BBfl in AAgm or AAcf?"},
{"name": "template 6",
 "sql": "SELECT Value FROM DBdata WHERE (AA IN ('AAcf')) AND ((BB = 'BBfl' AND CC = 'CCkl') OR (BB = 'BBms' AND CC = 'CCmx') OR (BB = 'BBms' AND CC = 'CCjz') OR (BB = 'BBms' AND CC = 'CCfh'))",
 "sqlResult": "{14} || {15} || {25} || {18}",
 "nlq": "How many days were there with CCkl BBfl or CCfh, CCmx, or CCjz BBms in AAcf?"},
{"name": "template 7",
 "sql": "SELECT avg(Value),sum(Value) FROM DBdata WHERE (AA IN ('AAcf')) AND ((BB = 'BBfl' AND CC = 'CCkl') OR (BB = 'BBfl' AND CC = 'CCjt') OR (BB = 'BBms' AND CC = 'CCmx') OR (BB = 'BBms' AND CC = 'CCjz') OR (BB = 'BBms' AND CC = 'CCfh'))",
 "sqlResult": "{15.6 | 78}",
 "nlq": "What are the average and total numbers of days with CCjt or CCkl BBfl or CCfh, CCmx, or CCjz BBms in AAcf?"},
{"name": "template 8",
 "sql": "SELECT AA,sum(Value),min(Value) FROM DBdata WHERE (AA IN ('AAgm')) AND ((BB = 'BBfl' AND CC = 'CCkl') OR (BB = 'BBfl' AND CC = 'CCjt') OR (BB = 'BBms' AND CC = 'CCmx') OR (BB = 'BBms' AND CC = 'CCjz') OR (BB = 'BBms' AND CC = 'CCfh')) GROUP BY AA",
 "sqlResult": "{AAgm | 58 | 2}",
 "nlq": "What are the total and minimum numbers of days for each AA, with CCjt or CCkl BBfl or CCfh, CCmx, or CCjz BBms in AAgm? Please, report the corresponding AA."},
{"name": "template 9",
 "sql": "SELECT min(Value) FROM DBdata WHERE (AA IN ('AAcf')) AND (BB IN ('BBfl','BBms')) GROUP BY BB",
 "sqlResult": "{15} || {6}",
 "nlq": "What is the minimum number of days for each BB, with BBms or BBfl in AAcf?"},
{"name": "template 10",
 "sql": "SELECT BB,min(Value) FROM DBdata WHERE (AA IN ('AAcf')) AND (BB IN ('BBfl','BBms')) GROUP BY BB",
 "sqlResult": "{BBms | 15} || {BBfl | 6}",
 "nlq": "What is the minimum number of days for each BB, with BBms or BBfl in AAcf? Please, report the corresponding BB."},
{"name": "template 11",
 "sql": "SELECT BB,AA,min(Value) FROM DBdata WHERE (AA IN ('AAgm','AAcf')) AND (BB IN ('BBfl','BBms')) GROUP BY BB,AA",
 "sqlResult": "{BBms | AAgm | 3} || {BBms | AAcf | 15} || {BBfl | AAgm | 2} || {BBfl | AAcf | 6}",
 "nlq": "What is the minimum number of days for each BB and AA, with BBms or BBfl in AAgm or AAcf? Please, report the corresponding BB and AA."},
{"name": "template 12",
 "sql": "SELECT Value FROM DBdata WHERE (AA IN ('AAgm')) AND (BB IN ('BBfl','BBms')) ORDER BY VALUE DESC LIMIT 4",
 "sqlResult": "{24} || {16} || {13} || {3}",
 "nlq": "What are the largest 4 numbers of days with BBms or BBfl in AAgm?"},
{"name": "template 13",
 "sql": "SELECT Value FROM DBdata WHERE (AA IN ('AAcf')) AND (BB IN ('BBfl','BBms')) ORDER BY VALUE DESC",
 "sqlResult": "{25} || {18} || {15} || {14} || {6}",
 "nlq": "What are the numbers of days ordered by descending values with BBms or BBfl in AAcf?"},
{"name": "template 14",
 "sql": "SELECT BB,CC FROM DBdata WHERE (AA IN ('AAgm')) AND Value > 13.6",
 "sqlResult": "{BBms | CCjz} || {BBms | CCfh}",
 "nlq": "What are the BB and CC for which the number of days in AAgm is greater than 13.6?"},
{"name": "template 15",
 "sql": "SELECT BB,CC,Value FROM DBdata WHERE (AA IN ('AAcf')) AND (BB,CC) IN (SELECT BB,CC FROM DBdata WHERE (AA IN ('AAgm')) AND Value > 13.6)",
 "sqlResult": "{BBms | CCjz | 25} || {BBms | CCfh | 18}",
 "nlq": "How many days were there in AAcf with BB and with CC for which the number of days in AAgm is greater than 13.6? Please, report the corresponding BB, CC, and number of days."}]
}

