{
"filename": "Weather_statistics_set2_2_DB.csv",
"questions": [{"name": "template 1",
 "sql": "SELECT Value FROM DBdata WHERE (Year IN ('2016')) AND ((Characteristic = 'Wind' AND Intensity = 'Breeze'))",
 "sqlResult": "{17}",
 "nlq": "How many days were there with Breeze Wind in 2016?"},
{"name": "template 2",
 "sql": "SELECT Value FROM DBdata WHERE (Year IN ('2017')) AND ((Characteristic = 'Temperature' AND Intensity = '0-10') OR (Characteristic = 'Wind' AND Intensity = 'Breeze') OR (Characteristic = 'Humidity' AND Intensity = 'High'))",
 "sqlResult": "{8} || {21} || {10}",
 "nlq": "How many days were there with 0-10 Temperature, Breeze Wind, or High Humidity in 2017?"},
{"name": "template 3",
 "sql": "SELECT Value FROM DBdata WHERE (Year IN ('2016','2017','2018')) AND ((Characteristic = 'Temperature' AND Intensity = '0-10'))",
 "sqlResult": "{28} || {8} || {16}",
 "nlq": "How many days were there with 0-10 Temperature in 2016, 2017, or 2018?"},
{"name": "template 4",
 "sql": "SELECT avg(Value),min(Value) FROM DBdata WHERE (Year IN ('2016','2017','2018')) AND ((Characteristic = 'Temperature' AND Intensity = '0-10'))",
 "sqlResult": "{17.33 | 8}",
 "nlq": "What are the average and minimum numbers of days with 0-10 Temperature in 2016, 2017, or 2018?"},
{"name": "template 6",
 "sql": "SELECT Value FROM DBdata WHERE (Year IN ('2016','2017','2018')) AND ((Characteristic = 'Temperature' AND Intensity = '0-10') OR (Characteristic = 'Wind' AND Intensity = 'Breeze') OR (Characteristic = 'Wind' AND Intensity = 'Storm'))",
 "sqlResult": "{28} || {8} || {16} || {17} || {21} || {7} || {25} || {6} || {1}",
 "nlq": "How many days were there with 0-10 Temperature or Breeze or Storm Wind in 2016, 2017, or 2018?"},
{"name": "template 7",
 "sql": "SELECT avg(Value),sum(Value) FROM DBdata WHERE (Year IN ('2017')) AND ((Characteristic = 'Temperature' AND Intensity = '11-20') OR (Characteristic = 'Temperature' AND Intensity = '21-30') OR (Characteristic = 'Wind' AND Intensity = 'Storm'))",
 "sqlResult": "{10.67 | 32}",
 "nlq": "What are the average and total numbers of days with 11-20 or 21-30 Temperature or Storm Wind in 2017?"},
{"name": "template 8",
 "sql": "SELECT Year,min(Value),avg(Value) FROM DBdata WHERE (Year IN ('2016','2017','2018')) AND ((Characteristic = 'Temperature' AND Intensity = '21-30') OR (Characteristic = 'Humidity' AND Intensity = 'Medium') OR (Characteristic = 'Humidity' AND Intensity = 'High')) GROUP BY Year",
 "sqlResult": "{2016 | 3 | 10} || {2017 | 2 | 13} || {2018 | 0 | 15}",
 "nlq": "What are the minimum and average numbers of days for each Year, with 21-30 Temperature or High or Medium Humidity in 2016, 2017, or 2018? Please, report the corresponding Year."},
{"name": "template 9",
 "sql": "SELECT min(Value) FROM DBdata WHERE (Year IN ('2016')) AND (Characteristic IN ('Temperature','Wind','Humidity')) GROUP BY Characteristic",
 "sqlResult": "{13} || {3} || {17}",
 "nlq": "What is the minimum number of days for each Characteristic, with Humidity, Temperature, or Wind in 2016?"},
{"name": "template 10",
 "sql": "SELECT Characteristic,avg(Value) FROM DBdata WHERE (Year IN ('2018')) AND (Characteristic IN ('Temperature','Wind','Humidity')) GROUP BY Characteristic",
 "sqlResult": "{Humidity | 9.5} || {Temperature | 20} || {Wind | 4}",
 "nlq": "What is the average number of days for each Characteristic, with Humidity, Temperature, or Wind in 2018? Please, report the corresponding Characteristic."},
{"name": "template 11",
 "sql": "SELECT Characteristic,Year,max(Value) FROM DBdata WHERE (Year IN ('2016','2018')) AND (Characteristic IN ('Temperature','Wind','Humidity')) GROUP BY Characteristic,Year",
 "sqlResult": "{Humidity | 2016 | 14} || {Humidity | 2018 | 19} || {Temperature | 2016 | 28} || {Temperature | 2018 | 26} || {Wind | 2016 | 25} || {Wind | 2018 | 7}",
 "nlq": "What is the maximum number of days for each Characteristic and Year, with Humidity, Temperature, or Wind in 2016 or 2018? Please, report the corresponding Characteristic and Year."},
{"name": "template 12",
 "sql": "SELECT Value FROM DBdata WHERE (Year IN ('2018')) AND (Characteristic IN ('Temperature','Humidity')) ORDER BY VALUE ASC LIMIT 3",
 "sqlResult": "{0} || {16} || {18}",
 "nlq": "What are the smallest 3 numbers of days with Humidity or Temperature in 2018?"},
{"name": "template 13",
 "sql": "SELECT Value FROM DBdata WHERE (Year IN ('2016')) AND (Characteristic IN ('Wind','Humidity')) ORDER BY VALUE DESC",
 "sqlResult": "{25} || {17} || {14} || {13}",
 "nlq": "What are the numbers of days ordered by descending values with Humidity or Wind in 2016?"},
{"name": "template 14",
 "sql": "SELECT Characteristic,Intensity FROM DBdata WHERE (Year IN ('2017')) AND Value < 14",
 "sqlResult": "{Temperature | 0-10} || {Temperature | 21-30} || {Wind | Storm} || {Humidity | High}",
 "nlq": "What are the Characteristic and Intensity for which the number of days in 2017 is lower than 14?"},
{"name": "template 15",
 "sql": "SELECT Characteristic,Intensity,Value FROM DBdata WHERE (Year IN ('2016')) AND (Characteristic,Intensity) IN (SELECT Characteristic,Intensity FROM DBdata WHERE (Year IN ('2017')) AND Value < 14)",
 "sqlResult": "{Temperature | 0-10 | 28} || {Temperature | 21-30 | 3} || {Wind | Storm | 25} || {Humidity | High | 13}",
 "nlq": "How many days were there in 2016 with Characteristic and with Intensity for which the number of days in 2017 is lower than 14? Please, report the corresponding Characteristic, Intensity, and number of days."}]
}
