{
"filename": "Weather_statistics_set6_5_DB.csv",
"questions": [{"name": "template 1",
 "sql": "SELECT Value FROM DBdata WHERE (Year IN ('2016')) AND ((Characteristic = 'Wind' AND Intensity = 'Breeze'))",
 "sqlResult": "{7}",
 "nlq": "How many days were there with Breeze Wind in 2016?"},
{"name": "template 2",
 "sql": "SELECT Value FROM DBdata WHERE (Year IN ('2018')) AND ((Characteristic = 'Wind' AND Intensity = 'Calm') OR (Characteristic = 'Wind' AND Intensity = 'Breeze') OR (Characteristic = 'Wind' AND Intensity = 'Storm') OR (Characteristic = 'Humidity' AND Intensity = 'High'))",
 "sqlResult": "{21} || {8} || {0} || {19}",
 "nlq": "How many days were there with Breeze, Calm, or Storm Wind or High Humidity in 2018?"},
{"name": "template 3",
 "sql": "SELECT Value FROM DBdata WHERE (Year IN ('2016','2018')) AND ((Characteristic = 'Humidity' AND Intensity = 'High'))",
 "sqlResult": "{6} || {19}",
 "nlq": "How many days were there with High Humidity in 2016 or 2018?"},
{"name": "template 4",
 "sql": "SELECT max(Value),avg(Value) FROM DBdata WHERE (Year IN ('2016','2017','2018')) AND ((Characteristic = 'Humidity' AND Intensity = 'Low'))",
 "sqlResult": "{12 | 8.67}",
 "nlq": "What are the maximum and average numbers of days with Low Humidity in 2016, 2017, or 2018?"},
{"name": "template 6",
 "sql": "SELECT Value FROM DBdata WHERE (Year IN ('2016','2017','2018')) AND ((Characteristic = 'Wind' AND Intensity = 'Calm') OR (Characteristic = 'Wind' AND Intensity = 'Breeze') OR (Characteristic = 'Humidity' AND Intensity = 'Low') OR (Characteristic = 'Humidity' AND Intensity = 'High'))",
 "sqlResult": "{26} || {18} || {21} || {7} || {27} || {8} || {12} || {4} || {10} || {6} || {24} || {19}",
 "nlq": "How many days were there with Breeze or Calm Wind or High or Low Humidity in 2016, 2017, or 2018?"},
{"name": "template 7",
 "sql": "SELECT sum(Value),max(Value) FROM DBdata WHERE (Year IN ('2017')) AND ((Characteristic = 'Humidity' AND Intensity = 'Low') OR (Characteristic = 'Humidity' AND Intensity = 'Medium') OR (Characteristic = 'Humidity' AND Intensity = 'High'))",
 "sqlResult": "{44 | 24}",
 "nlq": "What are the total and maximum numbers of days with High, Low, or Medium Humidity in 2017?"},
{"name": "template 8",
 "sql": "SELECT Year,sum(Value),min(Value) FROM DBdata WHERE (Year IN ('2016','2017','2018')) AND ((Characteristic = 'Wind' AND Intensity = 'Storm') OR (Characteristic = 'Humidity' AND Intensity = 'Low') OR (Characteristic = 'Humidity' AND Intensity = 'Medium') OR (Characteristic = 'Humidity' AND Intensity = 'High')) GROUP BY Year",
 "sqlResult": "{2016 | 32 | 1} || {2017 | 64 | 4} || {2018 | 38 | 0}",
 "nlq": "What are the total and minimum numbers of days for each Year, with High, Low, or Medium Humidity or Storm Wind in 2016, 2017, or 2018? Please, report the corresponding Year."},
{"name": "template 9",
 "sql": "SELECT min(Value) FROM DBdata WHERE (Year IN ('2018')) AND (Characteristic IN ('Wind','Humidity')) GROUP BY Characteristic",
 "sqlResult": "{9} || {0}",
 "nlq": "What is the minimum number of days for each Characteristic, with Humidity or Wind in 2018?"},
{"name": "template 10",
 "sql": "SELECT Characteristic,max(Value) FROM DBdata WHERE (Year IN ('2018')) AND (Characteristic IN ('Wind','Humidity')) GROUP BY Characteristic",
 "sqlResult": "{Humidity | 19} || {Wind | 21}",
 "nlq": "What is the maximum number of days for each Characteristic, with Humidity or Wind in 2018? Please, report the corresponding Characteristic."},
{"name": "template 11",
 "sql": "SELECT Characteristic,Year,min(Value) FROM DBdata WHERE (Year IN ('2016','2018')) AND (Characteristic IN ('Wind','Humidity')) GROUP BY Characteristic,Year",
 "sqlResult": "{Humidity | 2016 | 1} || {Humidity | 2018 | 9} || {Wind | 2016 | 7} || {Wind | 2018 | 0}",
 "nlq": "What is the minimum number of days for each Characteristic and Year, with Humidity or Wind in 2016 or 2018? Please, report the corresponding Characteristic and Year."},
{"name": "template 12",
 "sql": "SELECT Value FROM DBdata WHERE (Year IN ('2017')) AND (Characteristic IN ('Wind','Humidity')) ORDER BY VALUE DESC LIMIT 5",
 "sqlResult": "{27} || {24} || {20} || {18} || {16}",
 "nlq": "What are the largest 5 numbers of days with Humidity or Wind in 2017?"},
{"name": "template 13",
 "sql": "SELECT Value FROM DBdata WHERE (Year IN ('2018')) AND (Characteristic IN ('Wind','Humidity')) ORDER BY VALUE ASC",
 "sqlResult": "{0} || {8} || {9} || {10} || {19} || {21}",
 "nlq": "What are the numbers of days ordered by ascending values with Humidity or Wind in 2018?"},
{"name": "template 14",
 "sql": "SELECT Characteristic,Intensity FROM DBdata WHERE (Year IN ('2016')) AND Value > 13.39",
 "sqlResult": "{Wind | Calm}",
 "nlq": "What are the Characteristic and Intensity for which the number of days in 2016 is greater than 13.39?"},
{"name": "template 15",
 "sql": "SELECT Characteristic,Intensity,Value FROM DBdata WHERE (Year IN ('2018')) AND (Characteristic,Intensity) IN (SELECT Characteristic,Intensity FROM DBdata WHERE (Year IN ('2016')) AND Value > 13.39)",
 "sqlResult": "{Wind | Calm | 21}",
 "nlq": "How many days were there in 2018 with Characteristic and with Intensity for which the number of days in 2016 is greater than 13.39? Please, report the corresponding Characteristic, Intensity, and number of days."}]
}
