{
"filename": "Weather_statistics_set3_5_DB.csv",
"questions": [{"name": "template 1",
 "sql": "SELECT Value FROM DBdata WHERE (Year IN ('2020')) AND ((Characteristic = 'Temperature' AND Intensity = '31-40'))",
 "sqlResult": "{15}",
 "nlq": "How many days were there with 31-40 Temperature in 2020?"},
{"name": "template 2",
 "sql": "SELECT Value FROM DBdata WHERE (Year IN ('2019')) AND ((Characteristic = 'Temperature' AND Intensity = '11-20') OR (Characteristic = 'Temperature' AND Intensity = '21-30') OR (Characteristic = 'Temperature' AND Intensity = '31-40') OR (Characteristic = 'Wind' AND Intensity = 'Calm') OR (Characteristic = 'Wind' AND Intensity = 'Breeze') OR (Characteristic = 'Wind' AND Intensity = 'Storm') OR (Characteristic = 'Humidity' AND Intensity = 'Low') OR (Characteristic = 'Humidity' AND Intensity = 'Medium'))",
 "sqlResult": "{24} || {4} || {19} || {13} || {6} || {21} || {17} || {20}",
 "nlq": "How many days were there with 11-20, 21-30, or 31-40 Temperature, Breeze, Calm, or Storm Wind, or Low or Medium Humidity in 2019?"},
{"name": "template 3",
 "sql": "SELECT Value FROM DBdata WHERE (Year IN ('2019','2020')) AND ((Characteristic = 'Wind' AND Intensity = 'Calm'))",
 "sqlResult": "{13} || {14}",
 "nlq": "How many days were there with Calm Wind in 2019 or 2020?"},
{"name": "template 4",
 "sql": "SELECT sum(Value),min(Value) FROM DBdata WHERE (Year IN ('2019','2020')) AND ((Characteristic = 'Wind' AND Intensity = 'Calm'))",
 "sqlResult": "{27 | 13}",
 "nlq": "What are the total and minimum numbers of days with Calm Wind in 2019 or 2020?"},
{"name": "template 6",
 "sql": "SELECT Value FROM DBdata WHERE (Year IN ('2020')) AND ((Characteristic = 'Humidity' AND Intensity = 'Low') OR (Characteristic = 'Humidity' AND Intensity = 'Medium'))",
 "sqlResult": "{23} || {3}",
 "nlq": "How many days were there with Low or Medium Humidity in 2020?"},
{"name": "template 7",
 "sql": "SELECT avg(Value),sum(Value) FROM DBdata WHERE (Year IN ('2019')) AND ((Characteristic = 'Temperature' AND Intensity = '21-30') OR (Characteristic = 'Temperature' AND Intensity = '31-40') OR (Characteristic = 'Wind' AND Intensity = 'Calm') OR (Characteristic = 'Humidity' AND Intensity = 'Medium'))",
 "sqlResult": "{14 | 56}",
 "nlq": "What are the average and total numbers of days with 21-30 or 31-40 Temperature, Calm Wind, or Medium Humidity in 2019?"},
{"name": "template 8",
 "sql": "SELECT Year,max(Value),min(Value) FROM DBdata WHERE (Year IN ('2019','2020')) AND ((Characteristic = 'Temperature' AND Intensity = '31-40') OR (Characteristic = 'Wind' AND Intensity = 'Breeze') OR (Characteristic = 'Wind' AND Intensity = 'Storm')) GROUP BY Year",
 "sqlResult": "{2019 | 21 | 6} || {2020 | 26 | 5}",
 "nlq": "What are the maximum and minimum numbers of days for each Year, with 31-40 Temperature or Breeze or Storm Wind in 2019 or 2020? Please, report the corresponding Year."},
{"name": "template 9",
 "sql": "SELECT min(Value) FROM DBdata WHERE (Year IN ('2020')) AND (Characteristic IN ('Temperature','Wind','Humidity')) GROUP BY Characteristic",
 "sqlResult": "{3} || {8} || {5}",
 "nlq": "What is the minimum number of days for each Characteristic, with Humidity, Temperature, or Wind in 2020?"},
{"name": "template 10",
 "sql": "SELECT Characteristic,min(Value) FROM DBdata WHERE (Year IN ('2019')) AND (Characteristic IN ('Temperature','Wind','Humidity')) GROUP BY Characteristic",
 "sqlResult": "{Humidity | 17} || {Temperature | 4} || {Wind | 6}",
 "nlq": "What is the minimum number of days for each Characteristic, with Humidity, Temperature, or Wind in 2019? Please, report the corresponding Characteristic."},
{"name": "template 11",
 "sql": "SELECT Characteristic,Year,avg(Value) FROM DBdata WHERE (Year IN ('2019')) AND (Characteristic IN ('Temperature','Wind','Humidity')) GROUP BY Characteristic,Year",
 "sqlResult": "{Humidity | 2019 | 18.5} || {Temperature | 2019 | 15.67} || {Wind | 2019 | 13.33}",
 "nlq": "What is the average number of days for each Characteristic and Year, with Humidity, Temperature, or Wind in 2019? Please, report the corresponding Characteristic and Year."},
{"name": "template 12",
 "sql": "SELECT Value FROM DBdata WHERE (Year IN ('2019')) AND (Characteristic IN ('Temperature','Humidity')) ORDER BY VALUE DESC LIMIT 4",
 "sqlResult": "{24} || {20} || {19} || {17}",
 "nlq": "What are the largest 4 numbers of days with Humidity or Temperature in 2019?"},
{"name": "template 13",
 "sql": "SELECT Value FROM DBdata WHERE (Year IN ('2020')) AND (Characteristic IN ('Wind','Humidity')) ORDER BY VALUE ASC",
 "sqlResult": "{3} || {5} || {14} || {23} || {26}",
 "nlq": "What are the numbers of days ordered by ascending values with Humidity or Wind in 2020?"},
{"name": "template 14",
 "sql": "SELECT Characteristic,Intensity FROM DBdata WHERE (Year IN ('2019')) AND Value < 15.31",
 "sqlResult": "{Temperature | 21-30} || {Wind | Calm} || {Wind | Breeze}",
 "nlq": "What are the Characteristic and Intensity for which the number of days in 2019 is lower than 15.31?"},
{"name": "template 15",
 "sql": "SELECT Characteristic,Intensity,Value FROM DBdata WHERE (Year IN ('2020')) AND (Characteristic,Intensity) IN (SELECT Characteristic,Intensity FROM DBdata WHERE (Year IN ('2019')) AND Value < 15.31)",
 "sqlResult": "{Temperature | 21-30 | 27} || {Wind | Calm | 14} || {Wind | Breeze | 5}",
 "nlq": "How many days were there in 2020 with Characteristic and with Intensity for which the number of days in 2019 is lower than 15.31? Please, report the corresponding Characteristic, Intensity, and number of days."}]
}
