Year,Characteristic,Intensity,Value
Year,Characteristic,Intensity,Value
2020,Temperature,0-10,27
2021,Temperature,0-10,17
2022,Temperature,0-10,14
2020,Temperature,11-20,1
2021,Temperature,11-20,9
2022,Temperature,11-20,15
2020,Wind,Calm,10
2021,Wind,Calm,13
2022,Wind,Calm,12
2020,Wind,Breeze,11
2021,Wind,Breeze,24
2022,Wind,Breeze,8
2020,Wind,Storm,5
2021,Wind,Storm,0
2022,Wind,Storm,22
2020,Humidity,Low,26
2021,Humidity,Low,3
2022,Humidity,Low,28
2020,Humidity,Medium,23
2021,Humidity,Medium,18
2022,Humidity,Medium,4
