{
"filename": "Weather_statistics_set11_2_DB.csv",
"questions": [{"name": "template 1",
 "sql": "SELECT Value FROM DBdata WHERE (Year IN ('2020')) AND ((Characteristic = 'Temperature' AND Intensity = '11-20'))",
 "sqlResult": "{15}",
 "nlq": "How many days were there with 11-20 Temperature in 2020?"},
{"name": "template 2",
 "sql": "SELECT Value FROM DBdata WHERE (Year IN ('2020')) AND ((Characteristic = 'Temperature' AND Intensity = '21-30') OR (Characteristic = 'Wind' AND Intensity = 'Storm'))",
 "sqlResult": "{10} || {9}",
 "nlq": "How many days were there with 21-30 Temperature or Storm Wind in 2020?"},
{"name": "template 3",
 "sql": "SELECT Value FROM DBdata WHERE (Year IN ('2019','2020')) AND ((Characteristic = 'Wind' AND Intensity = 'Breeze'))",
 "sqlResult": "{11} || {13}",
 "nlq": "How many days were there with Breeze Wind in 2019 or 2020?"},
{"name": "template 4",
 "sql": "SELECT avg(Value),min(Value) FROM DBdata WHERE (Year IN ('2019','2020','2021')) AND ((Characteristic = 'Wind' AND Intensity = 'Storm'))",
 "sqlResult": "{13.67 | 4}",
 "nlq": "What are the average and minimum numbers of days with Storm Wind in 2019, 2020, or 2021?"},
{"name": "template 6",
 "sql": "SELECT Value FROM DBdata WHERE (Year IN ('2019','2020')) AND ((Characteristic = 'Temperature' AND Intensity = '0-10') OR (Characteristic = 'Temperature' AND Intensity = '21-30') OR (Characteristic = 'Wind' AND Intensity = 'Breeze'))",
 "sqlResult": "{22} || {14} || {0} || {10} || {11} || {13}",
 "nlq": "How many days were there with 0-10 or 21-30 Temperature or Breeze Wind in 2019 or 2020?"},
{"name": "template 7",
 "sql": "SELECT avg(Value),sum(Value) FROM DBdata WHERE (Year IN ('2019')) AND ((Characteristic = 'Temperature' AND Intensity = '0-10') OR (Characteristic = 'Temperature' AND Intensity = '21-30') OR (Characteristic = 'Wind' AND Intensity = 'Storm'))",
 "sqlResult": "{8.67 | 26}",
 "nlq": "What are the average and total numbers of days with 0-10 or 21-30 Temperature or Storm Wind in 2019?"},
{"name": "template 8",
 "sql": "SELECT Year,sum(Value),min(Value) FROM DBdata WHERE (Year IN ('2019','2020')) AND ((Characteristic = 'Temperature' AND Intensity = '21-30') OR (Characteristic = 'Wind' AND Intensity = 'Calm') OR (Characteristic = 'Wind' AND Intensity = 'Storm')) GROUP BY Year",
 "sqlResult": "{2019 | 21 | 0} || {2020 | 35 | 9}",
 "nlq": "What are the total and minimum numbers of days for each Year, with 21-30 Temperature or Calm or Storm Wind in 2019 or 2020? Please, report the corresponding Year."},
{"name": "template 9",
 "sql": "SELECT min(Value) FROM DBdata WHERE (Year IN ('2021')) AND (Characteristic IN ('Temperature','Wind')) GROUP BY Characteristic",
 "sqlResult": "{12} || {8}",
 "nlq": "What is the minimum number of days for each Characteristic, with Temperature or Wind in 2021?"},
{"name": "template 10",
 "sql": "SELECT Characteristic,min(Value) FROM DBdata WHERE (Year IN ('2019')) AND (Characteristic IN ('Temperature','Wind')) GROUP BY Characteristic",
 "sqlResult": "{Temperature | 0} || {Wind | 4}",
 "nlq": "What is the minimum number of days for each Characteristic, with Temperature or Wind in 2019? Please, report the corresponding Characteristic."},
{"name": "template 11",
 "sql": "SELECT Characteristic,Year,max(Value) FROM DBdata WHERE (Year IN ('2020','2021')) AND (Characteristic IN ('Temperature','Wind')) GROUP BY Characteristic,Year",
 "sqlResult": "{Temperature | 2020 | 15} || {Temperature | 2021 | 27} || {Wind | 2020 | 16} || {Wind | 2021 | 28}",
 "nlq": "What is the maximum number of days for each Characteristic and Year, with Temperature or Wind in 2020 or 2021? Please, report the corresponding Characteristic and Year."},
{"name": "template 12",
 "sql": "SELECT Value FROM DBdata WHERE (Year IN ('2021')) AND (Characteristic IN ('Temperature','Wind')) ORDER BY VALUE ASC LIMIT 5",
 "sqlResult": "{8} || {12} || {19} || {23} || {27}",
 "nlq": "What are the smallest 5 numbers of days with Temperature or Wind in 2021?"},
{"name": "template 13",
 "sql": "SELECT Value FROM DBdata WHERE (Year IN ('2021')) AND (Characteristic IN ('Temperature','Wind')) ORDER BY VALUE DESC",
 "sqlResult": "{28} || {27} || {23} || {19} || {12} || {8}",
 "nlq": "What are the numbers of days ordered by descending values with Temperature or Wind in 2021?"},
{"name": "template 14",
 "sql": "SELECT Characteristic,Intensity FROM DBdata WHERE (Year IN ('2021')) AND Value < 13.94",
 "sqlResult": "{Temperature | 0-10} || {Wind | Breeze}",
 "nlq": "What are the Characteristic and Intensity for which the number of days in 2021 is lower than 13.94?"},
{"name": "template 15",
 "sql": "SELECT Characteristic,Intensity,Value FROM DBdata WHERE (Year IN ('2020')) AND (Characteristic,Intensity) IN (SELECT Characteristic,Intensity FROM DBdata WHERE (Year IN ('2021')) AND Value < 13.94)",
 "sqlResult": "{Temperature | 0-10 | 14} || {Wind | Breeze | 13}",
 "nlq": "How many days were there in 2020 with Characteristic and with Intensity for which the number of days in 2021 is lower than 13.94? Please, report the corresponding Characteristic, Intensity, and number of days."}]
}
