{
"filename": "Weather_statistics_set9_1_DB.csv",
"questions": [{"name": "template 1",
 "sql": "SELECT Value FROM DBdata WHERE (Year IN ('2017')) AND ((Characteristic = 'Humidity' AND Intensity = 'High'))",
 "sqlResult": "{13}",
 "nlq": "How many days were there with High Humidity in 2017?"},
{"name": "template 2",
 "sql": "SELECT Value FROM DBdata WHERE (Year IN ('2018')) AND ((Characteristic = 'Temperature' AND Intensity = '11-20') OR (Characteristic = 'Temperature' AND Intensity = '21-30') OR (Characteristic = 'Wind' AND Intensity = 'Calm') OR (Characteristic = 'Humidity' AND Intensity = 'Low') OR (Characteristic = 'Humidity' AND Intensity = 'Medium') OR (Characteristic = 'Humidity' AND Intensity = 'High'))",
 "sqlResult": "{11} || {26} || {19} || {25} || {27} || {15}",
 "nlq": "How many days were there with 11-20 or 21-30 Temperature, Calm Wind, or High, Low, or Medium Humidity in 2018?"},
{"name": "template 3",
 "sql": "SELECT Value FROM DBdata WHERE (Year IN ('2017','2018')) AND ((Characteristic = 'Humidity' AND Intensity = 'High'))",
 "sqlResult": "{13} || {15}",
 "nlq": "How many days were there with High Humidity in 2017 or 2018?"},
{"name": "template 4",
 "sql": "SELECT sum(Value),min(Value) FROM DBdata WHERE (Year IN ('2018')) AND ((Characteristic = 'Wind' AND Intensity = 'Breeze'))",
 "sqlResult": "{17 | 17}",
 "nlq": "What are the total and minimum numbers of days with Breeze Wind in 2018?"},
{"name": "template 6",
 "sql": "SELECT Value FROM DBdata WHERE (Year IN ('2017')) AND ((Characteristic = 'Temperature' AND Intensity = '11-20') OR (Characteristic = 'Humidity' AND Intensity = 'Low'))",
 "sqlResult": "{6} || {10}",
 "nlq": "How many days were there with 11-20 Temperature or Low Humidity in 2017?"},
{"name": "template 7",
 "sql": "SELECT avg(Value),sum(Value) FROM DBdata WHERE (Year IN ('2017')) AND ((Characteristic = 'Temperature' AND Intensity = '11-20') OR (Characteristic = 'Temperature' AND Intensity = '21-30') OR (Characteristic = 'Wind' AND Intensity = 'Storm') OR (Characteristic = 'Humidity' AND Intensity = 'Low') OR (Characteristic = 'Humidity' AND Intensity = 'Medium'))",
 "sqlResult": "{15.6 | 78}",
 "nlq": "What are the average and total numbers of days with 11-20 or 21-30 Temperature, Low or Medium Humidity, or Storm Wind in 2017?"},
{"name": "template 8",
 "sql": "SELECT Year,avg(Value),max(Value) FROM DBdata WHERE (Year IN ('2017','2018')) AND ((Characteristic = 'Wind' AND Intensity = 'Calm') OR (Characteristic = 'Wind' AND Intensity = 'Breeze')) GROUP BY Year",
 "sqlResult": "{2017 | 2.5 | 5} || {2018 | 18 | 19}",
 "nlq": "What are the average and maximum numbers of days for each Year, with Breeze or Calm Wind in 2017 or 2018? Please, report the corresponding Year."},
{"name": "template 9",
 "sql": "SELECT min(Value) FROM DBdata WHERE (Year IN ('2018')) AND (Characteristic IN ('Temperature','Wind','Humidity')) GROUP BY Characteristic",
 "sqlResult": "{15} || {11} || {1}",
 "nlq": "What is the minimum number of days for each Characteristic, with Humidity, Temperature, or Wind in 2018?"},
{"name": "template 10",
 "sql": "SELECT Characteristic,avg(Value) FROM DBdata WHERE (Year IN ('2017')) AND (Characteristic IN ('Temperature','Wind','Humidity')) GROUP BY Characteristic",
 "sqlResult": "{Humidity | 13.67} || {Temperature | 14.5} || {Wind | 8.67}",
 "nlq": "What is the average number of days for each Characteristic, with Humidity, Temperature, or Wind in 2017? Please, report the corresponding Characteristic."},
{"name": "template 11",
 "sql": "SELECT Characteristic,Year,min(Value) FROM DBdata WHERE (Year IN ('2017','2018')) AND (Characteristic IN ('Temperature','Wind','Humidity')) GROUP BY Characteristic,Year",
 "sqlResult": "{Humidity | 2017 | 10} || {Humidity | 2018 | 15} || {Temperature | 2017 | 6} || {Temperature | 2018 | 11} || {Wind | 2017 | 0} || {Wind | 2018 | 1}",
 "nlq": "What is the minimum number of days for each Characteristic and Year, with Humidity, Temperature, or Wind in 2017 or 2018? Please, report the corresponding Characteristic and Year."},
{"name": "template 12",
 "sql": "SELECT Value FROM DBdata WHERE (Year IN ('2017')) AND (Characteristic IN ('Temperature','Humidity')) ORDER BY VALUE DESC LIMIT 4",
 "sqlResult": "{23} || {18} || {13} || {10}",
 "nlq": "What are the largest 4 numbers of days with Humidity or Temperature in 2017?"},
{"name": "template 13",
 "sql": "SELECT Value FROM DBdata WHERE (Year IN ('2017')) AND (Characteristic IN ('Wind','Humidity')) ORDER BY VALUE ASC",
 "sqlResult": "{0} || {5} || {10} || {13} || {18} || {21}",
 "nlq": "What are the numbers of days ordered by ascending values with Humidity or Wind in 2017?"},
{"name": "template 14",
 "sql": "SELECT Characteristic,Intensity FROM DBdata WHERE (Year IN ('2017')) AND Value < 14.81",
 "sqlResult": "{Temperature | 11-20} || {Wind | Calm} || {Wind | Breeze} || {Humidity | Low} || {Humidity | High}",
 "nlq": "What are the Characteristic and Intensity for which the number of days in 2017 is lower than 14.81?"},
{"name": "template 15",
 "sql": "SELECT Characteristic,Intensity,Value FROM DBdata WHERE (Year IN ('2018')) AND (Characteristic,Intensity) IN (SELECT Characteristic,Intensity FROM DBdata WHERE (Year IN ('2017')) AND Value < 14.81)",
 "sqlResult": "{Temperature | 11-20 | 11} || {Wind | Calm | 19} || {Wind | Breeze | 17} || {Humidity | Low | 25} || {Humidity | High | 15}",
 "nlq": "How many days were there in 2018 with Characteristic and with Intensity for which the number of days in 2017 is lower than 14.81? Please, report the corresponding Characteristic, Intensity, and number of days."}]
}
