{
"filename": "Weather_statistics_set4_1_DB.csv",
"questions": [{"name": "template 1",
 "sql": "SELECT Value FROM DBdata WHERE (AA IN ('AAct')) AND ((BB = 'BBbv' AND CC = 'CCdf'))",
 "sqlResult": "{26}",
 "nlq": "How many days were there with CCdf BBbv in AAct?"},
{"name": "template 2",
 "sql": "SELECT Value FROM DBdata WHERE (AA IN ('AAgv')) AND ((BB = 'BBst' AND CC = 'CChr') OR (BB = 'BBst' AND CC = 'CCpr') OR (BB = 'BBbv' AND CC = 'CCdf') OR (BB = 'BBbv' AND CC = 'CCjr') OR (BB = 'BBbv' AND CC = 'CCrv'))",
 "sqlResult": "{2} || {5} || {27} || {9} || {28}",
 "nlq": "How many days were there with CChr or CCpr BBst or CCjr, CCdf, or CCrv BBbv in AAgv?"},
{"name": "template 3",
 "sql": "SELECT Value FROM DBdata WHERE (AA IN ('AAgv','AAct')) AND ((BB = 'BBst' AND CC = 'CCbz'))",
 "sqlResult": "{0} || {6}",
 "nlq": "How many days were there with CCbz BBst in AAgv or AAct?"},
{"name": "template 4",
 "sql": "SELECT max(Value),sum(Value) FROM DBdata WHERE (AA IN ('AAgv','AAct')) AND ((BB = 'BBbv' AND CC = 'CCjr'))",
 "sqlResult": "{17 | 26}",
 "nlq": "What are the maximum and total numbers of days with CCjr BBbv in AAgv or AAct?"},
{"name": "template 6",
 "sql": "SELECT Value FROM DBdata WHERE (AA IN ('AAgv','AAct','AAhl')) AND ((BB = 'BBst' AND CC = 'CChr') OR (BB = 'BBst' AND CC = 'CCbz') OR (BB = 'BBbv' AND CC = 'CCdf'))",
 "sqlResult": "{2} || {3} || {12} || {0} || {6} || {23} || {27} || {26} || {1}",
 "nlq": "How many days were there with CChr or CCbz BBst or CCdf BBbv in AAgv, AAct, or AAhl?"},
{"name": "template 7",
 "sql": "SELECT avg(Value),max(Value) FROM DBdata WHERE (AA IN ('AAgv')) AND ((BB = 'BBst' AND CC = 'CChr') OR (BB = 'BBst' AND CC = 'CCbz') OR (BB = 'BBst' AND CC = 'CCpr') OR (BB = 'BBbv' AND CC = 'CCrv'))",
 "sqlResult": "{8.75 | 28}",
 "nlq": "What are the average and maximum numbers of days with CChr, CCbz, or CCpr BBst or CCrv BBbv in AAgv?"},
{"name": "template 8",
 "sql": "SELECT AA,avg(Value),sum(Value) FROM DBdata WHERE (AA IN ('AAgv','AAhl')) AND ((BB = 'BBst' AND CC = 'CChr') OR (BB = 'BBst' AND CC = 'CCpr') OR (BB = 'BBbv' AND CC = 'CCdf') OR (BB = 'BBbv' AND CC = 'CCjr') OR (BB = 'BBbv' AND CC = 'CCrv')) GROUP BY AA",
 "sqlResult": "{AAgv | 14.2 | 71} || {AAhl | 11.4 | 57}",
 "nlq": "What are the average and total numbers of days for each AA, with CChr or CCpr BBst or CCjr, CCdf, or CCrv BBbv in AAgv or AAhl? Please, report the corresponding AA."},
{"name": "template 9",
 "sql": "SELECT min(Value) FROM DBdata WHERE (AA IN ('AAhl')) AND (BB IN ('BBst','BBbv')) GROUP BY BB",
 "sqlResult": "{12} || {1}",
 "nlq": "What is the minimum number of days for each BB, with BBst or BBbv in AAhl?"},
{"name": "template 10",
 "sql": "SELECT BB,avg(Value) FROM DBdata WHERE (AA IN ('AAct')) AND (BB IN ('BBst','BBbv')) GROUP BY BB",
 "sqlResult": "{BBst | 7.67} || {BBbv | 17.67}",
 "nlq": "What is the average number of days for each BB, with BBst or BBbv in AAct? Please, report the corresponding BB."},
{"name": "template 11",
 "sql": "SELECT BB,AA,avg(Value) FROM DBdata WHERE (AA IN ('AAct','AAhl')) AND (BB IN ('BBst','BBbv')) GROUP BY BB,AA",
 "sqlResult": "{BBst | AAct | 7.67} || {BBst | AAhl | 18.67} || {BBbv | AAct | 17.67} || {BBbv | AAhl | 8}",
 "nlq": "What is the average number of days for each BB and AA, with BBst or BBbv in AAct or AAhl? Please, report the corresponding BB and AA."},
{"name": "template 12",
 "sql": "SELECT Value FROM DBdata WHERE (AA IN ('AAct')) AND (BB IN ('BBst','BBbv')) ORDER BY VALUE DESC LIMIT 5",
 "sqlResult": "{26} || {17} || {14} || {10} || {6}",
 "nlq": "What are the largest 5 numbers of days with BBst or BBbv in AAct?"},
{"name": "template 13",
 "sql": "SELECT Value FROM DBdata WHERE (AA IN ('AAgv')) AND (BB IN ('BBst','BBbv')) ORDER BY VALUE ASC",
 "sqlResult": "{0} || {2} || {5} || {9} || {27} || {28}",
 "nlq": "What are the numbers of days ordered by ascending values with BBst or BBbv in AAgv?"},
{"name": "template 14",
 "sql": "SELECT BB,CC FROM DBdata WHERE (AA IN ('AAhl')) AND Value > 12.61",
 "sqlResult": "{BBst | CCbz} || {BBst | CCpr} || {BBbv | CCrv}",
 "nlq": "What are the BB and CC for which the number of days in AAhl is greater than 12.61?"},
{"name": "template 15",
 "sql": "SELECT BB,CC,Value FROM DBdata WHERE (AA IN ('AAgv')) AND (BB,CC) IN (SELECT BB,CC FROM DBdata WHERE (AA IN ('AAhl')) AND Value > 12.61)",
 "sqlResult": "{BBst | CCbz | 0} || {BBst | CCpr | 5} || {BBbv | CCrv | 28}",
 "nlq": "How many days were there in AAgv with BB and with CC for which the number of days in AAhl is greater than 12.61? Please, report the corresponding BB, CC, and number of days."}]
}

