{
"filename": "Weather_statistics_set9_4_DB.csv",
"questions": [{"name": "template 1",
 "sql": "SELECT Value FROM DBdata WHERE (AA IN ('AAhs')) AND ((BB = 'BBcx' AND CC = 'CCrx'))",
 "sqlResult": "{26}",
 "nlq": "How many days were there with CCrx BBcx in AAhs?"},
{"name": "template 2",
 "sql": "SELECT Value FROM DBdata WHERE (AA IN ('AAjt')) AND ((BB = 'BBrw' AND CC = 'CCgm') OR (BB = 'BBdl' AND CC = 'CCdg') OR (BB = 'BBdl' AND CC = 'CCbs'))",
 "sqlResult": "{16} || {14} || {9}",
 "nlq": "How many days were there with CCgm BBrw or CCdg or CCbs BBdl in AAjt?"},
{"name": "template 3",
 "sql": "SELECT Value FROM DBdata WHERE (AA IN ('AAjt','AAhs')) AND ((BB = 'BBdl' AND CC = 'CCgq'))",
 "sqlResult": "{11} || {1}",
 "nlq": "How many days were there with CCgq BBdl in AAjt or AAhs?"},
{"name": "template 4",
 "sql": "SELECT sum(Value),avg(Value) FROM DBdata WHERE (AA IN ('AAjt','AAcg','AAhs')) AND ((BB = 'BBdl' AND CC = 'CCdg'))",
 "sqlResult": "{34 | 11.33}",
 "nlq": "What are the total and average numbers of days with CCdg BBdl in AAjt, AAcg, or AAhs?"},
{"name": "template 6",
 "sql": "SELECT Value FROM DBdata WHERE (AA IN ('AAjt','AAcg','AAhs')) AND ((BB = 'BBrw' AND CC = 'CCgm') OR (BB = 'BBdl' AND CC = 'CCgq') OR (BB = 'BBcx' AND CC = 'CCrx'))",
 "sqlResult": "{16} || {19} || {28} || {11} || {15} || {1} || {0} || {10} || {26}",
 "nlq": "How many days were there with CCgm BBrw, CCgq BBdl, or CCrx BBcx in AAjt, AAcg, or AAhs?"},
{"name": "template 7",
 "sql": "SELECT sum(Value),min(Value) FROM DBdata WHERE (AA IN ('AAhs')) AND ((BB = 'BBrw' AND CC = 'CCqv') OR (BB = 'BBdl' AND CC = 'CCdg') OR (BB = 'BBdl' AND CC = 'CCbs') OR (BB = 'BBcx' AND CC = 'CCfm'))",
 "sqlResult": "{76 | 13}",
 "nlq": "What are the total and minimum numbers of days with CCqv BBrw, CCdg or CCbs BBdl, or CCfm BBcx in AAhs?"},
{"name": "template 8",
 "sql": "SELECT AA,sum(Value),avg(Value) FROM DBdata WHERE (AA IN ('AAjt','AAcg','AAhs')) AND ((BB = 'BBrw' AND CC = 'CCqv') OR (BB = 'BBrw' AND CC = 'CCgm') OR (BB = 'BBdl' AND CC = 'CCdg') OR (BB = 'BBcx' AND CC = 'CCrx') OR (BB = 'BBcx' AND CC = 'CCfm')) GROUP BY AA",
 "sqlResult": "{AAjt | 39 | 7.8} || {AAcg | 53 | 10.6} || {AAhs | 110 | 22}",
 "nlq": "What are the total and average numbers of days for each AA, with CCqv or CCgm BBrw, CCdg BBdl, or CCfm or CCrx BBcx in AAjt, AAcg, or AAhs? Please, report the corresponding AA."},
{"name": "template 9",
 "sql": "SELECT min(Value) FROM DBdata WHERE (AA IN ('AAhs')) AND (BB IN ('BBrw','BBdl','BBcx')) GROUP BY BB",
 "sqlResult": "{13} || {25} || {1}",
 "nlq": "What is the minimum number of days for each BB, with BBcx, BBrw, or BBdl in AAhs?"},
{"name": "template 10",
 "sql": "SELECT BB,min(Value) FROM DBdata WHERE (AA IN ('AAcg')) AND (BB IN ('BBrw','BBdl','BBcx')) GROUP BY BB",
 "sqlResult": "{BBcx | 10} || {BBrw | 5} || {BBdl | 2}",
 "nlq": "What is the minimum number of days for each BB, with BBcx, BBrw, or BBdl in AAcg? Please, report the corresponding BB."},
{"name": "template 11",
 "sql": "SELECT BB,AA,avg(Value) FROM DBdata WHERE (AA IN ('AAjt','AAcg')) AND (BB IN ('BBrw','BBdl','BBcx')) GROUP BY BB,AA",
 "sqlResult": "{BBcx | AAjt | 3} || {BBcx | AAcg | 13.5} || {BBrw | AAjt | 9.5} || {BBrw | AAcg | 12} || {BBdl | AAjt | 11.33} || {BBdl | AAcg | 8.33}",
 "nlq": "What is the average number of days for each BB and AA, with BBcx, BBrw, or BBdl in AAjt or AAcg? Please, report the corresponding BB and AA."},
{"name": "template 12",
 "sql": "SELECT Value FROM DBdata WHERE (AA IN ('AAcg')) AND (BB IN ('BBrw','BBcx')) ORDER BY VALUE ASC LIMIT 2",
 "sqlResult": "{5} || {10}",
 "nlq": "What are the smallest 2 numbers of days with BBcx or BBrw in AAcg?"},
{"name": "template 13",
 "sql": "SELECT Value FROM DBdata WHERE (AA IN ('AAhs')) AND (BB IN ('BBrw','BBdl')) ORDER BY VALUE ASC",
 "sqlResult": "{1} || {18} || {20} || {25} || {28}",
 "nlq": "What are the numbers of days ordered by ascending values with BBrw or BBdl in AAhs?"},
{"name": "template 14",
 "sql": "SELECT BB,CC FROM DBdata WHERE (AA IN ('AAcg')) AND Value < 12.67",
 "sqlResult": "{BBrw | CCqv} || {BBdl | CCdg} || {BBdl | CCbs} || {BBcx | CCrx}",
 "nlq": "What are the BB and CC for which the number of days in AAcg is lower than 12.67?"},
{"name": "template 15",
 "sql": "SELECT BB,CC,Value FROM DBdata WHERE (AA IN ('AAhs')) AND (BB,CC) IN (SELECT BB,CC FROM DBdata WHERE (AA IN ('AAcg')) AND Value < 12.67)",
 "sqlResult": "{BBrw | CCqv | 25} || {BBdl | CCdg | 18} || {BBdl | CCbs | 20} || {BBcx | CCrx | 26}",
 "nlq": "How many days were there in AAhs with BB and with CC for which the number of days in AAcg is lower than 12.67? Please, report the corresponding BB, CC, and number of days."}]
}

