{
"filename": "Weather_statistics_set5_3_DB.csv",
"questions": [{"name": "template 1",
 "sql": "SELECT Value FROM DBdata WHERE (AA IN ('AAbn')) AND ((BB = 'BBhm' AND CC = 'CCpv'))",
 "sqlResult": "{16}",
 "nlq": "How many days were there with CCpv BBhm in AAbn?"},
{"name": "template 2",
 "sql": "SELECT Value FROM DBdata WHERE (AA IN ('AAbn')) AND ((BB = 'BBhm' AND CC = 'CCpv') OR (BB = 'BBhm' AND CC = 'CCmt') OR (BB = 'BBtz' AND CC = 'CCfh') OR (BB = 'BBtz' AND CC = 'CCgt'))",
 "sqlResult": "{16} || {23} || {28} || {25}",
 "nlq": "How many days were there with CCmt or CCpv BBhm or CCfh or CCgt BBtz in AAbn?"},
{"name": "template 3",
 "sql": "SELECT Value FROM DBdata WHERE (AA IN ('AAbn','AAcy','AAjy')) AND ((BB = 'BBtz' AND CC = 'CCgt'))",
 "sqlResult": "{25} || {15} || {17}",
 "nlq": "How many days were there with CCgt BBtz in AAbn, AAcy, or AAjy?"},
{"name": "template 4",
 "sql": "SELECT avg(Value),sum(Value) FROM DBdata WHERE (AA IN ('AAbn','AAcy','AAjy')) AND ((BB = 'BBhm' AND CC = 'CCpv'))",
 "sqlResult": "{13.33 | 40}",
 "nlq": "What are the average and total numbers of days with CCpv BBhm in AAbn, AAcy, or AAjy?"},
{"name": "template 6",
 "sql": "SELECT Value FROM DBdata WHERE (AA IN ('AAbn','AAcy','AAjy')) AND ((BB = 'BBhm' AND CC = 'CCmt') OR (BB = 'BBhm' AND CC = 'CCqs') OR (BB = 'BBtz' AND CC = 'CChy'))",
 "sqlResult": "{23} || {19} || {27} || {6} || {12} || {8} || {7} || {3} || {26}",
 "nlq": "How many days were there with CCmt or CCqs BBhm or CChy BBtz in AAbn, AAcy, or AAjy?"},
{"name": "template 7",
 "sql": "SELECT max(Value),sum(Value) FROM DBdata WHERE (AA IN ('AAbn')) AND ((BB = 'BBhm' AND CC = 'CCmt') OR (BB = 'BBhm' AND CC = 'CCqs') OR (BB = 'BBtz' AND CC = 'CCgt'))",
 "sqlResult": "{25 | 54}",
 "nlq": "What are the maximum and total numbers of days with CCmt or CCqs BBhm or CCgt BBtz in AAbn?"},
{"name": "template 8",
 "sql": "SELECT AA,avg(Value),min(Value) FROM DBdata WHERE (AA IN ('AAbn','AAcy')) AND ((BB = 'BBhm' AND CC = 'CCmt') OR (BB = 'BBhm' AND CC = 'CCqs') OR (BB = 'BBtz' AND CC = 'CCfh') OR (BB = 'BBtz' AND CC = 'CCgt') OR (BB = 'BBtz' AND CC = 'CChy')) GROUP BY AA",
 "sqlResult": "{AAbn | 17.8 | 6} || {AAcy | 13.4 | 3}",
 "nlq": "What are the average and minimum numbers of days for each AA, with CCmt or CCqs BBhm or CChy, CCfh, or CCgt BBtz in AAbn or AAcy? Please, report the corresponding AA."},
{"name": "template 9",
 "sql": "SELECT min(Value) FROM DBdata WHERE (AA IN ('AAcy')) AND (BB IN ('BBhm','BBtz')) GROUP BY BB",
 "sqlResult": "{3} || {2}",
 "nlq": "What is the minimum number of days for each BB, with BBtz or BBhm in AAcy?"},
{"name": "template 10",
 "sql": "SELECT BB,min(Value) FROM DBdata WHERE (AA IN ('AAcy')) AND (BB IN ('BBhm','BBtz')) GROUP BY BB",
 "sqlResult": "{BBtz | 3} || {BBhm | 2}",
 "nlq": "What is the minimum number of days for each BB, with BBtz or BBhm in AAcy? Please, report the corresponding BB."},
{"name": "template 11",
 "sql": "SELECT BB,AA,max(Value) FROM DBdata WHERE (AA IN ('AAbn','AAcy','AAjy')) AND (BB IN ('BBhm','BBtz')) GROUP BY BB,AA",
 "sqlResult": "{BBtz | AAbn | 28} || {BBtz | AAcy | 18} || {BBtz | AAjy | 26} || {BBhm | AAbn | 23} || {BBhm | AAcy | 19} || {BBhm | AAjy | 27}",
 "nlq": "What is the maximum number of days for each BB and AA, with BBtz or BBhm in AAbn, AAcy, or AAjy? Please, report the corresponding BB and AA."},
{"name": "template 12",
 "sql": "SELECT Value FROM DBdata WHERE (AA IN ('AAbn')) AND (BB IN ('BBhm','BBtz')) ORDER BY VALUE ASC LIMIT 3",
 "sqlResult": "{6} || {7} || {16}",
 "nlq": "What are the smallest 3 numbers of days with BBtz or BBhm in AAbn?"},
{"name": "template 13",
 "sql": "SELECT Value FROM DBdata WHERE (AA IN ('AAcy')) AND (BB IN ('BBhm','BBtz')) ORDER BY VALUE ASC",
 "sqlResult": "{2} || {3} || {12} || {15} || {18} || {19}",
 "nlq": "What are the numbers of days ordered by ascending values with BBtz or BBhm in AAcy?"},
{"name": "template 14",
 "sql": "SELECT BB,CC FROM DBdata WHERE (AA IN ('AAjy')) AND Value < 15.78",
 "sqlResult": "{BBhm | CCqs} || {BBtz | CCfh}",
 "nlq": "What are the BB and CC for which the number of days in AAjy is lower than 15.78?"},
{"name": "template 15",
 "sql": "SELECT BB,CC,Value FROM DBdata WHERE (AA IN ('AAcy')) AND (BB,CC) IN (SELECT BB,CC FROM DBdata WHERE (AA IN ('AAjy')) AND Value < 15.78)",
 "sqlResult": "{BBhm | CCqs | 12} || {BBtz | CCfh | 18}",
 "nlq": "How many days were there in AAcy with BB and with CC for which the number of days in AAjy is lower than 15.78? Please, report the corresponding BB, CC, and number of days."}]
}

