{
"filename": "Weather_statistics_set6_2_DB.csv",
"questions": [{"name": "template 1",
 "sql": "SELECT Value FROM DBdata WHERE (Year IN ('2016')) AND ((Characteristic = 'Temperature' AND Intensity = '0-10'))",
 "sqlResult": "{2}",
 "nlq": "How many days were there with 0-10 Temperature in 2016?"},
{"name": "template 2",
 "sql": "SELECT Value FROM DBdata WHERE (Year IN ('2017')) AND ((Characteristic = 'Temperature' AND Intensity = '0-10') OR (Characteristic = 'Wind' AND Intensity = 'Breeze') OR (Characteristic = 'Wind' AND Intensity = 'Storm'))",
 "sqlResult": "{9} || {1} || {16}",
 "nlq": "How many days were there with 0-10 Temperature or Breeze or Storm Wind in 2017?"},
{"name": "template 3",
 "sql": "SELECT Value FROM DBdata WHERE (Year IN ('2016','2017','2018')) AND ((Characteristic = 'Wind' AND Intensity = 'Calm'))",
 "sqlResult": "{25} || {26} || {10}",
 "nlq": "How many days were there with Calm Wind in 2016, 2017, or 2018?"},
{"name": "template 4",
 "sql": "SELECT avg(Value),max(Value) FROM DBdata WHERE (Year IN ('2016','2017','2018')) AND ((Characteristic = 'Wind' AND Intensity = 'Storm'))",
 "sqlResult": "{13.67 | 20}",
 "nlq": "What are the average and maximum numbers of days with Storm Wind in 2016, 2017, or 2018?"},
{"name": "template 6",
 "sql": "SELECT Value FROM DBdata WHERE (Year IN ('2016','2018')) AND ((Characteristic = 'Temperature' AND Intensity = '11-20') OR (Characteristic = 'Wind' AND Intensity = 'Calm') OR (Characteristic = 'Wind' AND Intensity = 'Breeze') OR (Characteristic = 'Wind' AND Intensity = 'Storm'))",
 "sqlResult": "{12} || {27} || {25} || {10} || {3} || {8} || {5} || {20}",
 "nlq": "How many days were there with 11-20 Temperature or Breeze, Calm, or Storm Wind in 2016 or 2018?"},
{"name": "template 7",
 "sql": "SELECT max(Value),min(Value) FROM DBdata WHERE (Year IN ('2018')) AND ((Characteristic = 'Temperature' AND Intensity = '0-10') OR (Characteristic = 'Temperature' AND Intensity = '11-20') OR (Characteristic = 'Wind' AND Intensity = 'Calm') OR (Characteristic = 'Wind' AND Intensity = 'Breeze') OR (Characteristic = 'Wind' AND Intensity = 'Storm'))",
 "sqlResult": "{28 | 8}",
 "nlq": "What are the maximum and minimum numbers of days with 0-10 or 11-20 Temperature or Breeze, Calm, or Storm Wind in 2018?"},
{"name": "template 8",
 "sql": "SELECT Year,avg(Value),min(Value) FROM DBdata WHERE (Year IN ('2017','2018')) AND ((Characteristic = 'Temperature' AND Intensity = '11-20') OR (Characteristic = 'Wind' AND Intensity = 'Storm')) GROUP BY Year",
 "sqlResult": "{2017 | 14.5 | 13} || {2018 | 23.5 | 20}",
 "nlq": "What are the average and minimum numbers of days for each Year, with 11-20 Temperature or Storm Wind in 2017 or 2018? Please, report the corresponding Year."},
{"name": "template 9",
 "sql": "SELECT min(Value) FROM DBdata WHERE (Year IN ('2018')) AND (Characteristic IN ('Temperature','Wind')) GROUP BY Characteristic",
 "sqlResult": "{27} || {8}",
 "nlq": "What is the minimum number of days for each Characteristic, with Temperature or Wind in 2018?"},
{"name": "template 10",
 "sql": "SELECT Characteristic,min(Value) FROM DBdata WHERE (Year IN ('2017')) AND (Characteristic IN ('Temperature','Wind')) GROUP BY Characteristic",
 "sqlResult": "{Temperature | 9} || {Wind | 1}",
 "nlq": "What is the minimum number of days for each Characteristic, with Temperature or Wind in 2017? Please, report the corresponding Characteristic."},
{"name": "template 11",
 "sql": "SELECT Characteristic,Year,avg(Value) FROM DBdata WHERE (Year IN ('2017','2018')) AND (Characteristic IN ('Temperature','Wind')) GROUP BY Characteristic,Year",
 "sqlResult": "{Temperature | 2017 | 11} || {Temperature | 2018 | 27.5} || {Wind | 2017 | 14.33} || {Wind | 2018 | 12.67}",
 "nlq": "What is the average number of days for each Characteristic and Year, with Temperature or Wind in 2017 or 2018? Please, report the corresponding Characteristic and Year."},
{"name": "template 12",
 "sql": "SELECT Value FROM DBdata WHERE (Year IN ('2017')) AND (Characteristic IN ('Temperature','Wind')) ORDER BY VALUE DESC LIMIT 4",
 "sqlResult": "{26} || {16} || {13} || {9}",
 "nlq": "What are the largest 4 numbers of days with Temperature or Wind in 2017?"},
{"name": "template 13",
 "sql": "SELECT Value FROM DBdata WHERE (Year IN ('2016')) AND (Characteristic IN ('Temperature','Wind')) ORDER BY VALUE ASC",
 "sqlResult": "{2} || {3} || {5} || {12} || {25}",
 "nlq": "What are the numbers of days ordered by ascending values with Temperature or Wind in 2016?"},
{"name": "template 14",
 "sql": "SELECT Characteristic,Intensity FROM DBdata WHERE (Year IN ('2016')) AND Value > 13.67",
 "sqlResult": "{Wind | Calm}",
 "nlq": "What are the Characteristic and Intensity for which the number of days in 2016 is greater than 13.67?"},
{"name": "template 15",
 "sql": "SELECT Characteristic,Intensity,Value FROM DBdata WHERE (Year IN ('2018')) AND (Characteristic,Intensity) IN (SELECT Characteristic,Intensity FROM DBdata WHERE (Year IN ('2016')) AND Value > 13.67)",
 "sqlResult": "{Wind | Calm | 10}",
 "nlq": "How many days were there in 2018 with Characteristic and with Intensity for which the number of days in 2016 is greater than 13.67? Please, report the corresponding Characteristic, Intensity, and number of days."}]
}
