{
"filename": "Weather_statistics_set1_1_DB.csv",
"questions": [{"name": "template 1",
 "sql": "SELECT Value FROM DBdata WHERE (Year IN ('2015')) AND ((Characteristic = 'Temperature' AND Intensity = '0-10'))",
 "sqlResult": "{2}",
 "nlq": "How many days were there with 0-10 Temperature in 2015?"},
{"name": "template 2",
 "sql": "SELECT Value FROM DBdata WHERE (Year IN ('2016')) AND ((Characteristic = 'Temperature' AND Intensity = '0-10') OR (Characteristic = 'Wind' AND Intensity = 'Calm') OR (Characteristic = 'Wind' AND Intensity = 'Breeze'))",
 "sqlResult": "{17} || {28} || {27}",
 "nlq": "How many days were there with 0-10 Temperature or Breeze or Calm Wind in 2016?"},
{"name": "template 3",
 "sql": "SELECT Value FROM DBdata WHERE (Year IN ('2015','2016','2017')) AND ((Characteristic = 'Temperature' AND Intensity = '11-20'))",
 "sqlResult": "{16} || {7} || {24}",
 "nlq": "How many days were there with 11-20 Temperature in 2015, 2016, or 2017?"},
{"name": "template 4",
 "sql": "SELECT max(Value),avg(Value) FROM DBdata WHERE (Year IN ('2015','2017')) AND ((Characteristic = 'Wind' AND Intensity = 'Storm'))",
 "sqlResult": "{15 | 10.5}",
 "nlq": "What are the maximum and average numbers of days with Storm Wind in 2015 or 2017?"},
{"name": "template 6",
 "sql": "SELECT Value FROM DBdata WHERE (Year IN ('2016','2017')) AND ((Characteristic = 'Temperature' AND Intensity = '0-10') OR (Characteristic = 'Wind' AND Intensity = 'Calm'))",
 "sqlResult": "{17} || {1} || {28} || {10}",
 "nlq": "How many days were there with 0-10 Temperature or Calm Wind in 2016 or 2017?"},
{"name": "template 7",
 "sql": "SELECT avg(Value),sum(Value) FROM DBdata WHERE (Year IN ('2017')) AND ((Characteristic = 'Temperature' AND Intensity = '0-10') OR (Characteristic = 'Wind' AND Intensity = 'Calm') OR (Characteristic = 'Wind' AND Intensity = 'Breeze') OR (Characteristic = 'Wind' AND Intensity = 'Storm'))",
 "sqlResult": "{12.25 | 49}",
 "nlq": "What are the average and total numbers of days with 0-10 Temperature or Breeze, Calm, or Storm Wind in 2017?"},
{"name": "template 8",
 "sql": "SELECT Year,min(Value),avg(Value) FROM DBdata WHERE (Year IN ('2015','2017')) AND ((Characteristic = 'Temperature' AND Intensity = '0-10') OR (Characteristic = 'Temperature' AND Intensity = '11-20') OR (Characteristic = 'Wind' AND Intensity = 'Calm') OR (Characteristic = 'Wind' AND Intensity = 'Breeze') OR (Characteristic = 'Wind' AND Intensity = 'Storm')) GROUP BY Year",
 "sqlResult": "{2015 | 2 | 9.2} || {2017 | 1 | 14.6}",
 "nlq": "What are the minimum and average numbers of days for each Year, with 0-10 or 11-20 Temperature or Breeze, Calm, or Storm Wind in 2015 or 2017? Please, report the corresponding Year."},
{"name": "template 9",
 "sql": "SELECT min(Value) FROM DBdata WHERE (Year IN ('2015')) AND (Characteristic IN ('Temperature','Wind')) GROUP BY Characteristic",
 "sqlResult": "{2} || {4}",
 "nlq": "What is the minimum number of days for each Characteristic, with Temperature or Wind in 2015?"},
{"name": "template 10",
 "sql": "SELECT Characteristic,sum(Value) FROM DBdata WHERE (Year IN ('2017')) AND (Characteristic IN ('Temperature','Wind')) GROUP BY Characteristic",
 "sqlResult": "{Temperature | 25} || {Wind | 48}",
 "nlq": "What is the total number of days for each Characteristic, with Temperature or Wind in 2017? Please, report the corresponding Characteristic."},
{"name": "template 11",
 "sql": "SELECT Characteristic,Year,max(Value) FROM DBdata WHERE (Year IN ('2015','2016','2017')) AND (Characteristic IN ('Temperature','Wind')) GROUP BY Characteristic,Year",
 "sqlResult": "{Temperature | 2015 | 16} || {Temperature | 2016 | 17} || {Temperature | 2017 | 24} || {Wind | 2015 | 18} || {Wind | 2016 | 28} || {Wind | 2017 | 23}",
 "nlq": "What is the maximum number of days for each Characteristic and Year, with Temperature or Wind in 2015, 2016, or 2017? Please, report the corresponding Characteristic and Year."},
{"name": "template 12",
 "sql": "SELECT Value FROM DBdata WHERE (Year IN ('2015')) AND (Characteristic IN ('Temperature','Wind')) ORDER BY VALUE ASC LIMIT 2",
 "sqlResult": "{2} || {4}",
 "nlq": "What are the smallest 2 numbers of days with Temperature or Wind in 2015?"},
{"name": "template 13",
 "sql": "SELECT Value FROM DBdata WHERE (Year IN ('2016')) AND (Characteristic IN ('Temperature','Wind')) ORDER BY VALUE ASC",
 "sqlResult": "{5} || {7} || {17} || {27} || {28}",
 "nlq": "What are the numbers of days ordered by ascending values with Temperature or Wind in 2016?"},
{"name": "template 14",
 "sql": "SELECT Characteristic,Intensity FROM DBdata WHERE (Year IN ('2017')) AND Value > 13.53",
 "sqlResult": "{Temperature | 11-20} || {Wind | Breeze} || {Wind | Storm}",
 "nlq": "What are the Characteristic and Intensity for which the number of days in 2017 is greater than 13.53?"},
{"name": "template 15",
 "sql": "SELECT Characteristic,Intensity,Value FROM DBdata WHERE (Year IN ('2015')) AND (Characteristic,Intensity) IN (SELECT Characteristic,Intensity FROM DBdata WHERE (Year IN ('2017')) AND Value > 13.53)",
 "sqlResult": "{Temperature | 11-20 | 16} || {Wind | Breeze | 4} || {Wind | Storm | 6}",
 "nlq": "How many days were there in 2015 with Characteristic and with Intensity for which the number of days in 2017 is greater than 13.53? Please, report the corresponding Characteristic, Intensity, and number of days."}]
}
