{
"filename": "Weather_statistics_set8_5_DB.csv",
"questions": [{"name": "template 1",
 "sql": "SELECT Value FROM DBdata WHERE (Year IN ('2020')) AND ((Characteristic = 'Wind' AND Intensity = 'Breeze'))",
 "sqlResult": "{13}",
 "nlq": "How many days were there with Breeze Wind in 2020?"},
{"name": "template 2",
 "sql": "SELECT Value FROM DBdata WHERE (Year IN ('2020')) AND ((Characteristic = 'Temperature' AND Intensity = '0-10') OR (Characteristic = 'Temperature' AND Intensity = '11-20') OR (Characteristic = 'Temperature' AND Intensity = '21-30') OR (Characteristic = 'Wind' AND Intensity = 'Calm') OR (Characteristic = 'Wind' AND Intensity = 'Breeze'))",
 "sqlResult": "{10} || {18} || {8} || {14} || {13}",
 "nlq": "How many days were there with 0-10, 11-20, or 21-30 Temperature or Breeze or Calm Wind in 2020?"},
{"name": "template 3",
 "sql": "SELECT Value FROM DBdata WHERE (Year IN ('2018','2020')) AND ((Characteristic = 'Wind' AND Intensity = 'Calm'))",
 "sqlResult": "{5} || {14}",
 "nlq": "How many days were there with Calm Wind in 2018 or 2020?"},
{"name": "template 4",
 "sql": "SELECT min(Value),avg(Value) FROM DBdata WHERE (Year IN ('2018','2019','2020')) AND ((Characteristic = 'Wind' AND Intensity = 'Breeze'))",
 "sqlResult": "{13 | 20}",
 "nlq": "What are the minimum and average numbers of days with Breeze Wind in 2018, 2019, or 2020?"},
{"name": "template 6",
 "sql": "SELECT Value FROM DBdata WHERE (Year IN ('2019','2020')) AND ((Characteristic = 'Temperature' AND Intensity = '11-20') OR (Characteristic = 'Wind' AND Intensity = 'Calm'))",
 "sqlResult": "{19} || {18} || {7} || {14}",
 "nlq": "How many days were there with 11-20 Temperature or Calm Wind in 2019 or 2020?"},
{"name": "template 7",
 "sql": "SELECT min(Value),max(Value) FROM DBdata WHERE (Year IN ('2018')) AND ((Characteristic = 'Temperature' AND Intensity = '0-10') OR (Characteristic = 'Temperature' AND Intensity = '11-20') OR (Characteristic = 'Wind' AND Intensity = 'Breeze'))",
 "sqlResult": "{15 | 22}",
 "nlq": "What are the minimum and maximum numbers of days with 0-10 or 11-20 Temperature or Breeze Wind in 2018?"},
{"name": "template 8",
 "sql": "SELECT Year,max(Value),sum(Value) FROM DBdata WHERE (Year IN ('2019','2020')) AND ((Characteristic = 'Temperature' AND Intensity = '0-10') OR (Characteristic = 'Temperature' AND Intensity = '11-20') OR (Characteristic = 'Temperature' AND Intensity = '21-30') OR (Characteristic = 'Wind' AND Intensity = 'Calm') OR (Characteristic = 'Wind' AND Intensity = 'Breeze')) GROUP BY Year",
 "sqlResult": "{2019 | 25 | 65} || {2020 | 18 | 63}",
 "nlq": "What are the maximum and total numbers of days for each Year, with 0-10, 11-20, or 21-30 Temperature or Breeze or Calm Wind in 2019 or 2020? Please, report the corresponding Year."},
{"name": "template 9",
 "sql": "SELECT min(Value) FROM DBdata WHERE (Year IN ('2019')) AND (Characteristic IN ('Temperature','Wind')) GROUP BY Characteristic",
 "sqlResult": "{2} || {7}",
 "nlq": "What is the minimum number of days for each Characteristic, with Temperature or Wind in 2019?"},
{"name": "template 10",
 "sql": "SELECT Characteristic,max(Value) FROM DBdata WHERE (Year IN ('2019')) AND (Characteristic IN ('Temperature','Wind')) GROUP BY Characteristic",
 "sqlResult": "{Temperature | 19} || {Wind | 25}",
 "nlq": "What is the maximum number of days for each Characteristic, with Temperature or Wind in 2019? Please, report the corresponding Characteristic."},
{"name": "template 11",
 "sql": "SELECT Characteristic,Year,max(Value) FROM DBdata WHERE (Year IN ('2018','2019','2020')) AND (Characteristic IN ('Temperature','Wind')) GROUP BY Characteristic,Year",
 "sqlResult": "{Temperature | 2018 | 24} || {Temperature | 2019 | 19} || {Temperature | 2020 | 18} || {Wind | 2018 | 22} || {Wind | 2019 | 25} || {Wind | 2020 | 14}",
 "nlq": "What is the maximum number of days for each Characteristic and Year, with Temperature or Wind in 2018, 2019, or 2020? Please, report the corresponding Characteristic and Year."},
{"name": "template 12",
 "sql": "SELECT Value FROM DBdata WHERE (Year IN ('2020')) AND (Characteristic IN ('Temperature','Wind')) ORDER BY VALUE DESC LIMIT 3",
 "sqlResult": "{18} || {14} || {13}",
 "nlq": "What are the largest 3 numbers of days with Temperature or Wind in 2020?"},
{"name": "template 13",
 "sql": "SELECT Value FROM DBdata WHERE (Year IN ('2019')) AND (Characteristic IN ('Temperature','Wind')) ORDER BY VALUE DESC",
 "sqlResult": "{25} || {19} || {12} || {7} || {2}",
 "nlq": "What are the numbers of days ordered by descending values with Temperature or Wind in 2019?"},
{"name": "template 14",
 "sql": "SELECT Characteristic,Intensity FROM DBdata WHERE (Year IN ('2019')) AND Value < 14",
 "sqlResult": "{Temperature | 0-10} || {Temperature | 21-30} || {Wind | Calm}",
 "nlq": "What are the Characteristic and Intensity for which the number of days in 2019 is lower than 14?"},
{"name": "template 15",
 "sql": "SELECT Characteristic,Intensity,Value FROM DBdata WHERE (Year IN ('2018')) AND (Characteristic,Intensity) IN (SELECT Characteristic,Intensity FROM DBdata WHERE (Year IN ('2019')) AND Value < 14)",
 "sqlResult": "{Temperature | 0-10 | 16} || {Temperature | 21-30 | 24} || {Wind | Calm | 5}",
 "nlq": "How many days were there in 2018 with Characteristic and with Intensity for which the number of days in 2019 is lower than 14? Please, report the corresponding Characteristic, Intensity, and number of days."}]
}
