{
"filename": "Weather_statistics_set6_1_DB.csv",
"questions": [{"name": "template 1",
 "sql": "SELECT Value FROM DBdata WHERE (AA IN ('AAfy')) AND ((BB = 'BBgm' AND CC = 'CCsz'))",
 "sqlResult": "{13}",
 "nlq": "How many days were there with CCsz BBgm in AAfy?"},
{"name": "template 2",
 "sql": "SELECT Value FROM DBdata WHERE (AA IN ('AAcw')) AND ((BB = 'BBgp' AND CC = 'CCdx') OR (BB = 'BBgp' AND CC = 'CChw') OR (BB = 'BBgp' AND CC = 'CCbg') OR (BB = 'BBgm' AND CC = 'CCbd') OR (BB = 'BBgm' AND CC = 'CCsz'))",
 "sqlResult": "{0} || {27} || {21} || {6} || {4}",
 "nlq": "How many days were there with CChw, CCdx, or CCbg BBgp or CCsz or CCbd BBgm in AAcw?"},
{"name": "template 3",
 "sql": "SELECT Value FROM DBdata WHERE (AA IN ('AAfy','AAcw')) AND ((BB = 'BBgm' AND CC = 'CChy'))",
 "sqlResult": "{7} || {15}",
 "nlq": "How many days were there with CChy BBgm in AAfy or AAcw?"},
{"name": "template 4",
 "sql": "SELECT min(Value),sum(Value) FROM DBdata WHERE (AA IN ('AAfy','AAcw')) AND ((BB = 'BBgp' AND CC = 'CChw'))",
 "sqlResult": "{9 | 36}",
 "nlq": "What are the minimum and total numbers of days with CChw BBgp in AAfy or AAcw?"},
{"name": "template 6",
 "sql": "SELECT Value FROM DBdata WHERE (AA IN ('AAfy','AAcw')) AND ((BB = 'BBgp' AND CC = 'CCdx') OR (BB = 'BBgp' AND CC = 'CChw'))",
 "sqlResult": "{25} || {0} || {9} || {27}",
 "nlq": "How many days were there with CChw or CCdx BBgp in AAfy or AAcw?"},
{"name": "template 7",
 "sql": "SELECT max(Value),avg(Value) FROM DBdata WHERE (AA IN ('AAfy')) AND ((BB = 'BBgp' AND CC = 'CCdx') OR (BB = 'BBgp' AND CC = 'CCbg') OR (BB = 'BBgm' AND CC = 'CCbd') OR (BB = 'BBgm' AND CC = 'CChy') OR (BB = 'BBgm' AND CC = 'CCsz'))",
 "sqlResult": "{25 | 14.2}",
 "nlq": "What are the maximum and average numbers of days with CCdx or CCbg BBgp or CCsz, CCbd, or CChy BBgm in AAfy?"},
{"name": "template 8",
 "sql": "SELECT AA,min(Value),sum(Value) FROM DBdata WHERE (AA IN ('AAcw')) AND ((BB = 'BBgp' AND CC = 'CCdx') OR (BB = 'BBgp' AND CC = 'CChw') OR (BB = 'BBgp' AND CC = 'CCbg') OR (BB = 'BBgm' AND CC = 'CCbd') OR (BB = 'BBgm' AND CC = 'CCsz')) GROUP BY AA",
 "sqlResult": "{AAcw | 0 | 58}",
 "nlq": "What are the minimum and total numbers of days for each AA, with CChw, CCdx, or CCbg BBgp or CCsz or CCbd BBgm in AAcw? Please, report the corresponding AA."},
{"name": "template 9",
 "sql": "SELECT min(Value) FROM DBdata WHERE (AA IN ('AAfy')) AND (BB IN ('BBgp','BBgm')) GROUP BY BB",
 "sqlResult": "{2} || {9}",
 "nlq": "What is the minimum number of days for each BB, with BBgm or BBgp in AAfy?"},
{"name": "template 10",
 "sql": "SELECT BB,sum(Value) FROM DBdata WHERE (AA IN ('AAfy')) AND (BB IN ('BBgp','BBgm')) GROUP BY BB",
 "sqlResult": "{BBgm | 22} || {BBgp | 58}",
 "nlq": "What is the total number of days for each BB, with BBgm or BBgp in AAfy? Please, report the corresponding BB."},
{"name": "template 11",
 "sql": "SELECT BB,AA,sum(Value) FROM DBdata WHERE (AA IN ('AAfy','AAcw')) AND (BB IN ('BBgp','BBgm')) GROUP BY BB,AA",
 "sqlResult": "{BBgm | AAfy | 22} || {BBgm | AAcw | 25} || {BBgp | AAfy | 58} || {BBgp | AAcw | 48}",
 "nlq": "What is the total number of days for each BB and AA, with BBgm or BBgp in AAfy or AAcw? Please, report the corresponding BB and AA."},
{"name": "template 12",
 "sql": "SELECT Value FROM DBdata WHERE (AA IN ('AAfy')) AND (BB IN ('BBgp','BBgm')) ORDER BY VALUE DESC LIMIT 4",
 "sqlResult": "{25} || {24} || {13} || {9}",
 "nlq": "What are the largest 4 numbers of days with BBgm or BBgp in AAfy?"},
{"name": "template 13",
 "sql": "SELECT Value FROM DBdata WHERE (AA IN ('AAcw')) AND (BB IN ('BBgp','BBgm')) ORDER BY VALUE ASC",
 "sqlResult": "{0} || {4} || {6} || {15} || {21} || {27}",
 "nlq": "What are the numbers of days ordered by ascending values with BBgm or BBgp in AAcw?"},
{"name": "template 14",
 "sql": "SELECT BB,CC FROM DBdata WHERE (AA IN ('AAfy')) AND Value < 12.75",
 "sqlResult": "{BBgp | CChw} || {BBgm | CCbd} || {BBgm | CChy}",
 "nlq": "What are the BB and CC for which the number of days in AAfy is lower than 12.75?"},
{"name": "template 15",
 "sql": "SELECT BB,CC,Value FROM DBdata WHERE (AA IN ('AAcw')) AND (BB,CC) IN (SELECT BB,CC FROM DBdata WHERE (AA IN ('AAfy')) AND Value < 12.75)",
 "sqlResult": "{BBgp | CChw | 27} || {BBgm | CCbd | 6} || {BBgm | CChy | 15}",
 "nlq": "How many days were there in AAcw with BB and with CC for which the number of days in AAfy is lower than 12.75? Please, report the corresponding BB, CC, and number of days."}]
}

