{
"filename": "Weather_statistics_set4_3_DB.csv",
"questions": [{"name": "template 1",
 "sql": "SELECT Value FROM DBdata WHERE (AA IN ('AAwz')) AND ((BB = 'BBwy' AND CC = 'CCcs'))",
 "sqlResult": "{10}",
 "nlq": "How many days were there with CCcs BBwy in AAwz?"},
{"name": "template 2",
 "sql": "SELECT Value FROM DBdata WHERE (AA IN ('AAwz')) AND ((BB = 'BBwy' AND CC = 'CCcs') OR (BB = 'BBwy' AND CC = 'CCck') OR (BB = 'BBgl' AND CC = 'CCvx'))",
 "sqlResult": "{10} || {2} || {3}",
 "nlq": "How many days were there with CCcs or CCck BBwy or CCvx BBgl in AAwz?"},
{"name": "template 3",
 "sql": "SELECT Value FROM DBdata WHERE (AA IN ('AAwz','AAbt','AAmz')) AND ((BB = 'BBgl' AND CC = 'CCgz'))",
 "sqlResult": "{14} || {26} || {1}",
 "nlq": "How many days were there with CCgz BBgl in AAwz, AAbt, or AAmz?"},
{"name": "template 4",
 "sql": "SELECT sum(Value),max(Value) FROM DBdata WHERE (AA IN ('AAwz','AAbt','AAmz')) AND ((BB = 'BBwy' AND CC = 'CCcs'))",
 "sqlResult": "{38 | 23}",
 "nlq": "What are the total and maximum numbers of days with CCcs BBwy in AAwz, AAbt, or AAmz?"},
{"name": "template 6",
 "sql": "SELECT Value FROM DBdata WHERE (AA IN ('AAwz','AAbt','AAmz')) AND ((BB = 'BBwy' AND CC = 'CCck') OR (BB = 'BBgl' AND CC = 'CCcp'))",
 "sqlResult": "{2} || {27} || {4} || {19} || {17} || {28}",
 "nlq": "How many days were there with CCcp BBgl or CCck BBwy in AAwz, AAbt, or AAmz?"},
{"name": "template 7",
 "sql": "SELECT avg(Value),min(Value) FROM DBdata WHERE (AA IN ('AAwz')) AND ((BB = 'BBwy' AND CC = 'CCcs') OR (BB = 'BBwy' AND CC = 'CCcx') OR (BB = 'BBgl' AND CC = 'CCcp') OR (BB = 'BBgl' AND CC = 'CCvx'))",
 "sqlResult": "{10.25 | 3}",
 "nlq": "What are the average and minimum numbers of days with CCcx or CCcs BBwy or CCcp or CCvx BBgl in AAwz?"},
{"name": "template 8",
 "sql": "SELECT AA,max(Value),sum(Value) FROM DBdata WHERE (AA IN ('AAbt','AAmz')) AND ((BB = 'BBwy' AND CC = 'CCck') OR (BB = 'BBgl' AND CC = 'CCcp')) GROUP BY AA",
 "sqlResult": "{AAbt | 27 | 44} || {AAmz | 28 | 32}",
 "nlq": "What are the maximum and total numbers of days for each AA, with CCcp BBgl or CCck BBwy in AAbt or AAmz? Please, report the corresponding AA."},
{"name": "template 9",
 "sql": "SELECT min(Value) FROM DBdata WHERE (AA IN ('AAmz')) AND (BB IN ('BBwy','BBgl')) GROUP BY BB",
 "sqlResult": "{0} || {4}",
 "nlq": "What is the minimum number of days for each BB, with BBgl or BBwy in AAmz?"},
{"name": "template 10",
 "sql": "SELECT BB,max(Value) FROM DBdata WHERE (AA IN ('AAmz')) AND (BB IN ('BBwy','BBgl')) GROUP BY BB",
 "sqlResult": "{BBgl | 28} || {BBwy | 21}",
 "nlq": "What is the maximum number of days for each BB, with BBgl or BBwy in AAmz? Please, report the corresponding BB."},
{"name": "template 11",
 "sql": "SELECT BB,AA,min(Value) FROM DBdata WHERE (AA IN ('AAbt','AAmz')) AND (BB IN ('BBwy','BBgl')) GROUP BY BB,AA",
 "sqlResult": "{BBgl | AAbt | 17} || {BBgl | AAmz | 0} || {BBwy | AAbt | 15} || {BBwy | AAmz | 4}",
 "nlq": "What is the minimum number of days for each BB and AA, with BBgl or BBwy in AAbt or AAmz? Please, report the corresponding BB and AA."},
{"name": "template 12",
 "sql": "SELECT Value FROM DBdata WHERE (AA IN ('AAwz')) AND (BB IN ('BBwy','BBgl')) ORDER BY VALUE ASC LIMIT 3",
 "sqlResult": "{2} || {3} || {9}",
 "nlq": "What are the smallest 3 numbers of days with BBgl or BBwy in AAwz?"},
{"name": "template 13",
 "sql": "SELECT Value FROM DBdata WHERE (AA IN ('AAmz')) AND (BB IN ('BBwy','BBgl')) ORDER BY VALUE ASC",
 "sqlResult": "{0} || {1} || {4} || {5} || {21} || {28}",
 "nlq": "What are the numbers of days ordered by ascending values with BBgl or BBwy in AAmz?"},
{"name": "template 14",
 "sql": "SELECT BB,CC FROM DBdata WHERE (AA IN ('AAwz')) AND Value < 13.78",
 "sqlResult": "{BBwy | CCcs} || {BBwy | CCcx} || {BBwy | CCck} || {BBgl | CCvx}",
 "nlq": "What are the BB and CC for which the number of days in AAwz is lower than 13.78?"},
{"name": "template 15",
 "sql": "SELECT BB,CC,Value FROM DBdata WHERE (AA IN ('AAmz')) AND (BB,CC) IN (SELECT BB,CC FROM DBdata WHERE (AA IN ('AAwz')) AND Value < 13.78)",
 "sqlResult": "{BBwy | CCcs | 5} || {BBwy | CCcx | 21} || {BBwy | CCck | 4} || {BBgl | CCvx | 0}",
 "nlq": "How many days were there in AAmz with BB and with CC for which the number of days in AAwz is lower than 13.78? Please, report the corresponding BB, CC, and number of days."}]
}

