Year,Characteristic,Intensity,Value
Year,Characteristic,Intensity,Value
2016,Temperature,0-10,28
2017,Temperature,0-10,8
2018,Temperature,0-10,16
2016,Temperature,11-20,9
2017,Temperature,11-20,24
2018,Temperature,11-20,18
2016,Temperature,21-30,3
2017,Temperature,21-30,2
2018,Temperature,21-30,26
2016,Wind,Breeze,17
2017,Wind,Breeze,21
2018,Wind,Breeze,7
2016,Wind,Storm,25
2017,Wind,Storm,6
2018,Wind,Storm,1
2016,Humidity,Medium,14
2017,Humidity,Medium,27
2018,Humidity,Medium,19
2016,Humidity,High,13
2017,Humidity,High,10
2018,Humidity,High,0
