{
"filename": "Weather_statistics_set7_3_DB.csv",
"questions": [{"name": "template 1",
 "sql": "SELECT Value FROM DBdata WHERE (AA IN ('AAcr')) AND ((BB = 'BBgy' AND CC = 'CCkq'))",
 "sqlResult": "{13}",
 "nlq": "How many days were there with CCkq BBgy in AAcr?"},
{"name": "template 2",
 "sql": "SELECT Value FROM DBdata WHERE (AA IN ('AAcr')) AND ((BB = 'BBjw' AND CC = 'CCbw') OR (BB = 'BBjw' AND CC = 'CCpr') OR (BB = 'BBjw' AND CC = 'CCgs') OR (BB = 'BBgy' AND CC = 'CCgp') OR (BB = 'BBgy' AND CC = 'CCkq') OR (BB = 'BBdy' AND CC = 'CCln') OR (BB = 'BBdy' AND CC = 'CChq'))",
 "sqlResult": "{18} || {17} || {20} || {26} || {13} || {2} || {22}",
 "nlq": "How many days were there with CCbw, CCpr, or CCgs BBjw, CCkq or CCgp BBgy, or CChq or CCln BBdy in AAcr?"},
{"name": "template 3",
 "sql": "SELECT Value FROM DBdata WHERE (AA IN ('AAnz','AAcr')) AND ((BB = 'BBjw' AND CC = 'CCgs'))",
 "sqlResult": "{14} || {20}",
 "nlq": "How many days were there with CCgs BBjw in AAnz or AAcr?"},
{"name": "template 4",
 "sql": "SELECT max(Value),sum(Value) FROM DBdata WHERE (AA IN ('AAnz','AAcr')) AND ((BB = 'BBdy' AND CC = 'CChq'))",
 "sqlResult": "{22 | 31}",
 "nlq": "What are the maximum and total numbers of days with CChq BBdy in AAnz or AAcr?"},
{"name": "template 6",
 "sql": "SELECT Value FROM DBdata WHERE (AA IN ('AAnz')) AND ((BB = 'BBjw' AND CC = 'CCbw') OR (BB = 'BBjw' AND CC = 'CCpr') OR (BB = 'BBgy' AND CC = 'CCgp') OR (BB = 'BBdy' AND CC = 'CCln'))",
 "sqlResult": "{23} || {11} || {1} || {19}",
 "nlq": "How many days were there with CCbw or CCpr BBjw, CCgp BBgy, or CCln BBdy in AAnz?"},
{"name": "template 7",
 "sql": "SELECT avg(Value),max(Value) FROM DBdata WHERE (AA IN ('AAnz')) AND ((BB = 'BBjw' AND CC = 'CCbw') OR (BB = 'BBgy' AND CC = 'CCgp') OR (BB = 'BBgy' AND CC = 'CCkq') OR (BB = 'BBdy' AND CC = 'CChq'))",
 "sqlResult": "{15 | 27}",
 "nlq": "What are the average and maximum numbers of days with CCbw BBjw, CCkq or CCgp BBgy, or CChq BBdy in AAnz?"},
{"name": "template 8",
 "sql": "SELECT AA,sum(Value),max(Value) FROM DBdata WHERE (AA IN ('AAnz','AAcr')) AND ((BB = 'BBjw' AND CC = 'CCbw') OR (BB = 'BBjw' AND CC = 'CCgs') OR (BB = 'BBdy' AND CC = 'CCln')) GROUP BY AA",
 "sqlResult": "{AAnz | 56 | 23} || {AAcr | 40 | 20}",
 "nlq": "What are the total and maximum numbers of days for each AA, with CCbw or CCgs BBjw or CCln BBdy in AAnz or AAcr? Please, report the corresponding AA."},
{"name": "template 9",
 "sql": "SELECT min(Value) FROM DBdata WHERE (AA IN ('AAcr')) AND (BB IN ('BBjw','BBgy','BBdy')) GROUP BY BB",
 "sqlResult": "{2} || {17} || {13}",
 "nlq": "What is the minimum number of days for each BB, with BBdy, BBjw, or BBgy in AAcr?"},
{"name": "template 10",
 "sql": "SELECT BB,sum(Value) FROM DBdata WHERE (AA IN ('AAcr')) AND (BB IN ('BBjw','BBgy','BBdy')) GROUP BY BB",
 "sqlResult": "{BBdy | 24} || {BBjw | 55} || {BBgy | 39}",
 "nlq": "What is the total number of days for each BB, with BBdy, BBjw, or BBgy in AAcr? Please, report the corresponding BB."},
{"name": "template 11",
 "sql": "SELECT BB,AA,max(Value) FROM DBdata WHERE (AA IN ('AAnz')) AND (BB IN ('BBjw','BBgy','BBdy')) GROUP BY BB,AA",
 "sqlResult": "{BBdy | AAnz | 19} || {BBjw | AAnz | 23} || {BBgy | AAnz | 27}",
 "nlq": "What is the maximum number of days for each BB and AA, with BBdy, BBjw, or BBgy in AAnz? Please, report the corresponding BB and AA."},
{"name": "template 12",
 "sql": "SELECT Value FROM DBdata WHERE (AA IN ('AAnz')) AND (BB IN ('BBgy','BBdy')) ORDER BY VALUE ASC LIMIT 3",
 "sqlResult": "{1} || {9} || {19}",
 "nlq": "What are the smallest 3 numbers of days with BBdy or BBgy in AAnz?"},
{"name": "template 13",
 "sql": "SELECT Value FROM DBdata WHERE (AA IN ('AAcr')) AND (BB IN ('BBjw','BBdy')) ORDER BY VALUE ASC",
 "sqlResult": "{2} || {17} || {18} || {20} || {22}",
 "nlq": "What are the numbers of days ordered by ascending values with BBdy or BBjw in AAcr?"},
{"name": "template 14",
 "sql": "SELECT BB,CC FROM DBdata WHERE (AA IN ('AAnz')) AND Value < 15.86",
 "sqlResult": "{BBjw | CCpr} || {BBjw | CCgs} || {BBgy | CCgp} || {BBdy | CChq}",
 "nlq": "What are the BB and CC for which the number of days in AAnz is lower than 15.86?"},
{"name": "template 15",
 "sql": "SELECT BB,CC,Value FROM DBdata WHERE (AA IN ('AAcr')) AND (BB,CC) IN (SELECT BB,CC FROM DBdata WHERE (AA IN ('AAnz')) AND Value < 15.86)",
 "sqlResult": "{BBjw | CCpr | 17} || {BBjw | CCgs | 20} || {BBgy | CCgp | 26} || {BBdy | CChq | 22}",
 "nlq": "How many days were there in AAcr with BB and with CC for which the number of days in AAnz is lower than 15.86? Please, report the corresponding BB, CC, and number of days."}]
}

