{
"filename": "Weather_statistics_set2_4_DB.csv",
"questions": [{"name": "template 1",
 "sql": "SELECT Value FROM DBdata WHERE (Year IN ('2020')) AND ((Characteristic = 'Humidity' AND Intensity = 'High'))",
 "sqlResult": "{6}",
 "nlq": "How many days were there with High Humidity in 2020?"},
{"name": "template 2",
 "sql": "SELECT Value FROM DBdata WHERE (Year IN ('2020')) AND ((Characteristic = 'Temperature' AND Intensity = '0-10') OR (Characteristic = 'Wind' AND Intensity = 'Breeze') OR (Characteristic = 'Humidity' AND Intensity = 'Medium'))",
 "sqlResult": "{21} || {5} || {12}",
 "nlq": "How many days were there with 0-10 Temperature, Breeze Wind, or Medium Humidity in 2020?"},
{"name": "template 3",
 "sql": "SELECT Value FROM DBdata WHERE (Year IN ('2019')) AND ((Characteristic = 'Humidity' AND Intensity = 'Low'))",
 "sqlResult": "{16}",
 "nlq": "How many days were there with Low Humidity in 2019?"},
{"name": "template 4",
 "sql": "SELECT avg(Value),min(Value) FROM DBdata WHERE (Year IN ('2019')) AND ((Characteristic = 'Humidity' AND Intensity = 'Medium'))",
 "sqlResult": "{13 | 13}",
 "nlq": "What are the average and minimum numbers of days with Medium Humidity in 2019?"},
{"name": "template 6",
 "sql": "SELECT Value FROM DBdata WHERE (Year IN ('2019','2020')) AND ((Characteristic = 'Wind' AND Intensity = 'Breeze') OR (Characteristic = 'Wind' AND Intensity = 'Storm') OR (Characteristic = 'Humidity' AND Intensity = 'High'))",
 "sqlResult": "{14} || {5} || {26} || {1} || {25} || {6}",
 "nlq": "How many days were there with Breeze or Storm Wind or High Humidity in 2019 or 2020?"},
{"name": "template 7",
 "sql": "SELECT sum(Value),max(Value) FROM DBdata WHERE (Year IN ('2019')) AND ((Characteristic = 'Temperature' AND Intensity = '11-20') OR (Characteristic = 'Humidity' AND Intensity = 'High'))",
 "sqlResult": "{28 | 25}",
 "nlq": "What are the total and maximum numbers of days with 11-20 Temperature or High Humidity in 2019?"},
{"name": "template 8",
 "sql": "SELECT Year,min(Value),avg(Value) FROM DBdata WHERE (Year IN ('2019','2020')) AND ((Characteristic = 'Temperature' AND Intensity = '0-10') OR (Characteristic = 'Humidity' AND Intensity = 'Low') OR (Characteristic = 'Humidity' AND Intensity = 'Medium') OR (Characteristic = 'Humidity' AND Intensity = 'High')) GROUP BY Year",
 "sqlResult": "{2019 | 10 | 16} || {2020 | 4 | 10.75}",
 "nlq": "What are the minimum and average numbers of days for each Year, with 0-10 Temperature or High, Low, or Medium Humidity in 2019 or 2020? Please, report the corresponding Year."},
{"name": "template 9",
 "sql": "SELECT min(Value) FROM DBdata WHERE (Year IN ('2019')) AND (Characteristic IN ('Temperature','Wind','Humidity')) GROUP BY Characteristic",
 "sqlResult": "{13} || {3} || {14}",
 "nlq": "What is the minimum number of days for each Characteristic, with Humidity, Temperature, or Wind in 2019?"},
{"name": "template 10",
 "sql": "SELECT Characteristic,max(Value) FROM DBdata WHERE (Year IN ('2019')) AND (Characteristic IN ('Temperature','Wind','Humidity')) GROUP BY Characteristic",
 "sqlResult": "{Humidity | 25} || {Temperature | 10} || {Wind | 26}",
 "nlq": "What is the maximum number of days for each Characteristic, with Humidity, Temperature, or Wind in 2019? Please, report the corresponding Characteristic."},
{"name": "template 11",
 "sql": "SELECT Characteristic,Year,sum(Value) FROM DBdata WHERE (Year IN ('2019','2020')) AND (Characteristic IN ('Temperature','Wind','Humidity')) GROUP BY Characteristic,Year",
 "sqlResult": "{Humidity | 2019 | 54} || {Humidity | 2020 | 22} || {Temperature | 2019 | 13} || {Temperature | 2020 | 44} || {Wind | 2019 | 40} || {Wind | 2020 | 6}",
 "nlq": "What is the total number of days for each Characteristic and Year, with Humidity, Temperature, or Wind in 2019 or 2020? Please, report the corresponding Characteristic and Year."},
{"name": "template 12",
 "sql": "SELECT Value FROM DBdata WHERE (Year IN ('2020')) AND (Characteristic IN ('Wind','Humidity')) ORDER BY VALUE DESC LIMIT 4",
 "sqlResult": "{12} || {6} || {5} || {4}",
 "nlq": "What are the largest 4 numbers of days with Humidity or Wind in 2020?"},
{"name": "template 13",
 "sql": "SELECT Value FROM DBdata WHERE (Year IN ('2019')) AND (Characteristic IN ('Wind','Humidity')) ORDER BY VALUE ASC",
 "sqlResult": "{13} || {14} || {16} || {25} || {26}",
 "nlq": "What are the numbers of days ordered by ascending values with Humidity or Wind in 2019?"},
{"name": "template 14",
 "sql": "SELECT Characteristic,Intensity FROM DBdata WHERE (Year IN ('2020')) AND Value > 12.79",
 "sqlResult": "{Temperature | 0-10} || {Temperature | 11-20}",
 "nlq": "What are the Characteristic and Intensity for which the number of days in 2020 is greater than 12.79?"},
{"name": "template 15",
 "sql": "SELECT Characteristic,Intensity,Value FROM DBdata WHERE (Year IN ('2019')) AND (Characteristic,Intensity) IN (SELECT Characteristic,Intensity FROM DBdata WHERE (Year IN ('2020')) AND Value > 12.79)",
 "sqlResult": "{Temperature | 0-10 | 10} || {Temperature | 11-20 | 3}",
 "nlq": "How many days were there in 2019 with Characteristic and with Intensity for which the number of days in 2020 is greater than 12.79? Please, report the corresponding Characteristic, Intensity, and number of days."}]
}
