{
"filename": "Weather_statistics_set1_1_DB.csv",
"questions": [{"name": "template 1",
 "sql": "SELECT Value FROM DBdata WHERE (AA IN ('AAcz')) AND ((BB = 'BBgh' AND CC = 'CCsw'))",
 "sqlResult": "{2}",
 "nlq": "How many days were there with CCsw BBgh in AAcz?"},
{"name": "template 2",
 "sql": "SELECT Value FROM DBdata WHERE (AA IN ('AAsy')) AND ((BB = 'BBgh' AND CC = 'CCsw') OR (BB = 'BBmv' AND CC = 'CCcq') OR (BB = 'BBmv' AND CC = 'CCkl'))",
 "sqlResult": "{17} || {28} || {27}",
 "nlq": "How many days were there with CCsw BBgh or CCkl or CCcq BBmv in AAsy?"},
{"name": "template 3",
 "sql": "SELECT Value FROM DBdata WHERE (AA IN ('AAcz','AAsy','AAkr')) AND ((BB = 'BBgh' AND CC = 'CCkt'))",
 "sqlResult": "{16} || {7} || {24}",
 "nlq": "How many days were there with CCkt BBgh in AAcz, AAsy, or AAkr?"},
{"name": "template 4",
 "sql": "SELECT max(Value),avg(Value) FROM DBdata WHERE (AA IN ('AAcz','AAkr')) AND ((BB = 'BBmv' AND CC = 'CCny'))",
 "sqlResult": "{15 | 10.5}",
 "nlq": "What are the maximum and average numbers of days with CCny BBmv in AAcz or AAkr?"},
{"name": "template 6",
 "sql": "SELECT Value FROM DBdata WHERE (AA IN ('AAsy','AAkr')) AND ((BB = 'BBgh' AND CC = 'CCsw') OR (BB = 'BBmv' AND CC = 'CCcq'))",
 "sqlResult": "{17} || {1} || {28} || {10}",
 "nlq": "How many days were there with CCsw BBgh or CCcq BBmv in AAsy or AAkr?"},
{"name": "template 7",
 "sql": "SELECT avg(Value),sum(Value) FROM DBdata WHERE (AA IN ('AAkr')) AND ((BB = 'BBgh' AND CC = 'CCsw') OR (BB = 'BBmv' AND CC = 'CCcq') OR (BB = 'BBmv' AND CC = 'CCkl') OR (BB = 'BBmv' AND CC = 'CCny'))",
 "sqlResult": "{12.25 | 49}",
 "nlq": "What are the average and total numbers of days with CCsw BBgh or CCkl, CCcq, or CCny BBmv in AAkr?"},
{"name": "template 8",
 "sql": "SELECT AA,min(Value),avg(Value) FROM DBdata WHERE (AA IN ('AAcz','AAkr')) AND ((BB = 'BBgh' AND CC = 'CCsw') OR (BB = 'BBgh' AND CC = 'CCkt') OR (BB = 'BBmv' AND CC = 'CCcq') OR (BB = 'BBmv' AND CC = 'CCkl') OR (BB = 'BBmv' AND CC = 'CCny')) GROUP BY AA",
 "sqlResult": "{AAcz | 2 | 9.2} || {AAkr | 1 | 14.6}",
 "nlq": "What are the minimum and average numbers of days for each AA, with CCsw or CCkt BBgh or CCkl, CCcq, or CCny BBmv in AAcz or AAkr? Please, report the corresponding AA."},
{"name": "template 9",
 "sql": "SELECT min(Value) FROM DBdata WHERE (AA IN ('AAcz')) AND (BB IN ('BBgh','BBmv')) GROUP BY BB",
 "sqlResult": "{2} || {4}",
 "nlq": "What is the minimum number of days for each BB, with BBgh or BBmv in AAcz?"},
{"name": "template 10",
 "sql": "SELECT BB,sum(Value) FROM DBdata WHERE (AA IN ('AAkr')) AND (BB IN ('BBgh','BBmv')) GROUP BY BB",
 "sqlResult": "{BBgh | 25} || {BBmv | 48}",
 "nlq": "What is the total number of days for each BB, with BBgh or BBmv in AAkr? Please, report the corresponding BB."},
{"name": "template 11",
 "sql": "SELECT BB,AA,max(Value) FROM DBdata WHERE (AA IN ('AAcz','AAsy','AAkr')) AND (BB IN ('BBgh','BBmv')) GROUP BY BB,AA",
 "sqlResult": "{BBgh | AAcz | 16} || {BBgh | AAsy | 17} || {BBgh | AAkr | 24} || {BBmv | AAcz | 18} || {BBmv | AAsy | 28} || {BBmv | AAkr | 23}",
 "nlq": "What is the maximum number of days for each BB and AA, with BBgh or BBmv in AAcz, AAsy, or AAkr? Please, report the corresponding BB and AA."},
{"name": "template 12",
 "sql": "SELECT Value FROM DBdata WHERE (AA IN ('AAcz')) AND (BB IN ('BBgh','BBmv')) ORDER BY VALUE ASC LIMIT 2",
 "sqlResult": "{2} || {4}",
 "nlq": "What are the smallest 2 numbers of days with BBgh or BBmv in AAcz?"},
{"name": "template 13",
 "sql": "SELECT Value FROM DBdata WHERE (AA IN ('AAsy')) AND (BB IN ('BBgh','BBmv')) ORDER BY VALUE ASC",
 "sqlResult": "{5} || {7} || {17} || {27} || {28}",
 "nlq": "What are the numbers of days ordered by ascending values with BBgh or BBmv in AAsy?"},
{"name": "template 14",
 "sql": "SELECT BB,CC FROM DBdata WHERE (AA IN ('AAkr')) AND Value > 13.53",
 "sqlResult": "{BBgh | CCkt} || {BBmv | CCkl} || {BBmv | CCny}",
 "nlq": "What are the BB and CC for which the number of days in AAkr is greater than 13.53?"},
{"name": "template 15",
 "sql": "SELECT BB,CC,Value FROM DBdata WHERE (AA IN ('AAcz')) AND (BB,CC) IN (SELECT BB,CC FROM DBdata WHERE (AA IN ('AAkr')) AND Value > 13.53)",
 "sqlResult": "{BBgh | CCkt | 16} || {BBmv | CCkl | 4} || {BBmv | CCny | 6}",
 "nlq": "How many days were there in AAcz with BB and with CC for which the number of days in AAkr is greater than 13.53? Please, report the corresponding BB, CC, and number of days."}]
}

