{
"filename": "Weather_statistics_set6_1_DB.csv",
"questions": [{"name": "template 1",
 "sql": "SELECT Value FROM DBdata WHERE (Year IN ('2021')) AND ((Characteristic = 'Humidity' AND Intensity = 'High'))",
 "sqlResult": "{13}",
 "nlq": "How many days were there with High Humidity in 2021?"},
{"name": "template 2",
 "sql": "SELECT Value FROM DBdata WHERE (Year IN ('2022')) AND ((Characteristic = 'Wind' AND Intensity = 'Calm') OR (Characteristic = 'Wind' AND Intensity = 'Breeze') OR (Characteristic = 'Wind' AND Intensity = 'Storm') OR (Characteristic = 'Humidity' AND Intensity = 'Low') OR (Characteristic = 'Humidity' AND Intensity = 'High'))",
 "sqlResult": "{0} || {27} || {21} || {6} || {4}",
 "nlq": "How many days were there with Breeze, Calm, or Storm Wind or High or Low Humidity in 2022?"},
{"name": "template 3",
 "sql": "SELECT Value FROM DBdata WHERE (Year IN ('2021','2022')) AND ((Characteristic = 'Humidity' AND Intensity = 'Medium'))",
 "sqlResult": "{7} || {15}",
 "nlq": "How many days were there with Medium Humidity in 2021 or 2022?"},
{"name": "template 4",
 "sql": "SELECT min(Value),sum(Value) FROM DBdata WHERE (Year IN ('2021','2022')) AND ((Characteristic = 'Wind' AND Intensity = 'Breeze'))",
 "sqlResult": "{9 | 36}",
 "nlq": "What are the minimum and total numbers of days with Breeze Wind in 2021 or 2022?"},
{"name": "template 6",
 "sql": "SELECT Value FROM DBdata WHERE (Year IN ('2021','2022')) AND ((Characteristic = 'Wind' AND Intensity = 'Calm') OR (Characteristic = 'Wind' AND Intensity = 'Breeze'))",
 "sqlResult": "{25} || {0} || {9} || {27}",
 "nlq": "How many days were there with Breeze or Calm Wind in 2021 or 2022?"},
{"name": "template 7",
 "sql": "SELECT max(Value),avg(Value) FROM DBdata WHERE (Year IN ('2021')) AND ((Characteristic = 'Wind' AND Intensity = 'Calm') OR (Characteristic = 'Wind' AND Intensity = 'Storm') OR (Characteristic = 'Humidity' AND Intensity = 'Low') OR (Characteristic = 'Humidity' AND Intensity = 'Medium') OR (Characteristic = 'Humidity' AND Intensity = 'High'))",
 "sqlResult": "{25 | 14.2}",
 "nlq": "What are the maximum and average numbers of days with Calm or Storm Wind or High, Low, or Medium Humidity in 2021?"},
{"name": "template 8",
 "sql": "SELECT Year,min(Value),sum(Value) FROM DBdata WHERE (Year IN ('2022')) AND ((Characteristic = 'Wind' AND Intensity = 'Calm') OR (Characteristic = 'Wind' AND Intensity = 'Breeze') OR (Characteristic = 'Wind' AND Intensity = 'Storm') OR (Characteristic = 'Humidity' AND Intensity = 'Low') OR (Characteristic = 'Humidity' AND Intensity = 'High')) GROUP BY Year",
 "sqlResult": "{2022 | 0 | 58}",
 "nlq": "What are the minimum and total numbers of days for each Year, with Breeze, Calm, or Storm Wind or High or Low Humidity in 2022? Please, report the corresponding Year."},
{"name": "template 9",
 "sql": "SELECT min(Value) FROM DBdata WHERE (Year IN ('2021')) AND (Characteristic IN ('Wind','Humidity')) GROUP BY Characteristic",
 "sqlResult": "{2} || {9}",
 "nlq": "What is the minimum number of days for each Characteristic, with Humidity or Wind in 2021?"},
{"name": "template 10",
 "sql": "SELECT Characteristic,sum(Value) FROM DBdata WHERE (Year IN ('2021')) AND (Characteristic IN ('Wind','Humidity')) GROUP BY Characteristic",
 "sqlResult": "{Humidity | 22} || {Wind | 58}",
 "nlq": "What is the total number of days for each Characteristic, with Humidity or Wind in 2021? Please, report the corresponding Characteristic."},
{"name": "template 11",
 "sql": "SELECT Characteristic,Year,sum(Value) FROM DBdata WHERE (Year IN ('2021','2022')) AND (Characteristic IN ('Wind','Humidity')) GROUP BY Characteristic,Year",
 "sqlResult": "{Humidity | 2021 | 22} || {Humidity | 2022 | 25} || {Wind | 2021 | 58} || {Wind | 2022 | 48}",
 "nlq": "What is the total number of days for each Characteristic and Year, with Humidity or Wind in 2021 or 2022? Please, report the corresponding Characteristic and Year."},
{"name": "template 12",
 "sql": "SELECT Value FROM DBdata WHERE (Year IN ('2021')) AND (Characteristic IN ('Wind','Humidity')) ORDER BY VALUE DESC LIMIT 4",
 "sqlResult": "{25} || {24} || {13} || {9}",
 "nlq": "What are the largest 4 numbers of days with Humidity or Wind in 2021?"},
{"name": "template 13",
 "sql": "SELECT Value FROM DBdata WHERE (Year IN ('2022')) AND (Characteristic IN ('Wind','Humidity')) ORDER BY VALUE ASC",
 "sqlResult": "{0} || {4} || {6} || {15} || {21} || {27}",
 "nlq": "What are the numbers of days ordered by ascending values with Humidity or Wind in 2022?"},
{"name": "template 14",
 "sql": "SELECT Characteristic,Intensity FROM DBdata WHERE (Year IN ('2021')) AND Value < 12.75",
 "sqlResult": "{Wind | Breeze} || {Humidity | Low} || {Humidity | Medium}",
 "nlq": "What are the Characteristic and Intensity for which the number of days in 2021 is lower than 12.75?"},
{"name": "template 15",
 "sql": "SELECT Characteristic,Intensity,Value FROM DBdata WHERE (Year IN ('2022')) AND (Characteristic,Intensity) IN (SELECT Characteristic,Intensity FROM DBdata WHERE (Year IN ('2021')) AND Value < 12.75)",
 "sqlResult": "{Wind | Breeze | 27} || {Humidity | Low | 6} || {Humidity | Medium | 15}",
 "nlq": "How many days were there in 2022 with Characteristic and with Intensity for which the number of days in 2021 is lower than 12.75? Please, report the corresponding Characteristic, Intensity, and number of days."}]
}
