{
"filename": "Weather_statistics_set4_2_DB.csv",
"questions": [{"name": "template 1",
 "sql": "SELECT Value FROM DBdata WHERE (Year IN ('2016')) AND ((Characteristic = 'Humidity' AND Intensity = 'Medium'))",
 "sqlResult": "{5}",
 "nlq": "How many days were there with Medium Humidity in 2016?"},
{"name": "template 2",
 "sql": "SELECT Value FROM DBdata WHERE (Year IN ('2015')) AND ((Characteristic = 'Wind' AND Intensity = 'Breeze') OR (Characteristic = 'Wind' AND Intensity = 'Storm') OR (Characteristic = 'Humidity' AND Intensity = 'Low') OR (Characteristic = 'Humidity' AND Intensity = 'Medium'))",
 "sqlResult": "{7} || {10} || {3} || {19}",
 "nlq": "How many days were there with Breeze or Storm Wind or Low or Medium Humidity in 2015?"},
{"name": "template 3",
 "sql": "SELECT Value FROM DBdata WHERE (Year IN ('2015','2016')) AND ((Characteristic = 'Wind' AND Intensity = 'Storm'))",
 "sqlResult": "{10} || {2}",
 "nlq": "How many days were there with Storm Wind in 2015 or 2016?"},
{"name": "template 4",
 "sql": "SELECT max(Value),sum(Value) FROM DBdata WHERE (Year IN ('2016')) AND ((Characteristic = 'Humidity' AND Intensity = 'Low'))",
 "sqlResult": "{9 | 9}",
 "nlq": "What are the maximum and total numbers of days with Low Humidity in 2016?"},
{"name": "template 6",
 "sql": "SELECT Value FROM DBdata WHERE (Year IN ('2015','2016')) AND ((Characteristic = 'Wind' AND Intensity = 'Breeze') OR (Characteristic = 'Wind' AND Intensity = 'Storm') OR (Characteristic = 'Humidity' AND Intensity = 'Low') OR (Characteristic = 'Humidity' AND Intensity = 'Medium'))",
 "sqlResult": "{7} || {20} || {10} || {2} || {3} || {9} || {19} || {5}",
 "nlq": "How many days were there with Breeze or Storm Wind or Low or Medium Humidity in 2015 or 2016?"},
{"name": "template 7",
 "sql": "SELECT min(Value),max(Value) FROM DBdata WHERE (Year IN ('2016')) AND ((Characteristic = 'Wind' AND Intensity = 'Breeze') OR (Characteristic = 'Wind' AND Intensity = 'Storm') OR (Characteristic = 'Humidity' AND Intensity = 'Low') OR (Characteristic = 'Humidity' AND Intensity = 'Medium'))",
 "sqlResult": "{2 | 20}",
 "nlq": "What are the minimum and maximum numbers of days with Breeze or Storm Wind or Low or Medium Humidity in 2016?"},
{"name": "template 8",
 "sql": "SELECT Year,max(Value),min(Value) FROM DBdata WHERE (Year IN ('2015')) AND ((Characteristic = 'Humidity' AND Intensity = 'Low') OR (Characteristic = 'Humidity' AND Intensity = 'Medium')) GROUP BY Year",
 "sqlResult": "{2015 | 19 | 3}",
 "nlq": "What are the maximum and minimum numbers of days for each Year, with Low or Medium Humidity in 2015? Please, report the corresponding Year."},
{"name": "template 9",
 "sql": "SELECT min(Value) FROM DBdata WHERE (Year IN ('2015')) AND (Characteristic IN ('Wind','Humidity')) GROUP BY Characteristic",
 "sqlResult": "{3} || {7}",
 "nlq": "What is the minimum number of days for each Characteristic, with Humidity or Wind in 2015?"},
{"name": "template 10",
 "sql": "SELECT Characteristic,min(Value) FROM DBdata WHERE (Year IN ('2016')) AND (Characteristic IN ('Wind','Humidity')) GROUP BY Characteristic",
 "sqlResult": "{Humidity | 5} || {Wind | 2}",
 "nlq": "What is the minimum number of days for each Characteristic, with Humidity or Wind in 2016? Please, report the corresponding Characteristic."},
{"name": "template 11",
 "sql": "SELECT Characteristic,Year,min(Value) FROM DBdata WHERE (Year IN ('2015','2016')) AND (Characteristic IN ('Wind','Humidity')) GROUP BY Characteristic,Year",
 "sqlResult": "{Humidity | 2015 | 3} || {Humidity | 2016 | 5} || {Wind | 2015 | 7} || {Wind | 2016 | 2}",
 "nlq": "What is the minimum number of days for each Characteristic and Year, with Humidity or Wind in 2015 or 2016? Please, report the corresponding Characteristic and Year."},
{"name": "template 12",
 "sql": "SELECT Value FROM DBdata WHERE (Year IN ('2015')) AND (Characteristic IN ('Wind','Humidity')) ORDER BY VALUE ASC LIMIT 3",
 "sqlResult": "{3} || {7} || {10}",
 "nlq": "What are the smallest 3 numbers of days with Humidity or Wind in 2015?"},
{"name": "template 13",
 "sql": "SELECT Value FROM DBdata WHERE (Year IN ('2016')) AND (Characteristic IN ('Wind','Humidity')) ORDER BY VALUE DESC",
 "sqlResult": "{20} || {9} || {5} || {2}",
 "nlq": "What are the numbers of days ordered by descending values with Humidity or Wind in 2016?"},
{"name": "template 14",
 "sql": "SELECT Characteristic,Intensity FROM DBdata WHERE (Year IN ('2016')) AND Value > 9.38",
 "sqlResult": "{Wind | Breeze}",
 "nlq": "What are the Characteristic and Intensity for which the number of days in 2016 is greater than 9.38?"},
{"name": "template 15",
 "sql": "SELECT Characteristic,Intensity,Value FROM DBdata WHERE (Year IN ('2015')) AND (Characteristic,Intensity) IN (SELECT Characteristic,Intensity FROM DBdata WHERE (Year IN ('2016')) AND Value > 9.38)",
 "sqlResult": "{Wind | Breeze | 7}",
 "nlq": "How many days were there in 2015 with Characteristic and with Intensity for which the number of days in 2016 is greater than 9.38? Please, report the corresponding Characteristic, Intensity, and number of days."}]
}
