{
"filename": "Weather_statistics_set7_4_DB.csv",
"questions": [{"name": "template 1",
 "sql": "SELECT Value FROM DBdata WHERE (Year IN ('2017')) AND ((Characteristic = 'Temperature' AND Intensity = '0-10'))",
 "sqlResult": "{18}",
 "nlq": "How many days were there with 0-10 Temperature in 2017?"},
{"name": "template 2",
 "sql": "SELECT Value FROM DBdata WHERE (Year IN ('2017')) AND ((Characteristic = 'Temperature' AND Intensity = '21-30') OR (Characteristic = 'Wind' AND Intensity = 'Breeze') OR (Characteristic = 'Wind' AND Intensity = 'Storm'))",
 "sqlResult": "{25} || {28} || {22}",
 "nlq": "How many days were there with 21-30 Temperature or Breeze or Storm Wind in 2017?"},
{"name": "template 3",
 "sql": "SELECT Value FROM DBdata WHERE (Year IN ('2017','2018')) AND ((Characteristic = 'Wind' AND Intensity = 'Breeze'))",
 "sqlResult": "{28} || {1}",
 "nlq": "How many days were there with Breeze Wind in 2017 or 2018?"},
{"name": "template 4",
 "sql": "SELECT max(Value),avg(Value) FROM DBdata WHERE (Year IN ('2017')) AND ((Characteristic = 'Wind' AND Intensity = 'Storm'))",
 "sqlResult": "{22 | 22}",
 "nlq": "What are the maximum and average numbers of days with Storm Wind in 2017?"},
{"name": "template 6",
 "sql": "SELECT Value FROM DBdata WHERE (Year IN ('2017')) AND ((Characteristic = 'Temperature' AND Intensity = '11-20') OR (Characteristic = 'Temperature' AND Intensity = '21-30'))",
 "sqlResult": "{13} || {25}",
 "nlq": "How many days were there with 11-20 or 21-30 Temperature in 2017?"},
{"name": "template 7",
 "sql": "SELECT max(Value),min(Value) FROM DBdata WHERE (Year IN ('2017')) AND ((Characteristic = 'Temperature' AND Intensity = '11-20') OR (Characteristic = 'Temperature' AND Intensity = '21-30') OR (Characteristic = 'Wind' AND Intensity = 'Storm'))",
 "sqlResult": "{25 | 13}",
 "nlq": "What are the maximum and minimum numbers of days with 11-20 or 21-30 Temperature or Storm Wind in 2017?"},
{"name": "template 8",
 "sql": "SELECT Year,sum(Value),max(Value) FROM DBdata WHERE (Year IN ('2017')) AND ((Characteristic = 'Wind' AND Intensity = 'Breeze') OR (Characteristic = 'Wind' AND Intensity = 'Storm')) GROUP BY Year",
 "sqlResult": "{2017 | 50 | 28}",
 "nlq": "What are the total and maximum numbers of days for each Year, with Breeze or Storm Wind in 2017? Please, report the corresponding Year."},
{"name": "template 9",
 "sql": "SELECT min(Value) FROM DBdata WHERE (Year IN ('2017')) AND (Characteristic IN ('Temperature','Wind')) GROUP BY Characteristic",
 "sqlResult": "{13} || {22}",
 "nlq": "What is the minimum number of days for each Characteristic, with Temperature or Wind in 2017?"},
{"name": "template 10",
 "sql": "SELECT Characteristic,max(Value) FROM DBdata WHERE (Year IN ('2017')) AND (Characteristic IN ('Temperature','Wind')) GROUP BY Characteristic",
 "sqlResult": "{Temperature | 25} || {Wind | 28}",
 "nlq": "What is the maximum number of days for each Characteristic, with Temperature or Wind in 2017? Please, report the corresponding Characteristic."},
{"name": "template 11",
 "sql": "SELECT Characteristic,Year,min(Value) FROM DBdata WHERE (Year IN ('2017','2018')) AND (Characteristic IN ('Temperature','Wind')) GROUP BY Characteristic,Year",
 "sqlResult": "{Temperature | 2017 | 13} || {Temperature | 2018 | 5} || {Wind | 2017 | 22} || {Wind | 2018 | 1}",
 "nlq": "What is the minimum number of days for each Characteristic and Year, with Temperature or Wind in 2017 or 2018? Please, report the corresponding Characteristic and Year."},
{"name": "template 12",
 "sql": "SELECT Value FROM DBdata WHERE (Year IN ('2017')) AND (Characteristic IN ('Temperature','Wind')) ORDER BY VALUE DESC LIMIT 3",
 "sqlResult": "{28} || {25} || {22}",
 "nlq": "What are the largest 3 numbers of days with Temperature or Wind in 2017?"},
{"name": "template 13",
 "sql": "SELECT Value FROM DBdata WHERE (Year IN ('2018')) AND (Characteristic IN ('Temperature','Wind')) ORDER BY VALUE DESC",
 "sqlResult": "{24} || {10} || {9} || {5} || {1}",
 "nlq": "What are the numbers of days ordered by descending values with Temperature or Wind in 2018?"},
{"name": "template 14",
 "sql": "SELECT Characteristic,Intensity FROM DBdata WHERE (Year IN ('2017')) AND Value > 15.5",
 "sqlResult": "{Temperature | 0-10} || {Temperature | 21-30} || {Wind | Breeze} || {Wind | Storm}",
 "nlq": "What are the Characteristic and Intensity for which the number of days in 2017 is greater than 15.5?"},
{"name": "template 15",
 "sql": "SELECT Characteristic,Intensity,Value FROM DBdata WHERE (Year IN ('2018')) AND (Characteristic,Intensity) IN (SELECT Characteristic,Intensity FROM DBdata WHERE (Year IN ('2017')) AND Value > 15.5)",
 "sqlResult": "{Temperature | 0-10 | 24} || {Temperature | 21-30 | 9} || {Wind | Breeze | 1} || {Wind | Storm | 10}",
 "nlq": "How many days were there in 2018 with Characteristic and with Intensity for which the number of days in 2017 is greater than 15.5? Please, report the corresponding Characteristic, Intensity, and number of days."}]
}
