{
"filename": "Weather_statistics_set4_5_DB.csv",
"questions": [{"name": "template 1",
 "sql": "SELECT Value FROM DBdata WHERE (AA IN ('AAgw')) AND ((BB = 'BBgp' AND CC = 'CCmy'))",
 "sqlResult": "{26}",
 "nlq": "How many days were there with CCmy BBgp in AAgw?"},
{"name": "template 2",
 "sql": "SELECT Value FROM DBdata WHERE (AA IN ('AAfh')) AND ((BB = 'BBgp' AND CC = 'CCfn') OR (BB = 'BBgp' AND CC = 'CCbm') OR (BB = 'BBgp' AND CC = 'CCmy') OR (BB = 'BBtw' AND CC = 'CCjw'))",
 "sqlResult": "{9} || {8} || {20} || {18}",
 "nlq": "How many days were there with CCfn, CCbm, or CCmy BBgp or CCjw BBtw in AAfh?"},
{"name": "template 3",
 "sql": "SELECT Value FROM DBdata WHERE (AA IN ('AAgw','AAfh')) AND ((BB = 'BBtw' AND CC = 'CCjw'))",
 "sqlResult": "{6} || {18}",
 "nlq": "How many days were there with CCjw BBtw in AAgw or AAfh?"},
{"name": "template 4",
 "sql": "SELECT sum(Value),min(Value) FROM DBdata WHERE (AA IN ('AAgw','AAfh','AAnv')) AND ((BB = 'BBtw' AND CC = 'CCsy'))",
 "sqlResult": "{56 | 10}",
 "nlq": "What are the total and minimum numbers of days with CCsy BBtw in AAgw, AAfh, or AAnv?"},
{"name": "template 6",
 "sql": "SELECT Value FROM DBdata WHERE (AA IN ('AAfh','AAnv')) AND ((BB = 'BBgp' AND CC = 'CCbm') OR (BB = 'BBgp' AND CC = 'CCmy'))",
 "sqlResult": "{8} || {17} || {20} || {12}",
 "nlq": "How many days were there with CCbm or CCmy BBgp in AAfh or AAnv?"},
{"name": "template 7",
 "sql": "SELECT max(Value),avg(Value) FROM DBdata WHERE (AA IN ('AAgw')) AND ((BB = 'BBgp' AND CC = 'CCfn') OR (BB = 'BBtw' AND CC = 'CCjw') OR (BB = 'BBtw' AND CC = 'CCsy'))",
 "sqlResult": "{25 | 18}",
 "nlq": "What are the maximum and average numbers of days with CCfn BBgp or CCsy or CCjw BBtw in AAgw?"},
{"name": "template 8",
 "sql": "SELECT AA,sum(Value),avg(Value) FROM DBdata WHERE (AA IN ('AAgw','AAnv')) AND ((BB = 'BBgp' AND CC = 'CCbm') OR (BB = 'BBgp' AND CC = 'CCmy') OR (BB = 'BBtw' AND CC = 'CCjw') OR (BB = 'BBtw' AND CC = 'CCsy')) GROUP BY AA",
 "sqlResult": "{AAgw | 71 | 17.75} || {AAnv | 55 | 13.75}",
 "nlq": "What are the total and average numbers of days for each AA, with CCbm or CCmy BBgp or CCsy or CCjw BBtw in AAgw or AAnv? Please, report the corresponding AA."},
{"name": "template 9",
 "sql": "SELECT min(Value) FROM DBdata WHERE (AA IN ('AAnv')) AND (BB IN ('BBgp','BBtw')) GROUP BY BB",
 "sqlResult": "{12} || {5}",
 "nlq": "What is the minimum number of days for each BB, with BBgp or BBtw in AAnv?"},
{"name": "template 10",
 "sql": "SELECT BB,max(Value) FROM DBdata WHERE (AA IN ('AAgw')) AND (BB IN ('BBgp','BBtw')) GROUP BY BB",
 "sqlResult": "{BBgp | 26} || {BBtw | 25}",
 "nlq": "What is the maximum number of days for each BB, with BBgp or BBtw in AAgw? Please, report the corresponding BB."},
{"name": "template 11",
 "sql": "SELECT BB,AA,avg(Value) FROM DBdata WHERE (AA IN ('AAfh','AAnv')) AND (BB IN ('BBgp','BBtw')) GROUP BY BB,AA",
 "sqlResult": "{BBgp | AAfh | 12.33} || {BBgp | AAnv | 14.67} || {BBtw | AAfh | 14} || {BBtw | AAnv | 13}",
 "nlq": "What is the average number of days for each BB and AA, with BBgp or BBtw in AAfh or AAnv? Please, report the corresponding BB and AA."},
{"name": "template 12",
 "sql": "SELECT Value FROM DBdata WHERE (AA IN ('AAgw')) AND (BB IN ('BBgp','BBtw')) ORDER BY VALUE DESC LIMIT 3",
 "sqlResult": "{26} || {25} || {23}",
 "nlq": "What are the largest 3 numbers of days with BBgp or BBtw in AAgw?"},
{"name": "template 13",
 "sql": "SELECT Value FROM DBdata WHERE (AA IN ('AAnv')) AND (BB IN ('BBgp','BBtw')) ORDER BY VALUE ASC",
 "sqlResult": "{5} || {12} || {15} || {17} || {21}",
 "nlq": "What are the numbers of days ordered by ascending values with BBgp or BBtw in AAnv?"},
{"name": "template 14",
 "sql": "SELECT BB,CC FROM DBdata WHERE (AA IN ('AAgw')) AND Value < 15.27",
 "sqlResult": "{BBgp | CCbm} || {BBtw | CCjw}",
 "nlq": "What are the BB and CC for which the number of days in AAgw is lower than 15.27?"},
{"name": "template 15",
 "sql": "SELECT BB,CC,Value FROM DBdata WHERE (AA IN ('AAnv')) AND (BB,CC) IN (SELECT BB,CC FROM DBdata WHERE (AA IN ('AAgw')) AND Value < 15.27)",
 "sqlResult": "{BBgp | CCbm | 17} || {BBtw | CCjw | 5}",
 "nlq": "How many days were there in AAnv with BB and with CC for which the number of days in AAgw is lower than 15.27? Please, report the corresponding BB, CC, and number of days."}]
}

