{
"filename": "Weather_statistics_set5_1_DB.csv",
"questions": [{"name": "template 1",
 "sql": "SELECT Value FROM DBdata WHERE (AA IN ('AAcl')) AND ((BB = 'BBhs' AND CC = 'CCdt'))",
 "sqlResult": "{5}",
 "nlq": "How many days were there with CCdt BBhs in AAcl?"},
{"name": "template 2",
 "sql": "SELECT Value FROM DBdata WHERE (AA IN ('AAcs')) AND ((BB = 'BBbr' AND CC = 'CCsv') OR (BB = 'BBfw' AND CC = 'CCbc') OR (BB = 'BBfw' AND CC = 'CCpr') OR (BB = 'BBhs' AND CC = 'CCcp') OR (BB = 'BBhs' AND CC = 'CCdt'))",
 "sqlResult": "{27} || {7} || {21} || {24} || {18}",
 "nlq": "How many days were there with CCsv BBbr, CCpr or CCbc BBfw, or CCdt or CCcp BBhs in AAcs?"},
{"name": "template 3",
 "sql": "SELECT Value FROM DBdata WHERE (AA IN ('AAcl')) AND ((BB = 'BBfw' AND CC = 'CCbc'))",
 "sqlResult": "{28}",
 "nlq": "How many days were there with CCbc BBfw in AAcl?"},
{"name": "template 4",
 "sql": "SELECT max(Value),min(Value) FROM DBdata WHERE (AA IN ('AAcl')) AND ((BB = 'BBhs' AND CC = 'CCcp'))",
 "sqlResult": "{26 | 26}",
 "nlq": "What are the maximum and minimum numbers of days with CCcp BBhs in AAcl?"},
{"name": "template 6",
 "sql": "SELECT Value FROM DBdata WHERE (AA IN ('AAcl','AAcs')) AND ((BB = 'BBbr' AND CC = 'CCsv') OR (BB = 'BBfw' AND CC = 'CCbc'))",
 "sqlResult": "{3} || {27} || {28} || {7}",
 "nlq": "How many days were there with CCsv BBbr or CCbc BBfw in AAcl or AAcs?"},
{"name": "template 7",
 "sql": "SELECT sum(Value),avg(Value) FROM DBdata WHERE (AA IN ('AAcl')) AND ((BB = 'BBfw' AND CC = 'CCbc') OR (BB = 'BBhs' AND CC = 'CCfs') OR (BB = 'BBhs' AND CC = 'CCcp'))",
 "sqlResult": "{60 | 20}",
 "nlq": "What are the total and average numbers of days with CCbc BBfw or CCfs or CCcp BBhs in AAcl?"},
{"name": "template 8",
 "sql": "SELECT AA,max(Value),min(Value) FROM DBdata WHERE (AA IN ('AAcs')) AND ((BB = 'BBbr' AND CC = 'CCsv') OR (BB = 'BBfw' AND CC = 'CCpr') OR (BB = 'BBhs' AND CC = 'CCfs') OR (BB = 'BBhs' AND CC = 'CCcp') OR (BB = 'BBhs' AND CC = 'CCdt')) GROUP BY AA",
 "sqlResult": "{AAcs | 27 | 10}",
 "nlq": "What are the maximum and minimum numbers of days for each AA, with CCsv BBbr, CCpr BBfw, or CCdt, CCfs, or CCcp BBhs in AAcs? Please, report the corresponding AA."},
{"name": "template 9",
 "sql": "SELECT min(Value) FROM DBdata WHERE (AA IN ('AAcl')) AND (BB IN ('BBbr','BBfw','BBhs')) GROUP BY BB",
 "sqlResult": "{5} || {3} || {15}",
 "nlq": "What is the minimum number of days for each BB, with BBhs, BBbr, or BBfw in AAcl?"},
{"name": "template 10",
 "sql": "SELECT BB,max(Value) FROM DBdata WHERE (AA IN ('AAcl')) AND (BB IN ('BBbr','BBfw','BBhs')) GROUP BY BB",
 "sqlResult": "{BBhs | 26} || {BBbr | 19} || {BBfw | 28}",
 "nlq": "What is the maximum number of days for each BB, with BBhs, BBbr, or BBfw in AAcl? Please, report the corresponding BB."},
{"name": "template 11",
 "sql": "SELECT BB,AA,sum(Value) FROM DBdata WHERE (AA IN ('AAcs')) AND (BB IN ('BBbr','BBfw','BBhs')) GROUP BY BB,AA",
 "sqlResult": "{BBhs | AAcs | 52} || {BBbr | AAcs | 47} || {BBfw | AAcs | 28}",
 "nlq": "What is the total number of days for each BB and AA, with BBhs, BBbr, or BBfw in AAcs? Please, report the corresponding BB and AA."},
{"name": "template 12",
 "sql": "SELECT Value FROM DBdata WHERE (AA IN ('AAcl')) AND (BB IN ('BBbr','BBhs')) ORDER BY VALUE DESC LIMIT 3",
 "sqlResult": "{26} || {19} || {6}",
 "nlq": "What are the largest 3 numbers of days with BBhs or BBbr in AAcl?"},
{"name": "template 13",
 "sql": "SELECT Value FROM DBdata WHERE (AA IN ('AAcs')) AND (BB IN ('BBfw','BBhs')) ORDER BY VALUE ASC",
 "sqlResult": "{7} || {10} || {18} || {21} || {24}",
 "nlq": "What are the numbers of days ordered by ascending values with BBhs or BBfw in AAcs?"},
{"name": "template 14",
 "sql": "SELECT BB,CC FROM DBdata WHERE (AA IN ('AAcl')) AND Value > 16.36",
 "sqlResult": "{BBbr | CCgz} || {BBfw | CCbc} || {BBhs | CCcp}",
 "nlq": "What are the BB and CC for which the number of days in AAcl is greater than 16.36?"},
{"name": "template 15",
 "sql": "SELECT BB,CC,Value FROM DBdata WHERE (AA IN ('AAcs')) AND (BB,CC) IN (SELECT BB,CC FROM DBdata WHERE (AA IN ('AAcl')) AND Value > 16.36)",
 "sqlResult": "{BBbr | CCgz | 20} || {BBfw | CCbc | 7} || {BBhs | CCcp | 24}",
 "nlq": "How many days were there in AAcs with BB and with CC for which the number of days in AAcl is greater than 16.36? Please, report the corresponding BB, CC, and number of days."}]
}

