{
"filename": "Weather_statistics_set7_2_DB.csv",
"questions": [{"name": "template 1",
 "sql": "SELECT Value FROM DBdata WHERE (AA IN ('AAkm')) AND ((BB = 'BBlv' AND CC = 'CCbz'))",
 "sqlResult": "{19}",
 "nlq": "How many days were there with CCbz BBlv in AAkm?"},
{"name": "template 2",
 "sql": "SELECT Value FROM DBdata WHERE (AA IN ('AAjs')) AND ((BB = 'BBlv' AND CC = 'CChx') OR (BB = 'BBlv' AND CC = 'CCgx') OR (BB = 'BBcs' AND CC = 'CCwz'))",
 "sqlResult": "{1} || {9} || {4}",
 "nlq": "How many days were there with CChx or CCgx BBlv or CCwz BBcs in AAjs?"},
{"name": "template 3",
 "sql": "SELECT Value FROM DBdata WHERE (AA IN ('AAbp','AAjs','AAkm')) AND ((BB = 'BBgv' AND CC = 'CCfv'))",
 "sqlResult": "{11} || {16} || {15}",
 "nlq": "How many days were there with CCfv BBgv in AAbp, AAjs, or AAkm?"},
{"name": "template 4",
 "sql": "SELECT max(Value),avg(Value) FROM DBdata WHERE (AA IN ('AAbp','AAjs','AAkm')) AND ((BB = 'BBgv' AND CC = 'CChm'))",
 "sqlResult": "{27 | 23.67}",
 "nlq": "What are the maximum and average numbers of days with CChm BBgv in AAbp, AAjs, or AAkm?"},
{"name": "template 6",
 "sql": "SELECT Value FROM DBdata WHERE (AA IN ('AAjs','AAkm')) AND ((BB = 'BBlv' AND CC = 'CCgx') OR (BB = 'BBcs' AND CC = 'CCgk'))",
 "sqlResult": "{9} || {22} || {20} || {14}",
 "nlq": "How many days were there with CCgx BBlv or CCgk BBcs in AAjs or AAkm?"},
{"name": "template 7",
 "sql": "SELECT sum(Value),avg(Value) FROM DBdata WHERE (AA IN ('AAjs')) AND ((BB = 'BBlv' AND CC = 'CCbz') OR (BB = 'BBlv' AND CC = 'CChx') OR (BB = 'BBgv' AND CC = 'CCfv') OR (BB = 'BBcs' AND CC = 'CCwz') OR (BB = 'BBcs' AND CC = 'CCgk'))",
 "sqlResult": "{41 | 8.2}",
 "nlq": "What are the total and average numbers of days with CCbz or CChx BBlv, CCfv BBgv, or CCgk or CCwz BBcs in AAjs?"},
{"name": "template 8",
 "sql": "SELECT AA,sum(Value),min(Value) FROM DBdata WHERE (AA IN ('AAbp','AAjs','AAkm')) AND ((BB = 'BBlv' AND CC = 'CCgx') OR (BB = 'BBgv' AND CC = 'CCfv') OR (BB = 'BBcs' AND CC = 'CCgk')) GROUP BY AA",
 "sqlResult": "{AAbp | 24 | 5} || {AAjs | 45 | 9} || {AAkm | 51 | 14}",
 "nlq": "What are the total and minimum numbers of days for each AA, with CCgx BBlv, CCfv BBgv, or CCgk BBcs in AAbp, AAjs, or AAkm? Please, report the corresponding AA."},
{"name": "template 9",
 "sql": "SELECT min(Value) FROM DBdata WHERE (AA IN ('AAjs')) AND (BB IN ('BBlv','BBgv','BBcs')) GROUP BY BB",
 "sqlResult": "{4} || {0} || {12}",
 "nlq": "What is the minimum number of days for each BB, with BBcs, BBlv, or BBgv in AAjs?"},
{"name": "template 10",
 "sql": "SELECT BB,max(Value) FROM DBdata WHERE (AA IN ('AAkm')) AND (BB IN ('BBlv','BBgv','BBcs')) GROUP BY BB",
 "sqlResult": "{BBcs | 14} || {BBlv | 28} || {BBgv | 18}",
 "nlq": "What is the maximum number of days for each BB, with BBcs, BBlv, or BBgv in AAkm? Please, report the corresponding BB."},
{"name": "template 11",
 "sql": "SELECT BB,AA,max(Value) FROM DBdata WHERE (AA IN ('AAbp','AAjs')) AND (BB IN ('BBlv','BBgv','BBcs')) GROUP BY BB,AA",
 "sqlResult": "{BBcs | AAbp | 6} || {BBcs | AAjs | 20} || {BBlv | AAbp | 13} || {BBlv | AAjs | 9} || {BBgv | AAbp | 26} || {BBgv | AAjs | 27}",
 "nlq": "What is the maximum number of days for each BB and AA, with BBcs, BBlv, or BBgv in AAbp or AAjs? Please, report the corresponding BB and AA."},
{"name": "template 12",
 "sql": "SELECT Value FROM DBdata WHERE (AA IN ('AAbp')) AND (BB IN ('BBgv','BBcs')) ORDER BY VALUE ASC LIMIT 2",
 "sqlResult": "{2} || {5}",
 "nlq": "What are the smallest 2 numbers of days with BBcs or BBgv in AAbp?"},
{"name": "template 13",
 "sql": "SELECT Value FROM DBdata WHERE (AA IN ('AAkm')) AND (BB IN ('BBlv','BBcs')) ORDER BY VALUE DESC",
 "sqlResult": "{28} || {22} || {19} || {14} || {3}",
 "nlq": "What are the numbers of days ordered by descending values with BBcs or BBlv in AAkm?"},
{"name": "template 14",
 "sql": "SELECT BB,CC FROM DBdata WHERE (AA IN ('AAbp')) AND Value > 12.75",
 "sqlResult": "{BBlv | CCbz} || {BBgv | CChm}",
 "nlq": "What are the BB and CC for which the number of days in AAbp is greater than 12.75?"},
{"name": "template 15",
 "sql": "SELECT BB,CC,Value FROM DBdata WHERE (AA IN ('AAkm')) AND (BB,CC) IN (SELECT BB,CC FROM DBdata WHERE (AA IN ('AAbp')) AND Value > 12.75)",
 "sqlResult": "{BBlv | CCbz | 19} || {BBgv | CChm | 18}",
 "nlq": "How many days were there in AAkm with BB and with CC for which the number of days in AAbp is greater than 12.75? Please, report the corresponding BB, CC, and number of days."}]
}

