{
"filename": "Weather_statistics_set7_4_DB.csv",
"questions": [{"name": "template 1",
 "sql": "SELECT Value FROM DBdata WHERE (AA IN ('AAfq')) AND ((BB = 'BBds' AND CC = 'CCst'))",
 "sqlResult": "{18}",
 "nlq": "How many days were there with CCst BBds in AAfq?"},
{"name": "template 2",
 "sql": "SELECT Value FROM DBdata WHERE (AA IN ('AAfq')) AND ((BB = 'BBds' AND CC = 'CCmq') OR (BB = 'BBgp' AND CC = 'CCnw') OR (BB = 'BBgp' AND CC = 'CCbt'))",
 "sqlResult": "{25} || {28} || {22}",
 "nlq": "How many days were there with CCmq BBds or CCnw or CCbt BBgp in AAfq?"},
{"name": "template 3",
 "sql": "SELECT Value FROM DBdata WHERE (AA IN ('AAfq','AApt')) AND ((BB = 'BBgp' AND CC = 'CCnw'))",
 "sqlResult": "{28} || {1}",
 "nlq": "How many days were there with CCnw BBgp in AAfq or AApt?"},
{"name": "template 4",
 "sql": "SELECT max(Value),avg(Value) FROM DBdata WHERE (AA IN ('AAfq')) AND ((BB = 'BBgp' AND CC = 'CCbt'))",
 "sqlResult": "{22 | 22}",
 "nlq": "What are the maximum and average numbers of days with CCbt BBgp in AAfq?"},
{"name": "template 6",
 "sql": "SELECT Value FROM DBdata WHERE (AA IN ('AAfq')) AND ((BB = 'BBds' AND CC = 'CCsy') OR (BB = 'BBds' AND CC = 'CCmq'))",
 "sqlResult": "{13} || {25}",
 "nlq": "How many days were there with CCsy or CCmq BBds in AAfq?"},
{"name": "template 7",
 "sql": "SELECT max(Value),min(Value) FROM DBdata WHERE (AA IN ('AAfq')) AND ((BB = 'BBds' AND CC = 'CCsy') OR (BB = 'BBds' AND CC = 'CCmq') OR (BB = 'BBgp' AND CC = 'CCbt'))",
 "sqlResult": "{25 | 13}",
 "nlq": "What are the maximum and minimum numbers of days with CCsy or CCmq BBds or CCbt BBgp in AAfq?"},
{"name": "template 8",
 "sql": "SELECT AA,sum(Value),max(Value) FROM DBdata WHERE (AA IN ('AAfq')) AND ((BB = 'BBgp' AND CC = 'CCnw') OR (BB = 'BBgp' AND CC = 'CCbt')) GROUP BY AA",
 "sqlResult": "{AAfq | 50 | 28}",
 "nlq": "What are the total and maximum numbers of days for each AA, with CCnw or CCbt BBgp in AAfq? Please, report the corresponding AA."},
{"name": "template 9",
 "sql": "SELECT min(Value) FROM DBdata WHERE (AA IN ('AAfq')) AND (BB IN ('BBds','BBgp')) GROUP BY BB",
 "sqlResult": "{13} || {22}",
 "nlq": "What is the minimum number of days for each BB, with BBds or BBgp in AAfq?"},
{"name": "template 10",
 "sql": "SELECT BB,max(Value) FROM DBdata WHERE (AA IN ('AAfq')) AND (BB IN ('BBds','BBgp')) GROUP BY BB",
 "sqlResult": "{BBds | 25} || {BBgp | 28}",
 "nlq": "What is the maximum number of days for each BB, with BBds or BBgp in AAfq? Please, report the corresponding BB."},
{"name": "template 11",
 "sql": "SELECT BB,AA,min(Value) FROM DBdata WHERE (AA IN ('AAfq','AApt')) AND (BB IN ('BBds','BBgp')) GROUP BY BB,AA",
 "sqlResult": "{BBds | AAfq | 13} || {BBds | AApt | 5} || {BBgp | AAfq | 22} || {BBgp | AApt | 1}",
 "nlq": "What is the minimum number of days for each BB and AA, with BBds or BBgp in AAfq or AApt? Please, report the corresponding BB and AA."},
{"name": "template 12",
 "sql": "SELECT Value FROM DBdata WHERE (AA IN ('AAfq')) AND (BB IN ('BBds','BBgp')) ORDER BY VALUE DESC LIMIT 3",
 "sqlResult": "{28} || {25} || {22}",
 "nlq": "What are the largest 3 numbers of days with BBds or BBgp in AAfq?"},
{"name": "template 13",
 "sql": "SELECT Value FROM DBdata WHERE (AA IN ('AApt')) AND (BB IN ('BBds','BBgp')) ORDER BY VALUE DESC",
 "sqlResult": "{24} || {10} || {9} || {5} || {1}",
 "nlq": "What are the numbers of days ordered by descending values with BBds or BBgp in AApt?"},
{"name": "template 14",
 "sql": "SELECT BB,CC FROM DBdata WHERE (AA IN ('AAfq')) AND Value > 15.5",
 "sqlResult": "{BBds | CCst} || {BBds | CCmq} || {BBgp | CCnw} || {BBgp | CCbt}",
 "nlq": "What are the BB and CC for which the number of days in AAfq is greater than 15.5?"},
{"name": "template 15",
 "sql": "SELECT BB,CC,Value FROM DBdata WHERE (AA IN ('AApt')) AND (BB,CC) IN (SELECT BB,CC FROM DBdata WHERE (AA IN ('AAfq')) AND Value > 15.5)",
 "sqlResult": "{BBds | CCst | 24} || {BBds | CCmq | 9} || {BBgp | CCnw | 1} || {BBgp | CCbt | 10}",
 "nlq": "How many days were there in AApt with BB and with CC for which the number of days in AAfq is greater than 15.5? Please, report the corresponding BB, CC, and number of days."}]
}

