{
"filename": "Weather_statistics_set4_1_DB.csv",
"questions": [{"name": "template 1",
 "sql": "SELECT Value FROM DBdata WHERE (Year IN ('2021')) AND ((Characteristic = 'Wind' AND Intensity = 'Calm'))",
 "sqlResult": "{26}",
 "nlq": "How many days were there with Calm Wind in 2021?"},
{"name": "template 2",
 "sql": "SELECT Value FROM DBdata WHERE (Year IN ('2020')) AND ((Characteristic = 'Temperature' AND Intensity = '11-20') OR (Characteristic = 'Temperature' AND Intensity = '31-40') OR (Characteristic = 'Wind' AND Intensity = 'Calm') OR (Characteristic = 'Wind' AND Intensity = 'Breeze') OR (Characteristic = 'Wind' AND Intensity = 'Storm'))",
 "sqlResult": "{2} || {5} || {27} || {9} || {28}",
 "nlq": "How many days were there with 11-20 or 31-40 Temperature or Breeze, Calm, or Storm Wind in 2020?"},
{"name": "template 3",
 "sql": "SELECT Value FROM DBdata WHERE (Year IN ('2020','2021')) AND ((Characteristic = 'Temperature' AND Intensity = '21-30'))",
 "sqlResult": "{0} || {6}",
 "nlq": "How many days were there with 21-30 Temperature in 2020 or 2021?"},
{"name": "template 4",
 "sql": "SELECT max(Value),sum(Value) FROM DBdata WHERE (Year IN ('2020','2021')) AND ((Characteristic = 'Wind' AND Intensity = 'Breeze'))",
 "sqlResult": "{17 | 26}",
 "nlq": "What are the maximum and total numbers of days with Breeze Wind in 2020 or 2021?"},
{"name": "template 6",
 "sql": "SELECT Value FROM DBdata WHERE (Year IN ('2020','2021','2022')) AND ((Characteristic = 'Temperature' AND Intensity = '11-20') OR (Characteristic = 'Temperature' AND Intensity = '21-30') OR (Characteristic = 'Wind' AND Intensity = 'Calm'))",
 "sqlResult": "{2} || {3} || {12} || {0} || {6} || {23} || {27} || {26} || {1}",
 "nlq": "How many days were there with 11-20 or 21-30 Temperature or Calm Wind in 2020, 2021, or 2022?"},
{"name": "template 7",
 "sql": "SELECT avg(Value),max(Value) FROM DBdata WHERE (Year IN ('2020')) AND ((Characteristic = 'Temperature' AND Intensity = '11-20') OR (Characteristic = 'Temperature' AND Intensity = '21-30') OR (Characteristic = 'Temperature' AND Intensity = '31-40') OR (Characteristic = 'Wind' AND Intensity = 'Storm'))",
 "sqlResult": "{8.75 | 28}",
 "nlq": "What are the average and maximum numbers of days with 11-20, 21-30, or 31-40 Temperature or Storm Wind in 2020?"},
{"name": "template 8",
 "sql": "SELECT Year,avg(Value),sum(Value) FROM DBdata WHERE (Year IN ('2020','2022')) AND ((Characteristic = 'Temperature' AND Intensity = '11-20') OR (Characteristic = 'Temperature' AND Intensity = '31-40') OR (Characteristic = 'Wind' AND Intensity = 'Calm') OR (Characteristic = 'Wind' AND Intensity = 'Breeze') OR (Characteristic = 'Wind' AND Intensity = 'Storm')) GROUP BY Year",
 "sqlResult": "{2020 | 14.2 | 71} || {2022 | 11.4 | 57}",
 "nlq": "What are the average and total numbers of days for each Year, with 11-20 or 31-40 Temperature or Breeze, Calm, or Storm Wind in 2020 or 2022? Please, report the corresponding Year."},
{"name": "template 9",
 "sql": "SELECT min(Value) FROM DBdata WHERE (Year IN ('2022')) AND (Characteristic IN ('Temperature','Wind')) GROUP BY Characteristic",
 "sqlResult": "{12} || {1}",
 "nlq": "What is the minimum number of days for each Characteristic, with Temperature or Wind in 2022?"},
{"name": "template 10",
 "sql": "SELECT Characteristic,avg(Value) FROM DBdata WHERE (Year IN ('2021')) AND (Characteristic IN ('Temperature','Wind')) GROUP BY Characteristic",
 "sqlResult": "{Temperature | 7.67} || {Wind | 17.67}",
 "nlq": "What is the average number of days for each Characteristic, with Temperature or Wind in 2021? Please, report the corresponding Characteristic."},
{"name": "template 11",
 "sql": "SELECT Characteristic,Year,avg(Value) FROM DBdata WHERE (Year IN ('2021','2022')) AND (Characteristic IN ('Temperature','Wind')) GROUP BY Characteristic,Year",
 "sqlResult": "{Temperature | 2021 | 7.67} || {Temperature | 2022 | 18.67} || {Wind | 2021 | 17.67} || {Wind | 2022 | 8}",
 "nlq": "What is the average number of days for each Characteristic and Year, with Temperature or Wind in 2021 or 2022? Please, report the corresponding Characteristic and Year."},
{"name": "template 12",
 "sql": "SELECT Value FROM DBdata WHERE (Year IN ('2021')) AND (Characteristic IN ('Temperature','Wind')) ORDER BY VALUE DESC LIMIT 5",
 "sqlResult": "{26} || {17} || {14} || {10} || {6}",
 "nlq": "What are the largest 5 numbers of days with Temperature or Wind in 2021?"},
{"name": "template 13",
 "sql": "SELECT Value FROM DBdata WHERE (Year IN ('2020')) AND (Characteristic IN ('Temperature','Wind')) ORDER BY VALUE ASC",
 "sqlResult": "{0} || {2} || {5} || {9} || {27} || {28}",
 "nlq": "What are the numbers of days ordered by ascending values with Temperature or Wind in 2020?"},
{"name": "template 14",
 "sql": "SELECT Characteristic,Intensity FROM DBdata WHERE (Year IN ('2022')) AND Value > 12.61",
 "sqlResult": "{Temperature | 21-30} || {Temperature | 31-40} || {Wind | Storm}",
 "nlq": "What are the Characteristic and Intensity for which the number of days in 2022 is greater than 12.61?"},
{"name": "template 15",
 "sql": "SELECT Characteristic,Intensity,Value FROM DBdata WHERE (Year IN ('2020')) AND (Characteristic,Intensity) IN (SELECT Characteristic,Intensity FROM DBdata WHERE (Year IN ('2022')) AND Value > 12.61)",
 "sqlResult": "{Temperature | 21-30 | 0} || {Temperature | 31-40 | 5} || {Wind | Storm | 28}",
 "nlq": "How many days were there in 2020 with Characteristic and with Intensity for which the number of days in 2022 is greater than 12.61? Please, report the corresponding Characteristic, Intensity, and number of days."}]
}
