{
"filename": "Weather_statistics_set11_1_DB.csv",
"questions": [{"name": "template 1",
 "sql": "SELECT Value FROM DBdata WHERE (Year IN ('2021')) AND ((Characteristic = 'Wind' AND Intensity = 'Breeze'))",
 "sqlResult": "{24}",
 "nlq": "How many days were there with Breeze Wind in 2021?"},
{"name": "template 2",
 "sql": "SELECT Value FROM DBdata WHERE (Year IN ('2020')) AND ((Characteristic = 'Temperature' AND Intensity = '0-10') OR (Characteristic = 'Wind' AND Intensity = 'Calm'))",
 "sqlResult": "{27} || {10}",
 "nlq": "How many days were there with 0-10 Temperature or Calm Wind in 2020?"},
{"name": "template 3",
 "sql": "SELECT Value FROM DBdata WHERE (Year IN ('2021','2022')) AND ((Characteristic = 'Humidity' AND Intensity = 'Low'))",
 "sqlResult": "{3} || {28}",
 "nlq": "How many days were there with Low Humidity in 2021 or 2022?"},
{"name": "template 4",
 "sql": "SELECT min(Value),avg(Value) FROM DBdata WHERE (Year IN ('2020','2021','2022')) AND ((Characteristic = 'Temperature' AND Intensity = '0-10'))",
 "sqlResult": "{14 | 19.33}",
 "nlq": "What are the minimum and average numbers of days with 0-10 Temperature in 2020, 2021, or 2022?"},
{"name": "template 6",
 "sql": "SELECT Value FROM DBdata WHERE (Year IN ('2020','2021','2022')) AND ((Characteristic = 'Temperature' AND Intensity = '0-10') OR (Characteristic = 'Wind' AND Intensity = 'Calm') OR (Characteristic = 'Wind' AND Intensity = 'Breeze') OR (Characteristic = 'Humidity' AND Intensity = 'Low'))",
 "sqlResult": "{27} || {17} || {14} || {10} || {13} || {12} || {11} || {24} || {8} || {26} || {3} || {28}",
 "nlq": "How many days were there with 0-10 Temperature, Breeze or Calm Wind, or Low Humidity in 2020, 2021, or 2022?"},
{"name": "template 7",
 "sql": "SELECT sum(Value),avg(Value) FROM DBdata WHERE (Year IN ('2020')) AND ((Characteristic = 'Temperature' AND Intensity = '11-20') OR (Characteristic = 'Wind' AND Intensity = 'Breeze') OR (Characteristic = 'Humidity' AND Intensity = 'Medium'))",
 "sqlResult": "{35 | 11.67}",
 "nlq": "What are the total and average numbers of days with 11-20 Temperature, Breeze Wind, or Medium Humidity in 2020?"},
{"name": "template 8",
 "sql": "SELECT Year,min(Value),max(Value) FROM DBdata WHERE (Year IN ('2020','2021','2022')) AND ((Characteristic = 'Wind' AND Intensity = 'Breeze') OR (Characteristic = 'Humidity' AND Intensity = 'Medium')) GROUP BY Year",
 "sqlResult": "{2020 | 11 | 23} || {2021 | 18 | 24} || {2022 | 4 | 8}",
 "nlq": "What are the minimum and maximum numbers of days for each Year, with Breeze Wind or Medium Humidity in 2020, 2021, or 2022? Please, report the corresponding Year."},
{"name": "template 9",
 "sql": "SELECT min(Value) FROM DBdata WHERE (Year IN ('2020')) AND (Characteristic IN ('Temperature','Wind','Humidity')) GROUP BY Characteristic",
 "sqlResult": "{23} || {1} || {5}",
 "nlq": "What is the minimum number of days for each Characteristic, with Humidity, Temperature, or Wind in 2020?"},
{"name": "template 10",
 "sql": "SELECT Characteristic,min(Value) FROM DBdata WHERE (Year IN ('2020')) AND (Characteristic IN ('Temperature','Wind','Humidity')) GROUP BY Characteristic",
 "sqlResult": "{Humidity | 23} || {Temperature | 1} || {Wind | 5}",
 "nlq": "What is the minimum number of days for each Characteristic, with Humidity, Temperature, or Wind in 2020? Please, report the corresponding Characteristic."},
{"name": "template 11",
 "sql": "SELECT Characteristic,Year,sum(Value) FROM DBdata WHERE (Year IN ('2020','2022')) AND (Characteristic IN ('Temperature','Wind','Humidity')) GROUP BY Characteristic,Year",
 "sqlResult": "{Humidity | 2020 | 49} || {Humidity | 2022 | 32} || {Temperature | 2020 | 28} || {Temperature | 2022 | 29} || {Wind | 2020 | 26} || {Wind | 2022 | 42}",
 "nlq": "What is the total number of days for each Characteristic and Year, with Humidity, Temperature, or Wind in 2020 or 2022? Please, report the corresponding Characteristic and Year."},
{"name": "template 12",
 "sql": "SELECT Value FROM DBdata WHERE (Year IN ('2022')) AND (Characteristic IN ('Wind','Humidity')) ORDER BY VALUE ASC LIMIT 2",
 "sqlResult": "{4} || {8}",
 "nlq": "What are the smallest 2 numbers of days with Humidity or Wind in 2022?"},
{"name": "template 13",
 "sql": "SELECT Value FROM DBdata WHERE (Year IN ('2020')) AND (Characteristic IN ('Temperature','Wind')) ORDER BY VALUE DESC",
 "sqlResult": "{27} || {11} || {10} || {5} || {1}",
 "nlq": "What are the numbers of days ordered by descending values with Temperature or Wind in 2020?"},
{"name": "template 14",
 "sql": "SELECT Characteristic,Intensity FROM DBdata WHERE (Year IN ('2020')) AND Value > 13.81",
 "sqlResult": "{Temperature | 0-10} || {Humidity | Low} || {Humidity | Medium}",
 "nlq": "What are the Characteristic and Intensity for which the number of days in 2020 is greater than 13.81?"},
{"name": "template 15",
 "sql": "SELECT Characteristic,Intensity,Value FROM DBdata WHERE (Year IN ('2022')) AND (Characteristic,Intensity) IN (SELECT Characteristic,Intensity FROM DBdata WHERE (Year IN ('2020')) AND Value > 13.81)",
 "sqlResult": "{Temperature | 0-10 | 14} || {Humidity | Low | 28} || {Humidity | Medium | 4}",
 "nlq": "How many days were there in 2022 with Characteristic and with Intensity for which the number of days in 2020 is greater than 13.81? Please, report the corresponding Characteristic, Intensity, and number of days."}]
}
