{
"filename": "Weather_statistics_set2_2_DB.csv",
"questions": [{"name": "template 1",
 "sql": "SELECT Value FROM DBdata WHERE (AA IN ('AAlm')) AND ((BB = 'BBcj' AND CC = 'CCjp'))",
 "sqlResult": "{17}",
 "nlq": "How many days were there with CCjp BBcj in AAlm?"},
{"name": "template 2",
 "sql": "SELECT Value FROM DBdata WHERE (AA IN ('AAgn')) AND ((BB = 'BBry' AND CC = 'CCdn') OR (BB = 'BBcj' AND CC = 'CCjp') OR (BB = 'BBcp' AND CC = 'CCdq'))",
 "sqlResult": "{8} || {21} || {10}",
 "nlq": "How many days were there with CCdn BBry, CCjp BBcj, or CCdq BBcp in AAgn?"},
{"name": "template 3",
 "sql": "SELECT Value FROM DBdata WHERE (AA IN ('AAlm','AAgn','AAhy')) AND ((BB = 'BBry' AND CC = 'CCdn'))",
 "sqlResult": "{28} || {8} || {16}",
 "nlq": "How many days were there with CCdn BBry in AAlm, AAgn, or AAhy?"},
{"name": "template 4",
 "sql": "SELECT avg(Value),min(Value) FROM DBdata WHERE (AA IN ('AAlm','AAgn','AAhy')) AND ((BB = 'BBry' AND CC = 'CCdn'))",
 "sqlResult": "{17.33 | 8}",
 "nlq": "What are the average and minimum numbers of days with CCdn BBry in AAlm, AAgn, or AAhy?"},
{"name": "template 6",
 "sql": "SELECT Value FROM DBdata WHERE (AA IN ('AAlm','AAgn','AAhy')) AND ((BB = 'BBry' AND CC = 'CCdn') OR (BB = 'BBcj' AND CC = 'CCjp') OR (BB = 'BBcj' AND CC = 'CCdl'))",
 "sqlResult": "{28} || {8} || {16} || {17} || {21} || {7} || {25} || {6} || {1}",
 "nlq": "How many days were there with CCdn BBry or CCjp or CCdl BBcj in AAlm, AAgn, or AAhy?"},
{"name": "template 7",
 "sql": "SELECT avg(Value),sum(Value) FROM DBdata WHERE (AA IN ('AAgn')) AND ((BB = 'BBry' AND CC = 'CCmq') OR (BB = 'BBry' AND CC = 'CCdm') OR (BB = 'BBcj' AND CC = 'CCdl'))",
 "sqlResult": "{10.67 | 32}",
 "nlq": "What are the average and total numbers of days with CCmq or CCdm BBry or CCdl BBcj in AAgn?"},
{"name": "template 8",
 "sql": "SELECT AA,min(Value),avg(Value) FROM DBdata WHERE (AA IN ('AAlm','AAgn','AAhy')) AND ((BB = 'BBry' AND CC = 'CCdm') OR (BB = 'BBcp' AND CC = 'CChm') OR (BB = 'BBcp' AND CC = 'CCdq')) GROUP BY AA",
 "sqlResult": "{AAlm | 3 | 10} || {AAgn | 2 | 13} || {AAhy | 0 | 15}",
 "nlq": "What are the minimum and average numbers of days for each AA, with CCdm BBry or CCdq or CChm BBcp in AAlm, AAgn, or AAhy? Please, report the corresponding AA."},
{"name": "template 9",
 "sql": "SELECT min(Value) FROM DBdata WHERE (AA IN ('AAlm')) AND (BB IN ('BBry','BBcj','BBcp')) GROUP BY BB",
 "sqlResult": "{13} || {3} || {17}",
 "nlq": "What is the minimum number of days for each BB, with BBcp, BBry, or BBcj in AAlm?"},
{"name": "template 10",
 "sql": "SELECT BB,avg(Value) FROM DBdata WHERE (AA IN ('AAhy')) AND (BB IN ('BBry','BBcj','BBcp')) GROUP BY BB",
 "sqlResult": "{BBcp | 9.5} || {BBry | 20} || {BBcj | 4}",
 "nlq": "What is the average number of days for each BB, with BBcp, BBry, or BBcj in AAhy? Please, report the corresponding BB."},
{"name": "template 11",
 "sql": "SELECT BB,AA,max(Value) FROM DBdata WHERE (AA IN ('AAlm','AAhy')) AND (BB IN ('BBry','BBcj','BBcp')) GROUP BY BB,AA",
 "sqlResult": "{BBcp | AAlm | 14} || {BBcp | AAhy | 19} || {BBry | AAlm | 28} || {BBry | AAhy | 26} || {BBcj | AAlm | 25} || {BBcj | AAhy | 7}",
 "nlq": "What is the maximum number of days for each BB and AA, with BBcp, BBry, or BBcj in AAlm or AAhy? Please, report the corresponding BB and AA."},
{"name": "template 12",
 "sql": "SELECT Value FROM DBdata WHERE (AA IN ('AAhy')) AND (BB IN ('BBry','BBcp')) ORDER BY VALUE ASC LIMIT 3",
 "sqlResult": "{0} || {16} || {18}",
 "nlq": "What are the smallest 3 numbers of days with BBcp or BBry in AAhy?"},
{"name": "template 13",
 "sql": "SELECT Value FROM DBdata WHERE (AA IN ('AAlm')) AND (BB IN ('BBcj','BBcp')) ORDER BY VALUE DESC",
 "sqlResult": "{25} || {17} || {14} || {13}",
 "nlq": "What are the numbers of days ordered by descending values with BBcp or BBcj in AAlm?"},
{"name": "template 14",
 "sql": "SELECT BB,CC FROM DBdata WHERE (AA IN ('AAgn')) AND Value < 14",
 "sqlResult": "{BBry | CCdn} || {BBry | CCdm} || {BBcj | CCdl} || {BBcp | CCdq}",
 "nlq": "What are the BB and CC for which the number of days in AAgn is lower than 14?"},
{"name": "template 15",
 "sql": "SELECT BB,CC,Value FROM DBdata WHERE (AA IN ('AAlm')) AND (BB,CC) IN (SELECT BB,CC FROM DBdata WHERE (AA IN ('AAgn')) AND Value < 14)",
 "sqlResult": "{BBry | CCdn | 28} || {BBry | CCdm | 3} || {BBcj | CCdl | 25} || {BBcp | CCdq | 13}",
 "nlq": "How many days were there in AAlm with BB and with CC for which the number of days in AAgn is lower than 14? Please, report the corresponding BB, CC, and number of days."}]
}

