{
"filename": "Weather_statistics_set6_2_DB.csv",
"questions": [{"name": "template 1",
 "sql": "SELECT Value FROM DBdata WHERE (AA IN ('AAjw')) AND ((BB = 'BBdn' AND CC = 'CCtx'))",
 "sqlResult": "{2}",
 "nlq": "How many days were there with CCtx BBdn in AAjw?"},
{"name": "template 2",
 "sql": "SELECT Value FROM DBdata WHERE (AA IN ('AAdx')) AND ((BB = 'BBdn' AND CC = 'CCtx') OR (BB = 'BBcq' AND CC = 'CCmx') OR (BB = 'BBcq' AND CC = 'CCpr'))",
 "sqlResult": "{9} || {1} || {16}",
 "nlq": "How many days were there with CCtx BBdn or CCmx or CCpr BBcq in AAdx?"},
{"name": "template 3",
 "sql": "SELECT Value FROM DBdata WHERE (AA IN ('AAjw','AAdx','AAty')) AND ((BB = 'BBcq' AND CC = 'CCdj'))",
 "sqlResult": "{25} || {26} || {10}",
 "nlq": "How many days were there with CCdj BBcq in AAjw, AAdx, or AAty?"},
{"name": "template 4",
 "sql": "SELECT avg(Value),max(Value) FROM DBdata WHERE (AA IN ('AAjw','AAdx','AAty')) AND ((BB = 'BBcq' AND CC = 'CCpr'))",
 "sqlResult": "{13.67 | 20}",
 "nlq": "What are the average and maximum numbers of days with CCpr BBcq in AAjw, AAdx, or AAty?"},
{"name": "template 6",
 "sql": "SELECT Value FROM DBdata WHERE (AA IN ('AAjw','AAty')) AND ((BB = 'BBdn' AND CC = 'CChr') OR (BB = 'BBcq' AND CC = 'CCdj') OR (BB = 'BBcq' AND CC = 'CCmx') OR (BB = 'BBcq' AND CC = 'CCpr'))",
 "sqlResult": "{12} || {27} || {25} || {10} || {3} || {8} || {5} || {20}",
 "nlq": "How many days were there with CChr BBdn or CCmx, CCdj, or CCpr BBcq in AAjw or AAty?"},
{"name": "template 7",
 "sql": "SELECT max(Value),min(Value) FROM DBdata WHERE (AA IN ('AAty')) AND ((BB = 'BBdn' AND CC = 'CCtx') OR (BB = 'BBdn' AND CC = 'CChr') OR (BB = 'BBcq' AND CC = 'CCdj') OR (BB = 'BBcq' AND CC = 'CCmx') OR (BB = 'BBcq' AND CC = 'CCpr'))",
 "sqlResult": "{28 | 8}",
 "nlq": "What are the maximum and minimum numbers of days with CCtx or CChr BBdn or CCmx, CCdj, or CCpr BBcq in AAty?"},
{"name": "template 8",
 "sql": "SELECT AA,avg(Value),min(Value) FROM DBdata WHERE (AA IN ('AAdx','AAty')) AND ((BB = 'BBdn' AND CC = 'CChr') OR (BB = 'BBcq' AND CC = 'CCpr')) GROUP BY AA",
 "sqlResult": "{AAdx | 14.5 | 13} || {AAty | 23.5 | 20}",
 "nlq": "What are the average and minimum numbers of days for each AA, with CChr BBdn or CCpr BBcq in AAdx or AAty? Please, report the corresponding AA."},
{"name": "template 9",
 "sql": "SELECT min(Value) FROM DBdata WHERE (AA IN ('AAty')) AND (BB IN ('BBdn','BBcq')) GROUP BY BB",
 "sqlResult": "{27} || {8}",
 "nlq": "What is the minimum number of days for each BB, with BBdn or BBcq in AAty?"},
{"name": "template 10",
 "sql": "SELECT BB,min(Value) FROM DBdata WHERE (AA IN ('AAdx')) AND (BB IN ('BBdn','BBcq')) GROUP BY BB",
 "sqlResult": "{BBdn | 9} || {BBcq | 1}",
 "nlq": "What is the minimum number of days for each BB, with BBdn or BBcq in AAdx? Please, report the corresponding BB."},
{"name": "template 11",
 "sql": "SELECT BB,AA,avg(Value) FROM DBdata WHERE (AA IN ('AAdx','AAty')) AND (BB IN ('BBdn','BBcq')) GROUP BY BB,AA",
 "sqlResult": "{BBdn | AAdx | 11} || {BBdn | AAty | 27.5} || {BBcq | AAdx | 14.33} || {BBcq | AAty | 12.67}",
 "nlq": "What is the average number of days for each BB and AA, with BBdn or BBcq in AAdx or AAty? Please, report the corresponding BB and AA."},
{"name": "template 12",
 "sql": "SELECT Value FROM DBdata WHERE (AA IN ('AAdx')) AND (BB IN ('BBdn','BBcq')) ORDER BY VALUE DESC LIMIT 4",
 "sqlResult": "{26} || {16} || {13} || {9}",
 "nlq": "What are the largest 4 numbers of days with BBdn or BBcq in AAdx?"},
{"name": "template 13",
 "sql": "SELECT Value FROM DBdata WHERE (AA IN ('AAjw')) AND (BB IN ('BBdn','BBcq')) ORDER BY VALUE ASC",
 "sqlResult": "{2} || {3} || {5} || {12} || {25}",
 "nlq": "What are the numbers of days ordered by ascending values with BBdn or BBcq in AAjw?"},
{"name": "template 14",
 "sql": "SELECT BB,CC FROM DBdata WHERE (AA IN ('AAjw')) AND Value > 13.67",
 "sqlResult": "{BBcq | CCdj}",
 "nlq": "What are the BB and CC for which the number of days in AAjw is greater than 13.67?"},
{"name": "template 15",
 "sql": "SELECT BB,CC,Value FROM DBdata WHERE (AA IN ('AAty')) AND (BB,CC) IN (SELECT BB,CC FROM DBdata WHERE (AA IN ('AAjw')) AND Value > 13.67)",
 "sqlResult": "{BBcq | CCdj | 10}",
 "nlq": "How many days were there in AAty with BB and with CC for which the number of days in AAjw is greater than 13.67? Please, report the corresponding BB, CC, and number of days."}]
}

