{
"filename": "Weather_statistics_set6_4_DB.csv",
"questions": [{"name": "template 1",
 "sql": "SELECT Value FROM DBdata WHERE (Year IN ('2021')) AND ((Characteristic = 'Wind' AND Intensity = 'Calm'))",
 "sqlResult": "{28}",
 "nlq": "How many days were there with Calm Wind in 2021?"},
{"name": "template 2",
 "sql": "SELECT Value FROM DBdata WHERE (Year IN ('2021')) AND ((Characteristic = 'Temperature' AND Intensity = '0-10') OR (Characteristic = 'Temperature' AND Intensity = '11-20') OR (Characteristic = 'Wind' AND Intensity = 'Calm') OR (Characteristic = 'Wind' AND Intensity = 'Breeze') OR (Characteristic = 'Humidity' AND Intensity = 'Medium') OR (Characteristic = 'Humidity' AND Intensity = 'High'))",
 "sqlResult": "{26} || {23} || {28} || {2} || {6} || {9}",
 "nlq": "How many days were there with 0-10 or 11-20 Temperature, Breeze or Calm Wind, or High or Medium Humidity in 2021?"},
{"name": "template 3",
 "sql": "SELECT Value FROM DBdata WHERE (Year IN ('2021')) AND ((Characteristic = 'Wind' AND Intensity = 'Breeze'))",
 "sqlResult": "{2}",
 "nlq": "How many days were there with Breeze Wind in 2021?"},
{"name": "template 4",
 "sql": "SELECT avg(Value),sum(Value) FROM DBdata WHERE (Year IN ('2021','2022')) AND ((Characteristic = 'Wind' AND Intensity = 'Storm'))",
 "sqlResult": "{12.5 | 25}",
 "nlq": "What are the average and total numbers of days with Storm Wind in 2021 or 2022?"},
{"name": "template 6",
 "sql": "SELECT Value FROM DBdata WHERE (Year IN ('2021','2022')) AND ((Characteristic = 'Wind' AND Intensity = 'Calm') OR (Characteristic = 'Humidity' AND Intensity = 'Low') OR (Characteristic = 'Humidity' AND Intensity = 'Medium') OR (Characteristic = 'Humidity' AND Intensity = 'High'))",
 "sqlResult": "{28} || {7} || {0} || {15} || {6} || {3} || {9} || {12}",
 "nlq": "How many days were there with Calm Wind or High, Low, or Medium Humidity in 2021 or 2022?"},
{"name": "template 7",
 "sql": "SELECT min(Value),avg(Value) FROM DBdata WHERE (Year IN ('2021')) AND ((Characteristic = 'Temperature' AND Intensity = '0-10') OR (Characteristic = 'Temperature' AND Intensity = '11-20'))",
 "sqlResult": "{23 | 24.5}",
 "nlq": "What are the minimum and average numbers of days with 0-10 or 11-20 Temperature in 2021?"},
{"name": "template 8",
 "sql": "SELECT Year,min(Value),avg(Value) FROM DBdata WHERE (Year IN ('2021','2022')) AND ((Characteristic = 'Temperature' AND Intensity = '0-10') OR (Characteristic = 'Humidity' AND Intensity = 'High')) GROUP BY Year",
 "sqlResult": "{2021 | 9 | 17.5} || {2022 | 5 | 8.5}",
 "nlq": "What are the minimum and average numbers of days for each Year, with 0-10 Temperature or High Humidity in 2021 or 2022? Please, report the corresponding Year."},
{"name": "template 9",
 "sql": "SELECT min(Value) FROM DBdata WHERE (Year IN ('2021')) AND (Characteristic IN ('Temperature','Wind','Humidity')) GROUP BY Characteristic",
 "sqlResult": "{0} || {23} || {2}",
 "nlq": "What is the minimum number of days for each Characteristic, with Humidity, Temperature, or Wind in 2021?"},
{"name": "template 10",
 "sql": "SELECT Characteristic,avg(Value) FROM DBdata WHERE (Year IN ('2021')) AND (Characteristic IN ('Temperature','Wind','Humidity')) GROUP BY Characteristic",
 "sqlResult": "{Humidity | 5} || {Temperature | 24.5} || {Wind | 12.67}",
 "nlq": "What is the average number of days for each Characteristic, with Humidity, Temperature, or Wind in 2021? Please, report the corresponding Characteristic."},
{"name": "template 11",
 "sql": "SELECT Characteristic,Year,max(Value) FROM DBdata WHERE (Year IN ('2022')) AND (Characteristic IN ('Temperature','Wind','Humidity')) GROUP BY Characteristic,Year",
 "sqlResult": "{Humidity | 2022 | 15} || {Temperature | 2022 | 24} || {Wind | 2022 | 17}",
 "nlq": "What is the maximum number of days for each Characteristic and Year, with Humidity, Temperature, or Wind in 2022? Please, report the corresponding Characteristic and Year."},
{"name": "template 12",
 "sql": "SELECT Value FROM DBdata WHERE (Year IN ('2022')) AND (Characteristic IN ('Temperature','Humidity')) ORDER BY VALUE DESC LIMIT 3",
 "sqlResult": "{24} || {15} || {12}",
 "nlq": "What are the largest 3 numbers of days with Humidity or Temperature in 2022?"},
{"name": "template 13",
 "sql": "SELECT Value FROM DBdata WHERE (Year IN ('2021')) AND (Characteristic IN ('Temperature','Wind')) ORDER BY VALUE DESC",
 "sqlResult": "{28} || {26} || {23} || {8} || {2}",
 "nlq": "What are the numbers of days ordered by descending values with Temperature or Wind in 2021?"},
{"name": "template 14",
 "sql": "SELECT Characteristic,Intensity FROM DBdata WHERE (Year IN ('2021')) AND Value > 12.44",
 "sqlResult": "{Temperature | 0-10} || {Temperature | 11-20} || {Wind | Calm}",
 "nlq": "What are the Characteristic and Intensity for which the number of days in 2021 is greater than 12.44?"},
{"name": "template 15",
 "sql": "SELECT Characteristic,Intensity,Value FROM DBdata WHERE (Year IN ('2022')) AND (Characteristic,Intensity) IN (SELECT Characteristic,Intensity FROM DBdata WHERE (Year IN ('2021')) AND Value > 12.44)",
 "sqlResult": "{Temperature | 0-10 | 5} || {Temperature | 11-20 | 24} || {Wind | Calm | 7}",
 "nlq": "How many days were there in 2022 with Characteristic and with Intensity for which the number of days in 2021 is greater than 12.44? Please, report the corresponding Characteristic, Intensity, and number of days."}]
}
