{
"filename": "Weather_statistics_set7_3_DB.csv",
"questions": [{"name": "template 1",
 "sql": "SELECT Value FROM DBdata WHERE (Year IN ('2018')) AND ((Characteristic = 'Wind' AND Intensity = 'Breeze'))",
 "sqlResult": "{13}",
 "nlq": "How many days were there with Breeze Wind in 2018?"},
{"name": "template 2",
 "sql": "SELECT Value FROM DBdata WHERE (Year IN ('2018')) AND ((Characteristic = 'Temperature' AND Intensity = '11-20') OR (Characteristic = 'Temperature' AND Intensity = '21-30') OR (Characteristic = 'Temperature' AND Intensity = '31-40') OR (Characteristic = 'Wind' AND Intensity = 'Calm') OR (Characteristic = 'Wind' AND Intensity = 'Breeze') OR (Characteristic = 'Humidity' AND Intensity = 'Medium') OR (Characteristic = 'Humidity' AND Intensity = 'High'))",
 "sqlResult": "{18} || {17} || {20} || {26} || {13} || {2} || {22}",
 "nlq": "How many days were there with 11-20, 21-30, or 31-40 Temperature, Breeze or Calm Wind, or High or Medium Humidity in 2018?"},
{"name": "template 3",
 "sql": "SELECT Value FROM DBdata WHERE (Year IN ('2017','2018')) AND ((Characteristic = 'Temperature' AND Intensity = '31-40'))",
 "sqlResult": "{14} || {20}",
 "nlq": "How many days were there with 31-40 Temperature in 2017 or 2018?"},
{"name": "template 4",
 "sql": "SELECT max(Value),sum(Value) FROM DBdata WHERE (Year IN ('2017','2018')) AND ((Characteristic = 'Humidity' AND Intensity = 'High'))",
 "sqlResult": "{22 | 31}",
 "nlq": "What are the maximum and total numbers of days with High Humidity in 2017 or 2018?"},
{"name": "template 6",
 "sql": "SELECT Value FROM DBdata WHERE (Year IN ('2017')) AND ((Characteristic = 'Temperature' AND Intensity = '11-20') OR (Characteristic = 'Temperature' AND Intensity = '21-30') OR (Characteristic = 'Wind' AND Intensity = 'Calm') OR (Characteristic = 'Humidity' AND Intensity = 'Medium'))",
 "sqlResult": "{23} || {11} || {1} || {19}",
 "nlq": "How many days were there with 11-20 or 21-30 Temperature, Calm Wind, or Medium Humidity in 2017?"},
{"name": "template 7",
 "sql": "SELECT avg(Value),max(Value) FROM DBdata WHERE (Year IN ('2017')) AND ((Characteristic = 'Temperature' AND Intensity = '11-20') OR (Characteristic = 'Wind' AND Intensity = 'Calm') OR (Characteristic = 'Wind' AND Intensity = 'Breeze') OR (Characteristic = 'Humidity' AND Intensity = 'High'))",
 "sqlResult": "{15 | 27}",
 "nlq": "What are the average and maximum numbers of days with 11-20 Temperature, Breeze or Calm Wind, or High Humidity in 2017?"},
{"name": "template 8",
 "sql": "SELECT Year,sum(Value),max(Value) FROM DBdata WHERE (Year IN ('2017','2018')) AND ((Characteristic = 'Temperature' AND Intensity = '11-20') OR (Characteristic = 'Temperature' AND Intensity = '31-40') OR (Characteristic = 'Humidity' AND Intensity = 'Medium')) GROUP BY Year",
 "sqlResult": "{2017 | 56 | 23} || {2018 | 40 | 20}",
 "nlq": "What are the total and maximum numbers of days for each Year, with 11-20 or 31-40 Temperature or Medium Humidity in 2017 or 2018? Please, report the corresponding Year."},
{"name": "template 9",
 "sql": "SELECT min(Value) FROM DBdata WHERE (Year IN ('2018')) AND (Characteristic IN ('Temperature','Wind','Humidity')) GROUP BY Characteristic",
 "sqlResult": "{2} || {17} || {13}",
 "nlq": "What is the minimum number of days for each Characteristic, with Humidity, Temperature, or Wind in 2018?"},
{"name": "template 10",
 "sql": "SELECT Characteristic,sum(Value) FROM DBdata WHERE (Year IN ('2018')) AND (Characteristic IN ('Temperature','Wind','Humidity')) GROUP BY Characteristic",
 "sqlResult": "{Humidity | 24} || {Temperature | 55} || {Wind | 39}",
 "nlq": "What is the total number of days for each Characteristic, with Humidity, Temperature, or Wind in 2018? Please, report the corresponding Characteristic."},
{"name": "template 11",
 "sql": "SELECT Characteristic,Year,max(Value) FROM DBdata WHERE (Year IN ('2017')) AND (Characteristic IN ('Temperature','Wind','Humidity')) GROUP BY Characteristic,Year",
 "sqlResult": "{Humidity | 2017 | 19} || {Temperature | 2017 | 23} || {Wind | 2017 | 27}",
 "nlq": "What is the maximum number of days for each Characteristic and Year, with Humidity, Temperature, or Wind in 2017? Please, report the corresponding Characteristic and Year."},
{"name": "template 12",
 "sql": "SELECT Value FROM DBdata WHERE (Year IN ('2017')) AND (Characteristic IN ('Wind','Humidity')) ORDER BY VALUE ASC LIMIT 3",
 "sqlResult": "{1} || {9} || {19}",
 "nlq": "What are the smallest 3 numbers of days with Humidity or Wind in 2017?"},
{"name": "template 13",
 "sql": "SELECT Value FROM DBdata WHERE (Year IN ('2018')) AND (Characteristic IN ('Temperature','Humidity')) ORDER BY VALUE ASC",
 "sqlResult": "{2} || {17} || {18} || {20} || {22}",
 "nlq": "What are the numbers of days ordered by ascending values with Humidity or Temperature in 2018?"},
{"name": "template 14",
 "sql": "SELECT Characteristic,Intensity FROM DBdata WHERE (Year IN ('2017')) AND Value < 15.86",
 "sqlResult": "{Temperature | 21-30} || {Temperature | 31-40} || {Wind | Calm} || {Humidity | High}",
 "nlq": "What are the Characteristic and Intensity for which the number of days in 2017 is lower than 15.86?"},
{"name": "template 15",
 "sql": "SELECT Characteristic,Intensity,Value FROM DBdata WHERE (Year IN ('2018')) AND (Characteristic,Intensity) IN (SELECT Characteristic,Intensity FROM DBdata WHERE (Year IN ('2017')) AND Value < 15.86)",
 "sqlResult": "{Temperature | 21-30 | 17} || {Temperature | 31-40 | 20} || {Wind | Calm | 26} || {Humidity | High | 22}",
 "nlq": "How many days were there in 2018 with Characteristic and with Intensity for which the number of days in 2017 is lower than 15.86? Please, report the corresponding Characteristic, Intensity, and number of days."}]
}
