{
"filename": "Weather_statistics_set5_4_DB.csv",
"questions": [{"name": "template 1",
 "sql": "SELECT Value FROM DBdata WHERE (AA IN ('AAct')) AND ((BB = 'BBfg' AND CC = 'CCkr'))",
 "sqlResult": "{27}",
 "nlq": "How many days were there with CCkr BBfg in AAct?"},
{"name": "template 2",
 "sql": "SELECT Value FROM DBdata WHERE (AA IN ('AApv')) AND ((BB = 'BBfg' AND CC = 'CCkr') OR (BB = 'BBgr' AND CC = 'CClx'))",
 "sqlResult": "{20} || {1}",
 "nlq": "How many days were there with CCkr BBfg or CClx BBgr in AApv?"},
{"name": "template 3",
 "sql": "SELECT Value FROM DBdata WHERE (AA IN ('AApv')) AND ((BB = 'BBfg' AND CC = 'CCbl'))",
 "sqlResult": "{17}",
 "nlq": "How many days were there with CCbl BBfg in AApv?"},
{"name": "template 4",
 "sql": "SELECT sum(Value),min(Value) FROM DBdata WHERE (AA IN ('AAct')) AND ((BB = 'BBgr' AND CC = 'CCsy'))",
 "sqlResult": "{22 | 22}",
 "nlq": "What are the total and minimum numbers of days with CCsy BBgr in AAct?"},
{"name": "template 6",
 "sql": "SELECT Value FROM DBdata WHERE (AA IN ('AApv')) AND ((BB = 'BBfg' AND CC = 'CCkr') OR (BB = 'BBfg' AND CC = 'CCbl') OR (BB = 'BBgr' AND CC = 'CCsy'))",
 "sqlResult": "{20} || {17} || {23}",
 "nlq": "How many days were there with CCkr or CCbl BBfg or CCsy BBgr in AApv?"},
{"name": "template 7",
 "sql": "SELECT max(Value),sum(Value) FROM DBdata WHERE (AA IN ('AApv')) AND ((BB = 'BBfg' AND CC = 'CCbl') OR (BB = 'BBgr' AND CC = 'CClx'))",
 "sqlResult": "{17 | 18}",
 "nlq": "What are the maximum and total numbers of days with CClx BBgr or CCbl BBfg in AApv?"},
{"name": "template 8",
 "sql": "SELECT AA,sum(Value),avg(Value) FROM DBdata WHERE (AA IN ('AApv')) AND ((BB = 'BBgr' AND CC = 'CCsy') OR (BB = 'BBgr' AND CC = 'CClx')) GROUP BY AA",
 "sqlResult": "{AApv | 24 | 12}",
 "nlq": "What are the total and average numbers of days for each AA, with CCsy or CClx BBgr in AApv? Please, report the corresponding AA."},
{"name": "template 9",
 "sql": "SELECT min(Value) FROM DBdata WHERE (AA IN ('AApv')) AND (BB IN ('BBfg','BBgr')) GROUP BY BB",
 "sqlResult": "{1} || {17}",
 "nlq": "What is the minimum number of days for each BB, with BBgr or BBfg in AApv?"},
{"name": "template 10",
 "sql": "SELECT BB,min(Value) FROM DBdata WHERE (AA IN ('AApv')) AND (BB IN ('BBfg','BBgr')) GROUP BY BB",
 "sqlResult": "{BBgr | 1} || {BBfg | 17}",
 "nlq": "What is the minimum number of days for each BB, with BBgr or BBfg in AApv? Please, report the corresponding BB."},
{"name": "template 11",
 "sql": "SELECT BB,AA,sum(Value) FROM DBdata WHERE (AA IN ('AAct','AApv')) AND (BB IN ('BBfg','BBgr')) GROUP BY BB,AA",
 "sqlResult": "{BBgr | AAct | 24} || {BBgr | AApv | 24} || {BBfg | AAct | 46} || {BBfg | AApv | 37}",
 "nlq": "What is the total number of days for each BB and AA, with BBgr or BBfg in AAct or AApv? Please, report the corresponding BB and AA."},
{"name": "template 12",
 "sql": "SELECT Value FROM DBdata WHERE (AA IN ('AApv')) AND (BB IN ('BBfg','BBgr')) ORDER BY VALUE DESC LIMIT 2",
 "sqlResult": "{23} || {20}",
 "nlq": "What are the largest 2 numbers of days with BBgr or BBfg in AApv?"},
{"name": "template 13",
 "sql": "SELECT Value FROM DBdata WHERE (AA IN ('AAct')) AND (BB IN ('BBfg','BBgr')) ORDER BY VALUE DESC",
 "sqlResult": "{27} || {22} || {19} || {2}",
 "nlq": "What are the numbers of days ordered by descending values with BBgr or BBfg in AAct?"},
{"name": "template 14",
 "sql": "SELECT BB,CC FROM DBdata WHERE (AA IN ('AApv')) AND Value < 16.38",
 "sqlResult": "{BBgr | CClx}",
 "nlq": "What are the BB and CC for which the number of days in AApv is lower than 16.38?"},
{"name": "template 15",
 "sql": "SELECT BB,CC,Value FROM DBdata WHERE (AA IN ('AAct')) AND (BB,CC) IN (SELECT BB,CC FROM DBdata WHERE (AA IN ('AApv')) AND Value < 16.38)",
 "sqlResult": "{BBgr | CClx | 2}",
 "nlq": "How many days were there in AAct with BB and with CC for which the number of days in AApv is lower than 16.38? Please, report the corresponding BB, CC, and number of days."}]
}

