{
"filename": "Weather_statistics_set10_5_DB.csv",
"questions": [{"name": "template 1",
 "sql": "SELECT Value FROM DBdata WHERE (Year IN ('2020')) AND ((Characteristic = 'Wind' AND Intensity = 'Calm'))",
 "sqlResult": "{0}",
 "nlq": "How many days were there with Calm Wind in 2020?"},
{"name": "template 2",
 "sql": "SELECT Value FROM DBdata WHERE (Year IN ('2020')) AND ((Characteristic = 'Temperature' AND Intensity = '0-10') OR (Characteristic = 'Temperature' AND Intensity = '11-20') OR (Characteristic = 'Temperature' AND Intensity = '21-30') OR (Characteristic = 'Wind' AND Intensity = 'Calm') OR (Characteristic = 'Wind' AND Intensity = 'Breeze') OR (Characteristic = 'Wind' AND Intensity = 'Storm'))",
 "sqlResult": "{11} || {8} || {17} || {0} || {6} || {2}",
 "nlq": "How many days were there with 0-10, 11-20, or 21-30 Temperature or Breeze, Calm, or Storm Wind in 2020?"},
{"name": "template 3",
 "sql": "SELECT Value FROM DBdata WHERE (Year IN ('2019')) AND ((Characteristic = 'Wind' AND Intensity = 'Storm'))",
 "sqlResult": "{10}",
 "nlq": "How many days were there with Storm Wind in 2019?"},
{"name": "template 4",
 "sql": "SELECT max(Value),min(Value) FROM DBdata WHERE (Year IN ('2019')) AND ((Characteristic = 'Temperature' AND Intensity = '21-30'))",
 "sqlResult": "{24 | 24}",
 "nlq": "What are the maximum and minimum numbers of days with 21-30 Temperature in 2019?"},
{"name": "template 6",
 "sql": "SELECT Value FROM DBdata WHERE (Year IN ('2019','2020')) AND ((Characteristic = 'Temperature' AND Intensity = '0-10') OR (Characteristic = 'Temperature' AND Intensity = '11-20') OR (Characteristic = 'Wind' AND Intensity = 'Calm') OR (Characteristic = 'Wind' AND Intensity = 'Storm'))",
 "sqlResult": "{19} || {11} || {21} || {8} || {9} || {0} || {10} || {2}",
 "nlq": "How many days were there with 0-10 or 11-20 Temperature or Calm or Storm Wind in 2019 or 2020?"},
{"name": "template 7",
 "sql": "SELECT sum(Value),min(Value) FROM DBdata WHERE (Year IN ('2020')) AND ((Characteristic = 'Temperature' AND Intensity = '21-30') OR (Characteristic = 'Wind' AND Intensity = 'Calm') OR (Characteristic = 'Wind' AND Intensity = 'Breeze') OR (Characteristic = 'Wind' AND Intensity = 'Storm'))",
 "sqlResult": "{25 | 0}",
 "nlq": "What are the total and minimum numbers of days with 21-30 Temperature or Breeze, Calm, or Storm Wind in 2020?"},
{"name": "template 8",
 "sql": "SELECT Year,min(Value),avg(Value) FROM DBdata WHERE (Year IN ('2019')) AND ((Characteristic = 'Temperature' AND Intensity = '0-10') OR (Characteristic = 'Temperature' AND Intensity = '11-20') OR (Characteristic = 'Wind' AND Intensity = 'Calm') OR (Characteristic = 'Wind' AND Intensity = 'Breeze')) GROUP BY Year",
 "sqlResult": "{2019 | 4 | 13.25}",
 "nlq": "What are the minimum and average numbers of days for each Year, with 0-10 or 11-20 Temperature or Breeze or Calm Wind in 2019? Please, report the corresponding Year."},
{"name": "template 9",
 "sql": "SELECT min(Value) FROM DBdata WHERE (Year IN ('2020')) AND (Characteristic IN ('Temperature','Wind')) GROUP BY Characteristic",
 "sqlResult": "{8} || {0}",
 "nlq": "What is the minimum number of days for each Characteristic, with Temperature or Wind in 2020?"},
{"name": "template 10",
 "sql": "SELECT Characteristic,min(Value) FROM DBdata WHERE (Year IN ('2019')) AND (Characteristic IN ('Temperature','Wind')) GROUP BY Characteristic",
 "sqlResult": "{Temperature | 19} || {Wind | 4}",
 "nlq": "What is the minimum number of days for each Characteristic, with Temperature or Wind in 2019? Please, report the corresponding Characteristic."},
{"name": "template 11",
 "sql": "SELECT Characteristic,Year,sum(Value) FROM DBdata WHERE (Year IN ('2020')) AND (Characteristic IN ('Temperature','Wind')) GROUP BY Characteristic,Year",
 "sqlResult": "{Temperature | 2020 | 36} || {Wind | 2020 | 8}",
 "nlq": "What is the total number of days for each Characteristic and Year, with Temperature or Wind in 2020? Please, report the corresponding Characteristic and Year."},
{"name": "template 12",
 "sql": "SELECT Value FROM DBdata WHERE (Year IN ('2019')) AND (Characteristic IN ('Temperature','Wind')) ORDER BY VALUE ASC LIMIT 4",
 "sqlResult": "{4} || {9} || {10} || {19}",
 "nlq": "What are the smallest 4 numbers of days with Temperature or Wind in 2019?"},
{"name": "template 13",
 "sql": "SELECT Value FROM DBdata WHERE (Year IN ('2019')) AND (Characteristic IN ('Temperature','Wind')) ORDER BY VALUE ASC",
 "sqlResult": "{4} || {9} || {10} || {19} || {21} || {24}",
 "nlq": "What are the numbers of days ordered by ascending values with Temperature or Wind in 2019?"},
{"name": "template 14",
 "sql": "SELECT Characteristic,Intensity FROM DBdata WHERE (Year IN ('2019')) AND Value > 10.92",
 "sqlResult": "{Temperature | 0-10} || {Temperature | 11-20} || {Temperature | 21-30}",
 "nlq": "What are the Characteristic and Intensity for which the number of days in 2019 is greater than 10.92?"},
{"name": "template 15",
 "sql": "SELECT Characteristic,Intensity,Value FROM DBdata WHERE (Year IN ('2020')) AND (Characteristic,Intensity) IN (SELECT Characteristic,Intensity FROM DBdata WHERE (Year IN ('2019')) AND Value > 10.92)",
 "sqlResult": "{Temperature | 0-10 | 11} || {Temperature | 11-20 | 8} || {Temperature | 21-30 | 17}",
 "nlq": "How many days were there in 2020 with Characteristic and with Intensity for which the number of days in 2019 is greater than 10.92? Please, report the corresponding Characteristic, Intensity, and number of days."}]
}
