{
"filename": "Weather_statistics_set6_3_DB.csv",
"questions": [{"name": "template 1",
 "sql": "SELECT Value FROM DBdata WHERE (AA IN ('AAps')) AND ((BB = 'BBjx' AND CC = 'CCpy'))",
 "sqlResult": "{3}",
 "nlq": "How many days were there with CCpy BBjx in AAps?"},
{"name": "template 2",
 "sql": "SELECT Value FROM DBdata WHERE (AA IN ('AAgl')) AND ((BB = 'BBgj' AND CC = 'CCsz') OR (BB = 'BBgj' AND CC = 'CCgw'))",
 "sqlResult": "{2} || {19}",
 "nlq": "How many days were there with CCgw or CCsz BBgj in AAgl?"},
{"name": "template 3",
 "sql": "SELECT Value FROM DBdata WHERE (AA IN ('AAwx','AAps','AAgl')) AND ((BB = 'BBjx' AND CC = 'CCbq'))",
 "sqlResult": "{11} || {23} || {25}",
 "nlq": "How many days were there with CCbq BBjx in AAwx, AAps, or AAgl?"},
{"name": "template 4",
 "sql": "SELECT sum(Value),avg(Value) FROM DBdata WHERE (AA IN ('AAwx','AAgl')) AND ((BB = 'BBgj' AND CC = 'CCgw'))",
 "sqlResult": "{47 | 23.5}",
 "nlq": "What are the total and average numbers of days with CCgw BBgj in AAwx or AAgl?"},
{"name": "template 6",
 "sql": "SELECT Value FROM DBdata WHERE (AA IN ('AAps','AAgl')) AND ((BB = 'BBjx' AND CC = 'CCbq') OR (BB = 'BBjx' AND CC = 'CCpy') OR (BB = 'BBgj' AND CC = 'CCsz') OR (BB = 'BBgj' AND CC = 'CCgw'))",
 "sqlResult": "{23} || {25} || {3} || {7} || {4} || {2} || {12} || {19}",
 "nlq": "How many days were there with CCpy or CCbq BBjx or CCgw or CCsz BBgj in AAps or AAgl?"},
{"name": "template 7",
 "sql": "SELECT max(Value),min(Value) FROM DBdata WHERE (AA IN ('AAps')) AND ((BB = 'BBjx' AND CC = 'CCbq') OR (BB = 'BBgj' AND CC = 'CCsz') OR (BB = 'BBgj' AND CC = 'CCgw'))",
 "sqlResult": "{23 | 4}",
 "nlq": "What are the maximum and minimum numbers of days with CCbq BBjx or CCgw or CCsz BBgj in AAps?"},
{"name": "template 8",
 "sql": "SELECT AA,min(Value),max(Value) FROM DBdata WHERE (AA IN ('AAps','AAgl')) AND ((BB = 'BBjx' AND CC = 'CCbq') OR (BB = 'BBjx' AND CC = 'CCpy') OR (BB = 'BBgj' AND CC = 'CCgw')) GROUP BY AA",
 "sqlResult": "{AAps | 3 | 23} || {AAgl | 7 | 25}",
 "nlq": "What are the minimum and maximum numbers of days for each AA, with CCpy or CCbq BBjx or CCgw BBgj in AAps or AAgl? Please, report the corresponding AA."},
{"name": "template 9",
 "sql": "SELECT min(Value) FROM DBdata WHERE (AA IN ('AAps')) AND (BB IN ('BBjx','BBgj')) GROUP BY BB",
 "sqlResult": "{4} || {3}",
 "nlq": "What is the minimum number of days for each BB, with BBgj or BBjx in AAps?"},
{"name": "template 10",
 "sql": "SELECT BB,avg(Value) FROM DBdata WHERE (AA IN ('AAgl')) AND (BB IN ('BBjx','BBgj')) GROUP BY BB",
 "sqlResult": "{BBgj | 10.5} || {BBjx | 16}",
 "nlq": "What is the average number of days for each BB, with BBgj or BBjx in AAgl? Please, report the corresponding BB."},
{"name": "template 11",
 "sql": "SELECT BB,AA,min(Value) FROM DBdata WHERE (AA IN ('AAwx','AAgl')) AND (BB IN ('BBjx','BBgj')) GROUP BY BB,AA",
 "sqlResult": "{BBgj | AAwx | 26} || {BBgj | AAgl | 2} || {BBjx | AAwx | 11} || {BBjx | AAgl | 7}",
 "nlq": "What is the minimum number of days for each BB and AA, with BBgj or BBjx in AAwx or AAgl? Please, report the corresponding BB and AA."},
{"name": "template 12",
 "sql": "SELECT Value FROM DBdata WHERE (AA IN ('AAps')) AND (BB IN ('BBjx','BBgj')) ORDER BY VALUE DESC LIMIT 2",
 "sqlResult": "{23} || {12}",
 "nlq": "What are the largest 2 numbers of days with BBgj or BBjx in AAps?"},
{"name": "template 13",
 "sql": "SELECT Value FROM DBdata WHERE (AA IN ('AAgl')) AND (BB IN ('BBjx','BBgj')) ORDER BY VALUE ASC",
 "sqlResult": "{2} || {7} || {19} || {25}",
 "nlq": "What are the numbers of days ordered by ascending values with BBgj or BBjx in AAgl?"},
{"name": "template 14",
 "sql": "SELECT BB,CC FROM DBdata WHERE (AA IN ('AAwx')) AND Value > 14.42",
 "sqlResult": "{BBgj | CCsz} || {BBgj | CCgw}",
 "nlq": "What are the BB and CC for which the number of days in AAwx is greater than 14.42?"},
{"name": "template 15",
 "sql": "SELECT BB,CC,Value FROM DBdata WHERE (AA IN ('AAgl')) AND (BB,CC) IN (SELECT BB,CC FROM DBdata WHERE (AA IN ('AAwx')) AND Value > 14.42)",
 "sqlResult": "{BBgj | CCsz | 2} || {BBgj | CCgw | 19}",
 "nlq": "How many days were there in AAgl with BB and with CC for which the number of days in AAwx is greater than 14.42? Please, report the corresponding BB, CC, and number of days."}]
}

