{
"filename": "Weather_statistics_set4_5_DB.csv",
"questions": [{"name": "template 1",
 "sql": "SELECT Value FROM DBdata WHERE (Year IN ('2020')) AND ((Characteristic = 'Temperature' AND Intensity = '21-30'))",
 "sqlResult": "{26}",
 "nlq": "How many days were there with 21-30 Temperature in 2020?"},
{"name": "template 2",
 "sql": "SELECT Value FROM DBdata WHERE (Year IN ('2021')) AND ((Characteristic = 'Temperature' AND Intensity = '0-10') OR (Characteristic = 'Temperature' AND Intensity = '11-20') OR (Characteristic = 'Temperature' AND Intensity = '21-30') OR (Characteristic = 'Wind' AND Intensity = 'Calm'))",
 "sqlResult": "{9} || {8} || {20} || {18}",
 "nlq": "How many days were there with 0-10, 11-20, or 21-30 Temperature or Calm Wind in 2021?"},
{"name": "template 3",
 "sql": "SELECT Value FROM DBdata WHERE (Year IN ('2020','2021')) AND ((Characteristic = 'Wind' AND Intensity = 'Calm'))",
 "sqlResult": "{6} || {18}",
 "nlq": "How many days were there with Calm Wind in 2020 or 2021?"},
{"name": "template 4",
 "sql": "SELECT sum(Value),min(Value) FROM DBdata WHERE (Year IN ('2020','2021','2022')) AND ((Characteristic = 'Wind' AND Intensity = 'Breeze'))",
 "sqlResult": "{56 | 10}",
 "nlq": "What are the total and minimum numbers of days with Breeze Wind in 2020, 2021, or 2022?"},
{"name": "template 6",
 "sql": "SELECT Value FROM DBdata WHERE (Year IN ('2021','2022')) AND ((Characteristic = 'Temperature' AND Intensity = '11-20') OR (Characteristic = 'Temperature' AND Intensity = '21-30'))",
 "sqlResult": "{8} || {17} || {20} || {12}",
 "nlq": "How many days were there with 11-20 or 21-30 Temperature in 2021 or 2022?"},
{"name": "template 7",
 "sql": "SELECT max(Value),avg(Value) FROM DBdata WHERE (Year IN ('2020')) AND ((Characteristic = 'Temperature' AND Intensity = '0-10') OR (Characteristic = 'Wind' AND Intensity = 'Calm') OR (Characteristic = 'Wind' AND Intensity = 'Breeze'))",
 "sqlResult": "{25 | 18}",
 "nlq": "What are the maximum and average numbers of days with 0-10 Temperature or Breeze or Calm Wind in 2020?"},
{"name": "template 8",
 "sql": "SELECT Year,sum(Value),avg(Value) FROM DBdata WHERE (Year IN ('2020','2022')) AND ((Characteristic = 'Temperature' AND Intensity = '11-20') OR (Characteristic = 'Temperature' AND Intensity = '21-30') OR (Characteristic = 'Wind' AND Intensity = 'Calm') OR (Characteristic = 'Wind' AND Intensity = 'Breeze')) GROUP BY Year",
 "sqlResult": "{2020 | 71 | 17.75} || {2022 | 55 | 13.75}",
 "nlq": "What are the total and average numbers of days for each Year, with 11-20 or 21-30 Temperature or Breeze or Calm Wind in 2020 or 2022? Please, report the corresponding Year."},
{"name": "template 9",
 "sql": "SELECT min(Value) FROM DBdata WHERE (Year IN ('2022')) AND (Characteristic IN ('Temperature','Wind')) GROUP BY Characteristic",
 "sqlResult": "{12} || {5}",
 "nlq": "What is the minimum number of days for each Characteristic, with Temperature or Wind in 2022?"},
{"name": "template 10",
 "sql": "SELECT Characteristic,max(Value) FROM DBdata WHERE (Year IN ('2020')) AND (Characteristic IN ('Temperature','Wind')) GROUP BY Characteristic",
 "sqlResult": "{Temperature | 26} || {Wind | 25}",
 "nlq": "What is the maximum number of days for each Characteristic, with Temperature or Wind in 2020? Please, report the corresponding Characteristic."},
{"name": "template 11",
 "sql": "SELECT Characteristic,Year,avg(Value) FROM DBdata WHERE (Year IN ('2021','2022')) AND (Characteristic IN ('Temperature','Wind')) GROUP BY Characteristic,Year",
 "sqlResult": "{Temperature | 2021 | 12.33} || {Temperature | 2022 | 14.67} || {Wind | 2021 | 14} || {Wind | 2022 | 13}",
 "nlq": "What is the average number of days for each Characteristic and Year, with Temperature or Wind in 2021 or 2022? Please, report the corresponding Characteristic and Year."},
{"name": "template 12",
 "sql": "SELECT Value FROM DBdata WHERE (Year IN ('2020')) AND (Characteristic IN ('Temperature','Wind')) ORDER BY VALUE DESC LIMIT 3",
 "sqlResult": "{26} || {25} || {23}",
 "nlq": "What are the largest 3 numbers of days with Temperature or Wind in 2020?"},
{"name": "template 13",
 "sql": "SELECT Value FROM DBdata WHERE (Year IN ('2022')) AND (Characteristic IN ('Temperature','Wind')) ORDER BY VALUE ASC",
 "sqlResult": "{5} || {12} || {15} || {17} || {21}",
 "nlq": "What are the numbers of days ordered by ascending values with Temperature or Wind in 2022?"},
{"name": "template 14",
 "sql": "SELECT Characteristic,Intensity FROM DBdata WHERE (Year IN ('2020')) AND Value < 15.27",
 "sqlResult": "{Temperature | 11-20} || {Wind | Calm}",
 "nlq": "What are the Characteristic and Intensity for which the number of days in 2020 is lower than 15.27?"},
{"name": "template 15",
 "sql": "SELECT Characteristic,Intensity,Value FROM DBdata WHERE (Year IN ('2022')) AND (Characteristic,Intensity) IN (SELECT Characteristic,Intensity FROM DBdata WHERE (Year IN ('2020')) AND Value < 15.27)",
 "sqlResult": "{Temperature | 11-20 | 17} || {Wind | Calm | 5}",
 "nlq": "How many days were there in 2022 with Characteristic and with Intensity for which the number of days in 2020 is lower than 15.27? Please, report the corresponding Characteristic, Intensity, and number of days."}]
}
