{
"filename": "Weather_statistics_set10_5_DB.csv",
"questions": [{"name": "template 1",
 "sql": "SELECT Value FROM DBdata WHERE (AA IN ('AAqw')) AND ((BB = 'BBhr' AND CC = 'CCkz'))",
 "sqlResult": "{0}",
 "nlq": "How many days were there with CCkz BBhr in AAqw?"},
{"name": "template 2",
 "sql": "SELECT Value FROM DBdata WHERE (AA IN ('AAqw')) AND ((BB = 'BBdv' AND CC = 'CCbw') OR (BB = 'BBdv' AND CC = 'CCbz') OR (BB = 'BBdv' AND CC = 'CCcs') OR (BB = 'BBhr' AND CC = 'CCkz') OR (BB = 'BBhr' AND CC = 'CClq') OR (BB = 'BBhr' AND CC = 'CCcr'))",
 "sqlResult": "{11} || {8} || {17} || {0} || {6} || {2}",
 "nlq": "How many days were there with CCbw, CCbz, or CCcs BBdv or CClq, CCkz, or CCcr BBhr in AAqw?"},
{"name": "template 3",
 "sql": "SELECT Value FROM DBdata WHERE (AA IN ('AAgn')) AND ((BB = 'BBhr' AND CC = 'CCcr'))",
 "sqlResult": "{10}",
 "nlq": "How many days were there with CCcr BBhr in AAgn?"},
{"name": "template 4",
 "sql": "SELECT max(Value),min(Value) FROM DBdata WHERE (AA IN ('AAgn')) AND ((BB = 'BBdv' AND CC = 'CCcs'))",
 "sqlResult": "{24 | 24}",
 "nlq": "What are the maximum and minimum numbers of days with CCcs BBdv in AAgn?"},
{"name": "template 6",
 "sql": "SELECT Value FROM DBdata WHERE (AA IN ('AAgn','AAqw')) AND ((BB = 'BBdv' AND CC = 'CCbw') OR (BB = 'BBdv' AND CC = 'CCbz') OR (BB = 'BBhr' AND CC = 'CCkz') OR (BB = 'BBhr' AND CC = 'CCcr'))",
 "sqlResult": "{19} || {11} || {21} || {8} || {9} || {0} || {10} || {2}",
 "nlq": "How many days were there with CCbw or CCbz BBdv or CCkz or CCcr BBhr in AAgn or AAqw?"},
{"name": "template 7",
 "sql": "SELECT sum(Value),min(Value) FROM DBdata WHERE (AA IN ('AAqw')) AND ((BB = 'BBdv' AND CC = 'CCcs') OR (BB = 'BBhr' AND CC = 'CCkz') OR (BB = 'BBhr' AND CC = 'CClq') OR (BB = 'BBhr' AND CC = 'CCcr'))",
 "sqlResult": "{25 | 0}",
 "nlq": "What are the total and minimum numbers of days with CCcs BBdv or CClq, CCkz, or CCcr BBhr in AAqw?"},
{"name": "template 8",
 "sql": "SELECT AA,min(Value),avg(Value) FROM DBdata WHERE (AA IN ('AAgn')) AND ((BB = 'BBdv' AND CC = 'CCbw') OR (BB = 'BBdv' AND CC = 'CCbz') OR (BB = 'BBhr' AND CC = 'CCkz') OR (BB = 'BBhr' AND CC = 'CClq')) GROUP BY AA",
 "sqlResult": "{AAgn | 4 | 13.25}",
 "nlq": "What are the minimum and average numbers of days for each AA, with CCbw or CCbz BBdv or CClq or CCkz BBhr in AAgn? Please, report the corresponding AA."},
{"name": "template 9",
 "sql": "SELECT min(Value) FROM DBdata WHERE (AA IN ('AAqw')) AND (BB IN ('BBdv','BBhr')) GROUP BY BB",
 "sqlResult": "{8} || {0}",
 "nlq": "What is the minimum number of days for each BB, with BBdv or BBhr in AAqw?"},
{"name": "template 10",
 "sql": "SELECT BB,min(Value) FROM DBdata WHERE (AA IN ('AAgn')) AND (BB IN ('BBdv','BBhr')) GROUP BY BB",
 "sqlResult": "{BBdv | 19} || {BBhr | 4}",
 "nlq": "What is the minimum number of days for each BB, with BBdv or BBhr in AAgn? Please, report the corresponding BB."},
{"name": "template 11",
 "sql": "SELECT BB,AA,sum(Value) FROM DBdata WHERE (AA IN ('AAqw')) AND (BB IN ('BBdv','BBhr')) GROUP BY BB,AA",
 "sqlResult": "{BBdv | AAqw | 36} || {BBhr | AAqw | 8}",
 "nlq": "What is the total number of days for each BB and AA, with BBdv or BBhr in AAqw? Please, report the corresponding BB and AA."},
{"name": "template 12",
 "sql": "SELECT Value FROM DBdata WHERE (AA IN ('AAgn')) AND (BB IN ('BBdv','BBhr')) ORDER BY VALUE ASC LIMIT 4",
 "sqlResult": "{4} || {9} || {10} || {19}",
 "nlq": "What are the smallest 4 numbers of days with BBdv or BBhr in AAgn?"},
{"name": "template 13",
 "sql": "SELECT Value FROM DBdata WHERE (AA IN ('AAgn')) AND (BB IN ('BBdv','BBhr')) ORDER BY VALUE ASC",
 "sqlResult": "{4} || {9} || {10} || {19} || {21} || {24}",
 "nlq": "What are the numbers of days ordered by ascending values with BBdv or BBhr in AAgn?"},
{"name": "template 14",
 "sql": "SELECT BB,CC FROM DBdata WHERE (AA IN ('AAgn')) AND Value > 10.92",
 "sqlResult": "{BBdv | CCbw} || {BBdv | CCbz} || {BBdv | CCcs}",
 "nlq": "What are the BB and CC for which the number of days in AAgn is greater than 10.92?"},
{"name": "template 15",
 "sql": "SELECT BB,CC,Value FROM DBdata WHERE (AA IN ('AAqw')) AND (BB,CC) IN (SELECT BB,CC FROM DBdata WHERE (AA IN ('AAgn')) AND Value > 10.92)",
 "sqlResult": "{BBdv | CCbw | 11} || {BBdv | CCbz | 8} || {BBdv | CCcs | 17}",
 "nlq": "How many days were there in AAqw with BB and with CC for which the number of days in AAgn is greater than 10.92? Please, report the corresponding BB, CC, and number of days."}]
}

