{
"filename": "Weather_statistics_set6_3_DB.csv",
"questions": [{"name": "template 1",
 "sql": "SELECT Value FROM DBdata WHERE (Year IN ('2018')) AND ((Characteristic = 'Wind' AND Intensity = 'Breeze'))",
 "sqlResult": "{3}",
 "nlq": "How many days were there with Breeze Wind in 2018?"},
{"name": "template 2",
 "sql": "SELECT Value FROM DBdata WHERE (Year IN ('2019')) AND ((Characteristic = 'Humidity' AND Intensity = 'Medium') OR (Characteristic = 'Humidity' AND Intensity = 'High'))",
 "sqlResult": "{2} || {19}",
 "nlq": "How many days were there with High or Medium Humidity in 2019?"},
{"name": "template 3",
 "sql": "SELECT Value FROM DBdata WHERE (Year IN ('2017','2018','2019')) AND ((Characteristic = 'Wind' AND Intensity = 'Calm'))",
 "sqlResult": "{11} || {23} || {25}",
 "nlq": "How many days were there with Calm Wind in 2017, 2018, or 2019?"},
{"name": "template 4",
 "sql": "SELECT sum(Value),avg(Value) FROM DBdata WHERE (Year IN ('2017','2019')) AND ((Characteristic = 'Humidity' AND Intensity = 'High'))",
 "sqlResult": "{47 | 23.5}",
 "nlq": "What are the total and average numbers of days with High Humidity in 2017 or 2019?"},
{"name": "template 6",
 "sql": "SELECT Value FROM DBdata WHERE (Year IN ('2018','2019')) AND ((Characteristic = 'Wind' AND Intensity = 'Calm') OR (Characteristic = 'Wind' AND Intensity = 'Breeze') OR (Characteristic = 'Humidity' AND Intensity = 'Medium') OR (Characteristic = 'Humidity' AND Intensity = 'High'))",
 "sqlResult": "{23} || {25} || {3} || {7} || {4} || {2} || {12} || {19}",
 "nlq": "How many days were there with Breeze or Calm Wind or High or Medium Humidity in 2018 or 2019?"},
{"name": "template 7",
 "sql": "SELECT max(Value),min(Value) FROM DBdata WHERE (Year IN ('2018')) AND ((Characteristic = 'Wind' AND Intensity = 'Calm') OR (Characteristic = 'Humidity' AND Intensity = 'Medium') OR (Characteristic = 'Humidity' AND Intensity = 'High'))",
 "sqlResult": "{23 | 4}",
 "nlq": "What are the maximum and minimum numbers of days with Calm Wind or High or Medium Humidity in 2018?"},
{"name": "template 8",
 "sql": "SELECT Year,min(Value),max(Value) FROM DBdata WHERE (Year IN ('2018','2019')) AND ((Characteristic = 'Wind' AND Intensity = 'Calm') OR (Characteristic = 'Wind' AND Intensity = 'Breeze') OR (Characteristic = 'Humidity' AND Intensity = 'High')) GROUP BY Year",
 "sqlResult": "{2018 | 3 | 23} || {2019 | 7 | 25}",
 "nlq": "What are the minimum and maximum numbers of days for each Year, with Breeze or Calm Wind or High Humidity in 2018 or 2019? Please, report the corresponding Year."},
{"name": "template 9",
 "sql": "SELECT min(Value) FROM DBdata WHERE (Year IN ('2018')) AND (Characteristic IN ('Wind','Humidity')) GROUP BY Characteristic",
 "sqlResult": "{4} || {3}",
 "nlq": "What is the minimum number of days for each Characteristic, with Humidity or Wind in 2018?"},
{"name": "template 10",
 "sql": "SELECT Characteristic,avg(Value) FROM DBdata WHERE (Year IN ('2019')) AND (Characteristic IN ('Wind','Humidity')) GROUP BY Characteristic",
 "sqlResult": "{Humidity | 10.5} || {Wind | 16}",
 "nlq": "What is the average number of days for each Characteristic, with Humidity or Wind in 2019? Please, report the corresponding Characteristic."},
{"name": "template 11",
 "sql": "SELECT Characteristic,Year,min(Value) FROM DBdata WHERE (Year IN ('2017','2019')) AND (Characteristic IN ('Wind','Humidity')) GROUP BY Characteristic,Year",
 "sqlResult": "{Humidity | 2017 | 26} || {Humidity | 2019 | 2} || {Wind | 2017 | 11} || {Wind | 2019 | 7}",
 "nlq": "What is the minimum number of days for each Characteristic and Year, with Humidity or Wind in 2017 or 2019? Please, report the corresponding Characteristic and Year."},
{"name": "template 12",
 "sql": "SELECT Value FROM DBdata WHERE (Year IN ('2018')) AND (Characteristic IN ('Wind','Humidity')) ORDER BY VALUE DESC LIMIT 2",
 "sqlResult": "{23} || {12}",
 "nlq": "What are the largest 2 numbers of days with Humidity or Wind in 2018?"},
{"name": "template 13",
 "sql": "SELECT Value FROM DBdata WHERE (Year IN ('2019')) AND (Characteristic IN ('Wind','Humidity')) ORDER BY VALUE ASC",
 "sqlResult": "{2} || {7} || {19} || {25}",
 "nlq": "What are the numbers of days ordered by ascending values with Humidity or Wind in 2019?"},
{"name": "template 14",
 "sql": "SELECT Characteristic,Intensity FROM DBdata WHERE (Year IN ('2017')) AND Value > 14.42",
 "sqlResult": "{Humidity | Medium} || {Humidity | High}",
 "nlq": "What are the Characteristic and Intensity for which the number of days in 2017 is greater than 14.42?"},
{"name": "template 15",
 "sql": "SELECT Characteristic,Intensity,Value FROM DBdata WHERE (Year IN ('2019')) AND (Characteristic,Intensity) IN (SELECT Characteristic,Intensity FROM DBdata WHERE (Year IN ('2017')) AND Value > 14.42)",
 "sqlResult": "{Humidity | Medium | 2} || {Humidity | High | 19}",
 "nlq": "How many days were there in 2019 with Characteristic and with Intensity for which the number of days in 2017 is greater than 14.42? Please, report the corresponding Characteristic, Intensity, and number of days."}]
}
