{
"filename": "Weather_statistics_set3_4_DB.csv",
"questions": [{"name": "template 1",
 "sql": "SELECT Value FROM DBdata WHERE (AA IN ('AAqr')) AND ((BB = 'BBcy' AND CC = 'CCqx'))",
 "sqlResult": "{14}",
 "nlq": "How many days were there with CCqx BBcy in AAqr?"},
{"name": "template 2",
 "sql": "SELECT Value FROM DBdata WHERE (AA IN ('AAqr')) AND ((BB = 'BBlt' AND CC = 'CChx') OR (BB = 'BBlt' AND CC = 'CCft') OR (BB = 'BBcy' AND CC = 'CCqx') OR (BB = 'BBcy' AND CC = 'CCcf') OR (BB = 'BBcy' AND CC = 'CCmv'))",
 "sqlResult": "{10} || {25} || {14} || {13} || {15}",
 "nlq": "How many days were there with CChx or CCft BBlt or CCmv, CCqx, or CCcf BBcy in AAqr?"},
{"name": "template 3",
 "sql": "SELECT Value FROM DBdata WHERE (AA IN ('AArw')) AND ((BB = 'BBlt' AND CC = 'CCft'))",
 "sqlResult": "{23}",
 "nlq": "How many days were there with CCft BBlt in AArw?"},
{"name": "template 4",
 "sql": "SELECT sum(Value),avg(Value) FROM DBdata WHERE (AA IN ('AAqr')) AND ((BB = 'BBlt' AND CC = 'CChx'))",
 "sqlResult": "{10 | 10}",
 "nlq": "What are the total and average numbers of days with CChx BBlt in AAqr?"},
{"name": "template 6",
 "sql": "SELECT Value FROM DBdata WHERE (AA IN ('AAqr')) AND ((BB = 'BBlt' AND CC = 'CChx') OR (BB = 'BBlt' AND CC = 'CCft') OR (BB = 'BBcy' AND CC = 'CCmv'))",
 "sqlResult": "{10} || {25} || {15}",
 "nlq": "How many days were there with CChx or CCft BBlt or CCmv BBcy in AAqr?"},
{"name": "template 7",
 "sql": "SELECT min(Value),avg(Value) FROM DBdata WHERE (AA IN ('AArw')) AND ((BB = 'BBcy' AND CC = 'CCqx') OR (BB = 'BBcy' AND CC = 'CCcf') OR (BB = 'BBcy' AND CC = 'CCmv'))",
 "sqlResult": "{3 | 4.33}",
 "nlq": "What are the minimum and average numbers of days with CCmv, CCqx, or CCcf BBcy in AArw?"},
{"name": "template 8",
 "sql": "SELECT AA,avg(Value),min(Value) FROM DBdata WHERE (AA IN ('AArw','AAqr')) AND ((BB = 'BBlt' AND CC = 'CChx') OR (BB = 'BBcy' AND CC = 'CCqx') OR (BB = 'BBcy' AND CC = 'CCcf') OR (BB = 'BBcy' AND CC = 'CCmv')) GROUP BY AA",
 "sqlResult": "{AArw | 8.75 | 3} || {AAqr | 13 | 10}",
 "nlq": "What are the average and minimum numbers of days for each AA, with CChx BBlt or CCmv, CCqx, or CCcf BBcy in AArw or AAqr? Please, report the corresponding AA."},
{"name": "template 9",
 "sql": "SELECT min(Value) FROM DBdata WHERE (AA IN ('AAqr')) AND (BB IN ('BBlt','BBcy')) GROUP BY BB",
 "sqlResult": "{13} || {10}",
 "nlq": "What is the minimum number of days for each BB, with BBcy or BBlt in AAqr?"},
{"name": "template 10",
 "sql": "SELECT BB,min(Value) FROM DBdata WHERE (AA IN ('AAqr')) AND (BB IN ('BBlt','BBcy')) GROUP BY BB",
 "sqlResult": "{BBcy | 13} || {BBlt | 10}",
 "nlq": "What is the minimum number of days for each BB, with BBcy or BBlt in AAqr? Please, report the corresponding BB."},
{"name": "template 11",
 "sql": "SELECT BB,AA,min(Value) FROM DBdata WHERE (AA IN ('AAqr')) AND (BB IN ('BBlt','BBcy')) GROUP BY BB,AA",
 "sqlResult": "{BBcy | AAqr | 13} || {BBlt | AAqr | 10}",
 "nlq": "What is the minimum number of days for each BB and AA, with BBcy or BBlt in AAqr? Please, report the corresponding BB and AA."},
{"name": "template 12",
 "sql": "SELECT Value FROM DBdata WHERE (AA IN ('AAqr')) AND (BB IN ('BBlt','BBcy')) ORDER BY VALUE ASC LIMIT 2",
 "sqlResult": "{10} || {13}",
 "nlq": "What are the smallest 2 numbers of days with BBcy or BBlt in AAqr?"},
{"name": "template 13",
 "sql": "SELECT Value FROM DBdata WHERE (AA IN ('AAqr')) AND (BB IN ('BBlt','BBcy')) ORDER BY VALUE DESC",
 "sqlResult": "{25} || {15} || {14} || {13} || {10}",
 "nlq": "What are the numbers of days ordered by descending values with BBcy or BBlt in AAqr?"},
{"name": "template 14",
 "sql": "SELECT BB,CC FROM DBdata WHERE (AA IN ('AAqr')) AND Value > 13.5",
 "sqlResult": "{BBlt | CCft} || {BBcy | CCqx} || {BBcy | CCmv}",
 "nlq": "What are the BB and CC for which the number of days in AAqr is greater than 13.5?"},
{"name": "template 15",
 "sql": "SELECT BB,CC,Value FROM DBdata WHERE (AA IN ('AArw')) AND (BB,CC) IN (SELECT BB,CC FROM DBdata WHERE (AA IN ('AAqr')) AND Value > 13.5)",
 "sqlResult": "{BBlt | CCft | 23} || {BBcy | CCqx | 6} || {BBcy | CCmv | 3}",
 "nlq": "How many days were there in AArw with BB and with CC for which the number of days in AAqr is greater than 13.5? Please, report the corresponding BB, CC, and number of days."}]
}

