{
"filename": "Weather_statistics_set5_3_DB.csv",
"questions": [{"name": "template 1",
 "sql": "SELECT Value FROM DBdata WHERE (Year IN ('2018')) AND ((Characteristic = 'Wind' AND Intensity = 'Calm'))",
 "sqlResult": "{16}",
 "nlq": "How many days were there with Calm Wind in 2018?"},
{"name": "template 2",
 "sql": "SELECT Value FROM DBdata WHERE (Year IN ('2018')) AND ((Characteristic = 'Wind' AND Intensity = 'Calm') OR (Characteristic = 'Wind' AND Intensity = 'Breeze') OR (Characteristic = 'Humidity' AND Intensity = 'Low') OR (Characteristic = 'Humidity' AND Intensity = 'Medium'))",
 "sqlResult": "{16} || {23} || {28} || {25}",
 "nlq": "How many days were there with Breeze or Calm Wind or Low or Medium Humidity in 2018?"},
{"name": "template 3",
 "sql": "SELECT Value FROM DBdata WHERE (Year IN ('2018','2019','2020')) AND ((Characteristic = 'Humidity' AND Intensity = 'Medium'))",
 "sqlResult": "{25} || {15} || {17}",
 "nlq": "How many days were there with Medium Humidity in 2018, 2019, or 2020?"},
{"name": "template 4",
 "sql": "SELECT avg(Value),sum(Value) FROM DBdata WHERE (Year IN ('2018','2019','2020')) AND ((Characteristic = 'Wind' AND Intensity = 'Calm'))",
 "sqlResult": "{13.33 | 40}",
 "nlq": "What are the average and total numbers of days with Calm Wind in 2018, 2019, or 2020?"},
{"name": "template 6",
 "sql": "SELECT Value FROM DBdata WHERE (Year IN ('2018','2019','2020')) AND ((Characteristic = 'Wind' AND Intensity = 'Breeze') OR (Characteristic = 'Wind' AND Intensity = 'Storm') OR (Characteristic = 'Humidity' AND Intensity = 'High'))",
 "sqlResult": "{23} || {19} || {27} || {6} || {12} || {8} || {7} || {3} || {26}",
 "nlq": "How many days were there with Breeze or Storm Wind or High Humidity in 2018, 2019, or 2020?"},
{"name": "template 7",
 "sql": "SELECT max(Value),sum(Value) FROM DBdata WHERE (Year IN ('2018')) AND ((Characteristic = 'Wind' AND Intensity = 'Breeze') OR (Characteristic = 'Wind' AND Intensity = 'Storm') OR (Characteristic = 'Humidity' AND Intensity = 'Medium'))",
 "sqlResult": "{25 | 54}",
 "nlq": "What are the maximum and total numbers of days with Breeze or Storm Wind or Medium Humidity in 2018?"},
{"name": "template 8",
 "sql": "SELECT Year,avg(Value),min(Value) FROM DBdata WHERE (Year IN ('2018','2019')) AND ((Characteristic = 'Wind' AND Intensity = 'Breeze') OR (Characteristic = 'Wind' AND Intensity = 'Storm') OR (Characteristic = 'Humidity' AND Intensity = 'Low') OR (Characteristic = 'Humidity' AND Intensity = 'Medium') OR (Characteristic = 'Humidity' AND Intensity = 'High')) GROUP BY Year",
 "sqlResult": "{2018 | 17.8 | 6} || {2019 | 13.4 | 3}",
 "nlq": "What are the average and minimum numbers of days for each Year, with Breeze or Storm Wind or High, Low, or Medium Humidity in 2018 or 2019? Please, report the corresponding Year."},
{"name": "template 9",
 "sql": "SELECT min(Value) FROM DBdata WHERE (Year IN ('2019')) AND (Characteristic IN ('Wind','Humidity')) GROUP BY Characteristic",
 "sqlResult": "{3} || {2}",
 "nlq": "What is the minimum number of days for each Characteristic, with Humidity or Wind in 2019?"},
{"name": "template 10",
 "sql": "SELECT Characteristic,min(Value) FROM DBdata WHERE (Year IN ('2019')) AND (Characteristic IN ('Wind','Humidity')) GROUP BY Characteristic",
 "sqlResult": "{Humidity | 3} || {Wind | 2}",
 "nlq": "What is the minimum number of days for each Characteristic, with Humidity or Wind in 2019? Please, report the corresponding Characteristic."},
{"name": "template 11",
 "sql": "SELECT Characteristic,Year,max(Value) FROM DBdata WHERE (Year IN ('2018','2019','2020')) AND (Characteristic IN ('Wind','Humidity')) GROUP BY Characteristic,Year",
 "sqlResult": "{Humidity | 2018 | 28} || {Humidity | 2019 | 18} || {Humidity | 2020 | 26} || {Wind | 2018 | 23} || {Wind | 2019 | 19} || {Wind | 2020 | 27}",
 "nlq": "What is the maximum number of days for each Characteristic and Year, with Humidity or Wind in 2018, 2019, or 2020? Please, report the corresponding Characteristic and Year."},
{"name": "template 12",
 "sql": "SELECT Value FROM DBdata WHERE (Year IN ('2018')) AND (Characteristic IN ('Wind','Humidity')) ORDER BY VALUE ASC LIMIT 3",
 "sqlResult": "{6} || {7} || {16}",
 "nlq": "What are the smallest 3 numbers of days with Humidity or Wind in 2018?"},
{"name": "template 13",
 "sql": "SELECT Value FROM DBdata WHERE (Year IN ('2019')) AND (Characteristic IN ('Wind','Humidity')) ORDER BY VALUE ASC",
 "sqlResult": "{2} || {3} || {12} || {15} || {18} || {19}",
 "nlq": "What are the numbers of days ordered by ascending values with Humidity or Wind in 2019?"},
{"name": "template 14",
 "sql": "SELECT Characteristic,Intensity FROM DBdata WHERE (Year IN ('2020')) AND Value < 15.78",
 "sqlResult": "{Wind | Storm} || {Humidity | Low}",
 "nlq": "What are the Characteristic and Intensity for which the number of days in 2020 is lower than 15.78?"},
{"name": "template 15",
 "sql": "SELECT Characteristic,Intensity,Value FROM DBdata WHERE (Year IN ('2019')) AND (Characteristic,Intensity) IN (SELECT Characteristic,Intensity FROM DBdata WHERE (Year IN ('2020')) AND Value < 15.78)",
 "sqlResult": "{Wind | Storm | 12} || {Humidity | Low | 18}",
 "nlq": "How many days were there in 2019 with Characteristic and with Intensity for which the number of days in 2020 is lower than 15.78? Please, report the corresponding Characteristic, Intensity, and number of days."}]
}
