{
"filename": "Weather_statistics_set1_4_DB.csv",
"questions": [{"name": "template 1",
 "sql": "SELECT Value FROM DBdata WHERE (Year IN ('2021')) AND ((Characteristic = 'Wind' AND Intensity = 'Calm'))",
 "sqlResult": "{9}",
 "nlq": "How many days were there with Calm Wind in 2021?"},
{"name": "template 2",
 "sql": "SELECT Value FROM DBdata WHERE (Year IN ('2019')) AND ((Characteristic = 'Wind' AND Intensity = 'Calm') OR (Characteristic = 'Wind' AND Intensity = 'Breeze') OR (Characteristic = 'Wind' AND Intensity = 'Storm') OR (Characteristic = 'Humidity' AND Intensity = 'Medium'))",
 "sqlResult": "{13} || {8} || {6} || {14}",
 "nlq": "How many days were there with Breeze, Calm, or Storm Wind or Medium Humidity in 2019?"},
{"name": "template 3",
 "sql": "SELECT Value FROM DBdata WHERE (Year IN ('2020','2021')) AND ((Characteristic = 'Humidity' AND Intensity = 'Medium'))",
 "sqlResult": "{11} || {10}",
 "nlq": "How many days were there with Medium Humidity in 2020 or 2021?"},
{"name": "template 4",
 "sql": "SELECT max(Value),min(Value) FROM DBdata WHERE (Year IN ('2019','2021')) AND ((Characteristic = 'Wind' AND Intensity = 'Calm'))",
 "sqlResult": "{13 | 9}",
 "nlq": "What are the maximum and minimum numbers of days with Calm Wind in 2019 or 2021?"},
{"name": "template 6",
 "sql": "SELECT Value FROM DBdata WHERE (Year IN ('2019','2020','2021')) AND ((Characteristic = 'Wind' AND Intensity = 'Calm') OR (Characteristic = 'Wind' AND Intensity = 'Breeze') OR (Characteristic = 'Wind' AND Intensity = 'Storm') OR (Characteristic = 'Humidity' AND Intensity = 'Low'))",
 "sqlResult": "{13} || {21} || {9} || {8} || {23} || {22} || {6} || {4} || {2} || {27} || {15} || {20}",
 "nlq": "How many days were there with Breeze, Calm, or Storm Wind or Low Humidity in 2019, 2020, or 2021?"},
{"name": "template 7",
 "sql": "SELECT sum(Value),avg(Value) FROM DBdata WHERE (Year IN ('2021')) AND ((Characteristic = 'Wind' AND Intensity = 'Calm') OR (Characteristic = 'Humidity' AND Intensity = 'Low'))",
 "sqlResult": "{29 | 14.5}",
 "nlq": "What are the total and average numbers of days with Calm Wind or Low Humidity in 2021?"},
{"name": "template 8",
 "sql": "SELECT Year,avg(Value),max(Value) FROM DBdata WHERE (Year IN ('2019','2020')) AND ((Characteristic = 'Wind' AND Intensity = 'Calm') OR (Characteristic = 'Wind' AND Intensity = 'Breeze') OR (Characteristic = 'Humidity' AND Intensity = 'Low')) GROUP BY Year",
 "sqlResult": "{2019 | 16 | 27} || {2020 | 19.67 | 23}",
 "nlq": "What are the average and maximum numbers of days for each Year, with Breeze or Calm Wind or Low Humidity in 2019 or 2020? Please, report the corresponding Year."},
{"name": "template 9",
 "sql": "SELECT min(Value) FROM DBdata WHERE (Year IN ('2019')) AND (Characteristic IN ('Wind','Humidity')) GROUP BY Characteristic",
 "sqlResult": "{14} || {6}",
 "nlq": "What is the minimum number of days for each Characteristic, with Humidity or Wind in 2019?"},
{"name": "template 10",
 "sql": "SELECT Characteristic,avg(Value) FROM DBdata WHERE (Year IN ('2020')) AND (Characteristic IN ('Wind','Humidity')) GROUP BY Characteristic",
 "sqlResult": "{Humidity | 13} || {Wind | 16}",
 "nlq": "What is the average number of days for each Characteristic, with Humidity or Wind in 2020? Please, report the corresponding Characteristic."},
{"name": "template 11",
 "sql": "SELECT Characteristic,Year,max(Value) FROM DBdata WHERE (Year IN ('2019','2020','2021')) AND (Characteristic IN ('Wind','Humidity')) GROUP BY Characteristic,Year",
 "sqlResult": "{Humidity | 2019 | 27} || {Humidity | 2020 | 15} || {Humidity | 2021 | 20} || {Wind | 2019 | 13} || {Wind | 2020 | 23} || {Wind | 2021 | 22}",
 "nlq": "What is the maximum number of days for each Characteristic and Year, with Humidity or Wind in 2019, 2020, or 2021? Please, report the corresponding Characteristic and Year."},
{"name": "template 12",
 "sql": "SELECT Value FROM DBdata WHERE (Year IN ('2021')) AND (Characteristic IN ('Wind','Humidity')) ORDER BY VALUE DESC LIMIT 2",
 "sqlResult": "{22} || {20}",
 "nlq": "What are the largest 2 numbers of days with Humidity or Wind in 2021?"},
{"name": "template 13",
 "sql": "SELECT Value FROM DBdata WHERE (Year IN ('2019')) AND (Characteristic IN ('Wind','Humidity')) ORDER BY VALUE ASC",
 "sqlResult": "{6} || {8} || {13} || {14} || {27}",
 "nlq": "What are the numbers of days ordered by ascending values with Humidity or Wind in 2019?"},
{"name": "template 14",
 "sql": "SELECT Characteristic,Intensity FROM DBdata WHERE (Year IN ('2019')) AND Value > 13.67",
 "sqlResult": "{Humidity | Low} || {Humidity | Medium}",
 "nlq": "What are the Characteristic and Intensity for which the number of days in 2019 is greater than 13.67?"},
{"name": "template 15",
 "sql": "SELECT Characteristic,Intensity,Value FROM DBdata WHERE (Year IN ('2020')) AND (Characteristic,Intensity) IN (SELECT Characteristic,Intensity FROM DBdata WHERE (Year IN ('2019')) AND Value > 13.67)",
 "sqlResult": "{Humidity | Low | 15} || {Humidity | Medium | 11}",
 "nlq": "How many days were there in 2020 with Characteristic and with Intensity for which the number of days in 2019 is greater than 13.67? Please, report the corresponding Characteristic, Intensity, and number of days."}]
}
