{
"filename": "Weather_statistics_set5_5_DB.csv",
"questions": [{"name": "template 1",
 "sql": "SELECT Value FROM DBdata WHERE (AA IN ('AAkl')) AND ((BB = 'BBsy' AND CC = 'CCfw'))",
 "sqlResult": "{24}",
 "nlq": "How many days were there with CCfw BBsy in AAkl?"},
{"name": "template 2",
 "sql": "SELECT Value FROM DBdata WHERE (AA IN ('AAmq')) AND ((BB = 'BBsy' AND CC = 'CCfw') OR (BB = 'BBsy' AND CC = 'CChp') OR (BB = 'BBwz' AND CC = 'CCry'))",
 "sqlResult": "{26} || {10} || {28}",
 "nlq": "How many days were there with CCfw or CChp BBsy or CCry BBwz in AAmq?"},
{"name": "template 3",
 "sql": "SELECT Value FROM DBdata WHERE (AA IN ('AAmq','AAcg','AAkl')) AND ((BB = 'BBwz' AND CC = 'CCry'))",
 "sqlResult": "{28} || {27} || {16}",
 "nlq": "How many days were there with CCry BBwz in AAmq, AAcg, or AAkl?"},
{"name": "template 4",
 "sql": "SELECT avg(Value),min(Value) FROM DBdata WHERE (AA IN ('AAmq','AAcg','AAkl')) AND ((BB = 'BBsy' AND CC = 'CCtx'))",
 "sqlResult": "{10.33 | 5}",
 "nlq": "What are the average and minimum numbers of days with CCtx BBsy in AAmq, AAcg, or AAkl?"},
{"name": "template 6",
 "sql": "SELECT Value FROM DBdata WHERE (AA IN ('AAmq','AAcg')) AND ((BB = 'BBsy' AND CC = 'CCtx') OR (BB = 'BBsy' AND CC = 'CCfw') OR (BB = 'BBwz' AND CC = 'CCjn'))",
 "sqlResult": "{15} || {11} || {26} || {25} || {9} || {8}",
 "nlq": "How many days were there with CCtx or CCfw BBsy or CCjn BBwz in AAmq or AAcg?"},
{"name": "template 7",
 "sql": "SELECT max(Value),sum(Value) FROM DBdata WHERE (AA IN ('AAkl')) AND ((BB = 'BBsy' AND CC = 'CCfw') OR (BB = 'BBsy' AND CC = 'CChp') OR (BB = 'BBwz' AND CC = 'CCry') OR (BB = 'BBwz' AND CC = 'CCjn'))",
 "sqlResult": "{24 | 82}",
 "nlq": "What are the maximum and total numbers of days with CCfw or CChp BBsy or CCjn or CCry BBwz in AAkl?"},
{"name": "template 8",
 "sql": "SELECT AA,max(Value),min(Value) FROM DBdata WHERE (AA IN ('AAmq','AAcg','AAkl')) AND ((BB = 'BBsy' AND CC = 'CCtx') OR (BB = 'BBsy' AND CC = 'CChp')) GROUP BY AA",
 "sqlResult": "{AAmq | 15 | 10} || {AAcg | 21 | 11} || {AAkl | 23 | 5}",
 "nlq": "What are the maximum and minimum numbers of days for each AA, with CCtx or CChp BBsy in AAmq, AAcg, or AAkl? Please, report the corresponding AA."},
{"name": "template 9",
 "sql": "SELECT min(Value) FROM DBdata WHERE (AA IN ('AAmq')) AND (BB IN ('BBsy','BBwz')) GROUP BY BB",
 "sqlResult": "{10} || {9}",
 "nlq": "What is the minimum number of days for each BB, with BBsy or BBwz in AAmq?"},
{"name": "template 10",
 "sql": "SELECT BB,max(Value) FROM DBdata WHERE (AA IN ('AAmq')) AND (BB IN ('BBsy','BBwz')) GROUP BY BB",
 "sqlResult": "{BBsy | 26} || {BBwz | 28}",
 "nlq": "What is the maximum number of days for each BB, with BBsy or BBwz in AAmq? Please, report the corresponding BB."},
{"name": "template 11",
 "sql": "SELECT BB,AA,min(Value) FROM DBdata WHERE (AA IN ('AAmq','AAkl')) AND (BB IN ('BBsy','BBwz')) GROUP BY BB,AA",
 "sqlResult": "{BBsy | AAmq | 10} || {BBsy | AAkl | 5} || {BBwz | AAmq | 9} || {BBwz | AAkl | 16}",
 "nlq": "What is the minimum number of days for each BB and AA, with BBsy or BBwz in AAmq or AAkl? Please, report the corresponding BB and AA."},
{"name": "template 12",
 "sql": "SELECT Value FROM DBdata WHERE (AA IN ('AAkl')) AND (BB IN ('BBsy','BBwz')) ORDER BY VALUE DESC LIMIT 3",
 "sqlResult": "{24} || {23} || {19}",
 "nlq": "What are the largest 3 numbers of days with BBsy or BBwz in AAkl?"},
{"name": "template 13",
 "sql": "SELECT Value FROM DBdata WHERE (AA IN ('AAmq')) AND (BB IN ('BBsy','BBwz')) ORDER BY VALUE DESC",
 "sqlResult": "{28} || {26} || {15} || {10} || {9}",
 "nlq": "What are the numbers of days ordered by descending values with BBsy or BBwz in AAmq?"},
{"name": "template 14",
 "sql": "SELECT BB,CC FROM DBdata WHERE (AA IN ('AAmq')) AND Value > 17.8",
 "sqlResult": "{BBsy | CCfw} || {BBwz | CCry}",
 "nlq": "What are the BB and CC for which the number of days in AAmq is greater than 17.8?"},
{"name": "template 15",
 "sql": "SELECT BB,CC,Value FROM DBdata WHERE (AA IN ('AAcg')) AND (BB,CC) IN (SELECT BB,CC FROM DBdata WHERE (AA IN ('AAmq')) AND Value > 17.8)",
 "sqlResult": "{BBsy | CCfw | 25} || {BBwz | CCry | 27}",
 "nlq": "How many days were there in AAcg with BB and with CC for which the number of days in AAmq is greater than 17.8? Please, report the corresponding BB, CC, and number of days."}]
}

