Year,Characteristic,Intensity,Value
Year,Characteristic,Intensity,Value
2016,Temperature,0-10,13
2017,Temperature,0-10,0
2018,Temperature,0-10,19
2016,Temperature,11-20,10
2017,Temperature,11-20,1
2018,Temperature,11-20,28
2016,Temperature,21-30,8
2017,Temperature,21-30,9
2018,Temperature,21-30,22
2016,Wind,Calm,2
2017,Wind,Calm,12
2018,Wind,Calm,17
2016,Wind,Breeze,11
2017,Wind,Breeze,16
2018,Wind,Breeze,15
2016,Wind,Storm,26
2017,Wind,Storm,27
2018,Wind,Storm,18
2016,Humidity,Medium,6
2017,Humidity,Medium,4
2018,Humidity,Medium,3
2016,Humidity,High,5
2017,Humidity,High,20
2018,Humidity,High,14
