{
"filename": "Weather_statistics_set2_5_DB.csv",
"questions": [{"name": "template 1",
 "sql": "SELECT Value FROM DBdata WHERE (AA IN ('AAbd')) AND ((BB = 'BBqr' AND CC = 'CCjz'))",
 "sqlResult": "{7}",
 "nlq": "How many days were there with CCjz BBqr in AAbd?"},
{"name": "template 2",
 "sql": "SELECT Value FROM DBdata WHERE (AA IN ('AAhl')) AND ((BB = 'BBqr' AND CC = 'CCwz') OR (BB = 'BBqr' AND CC = 'CCjz') OR (BB = 'BBmq' AND CC = 'CCtw') OR (BB = 'BBmq' AND CC = 'CCcj'))",
 "sqlResult": "{6} || {3} || {23} || {11}",
 "nlq": "How many days were there with CCwz or CCjz BBqr or CCcj or CCtw BBmq in AAhl?"},
{"name": "template 3",
 "sql": "SELECT Value FROM DBdata WHERE (AA IN ('AAbd')) AND ((BB = 'BBqr' AND CC = 'CCwz'))",
 "sqlResult": "{2}",
 "nlq": "How many days were there with CCwz BBqr in AAbd?"},
{"name": "template 4",
 "sql": "SELECT avg(Value),max(Value) FROM DBdata WHERE (AA IN ('AAbd','AAhl')) AND ((BB = 'BBqr' AND CC = 'CCwz'))",
 "sqlResult": "{4 | 6}",
 "nlq": "What are the average and maximum numbers of days with CCwz BBqr in AAbd or AAhl?"},
{"name": "template 6",
 "sql": "SELECT Value FROM DBdata WHERE (AA IN ('AAbd')) AND ((BB = 'BBqr' AND CC = 'CCwz') OR (BB = 'BBqr' AND CC = 'CCjz') OR (BB = 'BBmq' AND CC = 'CCtw') OR (BB = 'BBmq' AND CC = 'CCcj'))",
 "sqlResult": "{2} || {7} || {0} || {25}",
 "nlq": "How many days were there with CCwz or CCjz BBqr or CCcj or CCtw BBmq in AAbd?"},
{"name": "template 7",
 "sql": "SELECT avg(Value),min(Value) FROM DBdata WHERE (AA IN ('AAbd')) AND ((BB = 'BBmq' AND CC = 'CCtw') OR (BB = 'BBmq' AND CC = 'CCcj'))",
 "sqlResult": "{12.5 | 0}",
 "nlq": "What are the average and minimum numbers of days with CCcj or CCtw BBmq in AAbd?"},
{"name": "template 8",
 "sql": "SELECT AA,max(Value),min(Value) FROM DBdata WHERE (AA IN ('AAbd','AAhl')) AND ((BB = 'BBqr' AND CC = 'CCwz') OR (BB = 'BBqr' AND CC = 'CCmw') OR (BB = 'BBqr' AND CC = 'CCjz') OR (BB = 'BBmq' AND CC = 'CCtw') OR (BB = 'BBmq' AND CC = 'CCcj')) GROUP BY AA",
 "sqlResult": "{AAbd | 25 | 0} || {AAhl | 23 | 3}",
 "nlq": "What are the maximum and minimum numbers of days for each AA, with CCwz, CCmw, or CCjz BBqr or CCcj or CCtw BBmq in AAbd or AAhl? Please, report the corresponding AA."},
{"name": "template 9",
 "sql": "SELECT min(Value) FROM DBdata WHERE (AA IN ('AAbd')) AND (BB IN ('BBqr','BBmq')) GROUP BY BB",
 "sqlResult": "{2} || {0}",
 "nlq": "What is the minimum number of days for each BB, with BBqr or BBmq in AAbd?"},
{"name": "template 10",
 "sql": "SELECT BB,avg(Value) FROM DBdata WHERE (AA IN ('AAhl')) AND (BB IN ('BBqr','BBmq')) GROUP BY BB",
 "sqlResult": "{BBqr | 10.33} || {BBmq | 17}",
 "nlq": "What is the average number of days for each BB, with BBqr or BBmq in AAhl? Please, report the corresponding BB."},
{"name": "template 11",
 "sql": "SELECT BB,AA,min(Value) FROM DBdata WHERE (AA IN ('AAbd','AAhl')) AND (BB IN ('BBqr','BBmq')) GROUP BY BB,AA",
 "sqlResult": "{BBqr | AAbd | 2} || {BBqr | AAhl | 3} || {BBmq | AAbd | 0} || {BBmq | AAhl | 11}",
 "nlq": "What is the minimum number of days for each BB and AA, with BBqr or BBmq in AAbd or AAhl? Please, report the corresponding BB and AA."},
{"name": "template 12",
 "sql": "SELECT Value FROM DBdata WHERE (AA IN ('AAhl')) AND (BB IN ('BBqr','BBmq')) ORDER BY VALUE ASC LIMIT 3",
 "sqlResult": "{3} || {6} || {11}",
 "nlq": "What are the smallest 3 numbers of days with BBqr or BBmq in AAhl?"},
{"name": "template 13",
 "sql": "SELECT Value FROM DBdata WHERE (AA IN ('AAbd')) AND (BB IN ('BBqr','BBmq')) ORDER BY VALUE ASC",
 "sqlResult": "{0} || {2} || {7} || {20} || {25}",
 "nlq": "What are the numbers of days ordered by ascending values with BBqr or BBmq in AAbd?"},
{"name": "template 14",
 "sql": "SELECT BB,CC FROM DBdata WHERE (AA IN ('AAhl')) AND Value > 11.9",
 "sqlResult": "{BBqr | CCmw} || {BBmq | CCtw}",
 "nlq": "What are the BB and CC for which the number of days in AAhl is greater than 11.9?"},
{"name": "template 15",
 "sql": "SELECT BB,CC,Value FROM DBdata WHERE (AA IN ('AAbd')) AND (BB,CC) IN (SELECT BB,CC FROM DBdata WHERE (AA IN ('AAhl')) AND Value > 11.9)",
 "sqlResult": "{BBqr | CCmw | 20} || {BBmq | CCtw | 0}",
 "nlq": "How many days were there in AAbd with BB and with CC for which the number of days in AAhl is greater than 11.9? Please, report the corresponding BB, CC, and number of days."}]
}

