Year,Characteristic,Intensity,Value
Year,Characteristic,Intensity,Value
2015,Temperature,11-20,1
2016,Temperature,11-20,27
2017,Temperature,11-20,3
2015,Temperature,21-30,4
2016,Temperature,21-30,11
2017,Temperature,21-30,7
2015,Temperature,31-40,26
2016,Temperature,31-40,12
2017,Temperature,31-40,16
2015,Wind,Calm,14
2016,Wind,Calm,25
2017,Wind,Calm,10
2015,Wind,Breeze,17
2016,Wind,Breeze,9
2017,Wind,Breeze,23
2015,Humidity,Low,22
2016,Humidity,Low,5
2017,Humidity,Low,24
2015,Humidity,Medium,0
2016,Humidity,Medium,28
2017,Humidity,Medium,21
2015,Humidity,High,18
2016,Humidity,High,20
2017,Humidity,High,13
