{
"filename": "Weather_statistics_set7_2_DB.csv",
"questions": [{"name": "template 1",
 "sql": "SELECT Value FROM DBdata WHERE (Year IN ('2018')) AND ((Characteristic = 'Temperature' AND Intensity = '0-10'))",
 "sqlResult": "{19}",
 "nlq": "How many days were there with 0-10 Temperature in 2018?"},
{"name": "template 2",
 "sql": "SELECT Value FROM DBdata WHERE (Year IN ('2017')) AND ((Characteristic = 'Temperature' AND Intensity = '11-20') OR (Characteristic = 'Temperature' AND Intensity = '21-30') OR (Characteristic = 'Humidity' AND Intensity = 'Medium'))",
 "sqlResult": "{1} || {9} || {4}",
 "nlq": "How many days were there with 11-20 or 21-30 Temperature or Medium Humidity in 2017?"},
{"name": "template 3",
 "sql": "SELECT Value FROM DBdata WHERE (Year IN ('2016','2017','2018')) AND ((Characteristic = 'Wind' AND Intensity = 'Breeze'))",
 "sqlResult": "{11} || {16} || {15}",
 "nlq": "How many days were there with Breeze Wind in 2016, 2017, or 2018?"},
{"name": "template 4",
 "sql": "SELECT max(Value),avg(Value) FROM DBdata WHERE (Year IN ('2016','2017','2018')) AND ((Characteristic = 'Wind' AND Intensity = 'Storm'))",
 "sqlResult": "{27 | 23.67}",
 "nlq": "What are the maximum and average numbers of days with Storm Wind in 2016, 2017, or 2018?"},
{"name": "template 6",
 "sql": "SELECT Value FROM DBdata WHERE (Year IN ('2017','2018')) AND ((Characteristic = 'Temperature' AND Intensity = '21-30') OR (Characteristic = 'Humidity' AND Intensity = 'High'))",
 "sqlResult": "{9} || {22} || {20} || {14}",
 "nlq": "How many days were there with 21-30 Temperature or High Humidity in 2017 or 2018?"},
{"name": "template 7",
 "sql": "SELECT sum(Value),avg(Value) FROM DBdata WHERE (Year IN ('2017')) AND ((Characteristic = 'Temperature' AND Intensity = '0-10') OR (Characteristic = 'Temperature' AND Intensity = '11-20') OR (Characteristic = 'Wind' AND Intensity = 'Breeze') OR (Characteristic = 'Humidity' AND Intensity = 'Medium') OR (Characteristic = 'Humidity' AND Intensity = 'High'))",
 "sqlResult": "{41 | 8.2}",
 "nlq": "What are the total and average numbers of days with 0-10 or 11-20 Temperature, Breeze Wind, or High or Medium Humidity in 2017?"},
{"name": "template 8",
 "sql": "SELECT Year,sum(Value),min(Value) FROM DBdata WHERE (Year IN ('2016','2017','2018')) AND ((Characteristic = 'Temperature' AND Intensity = '21-30') OR (Characteristic = 'Wind' AND Intensity = 'Breeze') OR (Characteristic = 'Humidity' AND Intensity = 'High')) GROUP BY Year",
 "sqlResult": "{2016 | 24 | 5} || {2017 | 45 | 9} || {2018 | 51 | 14}",
 "nlq": "What are the total and minimum numbers of days for each Year, with 21-30 Temperature, Breeze Wind, or High Humidity in 2016, 2017, or 2018? Please, report the corresponding Year."},
{"name": "template 9",
 "sql": "SELECT min(Value) FROM DBdata WHERE (Year IN ('2017')) AND (Characteristic IN ('Temperature','Wind','Humidity')) GROUP BY Characteristic",
 "sqlResult": "{4} || {0} || {12}",
 "nlq": "What is the minimum number of days for each Characteristic, with Humidity, Temperature, or Wind in 2017?"},
{"name": "template 10",
 "sql": "SELECT Characteristic,max(Value) FROM DBdata WHERE (Year IN ('2018')) AND (Characteristic IN ('Temperature','Wind','Humidity')) GROUP BY Characteristic",
 "sqlResult": "{Humidity | 14} || {Temperature | 28} || {Wind | 18}",
 "nlq": "What is the maximum number of days for each Characteristic, with Humidity, Temperature, or Wind in 2018? Please, report the corresponding Characteristic."},
{"name": "template 11",
 "sql": "SELECT Characteristic,Year,max(Value) FROM DBdata WHERE (Year IN ('2016','2017')) AND (Characteristic IN ('Temperature','Wind','Humidity')) GROUP BY Characteristic,Year",
 "sqlResult": "{Humidity | 2016 | 6} || {Humidity | 2017 | 20} || {Temperature | 2016 | 13} || {Temperature | 2017 | 9} || {Wind | 2016 | 26} || {Wind | 2017 | 27}",
 "nlq": "What is the maximum number of days for each Characteristic and Year, with Humidity, Temperature, or Wind in 2016 or 2017? Please, report the corresponding Characteristic and Year."},
{"name": "template 12",
 "sql": "SELECT Value FROM DBdata WHERE (Year IN ('2016')) AND (Characteristic IN ('Wind','Humidity')) ORDER BY VALUE ASC LIMIT 2",
 "sqlResult": "{2} || {5}",
 "nlq": "What are the smallest 2 numbers of days with Humidity or Wind in 2016?"},
{"name": "template 13",
 "sql": "SELECT Value FROM DBdata WHERE (Year IN ('2018')) AND (Characteristic IN ('Temperature','Humidity')) ORDER BY VALUE DESC",
 "sqlResult": "{28} || {22} || {19} || {14} || {3}",
 "nlq": "What are the numbers of days ordered by descending values with Humidity or Temperature in 2018?"},
{"name": "template 14",
 "sql": "SELECT Characteristic,Intensity FROM DBdata WHERE (Year IN ('2016')) AND Value > 12.75",
 "sqlResult": "{Temperature | 0-10} || {Wind | Storm}",
 "nlq": "What are the Characteristic and Intensity for which the number of days in 2016 is greater than 12.75?"},
{"name": "template 15",
 "sql": "SELECT Characteristic,Intensity,Value FROM DBdata WHERE (Year IN ('2018')) AND (Characteristic,Intensity) IN (SELECT Characteristic,Intensity FROM DBdata WHERE (Year IN ('2016')) AND Value > 12.75)",
 "sqlResult": "{Temperature | 0-10 | 19} || {Wind | Storm | 18}",
 "nlq": "How many days were there in 2018 with Characteristic and with Intensity for which the number of days in 2016 is greater than 12.75? Please, report the corresponding Characteristic, Intensity, and number of days."}]
}
