{
"filename": "Weather_statistics_set9_1_DB.csv",
"questions": [{"name": "template 1",
 "sql": "SELECT Value FROM DBdata WHERE (AA IN ('AAdt')) AND ((BB = 'BBjy' AND CC = 'CCch'))",
 "sqlResult": "{13}",
 "nlq": "How many days were there with CCch BBjy in AAdt?"},
{"name": "template 2",
 "sql": "SELECT Value FROM DBdata WHERE (AA IN ('AAbp')) AND ((BB = 'BBnp' AND CC = 'CCmn') OR (BB = 'BBnp' AND CC = 'CCft') OR (BB = 'BBhx' AND CC = 'CCpq') OR (BB = 'BBjy' AND CC = 'CChj') OR (BB = 'BBjy' AND CC = 'CCfj') OR (BB = 'BBjy' AND CC = 'CCch'))",
 "sqlResult": "{11} || {26} || {19} || {25} || {27} || {15}",
 "nlq": "How many days were there with CCmn or CCft BBnp, CCpq BBhx, or CCch, CChj, or CCfj BBjy in AAbp?"},
{"name": "template 3",
 "sql": "SELECT Value FROM DBdata WHERE (AA IN ('AAdt','AAbp')) AND ((BB = 'BBjy' AND CC = 'CCch'))",
 "sqlResult": "{13} || {15}",
 "nlq": "How many days were there with CCch BBjy in AAdt or AAbp?"},
{"name": "template 4",
 "sql": "SELECT sum(Value),min(Value) FROM DBdata WHERE (AA IN ('AAbp')) AND ((BB = 'BBhx' AND CC = 'CCbn'))",
 "sqlResult": "{17 | 17}",
 "nlq": "What are the total and minimum numbers of days with CCbn BBhx in AAbp?"},
{"name": "template 6",
 "sql": "SELECT Value FROM DBdata WHERE (AA IN ('AAdt')) AND ((BB = 'BBnp' AND CC = 'CCmn') OR (BB = 'BBjy' AND CC = 'CChj'))",
 "sqlResult": "{6} || {10}",
 "nlq": "How many days were there with CCmn BBnp or CChj BBjy in AAdt?"},
{"name": "template 7",
 "sql": "SELECT avg(Value),sum(Value) FROM DBdata WHERE (AA IN ('AAdt')) AND ((BB = 'BBnp' AND CC = 'CCmn') OR (BB = 'BBnp' AND CC = 'CCft') OR (BB = 'BBhx' AND CC = 'CCtv') OR (BB = 'BBjy' AND CC = 'CChj') OR (BB = 'BBjy' AND CC = 'CCfj'))",
 "sqlResult": "{15.6 | 78}",
 "nlq": "What are the average and total numbers of days with CCmn or CCft BBnp, CChj or CCfj BBjy, or CCtv BBhx in AAdt?"},
{"name": "template 8",
 "sql": "SELECT AA,avg(Value),max(Value) FROM DBdata WHERE (AA IN ('AAdt','AAbp')) AND ((BB = 'BBhx' AND CC = 'CCpq') OR (BB = 'BBhx' AND CC = 'CCbn')) GROUP BY AA",
 "sqlResult": "{AAdt | 2.5 | 5} || {AAbp | 18 | 19}",
 "nlq": "What are the average and maximum numbers of days for each AA, with CCbn or CCpq BBhx in AAdt or AAbp? Please, report the corresponding AA."},
{"name": "template 9",
 "sql": "SELECT min(Value) FROM DBdata WHERE (AA IN ('AAbp')) AND (BB IN ('BBnp','BBhx','BBjy')) GROUP BY BB",
 "sqlResult": "{15} || {11} || {1}",
 "nlq": "What is the minimum number of days for each BB, with BBjy, BBnp, or BBhx in AAbp?"},
{"name": "template 10",
 "sql": "SELECT BB,avg(Value) FROM DBdata WHERE (AA IN ('AAdt')) AND (BB IN ('BBnp','BBhx','BBjy')) GROUP BY BB",
 "sqlResult": "{BBjy | 13.67} || {BBnp | 14.5} || {BBhx | 8.67}",
 "nlq": "What is the average number of days for each BB, with BBjy, BBnp, or BBhx in AAdt? Please, report the corresponding BB."},
{"name": "template 11",
 "sql": "SELECT BB,AA,min(Value) FROM DBdata WHERE (AA IN ('AAdt','AAbp')) AND (BB IN ('BBnp','BBhx','BBjy')) GROUP BY BB,AA",
 "sqlResult": "{BBjy | AAdt | 10} || {BBjy | AAbp | 15} || {BBnp | AAdt | 6} || {BBnp | AAbp | 11} || {BBhx | AAdt | 0} || {BBhx | AAbp | 1}",
 "nlq": "What is the minimum number of days for each BB and AA, with BBjy, BBnp, or BBhx in AAdt or AAbp? Please, report the corresponding BB and AA."},
{"name": "template 12",
 "sql": "SELECT Value FROM DBdata WHERE (AA IN ('AAdt')) AND (BB IN ('BBnp','BBjy')) ORDER BY VALUE DESC LIMIT 4",
 "sqlResult": "{23} || {18} || {13} || {10}",
 "nlq": "What are the largest 4 numbers of days with BBjy or BBnp in AAdt?"},
{"name": "template 13",
 "sql": "SELECT Value FROM DBdata WHERE (AA IN ('AAdt')) AND (BB IN ('BBhx','BBjy')) ORDER BY VALUE ASC",
 "sqlResult": "{0} || {5} || {10} || {13} || {18} || {21}",
 "nlq": "What are the numbers of days ordered by ascending values with BBjy or BBhx in AAdt?"},
{"name": "template 14",
 "sql": "SELECT BB,CC FROM DBdata WHERE (AA IN ('AAdt')) AND Value < 14.81",
 "sqlResult": "{BBnp | CCmn} || {BBhx | CCpq} || {BBhx | CCbn} || {BBjy | CChj} || {BBjy | CCch}",
 "nlq": "What are the BB and CC for which the number of days in AAdt is lower than 14.81?"},
{"name": "template 15",
 "sql": "SELECT BB,CC,Value FROM DBdata WHERE (AA IN ('AAbp')) AND (BB,CC) IN (SELECT BB,CC FROM DBdata WHERE (AA IN ('AAdt')) AND Value < 14.81)",
 "sqlResult": "{BBnp | CCmn | 11} || {BBhx | CCpq | 19} || {BBhx | CCbn | 17} || {BBjy | CChj | 25} || {BBjy | CCch | 15}",
 "nlq": "How many days were there in AAbp with BB and with CC for which the number of days in AAdt is lower than 14.81? Please, report the corresponding BB, CC, and number of days."}]
}

