Year,Characteristic,Intensity,Value
Year,Characteristic,Intensity,Value
2019,Temperature,21-30,23
2020,Temperature,21-30,24
2021,Temperature,21-30,6
2019,Temperature,31-40,21
2020,Temperature,31-40,11
2021,Temperature,31-40,19
2019,Wind,Calm,0
2020,Wind,Calm,1
2021,Wind,Calm,17
2019,Wind,Breeze,3
2020,Wind,Breeze,7
2021,Wind,Breeze,13
2019,Wind,Storm,22
2020,Wind,Storm,15
2021,Wind,Storm,2
2019,Humidity,Low,20
2020,Humidity,Low,8
2021,Humidity,Low,16
2019,Humidity,Medium,12
2020,Humidity,Medium,27
2021,Humidity,Medium,26
2019,Humidity,High,28
2020,Humidity,High,25
2021,Humidity,High,14
