{
"filename": "Weather_statistics_set1_2_DB.csv",
"questions": [{"name": "template 1",
 "sql": "SELECT Value FROM DBdata WHERE (AA IN ('AAqz')) AND ((BB = 'BBfn' AND CC = 'CCdz'))",
 "sqlResult": "{16}",
 "nlq": "How many days were there with CCdz BBfn in AAqz?"},
{"name": "template 2",
 "sql": "SELECT Value FROM DBdata WHERE (AA IN ('AAqy')) AND ((BB = 'BBvz' AND CC = 'CCfz') OR (BB = 'BBvz' AND CC = 'CCxz'))",
 "sqlResult": "{25} || {15}",
 "nlq": "How many days were there with CCxz or CCfz BBvz in AAqy?"},
{"name": "template 3",
 "sql": "SELECT Value FROM DBdata WHERE (AA IN ('AAft','AAqy')) AND ((BB = 'BBfn' AND CC = 'CClw'))",
 "sqlResult": "{7} || {6}",
 "nlq": "How many days were there with CClw BBfn in AAft or AAqy?"},
{"name": "template 4",
 "sql": "SELECT min(Value),max(Value) FROM DBdata WHERE (AA IN ('AAft','AAqz','AAqy')) AND ((BB = 'BBfn' AND CC = 'CCjq'))",
 "sqlResult": "{0 | 27}",
 "nlq": "What are the minimum and maximum numbers of days with CCjq BBfn in AAft, AAqz, or AAqy?"},
{"name": "template 6",
 "sql": "SELECT Value FROM DBdata WHERE (AA IN ('AAft','AAqz')) AND ((BB = 'BBfn' AND CC = 'CCjq') OR (BB = 'BBvz' AND CC = 'CCfz'))",
 "sqlResult": "{0} || {4} || {26} || {18}",
 "nlq": "How many days were there with CCfz BBvz or CCjq BBfn in AAft or AAqz?"},
{"name": "template 7",
 "sql": "SELECT max(Value),avg(Value) FROM DBdata WHERE (AA IN ('AAqy')) AND ((BB = 'BBfn' AND CC = 'CClw') OR (BB = 'BBfn' AND CC = 'CCjq'))",
 "sqlResult": "{27 | 16.5}",
 "nlq": "What are the maximum and average numbers of days with CClw or CCjq BBfn in AAqy?"},
{"name": "template 8",
 "sql": "SELECT AA,min(Value),sum(Value) FROM DBdata WHERE (AA IN ('AAft','AAqy')) AND ((BB = 'BBfn' AND CC = 'CCdz') OR (BB = 'BBfn' AND CC = 'CClw')) GROUP BY AA",
 "sqlResult": "{AAft | 7 | 35} || {AAqy | 6 | 14}",
 "nlq": "What are the minimum and total numbers of days for each AA, with CClw or CCdz BBfn in AAft or AAqy? Please, report the corresponding AA."},
{"name": "template 9",
 "sql": "SELECT min(Value) FROM DBdata WHERE (AA IN ('AAft')) AND (BB IN ('BBfn','BBvz')) GROUP BY BB",
 "sqlResult": "{11} || {0}",
 "nlq": "What is the minimum number of days for each BB, with BBvz or BBfn in AAft?"},
{"name": "template 10",
 "sql": "SELECT BB,sum(Value) FROM DBdata WHERE (AA IN ('AAqy')) AND (BB IN ('BBfn','BBvz')) GROUP BY BB",
 "sqlResult": "{BBvz | 40} || {BBfn | 41}",
 "nlq": "What is the total number of days for each BB, with BBvz or BBfn in AAqy? Please, report the corresponding BB."},
{"name": "template 11",
 "sql": "SELECT BB,AA,max(Value) FROM DBdata WHERE (AA IN ('AAft','AAqz','AAqy')) AND (BB IN ('BBfn','BBvz')) GROUP BY BB,AA",
 "sqlResult": "{BBvz | AAft | 26} || {BBvz | AAqz | 18} || {BBvz | AAqy | 25} || {BBfn | AAft | 28} || {BBfn | AAqz | 17} || {BBfn | AAqy | 27}",
 "nlq": "What is the maximum number of days for each BB and AA, with BBvz or BBfn in AAft, AAqz, or AAqy? Please, report the corresponding BB and AA."},
{"name": "template 12",
 "sql": "SELECT Value FROM DBdata WHERE (AA IN ('AAft')) AND (BB IN ('BBfn','BBvz')) ORDER BY VALUE DESC LIMIT 3",
 "sqlResult": "{28} || {26} || {11}",
 "nlq": "What are the largest 3 numbers of days with BBvz or BBfn in AAft?"},
{"name": "template 13",
 "sql": "SELECT Value FROM DBdata WHERE (AA IN ('AAqz')) AND (BB IN ('BBfn','BBvz')) ORDER BY VALUE DESC",
 "sqlResult": "{18} || {17} || {16} || {4} || {1}",
 "nlq": "What are the numbers of days ordered by descending values with BBvz or BBfn in AAqz?"},
{"name": "template 14",
 "sql": "SELECT BB,CC FROM DBdata WHERE (AA IN ('AAft')) AND Value < 13.93",
 "sqlResult": "{BBfn | CClw} || {BBfn | CCjq} || {BBvz | CCxz}",
 "nlq": "What are the BB and CC for which the number of days in AAft is lower than 13.93?"},
{"name": "template 15",
 "sql": "SELECT BB,CC,Value FROM DBdata WHERE (AA IN ('AAqz')) AND (BB,CC) IN (SELECT BB,CC FROM DBdata WHERE (AA IN ('AAft')) AND Value < 13.93)",
 "sqlResult": "{BBfn | CClw | 17} || {BBfn | CCjq | 4} || {BBvz | CCxz | 1}",
 "nlq": "How many days were there in AAqz with BB and with CC for which the number of days in AAft is lower than 13.93? Please, report the corresponding BB, CC, and number of days."}]
}

