{
"filename": "Weather_statistics_set10_2_DB.csv",
"questions": [{"name": "template 1",
 "sql": "SELECT Value FROM DBdata WHERE (AA IN ('AAqw')) AND ((BB = 'BBrw' AND CC = 'CCdw'))",
 "sqlResult": "{11}",
 "nlq": "How many days were there with CCdw BBrw in AAqw?"},
{"name": "template 2",
 "sql": "SELECT Value FROM DBdata WHERE (AA IN ('AAqv')) AND ((BB = 'BBrw' AND CC = 'CChl') OR (BB = 'BBrw' AND CC = 'CCdw') OR (BB = 'BBvx' AND CC = 'CChz') OR (BB = 'BBvx' AND CC = 'CCkt') OR (BB = 'BBfx' AND CC = 'CCbp') OR (BB = 'BBfx' AND CC = 'CCdp') OR (BB = 'BBfx' AND CC = 'CCry'))",
 "sqlResult": "{6} || {19} || {13} || {2} || {16} || {26} || {14}",
 "nlq": "How many days were there with CChl or CCdw BBrw, CChz or CCkt BBvx, or CCry, CCbp, or CCdp BBfx in AAqv?"},
{"name": "template 3",
 "sql": "SELECT Value FROM DBdata WHERE (AA IN ('AAgw','AAqv')) AND ((BB = 'BBrw' AND CC = 'CChl'))",
 "sqlResult": "{23} || {6}",
 "nlq": "How many days were there with CChl BBrw in AAgw or AAqv?"},
{"name": "template 4",
 "sql": "SELECT sum(Value),min(Value) FROM DBdata WHERE (AA IN ('AAgw','AAqw','AAqv')) AND ((BB = 'BBvx' AND CC = 'CChz'))",
 "sqlResult": "{23 | 3}",
 "nlq": "What are the total and minimum numbers of days with CChz BBvx in AAgw, AAqw, or AAqv?"},
{"name": "template 6",
 "sql": "SELECT Value FROM DBdata WHERE (AA IN ('AAgw','AAqw')) AND ((BB = 'BBrw' AND CC = 'CCdw') OR (BB = 'BBfx' AND CC = 'CCry'))",
 "sqlResult": "{21} || {11} || {28} || {25}",
 "nlq": "How many days were there with CCdw BBrw or CCry BBfx in AAgw or AAqw?"},
{"name": "template 7",
 "sql": "SELECT max(Value),min(Value) FROM DBdata WHERE (AA IN ('AAgw')) AND ((BB = 'BBrw' AND CC = 'CChl') OR (BB = 'BBrw' AND CC = 'CCdw'))",
 "sqlResult": "{23 | 21}",
 "nlq": "What are the maximum and minimum numbers of days with CChl or CCdw BBrw in AAgw?"},
{"name": "template 8",
 "sql": "SELECT AA,max(Value),min(Value) FROM DBdata WHERE (AA IN ('AAqw','AAqv')) AND ((BB = 'BBrw' AND CC = 'CChl') OR (BB = 'BBrw' AND CC = 'CCdw') OR (BB = 'BBvx' AND CC = 'CChz') OR (BB = 'BBvx' AND CC = 'CCkt') OR (BB = 'BBfx' AND CC = 'CCry')) GROUP BY AA",
 "sqlResult": "{AAqw | 25 | 7} || {AAqv | 19 | 2}",
 "nlq": "What are the maximum and minimum numbers of days for each AA, with CChl or CCdw BBrw, CChz or CCkt BBvx, or CCry BBfx in AAqw or AAqv? Please, report the corresponding AA."},
{"name": "template 9",
 "sql": "SELECT min(Value) FROM DBdata WHERE (AA IN ('AAqw')) AND (BB IN ('BBrw','BBvx','BBfx')) GROUP BY BB",
 "sqlResult": "{8} || {11} || {1}",
 "nlq": "What is the minimum number of days for each BB, with BBfx, BBrw, or BBvx in AAqw?"},
{"name": "template 10",
 "sql": "SELECT BB,sum(Value) FROM DBdata WHERE (AA IN ('AAgw')) AND (BB IN ('BBrw','BBvx','BBfx')) GROUP BY BB",
 "sqlResult": "{BBfx | 60} || {BBrw | 44} || {BBvx | 25}",
 "nlq": "What is the total number of days for each BB, with BBfx, BBrw, or BBvx in AAgw? Please, report the corresponding BB."},
{"name": "template 11",
 "sql": "SELECT BB,AA,sum(Value) FROM DBdata WHERE (AA IN ('AAgw','AAqw','AAqv')) AND (BB IN ('BBrw','BBvx','BBfx')) GROUP BY BB,AA",
 "sqlResult": "{BBfx | AAgw | 60} || {BBfx | AAqw | 60} || {BBfx | AAqv | 56} || {BBrw | AAgw | 44} || {BBrw | AAqw | 35} || {BBrw | AAqv | 25} || {BBvx | AAgw | 25} || {BBvx | AAqw | 23} || {BBvx | AAqv | 32}",
 "nlq": "What is the total number of days for each BB and AA, with BBfx, BBrw, or BBvx in AAgw, AAqw, or AAqv? Please, report the corresponding BB and AA."},
{"name": "template 12",
 "sql": "SELECT Value FROM DBdata WHERE (AA IN ('AAqw')) AND (BB IN ('BBvx','BBfx')) ORDER BY VALUE ASC LIMIT 4",
 "sqlResult": "{1} || {7} || {8} || {15}",
 "nlq": "What are the smallest 4 numbers of days with BBfx or BBvx in AAqw?"},
{"name": "template 13",
 "sql": "SELECT Value FROM DBdata WHERE (AA IN ('AAqv')) AND (BB IN ('BBrw','BBfx')) ORDER BY VALUE DESC",
 "sqlResult": "{26} || {19} || {16} || {14} || {6}",
 "nlq": "What are the numbers of days ordered by descending values with BBfx or BBrw in AAqv?"},
{"name": "template 14",
 "sql": "SELECT BB,CC FROM DBdata WHERE (AA IN ('AAqw')) AND Value > 15",
 "sqlResult": "{BBrw | CChl} || {BBfx | CCdp} || {BBfx | CCry}",
 "nlq": "What are the BB and CC for which the number of days in AAqw is greater than 15?"},
{"name": "template 15",
 "sql": "SELECT BB,CC,Value FROM DBdata WHERE (AA IN ('AAqv')) AND (BB,CC) IN (SELECT BB,CC FROM DBdata WHERE (AA IN ('AAqw')) AND Value > 15)",
 "sqlResult": "{BBrw | CChl | 6} || {BBfx | CCdp | 26} || {BBfx | CCry | 14}",
 "nlq": "How many days were there in AAqv with BB and with CC for which the number of days in AAqw is greater than 15? Please, report the corresponding BB, CC, and number of days."}]
}

