{
"filename": "Weather_statistics_set8_2_DB.csv",
"questions": [{"name": "template 1",
 "sql": "SELECT Value FROM DBdata WHERE (Year IN ('2019')) AND ((Characteristic = 'Temperature' AND Intensity = '31-40'))",
 "sqlResult": "{28}",
 "nlq": "How many days were there with 31-40 Temperature in 2019?"},
{"name": "template 2",
 "sql": "SELECT Value FROM DBdata WHERE (Year IN ('2020')) AND ((Characteristic = 'Humidity' AND Intensity = 'Low') OR (Characteristic = 'Humidity' AND Intensity = 'Medium'))",
 "sqlResult": "{2} || {25}",
 "nlq": "How many days were there with Low or Medium Humidity in 2020?"},
{"name": "template 3",
 "sql": "SELECT Value FROM DBdata WHERE (Year IN ('2018','2019','2020')) AND ((Characteristic = 'Temperature' AND Intensity = '21-30'))",
 "sqlResult": "{17} || {9} || {16}",
 "nlq": "How many days were there with 21-30 Temperature in 2018, 2019, or 2020?"},
{"name": "template 4",
 "sql": "SELECT avg(Value),sum(Value) FROM DBdata WHERE (Year IN ('2018','2019','2020')) AND ((Characteristic = 'Humidity' AND Intensity = 'Low'))",
 "sqlResult": "{8.67 | 26}",
 "nlq": "What are the average and total numbers of days with Low Humidity in 2018, 2019, or 2020?"},
{"name": "template 6",
 "sql": "SELECT Value FROM DBdata WHERE (Year IN ('2018','2019','2020')) AND ((Characteristic = 'Temperature' AND Intensity = '11-20') OR (Characteristic = 'Temperature' AND Intensity = '21-30') OR (Characteristic = 'Wind' AND Intensity = 'Breeze') OR (Characteristic = 'Humidity' AND Intensity = 'High'))",
 "sqlResult": "{8} || {21} || {14} || {17} || {9} || {16} || {0} || {1} || {26} || {22} || {5} || {3}",
 "nlq": "How many days were there with 11-20 or 21-30 Temperature, Breeze Wind, or High Humidity in 2018, 2019, or 2020?"},
{"name": "template 7",
 "sql": "SELECT sum(Value),min(Value) FROM DBdata WHERE (Year IN ('2020')) AND ((Characteristic = 'Temperature' AND Intensity = '11-20') OR (Characteristic = 'Temperature' AND Intensity = '21-30') OR (Characteristic = 'Temperature' AND Intensity = '31-40') OR (Characteristic = 'Wind' AND Intensity = 'Calm') OR (Characteristic = 'Wind' AND Intensity = 'Breeze'))",
 "sqlResult": "{72 | 4}",
 "nlq": "What are the total and minimum numbers of days with 11-20, 21-30, or 31-40 Temperature or Breeze or Calm Wind in 2020?"},
{"name": "template 8",
 "sql": "SELECT Year,avg(Value),min(Value) FROM DBdata WHERE (Year IN ('2019','2020')) AND ((Characteristic = 'Temperature' AND Intensity = '21-30') OR (Characteristic = 'Temperature' AND Intensity = '31-40') OR (Characteristic = 'Wind' AND Intensity = 'Calm') OR (Characteristic = 'Humidity' AND Intensity = 'Low') OR (Characteristic = 'Humidity' AND Intensity = 'Medium')) GROUP BY Year",
 "sqlResult": "{2019 | 15.2 | 9} || {2020 | 11.8 | 2}",
 "nlq": "What are the average and minimum numbers of days for each Year, with 21-30 or 31-40 Temperature, Calm Wind, or Low or Medium Humidity in 2019 or 2020? Please, report the corresponding Year."},
{"name": "template 9",
 "sql": "SELECT min(Value) FROM DBdata WHERE (Year IN ('2020')) AND (Characteristic IN ('Temperature','Wind','Humidity')) GROUP BY Characteristic",
 "sqlResult": "{2} || {4} || {12}",
 "nlq": "What is the minimum number of days for each Characteristic, with Humidity, Temperature, or Wind in 2020?"},
{"name": "template 10",
 "sql": "SELECT Characteristic,avg(Value) FROM DBdata WHERE (Year IN ('2018')) AND (Characteristic IN ('Temperature','Wind','Humidity')) GROUP BY Characteristic",
 "sqlResult": "{Humidity | 13.67} || {Temperature | 10.67} || {Wind | 10}",
 "nlq": "What is the average number of days for each Characteristic, with Humidity, Temperature, or Wind in 2018? Please, report the corresponding Characteristic."},
{"name": "template 11",
 "sql": "SELECT Characteristic,Year,sum(Value) FROM DBdata WHERE (Year IN ('2018','2019')) AND (Characteristic IN ('Temperature','Wind','Humidity')) GROUP BY Characteristic,Year",
 "sqlResult": "{Humidity | 2018 | 41} || {Humidity | 2019 | 34} || {Temperature | 2018 | 32} || {Temperature | 2019 | 58} || {Wind | 2018 | 20} || {Wind | 2019 | 11}",
 "nlq": "What is the total number of days for each Characteristic and Year, with Humidity, Temperature, or Wind in 2018 or 2019? Please, report the corresponding Characteristic and Year."},
{"name": "template 12",
 "sql": "SELECT Value FROM DBdata WHERE (Year IN ('2019')) AND (Characteristic IN ('Temperature','Humidity')) ORDER BY VALUE DESC LIMIT 2",
 "sqlResult": "{28} || {21}",
 "nlq": "What are the largest 2 numbers of days with Humidity or Temperature in 2019?"},
{"name": "template 13",
 "sql": "SELECT Value FROM DBdata WHERE (Year IN ('2020')) AND (Characteristic IN ('Wind','Humidity')) ORDER BY VALUE ASC",
 "sqlResult": "{2} || {3} || {12} || {25} || {26}",
 "nlq": "What are the numbers of days ordered by ascending values with Humidity or Wind in 2020?"},
{"name": "template 14",
 "sql": "SELECT Characteristic,Intensity FROM DBdata WHERE (Year IN ('2020')) AND Value > 12.42",
 "sqlResult": "{Temperature | 11-20} || {Temperature | 21-30} || {Wind | Breeze} || {Humidity | Medium}",
 "nlq": "What are the Characteristic and Intensity for which the number of days in 2020 is greater than 12.42?"},
{"name": "template 15",
 "sql": "SELECT Characteristic,Intensity,Value FROM DBdata WHERE (Year IN ('2019')) AND (Characteristic,Intensity) IN (SELECT Characteristic,Intensity FROM DBdata WHERE (Year IN ('2020')) AND Value > 12.42)",
 "sqlResult": "{Temperature | 11-20 | 21} || {Temperature | 21-30 | 9} || {Wind | Breeze | 1} || {Humidity | Medium | 11}",
 "nlq": "How many days were there in 2019 with Characteristic and with Intensity for which the number of days in 2020 is greater than 12.42? Please, report the corresponding Characteristic, Intensity, and number of days."}]
}
