{
"filename": "Weather_statistics_set2_3_DB.csv",
"questions": [{"name": "template 1",
 "sql": "SELECT Value FROM DBdata WHERE (Year IN ('2017')) AND ((Characteristic = 'Humidity' AND Intensity = 'Medium'))",
 "sqlResult": "{2}",
 "nlq": "How many days were there with Medium Humidity in 2017?"},
{"name": "template 2",
 "sql": "SELECT Value FROM DBdata WHERE (Year IN ('2017')) AND ((Characteristic = 'Temperature' AND Intensity = '11-20') OR (Characteristic = 'Wind' AND Intensity = 'Breeze') OR (Characteristic = 'Humidity' AND Intensity = 'Low'))",
 "sqlResult": "{3} || {14} || {26}",
 "nlq": "How many days were there with 11-20 Temperature, Breeze Wind, or Low Humidity in 2017?"},
{"name": "template 3",
 "sql": "SELECT Value FROM DBdata WHERE (Year IN ('2015','2017')) AND ((Characteristic = 'Wind' AND Intensity = 'Breeze'))",
 "sqlResult": "{21} || {14}",
 "nlq": "How many days were there with Breeze Wind in 2015 or 2017?"},
{"name": "template 4",
 "sql": "SELECT min(Value),max(Value) FROM DBdata WHERE (Year IN ('2015','2017')) AND ((Characteristic = 'Humidity' AND Intensity = 'High'))",
 "sqlResult": "{16 | 23}",
 "nlq": "What are the minimum and maximum numbers of days with High Humidity in 2015 or 2017?"},
{"name": "template 6",
 "sql": "SELECT Value FROM DBdata WHERE (Year IN ('2015','2016')) AND ((Characteristic = 'Temperature' AND Intensity = '11-20') OR (Characteristic = 'Wind' AND Intensity = 'Calm') OR (Characteristic = 'Humidity' AND Intensity = 'Medium') OR (Characteristic = 'Humidity' AND Intensity = 'High'))",
 "sqlResult": "{6} || {0} || {8} || {7} || {15} || {9} || {16} || {10}",
 "nlq": "How many days were there with 11-20 Temperature, Calm Wind, or High or Medium Humidity in 2015 or 2016?"},
{"name": "template 7",
 "sql": "SELECT max(Value),sum(Value) FROM DBdata WHERE (Year IN ('2017')) AND ((Characteristic = 'Temperature' AND Intensity = '11-20') OR (Characteristic = 'Temperature' AND Intensity = '21-30') OR (Characteristic = 'Wind' AND Intensity = 'Calm') OR (Characteristic = 'Wind' AND Intensity = 'Breeze') OR (Characteristic = 'Humidity' AND Intensity = 'Medium'))",
 "sqlResult": "{27 | 50}",
 "nlq": "What are the maximum and total numbers of days with 11-20 or 21-30 Temperature, Breeze or Calm Wind, or Medium Humidity in 2017?"},
{"name": "template 8",
 "sql": "SELECT Year,sum(Value),avg(Value) FROM DBdata WHERE (Year IN ('2015','2016','2017')) AND ((Characteristic = 'Temperature' AND Intensity = '21-30') OR (Characteristic = 'Wind' AND Intensity = 'Breeze') OR (Characteristic = 'Humidity' AND Intensity = 'Low') OR (Characteristic = 'Humidity' AND Intensity = 'Medium') OR (Characteristic = 'Humidity' AND Intensity = 'High')) GROUP BY Year",
 "sqlResult": "{2015 | 92 | 18.4} || {2016 | 78 | 15.6} || {2017 | 69 | 13.8}",
 "nlq": "What are the total and average numbers of days for each Year, with 21-30 Temperature, Breeze Wind, or High, Low, or Medium Humidity in 2015, 2016, or 2017? Please, report the corresponding Year."},
{"name": "template 9",
 "sql": "SELECT min(Value) FROM DBdata WHERE (Year IN ('2016')) AND (Characteristic IN ('Temperature','Wind','Humidity')) GROUP BY Characteristic",
 "sqlResult": "{9} || {0} || {7}",
 "nlq": "What is the minimum number of days for each Characteristic, with Humidity, Temperature, or Wind in 2016?"},
{"name": "template 10",
 "sql": "SELECT Characteristic,min(Value) FROM DBdata WHERE (Year IN ('2017')) AND (Characteristic IN ('Temperature','Wind','Humidity')) GROUP BY Characteristic",
 "sqlResult": "{Humidity | 2} || {Temperature | 3} || {Wind | 14}",
 "nlq": "What is the minimum number of days for each Characteristic, with Humidity, Temperature, or Wind in 2017? Please, report the corresponding Characteristic."},
{"name": "template 11",
 "sql": "SELECT Characteristic,Year,sum(Value) FROM DBdata WHERE (Year IN ('2015','2017')) AND (Characteristic IN ('Temperature','Wind','Humidity')) GROUP BY Characteristic,Year",
 "sqlResult": "{Humidity | 2015 | 59} || {Humidity | 2017 | 51} || {Temperature | 2015 | 18} || {Temperature | 2017 | 7} || {Wind | 2015 | 29} || {Wind | 2017 | 41}",
 "nlq": "What is the total number of days for each Characteristic and Year, with Humidity, Temperature, or Wind in 2015 or 2017? Please, report the corresponding Characteristic and Year."},
{"name": "template 12",
 "sql": "SELECT Value FROM DBdata WHERE (Year IN ('2017')) AND (Characteristic IN ('Temperature','Humidity')) ORDER BY VALUE DESC LIMIT 2",
 "sqlResult": "{26} || {23}",
 "nlq": "What are the largest 2 numbers of days with Humidity or Temperature in 2017?"},
{"name": "template 13",
 "sql": "SELECT Value FROM DBdata WHERE (Year IN ('2017')) AND (Characteristic IN ('Temperature','Humidity')) ORDER BY VALUE DESC",
 "sqlResult": "{26} || {23} || {4} || {3} || {2}",
 "nlq": "What are the numbers of days ordered by descending values with Humidity or Temperature in 2017?"},
{"name": "template 14",
 "sql": "SELECT Characteristic,Intensity FROM DBdata WHERE (Year IN ('2016')) AND Value > 13.81",
 "sqlResult": "{Temperature | 21-30} || {Wind | Breeze}",
 "nlq": "What are the Characteristic and Intensity for which the number of days in 2016 is greater than 13.81?"},
{"name": "template 15",
 "sql": "SELECT Characteristic,Intensity,Value FROM DBdata WHERE (Year IN ('2015')) AND (Characteristic,Intensity) IN (SELECT Characteristic,Intensity FROM DBdata WHERE (Year IN ('2016')) AND Value > 13.81)",
 "sqlResult": "{Temperature | 21-30 | 12} || {Wind | Breeze | 21}",
 "nlq": "How many days were there in 2015 with Characteristic and with Intensity for which the number of days in 2016 is greater than 13.81? Please, report the corresponding Characteristic, Intensity, and number of days."}]
}
