{
"filename": "Weather_statistics_set9_2_DB.csv",
"questions": [{"name": "template 1",
 "sql": "SELECT Value FROM DBdata WHERE (Year IN ('2019')) AND ((Characteristic = 'Humidity' AND Intensity = 'Medium'))",
 "sqlResult": "{6}",
 "nlq": "How many days were there with Medium Humidity in 2019?"},
{"name": "template 2",
 "sql": "SELECT Value FROM DBdata WHERE (Year IN ('2019')) AND ((Characteristic = 'Temperature' AND Intensity = '31-40') OR (Characteristic = 'Wind' AND Intensity = 'Breeze') OR (Characteristic = 'Wind' AND Intensity = 'Storm') OR (Characteristic = 'Humidity' AND Intensity = 'Medium'))",
 "sqlResult": "{16} || {10} || {23} || {6}",
 "nlq": "How many days were there with 31-40 Temperature, Breeze or Storm Wind, or Medium Humidity in 2019?"},
{"name": "template 3",
 "sql": "SELECT Value FROM DBdata WHERE (Year IN ('2019','2020')) AND ((Characteristic = 'Wind' AND Intensity = 'Breeze'))",
 "sqlResult": "{10} || {17}",
 "nlq": "How many days were there with Breeze Wind in 2019 or 2020?"},
{"name": "template 4",
 "sql": "SELECT min(Value),sum(Value) FROM DBdata WHERE (Year IN ('2020')) AND ((Characteristic = 'Wind' AND Intensity = 'Storm'))",
 "sqlResult": "{20 | 20}",
 "nlq": "What are the minimum and total numbers of days with Storm Wind in 2020?"},
{"name": "template 6",
 "sql": "SELECT Value FROM DBdata WHERE (Year IN ('2019')) AND ((Characteristic = 'Temperature' AND Intensity = '21-30') OR (Characteristic = 'Wind' AND Intensity = 'Breeze') OR (Characteristic = 'Wind' AND Intensity = 'Storm') OR (Characteristic = 'Humidity' AND Intensity = 'Medium'))",
 "sqlResult": "{7} || {10} || {23} || {6}",
 "nlq": "How many days were there with 21-30 Temperature, Breeze or Storm Wind, or Medium Humidity in 2019?"},
{"name": "template 7",
 "sql": "SELECT avg(Value),min(Value) FROM DBdata WHERE (Year IN ('2019')) AND ((Characteristic = 'Temperature' AND Intensity = '21-30') OR (Characteristic = 'Temperature' AND Intensity = '31-40') OR (Characteristic = 'Wind' AND Intensity = 'Breeze') OR (Characteristic = 'Wind' AND Intensity = 'Storm') OR (Characteristic = 'Humidity' AND Intensity = 'Low'))",
 "sqlResult": "{16.2 | 7}",
 "nlq": "What are the average and minimum numbers of days with 21-30 or 31-40 Temperature, Breeze or Storm Wind, or Low Humidity in 2019?"},
{"name": "template 8",
 "sql": "SELECT Year,sum(Value),min(Value) FROM DBdata WHERE (Year IN ('2019','2020')) AND ((Characteristic = 'Temperature' AND Intensity = '31-40') OR (Characteristic = 'Wind' AND Intensity = 'Breeze') OR (Characteristic = 'Wind' AND Intensity = 'Storm') OR (Characteristic = 'Humidity' AND Intensity = 'Low') OR (Characteristic = 'Humidity' AND Intensity = 'Medium')) GROUP BY Year",
 "sqlResult": "{2019 | 80 | 6} || {2020 | 65 | 5}",
 "nlq": "What are the total and minimum numbers of days for each Year, with 31-40 Temperature, Breeze or Storm Wind, or Low or Medium Humidity in 2019 or 2020? Please, report the corresponding Year."},
{"name": "template 9",
 "sql": "SELECT min(Value) FROM DBdata WHERE (Year IN ('2019')) AND (Characteristic IN ('Temperature','Wind','Humidity')) GROUP BY Characteristic",
 "sqlResult": "{6} || {7} || {10}",
 "nlq": "What is the minimum number of days for each Characteristic, with Humidity, Temperature, or Wind in 2019?"},
{"name": "template 10",
 "sql": "SELECT Characteristic,max(Value) FROM DBdata WHERE (Year IN ('2019')) AND (Characteristic IN ('Temperature','Wind','Humidity')) GROUP BY Characteristic",
 "sqlResult": "{Humidity | 25} || {Temperature | 16} || {Wind | 23}",
 "nlq": "What is the maximum number of days for each Characteristic, with Humidity, Temperature, or Wind in 2019? Please, report the corresponding Characteristic."},
{"name": "template 11",
 "sql": "SELECT Characteristic,Year,max(Value) FROM DBdata WHERE (Year IN ('2019','2020')) AND (Characteristic IN ('Temperature','Wind','Humidity')) GROUP BY Characteristic,Year",
 "sqlResult": "{Humidity | 2019 | 25} || {Humidity | 2020 | 12} || {Temperature | 2019 | 16} || {Temperature | 2020 | 5} || {Wind | 2019 | 23} || {Wind | 2020 | 20}",
 "nlq": "What is the maximum number of days for each Characteristic and Year, with Humidity, Temperature, or Wind in 2019 or 2020? Please, report the corresponding Characteristic and Year."},
{"name": "template 12",
 "sql": "SELECT Value FROM DBdata WHERE (Year IN ('2019')) AND (Characteristic IN ('Temperature','Wind')) ORDER BY VALUE DESC LIMIT 2",
 "sqlResult": "{23} || {16}",
 "nlq": "What are the largest 2 numbers of days with Temperature or Wind in 2019?"},
{"name": "template 13",
 "sql": "SELECT Value FROM DBdata WHERE (Year IN ('2020')) AND (Characteristic IN ('Wind','Humidity')) ORDER BY VALUE ASC",
 "sqlResult": "{11} || {12} || {17} || {20}",
 "nlq": "What are the numbers of days ordered by ascending values with Humidity or Wind in 2020?"},
{"name": "template 14",
 "sql": "SELECT Characteristic,Intensity FROM DBdata WHERE (Year IN ('2020')) AND Value < 12.92",
 "sqlResult": "{Temperature | 21-30} || {Temperature | 31-40} || {Humidity | Low} || {Humidity | Medium}",
 "nlq": "What are the Characteristic and Intensity for which the number of days in 2020 is lower than 12.92?"},
{"name": "template 15",
 "sql": "SELECT Characteristic,Intensity,Value FROM DBdata WHERE (Year IN ('2019')) AND (Characteristic,Intensity) IN (SELECT Characteristic,Intensity FROM DBdata WHERE (Year IN ('2020')) AND Value < 12.92)",
 "sqlResult": "{Temperature | 21-30 | 7} || {Temperature | 31-40 | 16} || {Humidity | Low | 25} || {Humidity | Medium | 6}",
 "nlq": "How many days were there in 2019 with Characteristic and with Intensity for which the number of days in 2020 is lower than 12.92? Please, report the corresponding Characteristic, Intensity, and number of days."}]
}
