{
"filename": "Weather_statistics_set3_4_DB.csv",
"questions": [{"name": "template 1",
 "sql": "SELECT Value FROM DBdata WHERE (Year IN ('2019')) AND ((Characteristic = 'Humidity' AND Intensity = 'Low'))",
 "sqlResult": "{14}",
 "nlq": "How many days were there with Low Humidity in 2019?"},
{"name": "template 2",
 "sql": "SELECT Value FROM DBdata WHERE (Year IN ('2019')) AND ((Characteristic = 'Wind' AND Intensity = 'Breeze') OR (Characteristic = 'Wind' AND Intensity = 'Storm') OR (Characteristic = 'Humidity' AND Intensity = 'Low') OR (Characteristic = 'Humidity' AND Intensity = 'Medium') OR (Characteristic = 'Humidity' AND Intensity = 'High'))",
 "sqlResult": "{10} || {25} || {14} || {13} || {15}",
 "nlq": "How many days were there with Breeze or Storm Wind or High, Low, or Medium Humidity in 2019?"},
{"name": "template 3",
 "sql": "SELECT Value FROM DBdata WHERE (Year IN ('2018')) AND ((Characteristic = 'Wind' AND Intensity = 'Storm'))",
 "sqlResult": "{23}",
 "nlq": "How many days were there with Storm Wind in 2018?"},
{"name": "template 4",
 "sql": "SELECT sum(Value),avg(Value) FROM DBdata WHERE (Year IN ('2019')) AND ((Characteristic = 'Wind' AND Intensity = 'Breeze'))",
 "sqlResult": "{10 | 10}",
 "nlq": "What are the total and average numbers of days with Breeze Wind in 2019?"},
{"name": "template 6",
 "sql": "SELECT Value FROM DBdata WHERE (Year IN ('2019')) AND ((Characteristic = 'Wind' AND Intensity = 'Breeze') OR (Characteristic = 'Wind' AND Intensity = 'Storm') OR (Characteristic = 'Humidity' AND Intensity = 'High'))",
 "sqlResult": "{10} || {25} || {15}",
 "nlq": "How many days were there with Breeze or Storm Wind or High Humidity in 2019?"},
{"name": "template 7",
 "sql": "SELECT min(Value),avg(Value) FROM DBdata WHERE (Year IN ('2018')) AND ((Characteristic = 'Humidity' AND Intensity = 'Low') OR (Characteristic = 'Humidity' AND Intensity = 'Medium') OR (Characteristic = 'Humidity' AND Intensity = 'High'))",
 "sqlResult": "{3 | 4.33}",
 "nlq": "What are the minimum and average numbers of days with High, Low, or Medium Humidity in 2018?"},
{"name": "template 8",
 "sql": "SELECT Year,avg(Value),min(Value) FROM DBdata WHERE (Year IN ('2018','2019')) AND ((Characteristic = 'Wind' AND Intensity = 'Breeze') OR (Characteristic = 'Humidity' AND Intensity = 'Low') OR (Characteristic = 'Humidity' AND Intensity = 'Medium') OR (Characteristic = 'Humidity' AND Intensity = 'High')) GROUP BY Year",
 "sqlResult": "{2018 | 8.75 | 3} || {2019 | 13 | 10}",
 "nlq": "What are the average and minimum numbers of days for each Year, with Breeze Wind or High, Low, or Medium Humidity in 2018 or 2019? Please, report the corresponding Year."},
{"name": "template 9",
 "sql": "SELECT min(Value) FROM DBdata WHERE (Year IN ('2019')) AND (Characteristic IN ('Wind','Humidity')) GROUP BY Characteristic",
 "sqlResult": "{13} || {10}",
 "nlq": "What is the minimum number of days for each Characteristic, with Humidity or Wind in 2019?"},
{"name": "template 10",
 "sql": "SELECT Characteristic,min(Value) FROM DBdata WHERE (Year IN ('2019')) AND (Characteristic IN ('Wind','Humidity')) GROUP BY Characteristic",
 "sqlResult": "{Humidity | 13} || {Wind | 10}",
 "nlq": "What is the minimum number of days for each Characteristic, with Humidity or Wind in 2019? Please, report the corresponding Characteristic."},
{"name": "template 11",
 "sql": "SELECT Characteristic,Year,min(Value) FROM DBdata WHERE (Year IN ('2019')) AND (Characteristic IN ('Wind','Humidity')) GROUP BY Characteristic,Year",
 "sqlResult": "{Humidity | 2019 | 13} || {Wind | 2019 | 10}",
 "nlq": "What is the minimum number of days for each Characteristic and Year, with Humidity or Wind in 2019? Please, report the corresponding Characteristic and Year."},
{"name": "template 12",
 "sql": "SELECT Value FROM DBdata WHERE (Year IN ('2019')) AND (Characteristic IN ('Wind','Humidity')) ORDER BY VALUE ASC LIMIT 2",
 "sqlResult": "{10} || {13}",
 "nlq": "What are the smallest 2 numbers of days with Humidity or Wind in 2019?"},
{"name": "template 13",
 "sql": "SELECT Value FROM DBdata WHERE (Year IN ('2019')) AND (Characteristic IN ('Wind','Humidity')) ORDER BY VALUE DESC",
 "sqlResult": "{25} || {15} || {14} || {13} || {10}",
 "nlq": "What are the numbers of days ordered by descending values with Humidity or Wind in 2019?"},
{"name": "template 14",
 "sql": "SELECT Characteristic,Intensity FROM DBdata WHERE (Year IN ('2019')) AND Value > 13.5",
 "sqlResult": "{Wind | Storm} || {Humidity | Low} || {Humidity | High}",
 "nlq": "What are the Characteristic and Intensity for which the number of days in 2019 is greater than 13.5?"},
{"name": "template 15",
 "sql": "SELECT Characteristic,Intensity,Value FROM DBdata WHERE (Year IN ('2018')) AND (Characteristic,Intensity) IN (SELECT Characteristic,Intensity FROM DBdata WHERE (Year IN ('2019')) AND Value > 13.5)",
 "sqlResult": "{Wind | Storm | 23} || {Humidity | Low | 6} || {Humidity | High | 3}",
 "nlq": "How many days were there in 2018 with Characteristic and with Intensity for which the number of days in 2019 is greater than 13.5? Please, report the corresponding Characteristic, Intensity, and number of days."}]
}
