{
"filename": "Weather_statistics_set2_3_DB.csv",
"questions": [{"name": "template 1",
 "sql": "SELECT Value FROM DBdata WHERE (AA IN ('AAdq')) AND ((BB = 'BBjx' AND CC = 'CCkx'))",
 "sqlResult": "{2}",
 "nlq": "How many days were there with CCkx BBjx in AAdq?"},
{"name": "template 2",
 "sql": "SELECT Value FROM DBdata WHERE (AA IN ('AAdq')) AND ((BB = 'BBlw' AND CC = 'CCkm') OR (BB = 'BBqv' AND CC = 'CClm') OR (BB = 'BBjx' AND CC = 'CCcj'))",
 "sqlResult": "{3} || {14} || {26}",
 "nlq": "How many days were there with CCkm BBlw, CClm BBqv, or CCcj BBjx in AAdq?"},
{"name": "template 3",
 "sql": "SELECT Value FROM DBdata WHERE (AA IN ('AAqx','AAdq')) AND ((BB = 'BBqv' AND CC = 'CClm'))",
 "sqlResult": "{21} || {14}",
 "nlq": "How many days were there with CClm BBqv in AAqx or AAdq?"},
{"name": "template 4",
 "sql": "SELECT min(Value),max(Value) FROM DBdata WHERE (AA IN ('AAqx','AAdq')) AND ((BB = 'BBjx' AND CC = 'CCrs'))",
 "sqlResult": "{16 | 23}",
 "nlq": "What are the minimum and maximum numbers of days with CCrs BBjx in AAqx or AAdq?"},
{"name": "template 6",
 "sql": "SELECT Value FROM DBdata WHERE (AA IN ('AAqx','AArv')) AND ((BB = 'BBlw' AND CC = 'CCkm') OR (BB = 'BBqv' AND CC = 'CCcg') OR (BB = 'BBjx' AND CC = 'CCkx') OR (BB = 'BBjx' AND CC = 'CCrs'))",
 "sqlResult": "{6} || {0} || {8} || {7} || {15} || {9} || {16} || {10}",
 "nlq": "How many days were there with CCkm BBlw, CCcg BBqv, or CCrs or CCkx BBjx in AAqx or AArv?"},
{"name": "template 7",
 "sql": "SELECT max(Value),sum(Value) FROM DBdata WHERE (AA IN ('AAdq')) AND ((BB = 'BBlw' AND CC = 'CCkm') OR (BB = 'BBlw' AND CC = 'CCbh') OR (BB = 'BBqv' AND CC = 'CCcg') OR (BB = 'BBqv' AND CC = 'CClm') OR (BB = 'BBjx' AND CC = 'CCkx'))",
 "sqlResult": "{27 | 50}",
 "nlq": "What are the maximum and total numbers of days with CCkm or CCbh BBlw, CClm or CCcg BBqv, or CCkx BBjx in AAdq?"},
{"name": "template 8",
 "sql": "SELECT AA,sum(Value),avg(Value) FROM DBdata WHERE (AA IN ('AAqx','AArv','AAdq')) AND ((BB = 'BBlw' AND CC = 'CCbh') OR (BB = 'BBqv' AND CC = 'CClm') OR (BB = 'BBjx' AND CC = 'CCcj') OR (BB = 'BBjx' AND CC = 'CCkx') OR (BB = 'BBjx' AND CC = 'CCrs')) GROUP BY AA",
 "sqlResult": "{AAqx | 92 | 18.4} || {AArv | 78 | 15.6} || {AAdq | 69 | 13.8}",
 "nlq": "What are the total and average numbers of days for each AA, with CCbh BBlw, CClm BBqv, or CCrs, CCcj, or CCkx BBjx in AAqx, AArv, or AAdq? Please, report the corresponding AA."},
{"name": "template 9",
 "sql": "SELECT min(Value) FROM DBdata WHERE (AA IN ('AArv')) AND (BB IN ('BBlw','BBqv','BBjx')) GROUP BY BB",
 "sqlResult": "{9} || {0} || {7}",
 "nlq": "What is the minimum number of days for each BB, with BBjx, BBlw, or BBqv in AArv?"},
{"name": "template 10",
 "sql": "SELECT BB,min(Value) FROM DBdata WHERE (AA IN ('AAdq')) AND (BB IN ('BBlw','BBqv','BBjx')) GROUP BY BB",
 "sqlResult": "{BBjx | 2} || {BBlw | 3} || {BBqv | 14}",
 "nlq": "What is the minimum number of days for each BB, with BBjx, BBlw, or BBqv in AAdq? Please, report the corresponding BB."},
{"name": "template 11",
 "sql": "SELECT BB,AA,sum(Value) FROM DBdata WHERE (AA IN ('AAqx','AAdq')) AND (BB IN ('BBlw','BBqv','BBjx')) GROUP BY BB,AA",
 "sqlResult": "{BBjx | AAqx | 59} || {BBjx | AAdq | 51} || {BBlw | AAqx | 18} || {BBlw | AAdq | 7} || {BBqv | AAqx | 29} || {BBqv | AAdq | 41}",
 "nlq": "What is the total number of days for each BB and AA, with BBjx, BBlw, or BBqv in AAqx or AAdq? Please, report the corresponding BB and AA."},
{"name": "template 12",
 "sql": "SELECT Value FROM DBdata WHERE (AA IN ('AAdq')) AND (BB IN ('BBlw','BBjx')) ORDER BY VALUE DESC LIMIT 2",
 "sqlResult": "{26} || {23}",
 "nlq": "What are the largest 2 numbers of days with BBjx or BBlw in AAdq?"},
{"name": "template 13",
 "sql": "SELECT Value FROM DBdata WHERE (AA IN ('AAdq')) AND (BB IN ('BBlw','BBjx')) ORDER BY VALUE DESC",
 "sqlResult": "{26} || {23} || {4} || {3} || {2}",
 "nlq": "What are the numbers of days ordered by descending values with BBjx or BBlw in AAdq?"},
{"name": "template 14",
 "sql": "SELECT BB,CC FROM DBdata WHERE (AA IN ('AArv')) AND Value > 13.81",
 "sqlResult": "{BBlw | CCbh} || {BBqv | CClm}",
 "nlq": "What are the BB and CC for which the number of days in AArv is greater than 13.81?"},
{"name": "template 15",
 "sql": "SELECT BB,CC,Value FROM DBdata WHERE (AA IN ('AAqx')) AND (BB,CC) IN (SELECT BB,CC FROM DBdata WHERE (AA IN ('AArv')) AND Value > 13.81)",
 "sqlResult": "{BBlw | CCbh | 12} || {BBqv | CClm | 21}",
 "nlq": "How many days were there in AAqx with BB and with CC for which the number of days in AArv is greater than 13.81? Please, report the corresponding BB, CC, and number of days."}]
}

