{
"filename": "Weather_statistics_set2_1_DB.csv",
"questions": [{"name": "template 1",
 "sql": "SELECT Value FROM DBdata WHERE (AA IN ('AAhw')) AND ((BB = 'BBcj' AND CC = 'CCsv'))",
 "sqlResult": "{20}",
 "nlq": "How many days were there with CCsv BBcj in AAhw?"},
{"name": "template 2",
 "sql": "SELECT Value FROM DBdata WHERE (AA IN ('AAnz')) AND ((BB = 'BBlv' AND CC = 'CCnp') OR (BB = 'BBlv' AND CC = 'CCjp') OR (BB = 'BBlv' AND CC = 'CCht') OR (BB = 'BBhl' AND CC = 'CCdq') OR (BB = 'BBhl' AND CC = 'CClq') OR (BB = 'BBcj' AND CC = 'CCdz') OR (BB = 'BBcj' AND CC = 'CCbv') OR (BB = 'BBcj' AND CC = 'CCsv'))",
 "sqlResult": "{5} || {14} || {25} || {3} || {1} || {22} || {8} || {26}",
 "nlq": "How many days were there with CCnp, CCjp, or CCht BBlv, CCdq or CClq BBhl, or CCsv, CCdz, or CCbv BBcj in AAnz?"},
{"name": "template 3",
 "sql": "SELECT Value FROM DBdata WHERE (AA IN ('AAnz','AAhw')) AND ((BB = 'BBlv' AND CC = 'CCnp'))",
 "sqlResult": "{5} || {11}",
 "nlq": "How many days were there with CCnp BBlv in AAnz or AAhw?"},
{"name": "template 4",
 "sql": "SELECT min(Value),avg(Value) FROM DBdata WHERE (AA IN ('AAnz','AAhw')) AND ((BB = 'BBlv' AND CC = 'CCjp'))",
 "sqlResult": "{14 | 15.5}",
 "nlq": "What are the minimum and average numbers of days with CCjp BBlv in AAnz or AAhw?"},
{"name": "template 6",
 "sql": "SELECT Value FROM DBdata WHERE (AA IN ('AAhw')) AND ((BB = 'BBhl' AND CC = 'CClq') OR (BB = 'BBcj' AND CC = 'CCdz'))",
 "sqlResult": "{13} || {7}",
 "nlq": "How many days were there with CCdz BBcj or CClq BBhl in AAhw?"},
{"name": "template 7",
 "sql": "SELECT min(Value),sum(Value) FROM DBdata WHERE (AA IN ('AAhw')) AND ((BB = 'BBlv' AND CC = 'CCnp') OR (BB = 'BBlv' AND CC = 'CCht') OR (BB = 'BBhl' AND CC = 'CCdq') OR (BB = 'BBcj' AND CC = 'CCdz') OR (BB = 'BBcj' AND CC = 'CCsv'))",
 "sqlResult": "{7 | 84}",
 "nlq": "What are the minimum and total numbers of days with CCnp or CCht BBlv, CCdq BBhl, or CCsv or CCdz BBcj in AAhw?"},
{"name": "template 8",
 "sql": "SELECT AA,min(Value),max(Value) FROM DBdata WHERE (AA IN ('AAhw')) AND ((BB = 'BBlv' AND CC = 'CCjp') OR (BB = 'BBcj' AND CC = 'CCdz') OR (BB = 'BBcj' AND CC = 'CCbv') OR (BB = 'BBcj' AND CC = 'CCsv')) GROUP BY AA",
 "sqlResult": "{AAhw | 7 | 20}",
 "nlq": "What are the minimum and maximum numbers of days for each AA, with CCjp BBlv or CCsv, CCdz, or CCbv BBcj in AAhw? Please, report the corresponding AA."},
{"name": "template 9",
 "sql": "SELECT min(Value) FROM DBdata WHERE (AA IN ('AAnz')) AND (BB IN ('BBlv','BBhl','BBcj')) GROUP BY BB",
 "sqlResult": "{8} || {5} || {1}",
 "nlq": "What is the minimum number of days for each BB, with BBcj, BBlv, or BBhl in AAnz?"},
{"name": "template 10",
 "sql": "SELECT BB,max(Value) FROM DBdata WHERE (AA IN ('AAnz')) AND (BB IN ('BBlv','BBhl','BBcj')) GROUP BY BB",
 "sqlResult": "{BBcj | 26} || {BBlv | 25} || {BBhl | 3}",
 "nlq": "What is the maximum number of days for each BB, with BBcj, BBlv, or BBhl in AAnz? Please, report the corresponding BB."},
{"name": "template 11",
 "sql": "SELECT BB,AA,sum(Value) FROM DBdata WHERE (AA IN ('AAnz')) AND (BB IN ('BBlv','BBhl','BBcj')) GROUP BY BB,AA",
 "sqlResult": "{BBcj | AAnz | 56} || {BBlv | AAnz | 44} || {BBhl | AAnz | 4}",
 "nlq": "What is the total number of days for each BB and AA, with BBcj, BBlv, or BBhl in AAnz? Please, report the corresponding BB and AA."},
{"name": "template 12",
 "sql": "SELECT Value FROM DBdata WHERE (AA IN ('AAhw')) AND (BB IN ('BBlv','BBcj')) ORDER BY VALUE DESC LIMIT 4",
 "sqlResult": "{27} || {20} || {17} || {11}",
 "nlq": "What are the largest 4 numbers of days with BBcj or BBlv in AAhw?"},
{"name": "template 13",
 "sql": "SELECT Value FROM DBdata WHERE (AA IN ('AAhw')) AND (BB IN ('BBlv','BBcj')) ORDER BY VALUE ASC",
 "sqlResult": "{7} || {9} || {11} || {17} || {20} || {27}",
 "nlq": "What are the numbers of days ordered by ascending values with BBcj or BBlv in AAhw?"},
{"name": "template 14",
 "sql": "SELECT BB,CC FROM DBdata WHERE (AA IN ('AAnz')) AND Value > 14.19",
 "sqlResult": "{BBlv | CCht} || {BBcj | CCdz} || {BBcj | CCsv}",
 "nlq": "What are the BB and CC for which the number of days in AAnz is greater than 14.19?"},
{"name": "template 15",
 "sql": "SELECT BB,CC,Value FROM DBdata WHERE (AA IN ('AAhw')) AND (BB,CC) IN (SELECT BB,CC FROM DBdata WHERE (AA IN ('AAnz')) AND Value > 14.19)",
 "sqlResult": "{BBlv | CCht | 27} || {BBcj | CCdz | 7} || {BBcj | CCsv | 20}",
 "nlq": "How many days were there in AAhw with BB and with CC for which the number of days in AAnz is greater than 14.19? Please, report the corresponding BB, CC, and number of days."}]
}

