{
"filename": "Weather_statistics_set3_1_DB.csv",
"questions": [{"name": "template 1",
 "sql": "SELECT Value FROM DBdata WHERE (Year IN ('2016')) AND ((Characteristic = 'Temperature' AND Intensity = '31-40'))",
 "sqlResult": "{12}",
 "nlq": "How many days were there with 31-40 Temperature in 2016?"},
{"name": "template 2",
 "sql": "SELECT Value FROM DBdata WHERE (Year IN ('2017')) AND ((Characteristic = 'Temperature' AND Intensity = '11-20') OR (Characteristic = 'Temperature' AND Intensity = '21-30') OR (Characteristic = 'Temperature' AND Intensity = '31-40') OR (Characteristic = 'Wind' AND Intensity = 'Calm') OR (Characteristic = 'Humidity' AND Intensity = 'Low') OR (Characteristic = 'Humidity' AND Intensity = 'Medium') OR (Characteristic = 'Humidity' AND Intensity = 'High'))",
 "sqlResult": "{3} || {7} || {16} || {10} || {24} || {21} || {13}",
 "nlq": "How many days were there with 11-20, 21-30, or 31-40 Temperature, Calm Wind, or High, Low, or Medium Humidity in 2017?"},
{"name": "template 3",
 "sql": "SELECT Value FROM DBdata WHERE (Year IN ('2015','2016','2017')) AND ((Characteristic = 'Wind' AND Intensity = 'Breeze'))",
 "sqlResult": "{17} || {9} || {23}",
 "nlq": "How many days were there with Breeze Wind in 2015, 2016, or 2017?"},
{"name": "template 4",
 "sql": "SELECT min(Value),sum(Value) FROM DBdata WHERE (Year IN ('2015','2017')) AND ((Characteristic = 'Temperature' AND Intensity = '31-40'))",
 "sqlResult": "{16 | 42}",
 "nlq": "What are the minimum and total numbers of days with 31-40 Temperature in 2015 or 2017?"},
{"name": "template 6",
 "sql": "SELECT Value FROM DBdata WHERE (Year IN ('2015','2016','2017')) AND ((Characteristic = 'Temperature' AND Intensity = '31-40') OR (Characteristic = 'Humidity' AND Intensity = 'Medium') OR (Characteristic = 'Humidity' AND Intensity = 'High'))",
 "sqlResult": "{26} || {12} || {16} || {0} || {28} || {21} || {18} || {20} || {13}",
 "nlq": "How many days were there with 31-40 Temperature or High or Medium Humidity in 2015, 2016, or 2017?"},
{"name": "template 7",
 "sql": "SELECT sum(Value),min(Value) FROM DBdata WHERE (Year IN ('2015')) AND ((Characteristic = 'Temperature' AND Intensity = '21-30') OR (Characteristic = 'Wind' AND Intensity = 'Calm') OR (Characteristic = 'Humidity' AND Intensity = 'Medium'))",
 "sqlResult": "{18 | 0}",
 "nlq": "What are the total and minimum numbers of days with 21-30 Temperature, Calm Wind, or Medium Humidity in 2015?"},
{"name": "template 8",
 "sql": "SELECT Year,avg(Value),sum(Value) FROM DBdata WHERE (Year IN ('2015','2016','2017')) AND ((Characteristic = 'Temperature' AND Intensity = '21-30') OR (Characteristic = 'Humidity' AND Intensity = 'Medium')) GROUP BY Year",
 "sqlResult": "{2015 | 2 | 4} || {2016 | 19.5 | 39} || {2017 | 14 | 28}",
 "nlq": "What are the average and total numbers of days for each Year, with 21-30 Temperature or Medium Humidity in 2015, 2016, or 2017? Please, report the corresponding Year."},
{"name": "template 9",
 "sql": "SELECT min(Value) FROM DBdata WHERE (Year IN ('2016')) AND (Characteristic IN ('Temperature','Wind','Humidity')) GROUP BY Characteristic",
 "sqlResult": "{5} || {11} || {9}",
 "nlq": "What is the minimum number of days for each Characteristic, with Humidity, Temperature, or Wind in 2016?"},
{"name": "template 10",
 "sql": "SELECT Characteristic,avg(Value) FROM DBdata WHERE (Year IN ('2016')) AND (Characteristic IN ('Temperature','Wind','Humidity')) GROUP BY Characteristic",
 "sqlResult": "{Humidity | 17.67} || {Temperature | 16.67} || {Wind | 17}",
 "nlq": "What is the average number of days for each Characteristic, with Humidity, Temperature, or Wind in 2016? Please, report the corresponding Characteristic."},
{"name": "template 11",
 "sql": "SELECT Characteristic,Year,avg(Value) FROM DBdata WHERE (Year IN ('2015','2016','2017')) AND (Characteristic IN ('Temperature','Wind','Humidity')) GROUP BY Characteristic,Year",
 "sqlResult": "{Humidity | 2015 | 13.33} || {Humidity | 2016 | 17.67} || {Humidity | 2017 | 19.33} || {Temperature | 2015 | 10.33} || {Temperature | 2016 | 16.67} || {Temperature | 2017 | 8.67} || {Wind | 2015 | 15.5} || {Wind | 2016 | 17} || {Wind | 2017 | 16.5}",
 "nlq": "What is the average number of days for each Characteristic and Year, with Humidity, Temperature, or Wind in 2015, 2016, or 2017? Please, report the corresponding Characteristic and Year."},
{"name": "template 12",
 "sql": "SELECT Value FROM DBdata WHERE (Year IN ('2017')) AND (Characteristic IN ('Wind','Humidity')) ORDER BY VALUE ASC LIMIT 3",
 "sqlResult": "{10} || {13} || {21}",
 "nlq": "What are the smallest 3 numbers of days with Humidity or Wind in 2017?"},
{"name": "template 13",
 "sql": "SELECT Value FROM DBdata WHERE (Year IN ('2017')) AND (Characteristic IN ('Temperature','Humidity')) ORDER BY VALUE DESC",
 "sqlResult": "{24} || {21} || {16} || {13} || {7} || {3}",
 "nlq": "What are the numbers of days ordered by descending values with Humidity or Temperature in 2017?"},
{"name": "template 14",
 "sql": "SELECT Characteristic,Intensity FROM DBdata WHERE (Year IN ('2016')) AND Value < 14.83",
 "sqlResult": "{Temperature | 21-30} || {Temperature | 31-40} || {Wind | Breeze} || {Humidity | Low}",
 "nlq": "What are the Characteristic and Intensity for which the number of days in 2016 is lower than 14.83?"},
{"name": "template 15",
 "sql": "SELECT Characteristic,Intensity,Value FROM DBdata WHERE (Year IN ('2017')) AND (Characteristic,Intensity) IN (SELECT Characteristic,Intensity FROM DBdata WHERE (Year IN ('2016')) AND Value < 14.83)",
 "sqlResult": "{Temperature | 21-30 | 7} || {Temperature | 31-40 | 16} || {Wind | Breeze | 23} || {Humidity | Low | 24}",
 "nlq": "How many days were there in 2017 with Characteristic and with Intensity for which the number of days in 2016 is lower than 14.83? Please, report the corresponding Characteristic, Intensity, and number of days."}]
}
