{
"filename": "Weather_statistics_set5_2_DB.csv",
"questions": [{"name": "template 1",
 "sql": "SELECT Value FROM DBdata WHERE (Year IN ('2020')) AND ((Characteristic = 'Wind' AND Intensity = 'Breeze'))",
 "sqlResult": "{21}",
 "nlq": "How many days were there with Breeze Wind in 2020?"},
{"name": "template 2",
 "sql": "SELECT Value FROM DBdata WHERE (Year IN ('2020')) AND ((Characteristic = 'Temperature' AND Intensity = '31-40') OR (Characteristic = 'Humidity' AND Intensity = 'Low'))",
 "sqlResult": "{8} || {18}",
 "nlq": "How many days were there with 31-40 Temperature or Low Humidity in 2020?"},
{"name": "template 3",
 "sql": "SELECT Value FROM DBdata WHERE (Year IN ('2020')) AND ((Characteristic = 'Wind' AND Intensity = 'Calm'))",
 "sqlResult": "{14}",
 "nlq": "How many days were there with Calm Wind in 2020?"},
{"name": "template 4",
 "sql": "SELECT sum(Value),min(Value) FROM DBdata WHERE (Year IN ('2020','2021')) AND ((Characteristic = 'Temperature' AND Intensity = '31-40'))",
 "sqlResult": "{30 | 8}",
 "nlq": "What are the total and minimum numbers of days with 31-40 Temperature in 2020 or 2021?"},
{"name": "template 6",
 "sql": "SELECT Value FROM DBdata WHERE (Year IN ('2020','2021')) AND ((Characteristic = 'Temperature' AND Intensity = '11-20') OR (Characteristic = 'Temperature' AND Intensity = '21-30') OR (Characteristic = 'Wind' AND Intensity = 'Storm'))",
 "sqlResult": "{19} || {24} || {28} || {2} || {25} || {11}",
 "nlq": "How many days were there with 11-20 or 21-30 Temperature or Storm Wind in 2020 or 2021?"},
{"name": "template 7",
 "sql": "SELECT avg(Value),min(Value) FROM DBdata WHERE (Year IN ('2020')) AND ((Characteristic = 'Temperature' AND Intensity = '21-30') OR (Characteristic = 'Wind' AND Intensity = 'Storm') OR (Characteristic = 'Humidity' AND Intensity = 'Low') OR (Characteristic = 'Humidity' AND Intensity = 'Medium'))",
 "sqlResult": "{23.5 | 18}",
 "nlq": "What are the average and minimum numbers of days with 21-30 Temperature, Low or Medium Humidity, or Storm Wind in 2020?"},
{"name": "template 8",
 "sql": "SELECT Year,min(Value),max(Value) FROM DBdata WHERE (Year IN ('2020','2021')) AND ((Characteristic = 'Temperature' AND Intensity = '11-20') OR (Characteristic = 'Temperature' AND Intensity = '21-30') OR (Characteristic = 'Wind' AND Intensity = 'Calm') OR (Characteristic = 'Wind' AND Intensity = 'Storm')) GROUP BY Year",
 "sqlResult": "{2020 | 14 | 28} || {2021 | 2 | 24}",
 "nlq": "What are the minimum and maximum numbers of days for each Year, with 11-20 or 21-30 Temperature or Calm or Storm Wind in 2020 or 2021? Please, report the corresponding Year."},
{"name": "template 9",
 "sql": "SELECT min(Value) FROM DBdata WHERE (Year IN ('2020')) AND (Characteristic IN ('Temperature','Wind','Humidity')) GROUP BY Characteristic",
 "sqlResult": "{6} || {8} || {14}",
 "nlq": "What is the minimum number of days for each Characteristic, with Humidity, Temperature, or Wind in 2020?"},
{"name": "template 10",
 "sql": "SELECT Characteristic,max(Value) FROM DBdata WHERE (Year IN ('2020')) AND (Characteristic IN ('Temperature','Wind','Humidity')) GROUP BY Characteristic",
 "sqlResult": "{Humidity | 23} || {Temperature | 28} || {Wind | 25}",
 "nlq": "What is the maximum number of days for each Characteristic, with Humidity, Temperature, or Wind in 2020? Please, report the corresponding Characteristic."},
{"name": "template 11",
 "sql": "SELECT Characteristic,Year,max(Value) FROM DBdata WHERE (Year IN ('2020')) AND (Characteristic IN ('Temperature','Wind','Humidity')) GROUP BY Characteristic,Year",
 "sqlResult": "{Humidity | 2020 | 23} || {Temperature | 2020 | 28} || {Wind | 2020 | 25}",
 "nlq": "What is the maximum number of days for each Characteristic and Year, with Humidity, Temperature, or Wind in 2020? Please, report the corresponding Characteristic and Year."},
{"name": "template 12",
 "sql": "SELECT Value FROM DBdata WHERE (Year IN ('2021')) AND (Characteristic IN ('Temperature','Wind')) ORDER BY VALUE ASC LIMIT 4",
 "sqlResult": "{2} || {3} || {4} || {11}",
 "nlq": "What are the smallest 4 numbers of days with Temperature or Wind in 2021?"},
{"name": "template 13",
 "sql": "SELECT Value FROM DBdata WHERE (Year IN ('2021')) AND (Characteristic IN ('Wind','Humidity')) ORDER BY VALUE DESC",
 "sqlResult": "{27} || {11} || {9} || {7} || {4} || {3}",
 "nlq": "What are the numbers of days ordered by descending values with Humidity or Wind in 2021?"},
{"name": "template 14",
 "sql": "SELECT Characteristic,Intensity FROM DBdata WHERE (Year IN ('2021')) AND Value > 15.06",
 "sqlResult": "{Temperature | 11-20} || {Temperature | 31-40} || {Humidity | High}",
 "nlq": "What are the Characteristic and Intensity for which the number of days in 2021 is greater than 15.06?"},
{"name": "template 15",
 "sql": "SELECT Characteristic,Intensity,Value FROM DBdata WHERE (Year IN ('2020')) AND (Characteristic,Intensity) IN (SELECT Characteristic,Intensity FROM DBdata WHERE (Year IN ('2021')) AND Value > 15.06)",
 "sqlResult": "{Temperature | 11-20 | 19} || {Temperature | 31-40 | 8} || {Humidity | High | 6}",
 "nlq": "How many days were there in 2020 with Characteristic and with Intensity for which the number of days in 2021 is greater than 15.06? Please, report the corresponding Characteristic, Intensity, and number of days."}]
}
