{
"filename": "Weather_statistics_set2_4_DB.csv",
"questions": [{"name": "template 1",
 "sql": "SELECT Value FROM DBdata WHERE (AA IN ('AAdq')) AND ((BB = 'BBct' AND CC = 'CCdk'))",
 "sqlResult": "{6}",
 "nlq": "How many days were there with CCdk BBct in AAdq?"},
{"name": "template 2",
 "sql": "SELECT Value FROM DBdata WHERE (AA IN ('AAdq')) AND ((BB = 'BBfv' AND CC = 'CCsy') OR (BB = 'BBjy' AND CC = 'CCrw') OR (BB = 'BBct' AND CC = 'CCcd'))",
 "sqlResult": "{21} || {5} || {12}",
 "nlq": "How many days were there with CCsy BBfv, CCrw BBjy, or CCcd BBct in AAdq?"},
{"name": "template 3",
 "sql": "SELECT Value FROM DBdata WHERE (AA IN ('AAcr')) AND ((BB = 'BBct' AND CC = 'CClt'))",
 "sqlResult": "{16}",
 "nlq": "How many days were there with CClt BBct in AAcr?"},
{"name": "template 4",
 "sql": "SELECT avg(Value),min(Value) FROM DBdata WHERE (AA IN ('AAcr')) AND ((BB = 'BBct' AND CC = 'CCcd'))",
 "sqlResult": "{13 | 13}",
 "nlq": "What are the average and minimum numbers of days with CCcd BBct in AAcr?"},
{"name": "template 6",
 "sql": "SELECT Value FROM DBdata WHERE (AA IN ('AAcr','AAdq')) AND ((BB = 'BBjy' AND CC = 'CCrw') OR (BB = 'BBjy' AND CC = 'CCmz') OR (BB = 'BBct' AND CC = 'CCdk'))",
 "sqlResult": "{14} || {5} || {26} || {1} || {25} || {6}",
 "nlq": "How many days were there with CCrw or CCmz BBjy or CCdk BBct in AAcr or AAdq?"},
{"name": "template 7",
 "sql": "SELECT sum(Value),max(Value) FROM DBdata WHERE (AA IN ('AAcr')) AND ((BB = 'BBfv' AND CC = 'CCpw') OR (BB = 'BBct' AND CC = 'CCdk'))",
 "sqlResult": "{28 | 25}",
 "nlq": "What are the total and maximum numbers of days with CCpw BBfv or CCdk BBct in AAcr?"},
{"name": "template 8",
 "sql": "SELECT AA,min(Value),avg(Value) FROM DBdata WHERE (AA IN ('AAcr','AAdq')) AND ((BB = 'BBfv' AND CC = 'CCsy') OR (BB = 'BBct' AND CC = 'CClt') OR (BB = 'BBct' AND CC = 'CCcd') OR (BB = 'BBct' AND CC = 'CCdk')) GROUP BY AA",
 "sqlResult": "{AAcr | 10 | 16} || {AAdq | 4 | 10.75}",
 "nlq": "What are the minimum and average numbers of days for each AA, with CCsy BBfv or CCdk, CClt, or CCcd BBct in AAcr or AAdq? Please, report the corresponding AA."},
{"name": "template 9",
 "sql": "SELECT min(Value) FROM DBdata WHERE (AA IN ('AAcr')) AND (BB IN ('BBfv','BBjy','BBct')) GROUP BY BB",
 "sqlResult": "{13} || {3} || {14}",
 "nlq": "What is the minimum number of days for each BB, with BBct, BBfv, or BBjy in AAcr?"},
{"name": "template 10",
 "sql": "SELECT BB,max(Value) FROM DBdata WHERE (AA IN ('AAcr')) AND (BB IN ('BBfv','BBjy','BBct')) GROUP BY BB",
 "sqlResult": "{BBct | 25} || {BBfv | 10} || {BBjy | 26}",
 "nlq": "What is the maximum number of days for each BB, with BBct, BBfv, or BBjy in AAcr? Please, report the corresponding BB."},
{"name": "template 11",
 "sql": "SELECT BB,AA,sum(Value) FROM DBdata WHERE (AA IN ('AAcr','AAdq')) AND (BB IN ('BBfv','BBjy','BBct')) GROUP BY BB,AA",
 "sqlResult": "{BBct | AAcr | 54} || {BBct | AAdq | 22} || {BBfv | AAcr | 13} || {BBfv | AAdq | 44} || {BBjy | AAcr | 40} || {BBjy | AAdq | 6}",
 "nlq": "What is the total number of days for each BB and AA, with BBct, BBfv, or BBjy in AAcr or AAdq? Please, report the corresponding BB and AA."},
{"name": "template 12",
 "sql": "SELECT Value FROM DBdata WHERE (AA IN ('AAdq')) AND (BB IN ('BBjy','BBct')) ORDER BY VALUE DESC LIMIT 4",
 "sqlResult": "{12} || {6} || {5} || {4}",
 "nlq": "What are the largest 4 numbers of days with BBct or BBjy in AAdq?"},
{"name": "template 13",
 "sql": "SELECT Value FROM DBdata WHERE (AA IN ('AAcr')) AND (BB IN ('BBjy','BBct')) ORDER BY VALUE ASC",
 "sqlResult": "{13} || {14} || {16} || {25} || {26}",
 "nlq": "What are the numbers of days ordered by ascending values with BBct or BBjy in AAcr?"},
{"name": "template 14",
 "sql": "SELECT BB,CC FROM DBdata WHERE (AA IN ('AAdq')) AND Value > 12.79",
 "sqlResult": "{BBfv | CCsy} || {BBfv | CCpw}",
 "nlq": "What are the BB and CC for which the number of days in AAdq is greater than 12.79?"},
{"name": "template 15",
 "sql": "SELECT BB,CC,Value FROM DBdata WHERE (AA IN ('AAcr')) AND (BB,CC) IN (SELECT BB,CC FROM DBdata WHERE (AA IN ('AAdq')) AND Value > 12.79)",
 "sqlResult": "{BBfv | CCsy | 10} || {BBfv | CCpw | 3}",
 "nlq": "How many days were there in AAcr with BB and with CC for which the number of days in AAdq is greater than 12.79? Please, report the corresponding BB, CC, and number of days."}]
}

