{
"filename": "Weather_statistics_set10_4_DB.csv",
"questions": [{"name": "template 1",
 "sql": "SELECT Value FROM DBdata WHERE (AA IN ('AAry')) AND ((BB = 'BBnw' AND CC = 'CCfs'))",
 "sqlResult": "{20}",
 "nlq": "How many days were there with CCfs BBnw in AAry?"},
{"name": "template 2",
 "sql": "SELECT Value FROM DBdata WHERE (AA IN ('AAry')) AND ((BB = 'BBgh' AND CC = 'CCjt') OR (BB = 'BBgh' AND CC = 'CCpw') OR (BB = 'BBgh' AND CC = 'CCqz') OR (BB = 'BBkl' AND CC = 'CCwz') OR (BB = 'BBkl' AND CC = 'CCmz') OR (BB = 'BBkl' AND CC = 'CChl') OR (BB = 'BBnw' AND CC = 'CCcy'))",
 "sqlResult": "{7} || {2} || {11} || {12} || {18} || {27} || {24}",
 "nlq": "How many days were there with CCjt, CCpw, or CCqz BBgh, CCmz, CCwz, or CChl BBkl, or CCcy BBnw in AAry?"},
{"name": "template 3",
 "sql": "SELECT Value FROM DBdata WHERE (AA IN ('AAbs','AAry')) AND ((BB = 'BBgh' AND CC = 'CCpw'))",
 "sqlResult": "{4} || {2}",
 "nlq": "How many days were there with CCpw BBgh in AAbs or AAry?"},
{"name": "template 4",
 "sql": "SELECT max(Value),min(Value) FROM DBdata WHERE (AA IN ('AAbs')) AND ((BB = 'BBnw' AND CC = 'CCcy'))",
 "sqlResult": "{3 | 3}",
 "nlq": "What are the maximum and minimum numbers of days with CCcy BBnw in AAbs?"},
{"name": "template 6",
 "sql": "SELECT Value FROM DBdata WHERE (AA IN ('AAbs','AAry')) AND ((BB = 'BBgh' AND CC = 'CCpw') OR (BB = 'BBnw' AND CC = 'CCfs'))",
 "sqlResult": "{4} || {2} || {8} || {20}",
 "nlq": "How many days were there with CCpw BBgh or CCfs BBnw in AAbs or AAry?"},
{"name": "template 7",
 "sql": "SELECT min(Value),avg(Value) FROM DBdata WHERE (AA IN ('AAbs')) AND ((BB = 'BBgh' AND CC = 'CCpw') OR (BB = 'BBkl' AND CC = 'CCwz') OR (BB = 'BBkl' AND CC = 'CChl'))",
 "sqlResult": "{0 | 3.33}",
 "nlq": "What are the minimum and average numbers of days with CCpw BBgh or CCwz or CChl BBkl in AAbs?"},
{"name": "template 8",
 "sql": "SELECT AA,sum(Value),min(Value) FROM DBdata WHERE (AA IN ('AAbs','AAry')) AND ((BB = 'BBkl' AND CC = 'CCwz') OR (BB = 'BBkl' AND CC = 'CChl') OR (BB = 'BBnw' AND CC = 'CCfs') OR (BB = 'BBnw' AND CC = 'CCcy')) GROUP BY AA",
 "sqlResult": "{AAbs | 17 | 0} || {AAry | 83 | 12}",
 "nlq": "What are the total and minimum numbers of days for each AA, with CCwz or CChl BBkl or CCfs or CCcy BBnw in AAbs or AAry? Please, report the corresponding AA."},
{"name": "template 9",
 "sql": "SELECT min(Value) FROM DBdata WHERE (AA IN ('AAry')) AND (BB IN ('BBgh','BBkl','BBnw')) GROUP BY BB",
 "sqlResult": "{20} || {2} || {12}",
 "nlq": "What is the minimum number of days for each BB, with BBnw, BBgh, or BBkl in AAry?"},
{"name": "template 10",
 "sql": "SELECT BB,avg(Value) FROM DBdata WHERE (AA IN ('AAry')) AND (BB IN ('BBgh','BBkl','BBnw')) GROUP BY BB",
 "sqlResult": "{BBnw | 22} || {BBgh | 6.67} || {BBkl | 19}",
 "nlq": "What is the average number of days for each BB, with BBnw, BBgh, or BBkl in AAry? Please, report the corresponding BB."},
{"name": "template 11",
 "sql": "SELECT BB,AA,min(Value) FROM DBdata WHERE (AA IN ('AAbs')) AND (BB IN ('BBgh','BBkl','BBnw')) GROUP BY BB,AA",
 "sqlResult": "{BBnw | AAbs | 3} || {BBgh | AAbs | 4} || {BBkl | AAbs | 0}",
 "nlq": "What is the minimum number of days for each BB and AA, with BBnw, BBgh, or BBkl in AAbs? Please, report the corresponding BB and AA."},
{"name": "template 12",
 "sql": "SELECT Value FROM DBdata WHERE (AA IN ('AAry')) AND (BB IN ('BBkl','BBnw')) ORDER BY VALUE ASC LIMIT 3",
 "sqlResult": "{12} || {18} || {20}",
 "nlq": "What are the smallest 3 numbers of days with BBnw or BBkl in AAry?"},
{"name": "template 13",
 "sql": "SELECT Value FROM DBdata WHERE (AA IN ('AAbs')) AND (BB IN ('BBkl','BBnw')) ORDER BY VALUE DESC",
 "sqlResult": "{21} || {8} || {6} || {3} || {0}",
 "nlq": "What are the numbers of days ordered by descending values with BBnw or BBkl in AAbs?"},
{"name": "template 14",
 "sql": "SELECT BB,CC FROM DBdata WHERE (AA IN ('AAry')) AND Value > 12.44",
 "sqlResult": "{BBkl | CCmz} || {BBkl | CChl} || {BBnw | CCfs} || {BBnw | CCcy}",
 "nlq": "What are the BB and CC for which the number of days in AAry is greater than 12.44?"},
{"name": "template 15",
 "sql": "SELECT BB,CC,Value FROM DBdata WHERE (AA IN ('AAbs')) AND (BB,CC) IN (SELECT BB,CC FROM DBdata WHERE (AA IN ('AAry')) AND Value > 12.44)",
 "sqlResult": "{BBkl | CCmz | 21} || {BBkl | CChl | 6} || {BBnw | CCfs | 8} || {BBnw | CCcy | 3}",
 "nlq": "How many days were there in AAbs with BB and with CC for which the number of days in AAry is greater than 12.44? Please, report the corresponding BB, CC, and number of days."}]
}

