{
"filename": "Weather_statistics_set360_5_DB.csv",
"questions": [{"name": "template 1",
 "sql": "SELECT Value FROM DBdata WHERE ((AA = 'AAbjr' AND BB = 'BBhpx' AND CC = 'CCgrw')) AND ((DD = 'DDswy' AND EE = 'EEglw'))",
 "sqlResult": "{52}",
 "nlq": "How many days were there with EEglw DDswy in CCgrw, BBhpx in AAbjr?"},
{"name": "template 2",
 "sql": "SELECT Value FROM DBdata WHERE ((AA = 'AAflr' AND BB = 'BBrvz' AND CC = 'CCdhq')) AND ((DD = 'DDswy' AND EE = 'EEfgl') OR (DD = 'DDswy' AND EE = 'EEglw') OR (DD = 'DDgrz' AND EE = 'EEgqv') OR (DD = 'DDgrz' AND EE = 'EEdrs') OR (DD = 'DDfqy' AND EE = 'EEstz') OR (DD = 'DDfqy' AND EE = 'EEgjs') OR (DD = 'DDfqy' AND EE = 'EEmvz'))",
 "sqlResult": "{125} || {62} || {10} || {118} || {21} || {76} || {113}",
 "nlq": "How many days were there with EEfgl or EEglw DDswy, EEdrs or EEgqv DDgrz, or EEmvz, EEstz, or EEgjs DDfqy in CCdhq, BBrvz in AAflr?"},
{"name": "template 3",
 "sql": "SELECT Value FROM DBdata WHERE ((AA = 'AAbjr' AND BB = 'BBhjr' AND CC = 'CCmrx') OR (AA = 'AAflr' AND BB = 'BBhjr' AND CC = 'CCmrx') OR (AA = 'AAflr' AND BB = 'BBhjr' AND CC = 'CChly') OR (AA = 'AAbjr' AND BB = 'BBhpx' AND CC = 'CCnpw')) AND ((DD = 'DDfqy' AND EE = 'EEgjs'))",
 "sqlResult": "{123} || {35} || {36} || {7}",
 "nlq": "How many days were there with EEgjs DDfqy in CCmrx, BBhjr in AAbjr or AAflr or CCnpw, BBhpx in AAbjr or CChly, BBhjr in AAflr?"},
{"name": "template 4",
 "sql": "SELECT sum(Value),avg(Value) FROM DBdata WHERE ((AA = 'AAbjr' AND BB = 'BBhjr' AND CC = 'CChly') OR (AA = 'AAbjr' AND BB = 'BBhpx' AND CC = 'CCcnq') OR (AA = 'AAflr' AND BB = 'BBhpx' AND CC = 'CCnpw') OR (AA = 'AAbjr' AND BB = 'BBhpx' AND CC = 'CCgrw')) AND ((DD = 'DDgrz' AND EE = 'EEdrs'))",
 "sqlResult": "{236 | 59}",
 "nlq": "What are the total and average numbers of days with EEdrs DDgrz in CChly, BBhjr or CCcnq or CCgrw, BBhpx in AAbjr or CCnpw, BBhpx in AAflr?"},
{"name": "template 5",
 "sql": "SELECT max(Value) FROM DBdata WHERE (AA IN ('AAbjr','AAflr')) AND ((DD = 'DDswy' AND EE = 'EEglw'))",
 "sqlResult": "{93}",
 "nlq": "What is the maximum number of days with EEglw DDswy in AAbjr or AAflr?"},
{"name": "template 6",
 "sql": "SELECT Value FROM DBdata WHERE ((AA = 'AAbjr' AND BB = 'BBrvz' AND CC = 'CClpx') OR (AA = 'AAflr' AND BB = 'BBhjr' AND CC = 'CChly') OR (AA = 'AAflr' AND BB = 'BBhpx' AND CC = 'CCnpw') OR (AA = 'AAflr' AND BB = 'BBhpx' AND CC = 'CCgrw')) AND ((DD = 'DDgrz' AND EE = 'EEgqv') OR (DD = 'DDgrz' AND EE = 'EEdrs') OR (DD = 'DDfqy' AND EE = 'EEstz') OR (DD = 'DDfqy' AND EE = 'EEgjs'))",
 "sqlResult": "{48} || {6} || {45} || {66} || {3} || {38} || {22} || {120} || {41} || {61} || {110} || {65} || {124} || {36} || {9} || {16}",
 "nlq": "How many days were there with EEdrs or EEgqv DDgrz or EEstz or EEgjs DDfqy in CClpx, BBrvz in AAbjr or CChly, BBhjr or CCnpw or CCgrw, BBhpx in AAflr?"},
{"name": "template 7",
 "sql": "SELECT sum(Value),min(Value) FROM DBdata WHERE ((AA = 'AAflr' AND BB = 'BBhpx' AND CC = 'CCgrw')) AND ((DD = 'DDswy' AND EE = 'EEfgl') OR (DD = 'DDgrz' AND EE = 'EEgqv') OR (DD = 'DDgrz' AND EE = 'EEbch') OR (DD = 'DDfqy' AND EE = 'EEgjs') OR (DD = 'DDfqy' AND EE = 'EEmvz'))",
 "sqlResult": "{308 | 16}",
 "nlq": "What are the total and minimum numbers of days with EEfgl DDswy, EEgqv or EEbch DDgrz, or EEmvz or EEgjs DDfqy in CCgrw, BBhpx in AAflr?"},
{"name": "template 8",
 "sql": "SELECT AA,BB,CC,min(Value),max(Value) FROM DBdata WHERE ((AA = 'AAflr' AND BB = 'BBrvz' AND CC = 'CClpx') OR (AA = 'AAflr' AND BB = 'BBhjr' AND CC = 'CCmrx') OR (AA = 'AAflr' AND BB = 'BBhpx' AND CC = 'CCcnq') OR (AA = 'AAbjr' AND BB = 'BBhpx' AND CC = 'CCnpw') OR (AA = 'AAflr' AND BB = 'BBhpx' AND CC = 'CCgrw')) AND ((DD = 'DDswy' AND EE = 'EEglw') OR (DD = 'DDgrz' AND EE = 'EEgqv') OR (DD = 'DDgrz' AND EE = 'EEbch') OR (DD = 'DDfqy' AND EE = 'EEstz') OR (DD = 'DDfqy' AND EE = 'EEgjs')) GROUP BY AA,BB,CC",
 "sqlResult": "{AAbjr | BBhpx | CCnpw | 7 | 116} || {AAflr | BBrvz | CClpx | 1 | 106} || {AAflr | BBhjr | CCmrx | 35 | 119} || {AAflr | BBhpx | CCcnq | 18 | 104} || {AAflr | BBhpx | CCgrw | 16 | 75}",
 "nlq": "What are the minimum and maximum numbers of days for each AA, BB, and CC, with EEglw DDswy, EEgqv or EEbch DDgrz, or EEstz or EEgjs DDfqy in CClpx, BBrvz or CCmrx, BBhjr or CCcnq or CCgrw, BBhpx in AAflr or CCnpw, BBhpx in AAbjr? Please, report the corresponding AA, BB, and CC."},
{"name": "template 9",
 "sql": "SELECT min(Value) FROM DBdata WHERE ((AA = 'AAflr' AND BB = 'BBhjr' AND CC = 'CChly')) AND (DD IN ('DDswy','DDgrz','DDfqy')) GROUP BY DD",
 "sqlResult": "{36} || {37} || {6}",
 "nlq": "What is the minimum number of days for each DD, with DDfqy, DDswy, or DDgrz in CChly, BBhjr in AAflr?"},
{"name": "template 10",
 "sql": "SELECT DD,sum(Value) FROM DBdata WHERE ((AA = 'AAflr' AND BB = 'BBrvz' AND CC = 'CCdhq')) AND (DD IN ('DDswy','DDgrz','DDfqy')) GROUP BY DD",
 "sqlResult": "{DDfqy | 210} || {DDswy | 299} || {DDgrz | 143}",
 "nlq": "What is the total number of days for each DD, with DDfqy, DDswy, or DDgrz in CCdhq, BBrvz in AAflr? Please, report the corresponding DD."},
{"name": "template 11",
 "sql": "SELECT DD,AA,BB,CC,max(Value) FROM DBdata WHERE ((AA = 'AAbjr' AND BB = 'BBhjr' AND CC = 'CCmrx') OR (AA = 'AAbjr' AND BB = 'BBhjr' AND CC = 'CChly') OR (AA = 'AAbjr' AND BB = 'BBhpx' AND CC = 'CCnpw')) AND (DD IN ('DDswy','DDgrz','DDfqy')) GROUP BY DD,AA,BB,CC",
 "sqlResult": "{DDfqy | AAbjr | BBhjr | CCmrx | 123} || {DDfqy | AAbjr | BBhjr | CChly | 94} || {DDfqy | AAbjr | BBhpx | CCnpw | 85} || {DDswy | AAbjr | BBhjr | CCmrx | 96} || {DDswy | AAbjr | BBhjr | CChly | 93} || {DDswy | AAbjr | BBhpx | CCnpw | 108} || {DDgrz | AAbjr | BBhjr | CCmrx | 103} || {DDgrz | AAbjr | BBhjr | CChly | 87} || {DDgrz | AAbjr | BBhpx | CCnpw | 116}",
 "nlq": "What is the maximum number of days for each DD, AA, BB, and CC, with DDfqy, DDswy, or DDgrz in CCmrx or CChly, BBhjr or CCnpw, BBhpx in AAbjr? Please, report the corresponding DD, AA, BB, and CC."},
{"name": "template 12",
 "sql": "SELECT Value FROM DBdata WHERE ((AA = 'AAflr' AND BB = 'BBrvz' AND CC = 'CCdhq')) AND (DD IN ('DDswy','DDfqy')) ORDER BY VALUE DESC LIMIT 4",
 "sqlResult": "{125} || {113} || {112} || {76}",
 "nlq": "What are the largest 4 numbers of days with DDfqy or DDswy in CCdhq, BBrvz in AAflr?"},
{"name": "template 13",
 "sql": "SELECT Value FROM DBdata WHERE ((AA = 'AAflr' AND BB = 'BBhjr' AND CC = 'CChly')) AND (DD IN ('DDswy','DDgrz')) ORDER BY VALUE DESC",
 "sqlResult": "{90} || {69} || {46} || {38} || {37} || {6}",
 "nlq": "What are the numbers of days ordered by descending values with DDswy or DDgrz in CChly, BBhjr in AAflr?"},
{"name": "template 14",
 "sql": "SELECT DD,EE FROM DBdata WHERE ((AA = 'AAflr' AND BB = 'BBhpx' AND CC = 'CCnpw')) AND Value > 62.63",
 "sqlResult": "{DDfqy | EEstz}",
 "nlq": "What are the DD and EE for which the number of days in CCnpw, BBhpx in AAflr is greater than 62.63?"},
{"name": "template 15",
 "sql": "SELECT DD,EE,Value FROM DBdata WHERE ((AA = 'AAflr' AND BB = 'BBhjr' AND CC = 'CCmrx')) AND (DD,EE) IN (SELECT DD,EE FROM DBdata WHERE ((AA = 'AAflr' AND BB = 'BBhpx' AND CC = 'CCnpw')) AND Value > 62.63)",
 "sqlResult": "{DDfqy | EEstz | 119}",
 "nlq": "How many days were there in CCmrx, BBhjr in AAflr with DD and with EE for which the number of days in CCnpw, BBhpx in AAflr is greater than 62.63? Please, report the corresponding DD, EE, and number of days."}]
}

