{
"filename": "Weather_statistics_set4_2_DB.csv",
"questions": [{"name": "template 1",
 "sql": "SELECT Value FROM DBdata WHERE (AA IN ('AAyz')) AND ((BB = 'BBhm' AND CC = 'CCcp'))",
 "sqlResult": "{5}",
 "nlq": "How many days were there with CCcp BBhm in AAyz?"},
{"name": "template 2",
 "sql": "SELECT Value FROM DBdata WHERE (AA IN ('AAck')) AND ((BB = 'BBjv' AND CC = 'CCpy') OR (BB = 'BBjv' AND CC = 'CCny') OR (BB = 'BBhm' AND CC = 'CChv') OR (BB = 'BBhm' AND CC = 'CCcp'))",
 "sqlResult": "{7} || {10} || {3} || {19}",
 "nlq": "How many days were there with CCpy or CCny BBjv or CChv or CCcp BBhm in AAck?"},
{"name": "template 3",
 "sql": "SELECT Value FROM DBdata WHERE (AA IN ('AAck','AAyz')) AND ((BB = 'BBjv' AND CC = 'CCny'))",
 "sqlResult": "{10} || {2}",
 "nlq": "How many days were there with CCny BBjv in AAck or AAyz?"},
{"name": "template 4",
 "sql": "SELECT max(Value),sum(Value) FROM DBdata WHERE (AA IN ('AAyz')) AND ((BB = 'BBhm' AND CC = 'CChv'))",
 "sqlResult": "{9 | 9}",
 "nlq": "What are the maximum and total numbers of days with CChv BBhm in AAyz?"},
{"name": "template 6",
 "sql": "SELECT Value FROM DBdata WHERE (AA IN ('AAck','AAyz')) AND ((BB = 'BBjv' AND CC = 'CCpy') OR (BB = 'BBjv' AND CC = 'CCny') OR (BB = 'BBhm' AND CC = 'CChv') OR (BB = 'BBhm' AND CC = 'CCcp'))",
 "sqlResult": "{7} || {20} || {10} || {2} || {3} || {9} || {19} || {5}",
 "nlq": "How many days were there with CCpy or CCny BBjv or CChv or CCcp BBhm in AAck or AAyz?"},
{"name": "template 7",
 "sql": "SELECT min(Value),max(Value) FROM DBdata WHERE (AA IN ('AAyz')) AND ((BB = 'BBjv' AND CC = 'CCpy') OR (BB = 'BBjv' AND CC = 'CCny') OR (BB = 'BBhm' AND CC = 'CChv') OR (BB = 'BBhm' AND CC = 'CCcp'))",
 "sqlResult": "{2 | 20}",
 "nlq": "What are the minimum and maximum numbers of days with CCpy or CCny BBjv or CChv or CCcp BBhm in AAyz?"},
{"name": "template 8",
 "sql": "SELECT AA,max(Value),min(Value) FROM DBdata WHERE (AA IN ('AAck')) AND ((BB = 'BBhm' AND CC = 'CChv') OR (BB = 'BBhm' AND CC = 'CCcp')) GROUP BY AA",
 "sqlResult": "{AAck | 19 | 3}",
 "nlq": "What are the maximum and minimum numbers of days for each AA, with CChv or CCcp BBhm in AAck? Please, report the corresponding AA."},
{"name": "template 9",
 "sql": "SELECT min(Value) FROM DBdata WHERE (AA IN ('AAck')) AND (BB IN ('BBjv','BBhm')) GROUP BY BB",
 "sqlResult": "{3} || {7}",
 "nlq": "What is the minimum number of days for each BB, with BBhm or BBjv in AAck?"},
{"name": "template 10",
 "sql": "SELECT BB,min(Value) FROM DBdata WHERE (AA IN ('AAyz')) AND (BB IN ('BBjv','BBhm')) GROUP BY BB",
 "sqlResult": "{BBhm | 5} || {BBjv | 2}",
 "nlq": "What is the minimum number of days for each BB, with BBhm or BBjv in AAyz? Please, report the corresponding BB."},
{"name": "template 11",
 "sql": "SELECT BB,AA,min(Value) FROM DBdata WHERE (AA IN ('AAck','AAyz')) AND (BB IN ('BBjv','BBhm')) GROUP BY BB,AA",
 "sqlResult": "{BBhm | AAck | 3} || {BBhm | AAyz | 5} || {BBjv | AAck | 7} || {BBjv | AAyz | 2}",
 "nlq": "What is the minimum number of days for each BB and AA, with BBhm or BBjv in AAck or AAyz? Please, report the corresponding BB and AA."},
{"name": "template 12",
 "sql": "SELECT Value FROM DBdata WHERE (AA IN ('AAck')) AND (BB IN ('BBjv','BBhm')) ORDER BY VALUE ASC LIMIT 3",
 "sqlResult": "{3} || {7} || {10}",
 "nlq": "What are the smallest 3 numbers of days with BBhm or BBjv in AAck?"},
{"name": "template 13",
 "sql": "SELECT Value FROM DBdata WHERE (AA IN ('AAyz')) AND (BB IN ('BBjv','BBhm')) ORDER BY VALUE DESC",
 "sqlResult": "{20} || {9} || {5} || {2}",
 "nlq": "What are the numbers of days ordered by descending values with BBhm or BBjv in AAyz?"},
{"name": "template 14",
 "sql": "SELECT BB,CC FROM DBdata WHERE (AA IN ('AAyz')) AND Value > 9.38",
 "sqlResult": "{BBjv | CCpy}",
 "nlq": "What are the BB and CC for which the number of days in AAyz is greater than 9.38?"},
{"name": "template 15",
 "sql": "SELECT BB,CC,Value FROM DBdata WHERE (AA IN ('AAck')) AND (BB,CC) IN (SELECT BB,CC FROM DBdata WHERE (AA IN ('AAyz')) AND Value > 9.38)",
 "sqlResult": "{BBjv | CCpy | 7}",
 "nlq": "How many days were there in AAck with BB and with CC for which the number of days in AAyz is greater than 9.38? Please, report the corresponding BB, CC, and number of days."}]
}

