Year,Characteristic,Intensity,Value
Year,Characteristic,Intensity,Value
2020,Temperature,11-20,3
2021,Temperature,11-20,5
2022,Temperature,11-20,25
2020,Temperature,21-30,16
2021,Temperature,21-30,19
2022,Temperature,21-30,28
2020,Wind,Calm,14
2021,Wind,Calm,2
2022,Wind,Calm,18
2020,Wind,Breeze,11
2021,Wind,Breeze,15
2022,Wind,Breeze,1
2020,Wind,Storm,9
2021,Wind,Storm,8
2022,Wind,Storm,20
2020,Humidity,Medium,0
2021,Humidity,Medium,10
2022,Humidity,Medium,26
2020,Humidity,High,6
2021,Humidity,High,17
2022,Humidity,High,13
