{
"filename": "Weather_statistics_set7_1_DB.csv",
"questions": [{"name": "template 1",
 "sql": "SELECT Value FROM DBdata WHERE (AA IN ('AAcg')) AND ((BB = 'BBbd' AND CC = 'CCdt'))",
 "sqlResult": "{2}",
 "nlq": "How many days were there with CCdt BBbd in AAcg?"},
{"name": "template 2",
 "sql": "SELECT Value FROM DBdata WHERE (AA IN ('AAcg')) AND ((BB = 'BBbd' AND CC = 'CCrv') OR (BB = 'BBbd' AND CC = 'CCdt') OR (BB = 'BBbd' AND CC = 'CCjy') OR (BB = 'BBlv' AND CC = 'CChq') OR (BB = 'BBlv' AND CC = 'CCdl') OR (BB = 'BBjl' AND CC = 'CCjv') OR (BB = 'BBjl' AND CC = 'CCqy'))",
 "sqlResult": "{1} || {2} || {3} || {12} || {0} || {27} || {6}",
 "nlq": "How many days were there with CCrv, CCdt, or CCjy BBbd, CCdl or CChq BBlv, or CCjv or CCqy BBjl in AAcg?"},
{"name": "template 3",
 "sql": "SELECT Value FROM DBdata WHERE (AA IN ('AAbg','AAgy')) AND ((BB = 'BBbd' AND CC = 'CCrv'))",
 "sqlResult": "{14} || {20}",
 "nlq": "How many days were there with CCrv BBbd in AAbg or AAgy?"},
{"name": "template 4",
 "sql": "SELECT avg(Value),sum(Value) FROM DBdata WHERE (AA IN ('AAbg','AAgy')) AND ((BB = 'BBlv' AND CC = 'CCdk'))",
 "sqlResult": "{14.5 | 29}",
 "nlq": "What are the average and total numbers of days with CCdk BBlv in AAbg or AAgy?"},
{"name": "template 6",
 "sql": "SELECT Value FROM DBdata WHERE (AA IN ('AAbg','AAgy')) AND ((BB = 'BBbd' AND CC = 'CCdt') OR (BB = 'BBlv' AND CC = 'CChq') OR (BB = 'BBlv' AND CC = 'CCdk') OR (BB = 'BBjl' AND CC = 'CCqy'))",
 "sqlResult": "{10} || {8} || {24} || {25} || {7} || {22} || {16} || {17}",
 "nlq": "How many days were there with CCdt BBbd, CChq or CCdk BBlv, or CCqy BBjl in AAbg or AAgy?"},
{"name": "template 7",
 "sql": "SELECT max(Value),sum(Value) FROM DBdata WHERE (AA IN ('AAbg')) AND ((BB = 'BBbd' AND CC = 'CCdt') OR (BB = 'BBbd' AND CC = 'CCjy') OR (BB = 'BBlv' AND CC = 'CCdl') OR (BB = 'BBlv' AND CC = 'CCdk'))",
 "sqlResult": "{15 | 37}",
 "nlq": "What are the maximum and total numbers of days with CCdt or CCjy BBbd or CCdl or CCdk BBlv in AAbg?"},
{"name": "template 8",
 "sql": "SELECT AA,max(Value),sum(Value) FROM DBdata WHERE (AA IN ('AAbg','AAcg')) AND ((BB = 'BBbd' AND CC = 'CCrv') OR (BB = 'BBbd' AND CC = 'CCdt') OR (BB = 'BBbd' AND CC = 'CCjy') OR (BB = 'BBlv' AND CC = 'CCdl') OR (BB = 'BBlv' AND CC = 'CCdk')) GROUP BY AA",
 "sqlResult": "{AAbg | 15 | 51} || {AAcg | 19 | 25}",
 "nlq": "What are the maximum and total numbers of days for each AA, with CCrv, CCdt, or CCjy BBbd or CCdl or CCdk BBlv in AAbg or AAcg? Please, report the corresponding AA."},
{"name": "template 9",
 "sql": "SELECT min(Value) FROM DBdata WHERE (AA IN ('AAcg')) AND (BB IN ('BBbd','BBlv','BBjl')) GROUP BY BB",
 "sqlResult": "{6} || {1} || {0}",
 "nlq": "What is the minimum number of days for each BB, with BBjl, BBbd, or BBlv in AAcg?"},
{"name": "template 10",
 "sql": "SELECT BB,avg(Value) FROM DBdata WHERE (AA IN ('AAcg')) AND (BB IN ('BBbd','BBlv','BBjl')) GROUP BY BB",
 "sqlResult": "{BBjl | 16.5} || {BBbd | 2} || {BBlv | 10.33}",
 "nlq": "What is the average number of days for each BB, with BBjl, BBbd, or BBlv in AAcg? Please, report the corresponding BB."},
{"name": "template 11",
 "sql": "SELECT BB,AA,max(Value) FROM DBdata WHERE (AA IN ('AAgy','AAcg')) AND (BB IN ('BBbd','BBlv','BBjl')) GROUP BY BB,AA",
 "sqlResult": "{BBjl | AAgy | 18} || {BBjl | AAcg | 27} || {BBbd | AAgy | 20} || {BBbd | AAcg | 3} || {BBlv | AAgy | 25} || {BBlv | AAcg | 19}",
 "nlq": "What is the maximum number of days for each BB and AA, with BBjl, BBbd, or BBlv in AAgy or AAcg? Please, report the corresponding BB and AA."},
{"name": "template 12",
 "sql": "SELECT Value FROM DBdata WHERE (AA IN ('AAcg')) AND (BB IN ('BBbd','BBlv')) ORDER BY VALUE ASC LIMIT 2",
 "sqlResult": "{0} || {1}",
 "nlq": "What are the smallest 2 numbers of days with BBbd or BBlv in AAcg?"},
{"name": "template 13",
 "sql": "SELECT Value FROM DBdata WHERE (AA IN ('AAbg')) AND (BB IN ('BBlv','BBjl')) ORDER BY VALUE DESC",
 "sqlResult": "{28} || {24} || {16} || {7} || {5}",
 "nlq": "What are the numbers of days ordered by descending values with BBjl or BBlv in AAbg?"},
{"name": "template 14",
 "sql": "SELECT BB,CC FROM DBdata WHERE (AA IN ('AAgy')) AND Value > 13.08",
 "sqlResult": "{BBbd | CCrv} || {BBlv | CChq} || {BBlv | CCdk} || {BBjl | CCjv} || {BBjl | CCqy}",
 "nlq": "What are the BB and CC for which the number of days in AAgy is greater than 13.08?"},
{"name": "template 15",
 "sql": "SELECT BB,CC,Value FROM DBdata WHERE (AA IN ('AAbg')) AND (BB,CC) IN (SELECT BB,CC FROM DBdata WHERE (AA IN ('AAgy')) AND Value > 13.08)",
 "sqlResult": "{BBbd | CCrv | 14} || {BBlv | CChq | 24} || {BBlv | CCdk | 7} || {BBjl | CCjv | 28} || {BBjl | CCqy | 16}",
 "nlq": "How many days were there in AAbg with BB and with CC for which the number of days in AAgy is greater than 13.08? Please, report the corresponding BB, CC, and number of days."}]
}

