{
"filename": "Weather_statistics_set1_3_DB.csv",
"questions": [{"name": "template 1",
 "sql": "SELECT Value FROM DBdata WHERE (Year IN ('2022')) AND ((Characteristic = 'Wind' AND Intensity = 'Calm'))",
 "sqlResult": "{23}",
 "nlq": "How many days were there with Calm Wind in 2022?"},
{"name": "template 2",
 "sql": "SELECT Value FROM DBdata WHERE (Year IN ('2021')) AND ((Characteristic = 'Temperature' AND Intensity = '21-30') OR (Characteristic = 'Wind' AND Intensity = 'Calm') OR (Characteristic = 'Wind' AND Intensity = 'Breeze') OR (Characteristic = 'Humidity' AND Intensity = 'Low') OR (Characteristic = 'Humidity' AND Intensity = 'Medium'))",
 "sqlResult": "{26} || {15} || {25} || {21} || {24}",
 "nlq": "How many days were there with 21-30 Temperature, Breeze or Calm Wind, or Low or Medium Humidity in 2021?"},
{"name": "template 3",
 "sql": "SELECT Value FROM DBdata WHERE (Year IN ('2022')) AND ((Characteristic = 'Wind' AND Intensity = 'Calm'))",
 "sqlResult": "{23}",
 "nlq": "How many days were there with Calm Wind in 2022?"},
{"name": "template 4",
 "sql": "SELECT max(Value),avg(Value) FROM DBdata WHERE (Year IN ('2021')) AND ((Characteristic = 'Wind' AND Intensity = 'Breeze'))",
 "sqlResult": "{25 | 25}",
 "nlq": "What are the maximum and average numbers of days with Breeze Wind in 2021?"},
{"name": "template 6",
 "sql": "SELECT Value FROM DBdata WHERE (Year IN ('2022')) AND ((Characteristic = 'Temperature' AND Intensity = '21-30') OR (Characteristic = 'Wind' AND Intensity = 'Breeze') OR (Characteristic = 'Humidity' AND Intensity = 'Low'))",
 "sqlResult": "{16} || {4} || {3}",
 "nlq": "How many days were there with 21-30 Temperature, Breeze Wind, or Low Humidity in 2022?"},
{"name": "template 7",
 "sql": "SELECT max(Value),sum(Value) FROM DBdata WHERE (Year IN ('2021')) AND ((Characteristic = 'Temperature' AND Intensity = '31-40') OR (Characteristic = 'Wind' AND Intensity = 'Breeze'))",
 "sqlResult": "{25 | 34}",
 "nlq": "What are the maximum and total numbers of days with 31-40 Temperature or Breeze Wind in 2021?"},
{"name": "template 8",
 "sql": "SELECT Year,sum(Value),max(Value) FROM DBdata WHERE (Year IN ('2021','2022')) AND ((Characteristic = 'Temperature' AND Intensity = '31-40') OR (Characteristic = 'Wind' AND Intensity = 'Calm') OR (Characteristic = 'Humidity' AND Intensity = 'Low') OR (Characteristic = 'Humidity' AND Intensity = 'Medium')) GROUP BY Year",
 "sqlResult": "{2021 | 69 | 24} || {2022 | 45 | 23}",
 "nlq": "What are the total and maximum numbers of days for each Year, with 31-40 Temperature, Calm Wind, or Low or Medium Humidity in 2021 or 2022? Please, report the corresponding Year."},
{"name": "template 9",
 "sql": "SELECT min(Value) FROM DBdata WHERE (Year IN ('2021')) AND (Characteristic IN ('Temperature','Wind','Humidity')) GROUP BY Characteristic",
 "sqlResult": "{21} || {9} || {15}",
 "nlq": "What is the minimum number of days for each Characteristic, with Humidity, Temperature, or Wind in 2021?"},
{"name": "template 10",
 "sql": "SELECT Characteristic,sum(Value) FROM DBdata WHERE (Year IN ('2021')) AND (Characteristic IN ('Temperature','Wind','Humidity')) GROUP BY Characteristic",
 "sqlResult": "{Humidity | 45} || {Temperature | 35} || {Wind | 40}",
 "nlq": "What is the total number of days for each Characteristic, with Humidity, Temperature, or Wind in 2021? Please, report the corresponding Characteristic."},
{"name": "template 11",
 "sql": "SELECT Characteristic,Year,max(Value) FROM DBdata WHERE (Year IN ('2021','2022')) AND (Characteristic IN ('Temperature','Wind','Humidity')) GROUP BY Characteristic,Year",
 "sqlResult": "{Humidity | 2021 | 24} || {Humidity | 2022 | 3} || {Temperature | 2021 | 26} || {Temperature | 2022 | 19} || {Wind | 2021 | 25} || {Wind | 2022 | 23}",
 "nlq": "What is the maximum number of days for each Characteristic and Year, with Humidity, Temperature, or Wind in 2021 or 2022? Please, report the corresponding Characteristic and Year."},
{"name": "template 12",
 "sql": "SELECT Value FROM DBdata WHERE (Year IN ('2021')) AND (Characteristic IN ('Temperature','Wind')) ORDER BY VALUE DESC LIMIT 2",
 "sqlResult": "{26} || {25}",
 "nlq": "What are the largest 2 numbers of days with Temperature or Wind in 2021?"},
{"name": "template 13",
 "sql": "SELECT Value FROM DBdata WHERE (Year IN ('2022')) AND (Characteristic IN ('Temperature','Wind')) ORDER BY VALUE DESC",
 "sqlResult": "{23} || {19} || {16} || {4}",
 "nlq": "What are the numbers of days ordered by descending values with Temperature or Wind in 2022?"},
{"name": "template 14",
 "sql": "SELECT Characteristic,Intensity FROM DBdata WHERE (Year IN ('2022')) AND Value > 15.42",
 "sqlResult": "{Temperature | 21-30} || {Temperature | 31-40} || {Wind | Calm}",
 "nlq": "What are the Characteristic and Intensity for which the number of days in 2022 is greater than 15.42?"},
{"name": "template 15",
 "sql": "SELECT Characteristic,Intensity,Value FROM DBdata WHERE (Year IN ('2021')) AND (Characteristic,Intensity) IN (SELECT Characteristic,Intensity FROM DBdata WHERE (Year IN ('2022')) AND Value > 15.42)",
 "sqlResult": "{Temperature | 21-30 | 26} || {Temperature | 31-40 | 9} || {Wind | Calm | 15}",
 "nlq": "How many days were there in 2021 with Characteristic and with Intensity for which the number of days in 2022 is greater than 15.42? Please, report the corresponding Characteristic, Intensity, and number of days."}]
}
