{
"filename": "Weather_statistics_set5_4_DB.csv",
"questions": [{"name": "template 1",
 "sql": "SELECT Value FROM DBdata WHERE (Year IN ('2015')) AND ((Characteristic = 'Wind' AND Intensity = 'Breeze'))",
 "sqlResult": "{27}",
 "nlq": "How many days were there with Breeze Wind in 2015?"},
{"name": "template 2",
 "sql": "SELECT Value FROM DBdata WHERE (Year IN ('2016')) AND ((Characteristic = 'Wind' AND Intensity = 'Breeze') OR (Characteristic = 'Humidity' AND Intensity = 'Medium'))",
 "sqlResult": "{20} || {1}",
 "nlq": "How many days were there with Breeze Wind or Medium Humidity in 2016?"},
{"name": "template 3",
 "sql": "SELECT Value FROM DBdata WHERE (Year IN ('2016')) AND ((Characteristic = 'Wind' AND Intensity = 'Storm'))",
 "sqlResult": "{17}",
 "nlq": "How many days were there with Storm Wind in 2016?"},
{"name": "template 4",
 "sql": "SELECT sum(Value),min(Value) FROM DBdata WHERE (Year IN ('2015')) AND ((Characteristic = 'Humidity' AND Intensity = 'Low'))",
 "sqlResult": "{22 | 22}",
 "nlq": "What are the total and minimum numbers of days with Low Humidity in 2015?"},
{"name": "template 6",
 "sql": "SELECT Value FROM DBdata WHERE (Year IN ('2016')) AND ((Characteristic = 'Wind' AND Intensity = 'Breeze') OR (Characteristic = 'Wind' AND Intensity = 'Storm') OR (Characteristic = 'Humidity' AND Intensity = 'Low'))",
 "sqlResult": "{20} || {17} || {23}",
 "nlq": "How many days were there with Breeze or Storm Wind or Low Humidity in 2016?"},
{"name": "template 7",
 "sql": "SELECT max(Value),sum(Value) FROM DBdata WHERE (Year IN ('2016')) AND ((Characteristic = 'Wind' AND Intensity = 'Storm') OR (Characteristic = 'Humidity' AND Intensity = 'Medium'))",
 "sqlResult": "{17 | 18}",
 "nlq": "What are the maximum and total numbers of days with Medium Humidity or Storm Wind in 2016?"},
{"name": "template 8",
 "sql": "SELECT Year,sum(Value),avg(Value) FROM DBdata WHERE (Year IN ('2016')) AND ((Characteristic = 'Humidity' AND Intensity = 'Low') OR (Characteristic = 'Humidity' AND Intensity = 'Medium')) GROUP BY Year",
 "sqlResult": "{2016 | 24 | 12}",
 "nlq": "What are the total and average numbers of days for each Year, with Low or Medium Humidity in 2016? Please, report the corresponding Year."},
{"name": "template 9",
 "sql": "SELECT min(Value) FROM DBdata WHERE (Year IN ('2016')) AND (Characteristic IN ('Wind','Humidity')) GROUP BY Characteristic",
 "sqlResult": "{1} || {17}",
 "nlq": "What is the minimum number of days for each Characteristic, with Humidity or Wind in 2016?"},
{"name": "template 10",
 "sql": "SELECT Characteristic,min(Value) FROM DBdata WHERE (Year IN ('2016')) AND (Characteristic IN ('Wind','Humidity')) GROUP BY Characteristic",
 "sqlResult": "{Humidity | 1} || {Wind | 17}",
 "nlq": "What is the minimum number of days for each Characteristic, with Humidity or Wind in 2016? Please, report the corresponding Characteristic."},
{"name": "template 11",
 "sql": "SELECT Characteristic,Year,sum(Value) FROM DBdata WHERE (Year IN ('2015','2016')) AND (Characteristic IN ('Wind','Humidity')) GROUP BY Characteristic,Year",
 "sqlResult": "{Humidity | 2015 | 24} || {Humidity | 2016 | 24} || {Wind | 2015 | 46} || {Wind | 2016 | 37}",
 "nlq": "What is the total number of days for each Characteristic and Year, with Humidity or Wind in 2015 or 2016? Please, report the corresponding Characteristic and Year."},
{"name": "template 12",
 "sql": "SELECT Value FROM DBdata WHERE (Year IN ('2016')) AND (Characteristic IN ('Wind','Humidity')) ORDER BY VALUE DESC LIMIT 2",
 "sqlResult": "{23} || {20}",
 "nlq": "What are the largest 2 numbers of days with Humidity or Wind in 2016?"},
{"name": "template 13",
 "sql": "SELECT Value FROM DBdata WHERE (Year IN ('2015')) AND (Characteristic IN ('Wind','Humidity')) ORDER BY VALUE DESC",
 "sqlResult": "{27} || {22} || {19} || {2}",
 "nlq": "What are the numbers of days ordered by descending values with Humidity or Wind in 2015?"},
{"name": "template 14",
 "sql": "SELECT Characteristic,Intensity FROM DBdata WHERE (Year IN ('2016')) AND Value < 16.38",
 "sqlResult": "{Humidity | Medium}",
 "nlq": "What are the Characteristic and Intensity for which the number of days in 2016 is lower than 16.38?"},
{"name": "template 15",
 "sql": "SELECT Characteristic,Intensity,Value FROM DBdata WHERE (Year IN ('2015')) AND (Characteristic,Intensity) IN (SELECT Characteristic,Intensity FROM DBdata WHERE (Year IN ('2016')) AND Value < 16.38)",
 "sqlResult": "{Humidity | Medium | 2}",
 "nlq": "How many days were there in 2015 with Characteristic and with Intensity for which the number of days in 2016 is lower than 16.38? Please, report the corresponding Characteristic, Intensity, and number of days."}]
}
