{
"filename": "Weather_statistics_set1_5_DB.csv",
"questions": [{"name": "template 1",
 "sql": "SELECT Value FROM DBdata WHERE (Year IN ('2018')) AND ((Characteristic = 'Humidity' AND Intensity = 'Medium'))",
 "sqlResult": "{27}",
 "nlq": "How many days were there with Medium Humidity in 2018?"},
{"name": "template 2",
 "sql": "SELECT Value FROM DBdata WHERE (Year IN ('2019')) AND ((Characteristic = 'Wind' AND Intensity = 'Calm') OR (Characteristic = 'Wind' AND Intensity = 'Storm') OR (Characteristic = 'Humidity' AND Intensity = 'Low'))",
 "sqlResult": "{24} || {6} || {16}",
 "nlq": "How many days were there with Calm or Storm Wind or Low Humidity in 2019?"},
{"name": "template 3",
 "sql": "SELECT Value FROM DBdata WHERE (Year IN ('2018','2019')) AND ((Characteristic = 'Humidity' AND Intensity = 'Low'))",
 "sqlResult": "{1} || {16}",
 "nlq": "How many days were there with Low Humidity in 2018 or 2019?"},
{"name": "template 4",
 "sql": "SELECT sum(Value),avg(Value) FROM DBdata WHERE (Year IN ('2019')) AND ((Characteristic = 'Humidity' AND Intensity = 'Low'))",
 "sqlResult": "{16 | 16}",
 "nlq": "What are the total and average numbers of days with Low Humidity in 2019?"},
{"name": "template 6",
 "sql": "SELECT Value FROM DBdata WHERE (Year IN ('2018','2019')) AND ((Characteristic = 'Wind' AND Intensity = 'Calm') OR (Characteristic = 'Wind' AND Intensity = 'Breeze') OR (Characteristic = 'Wind' AND Intensity = 'Storm') OR (Characteristic = 'Humidity' AND Intensity = 'Low'))",
 "sqlResult": "{9} || {24} || {8} || {18} || {10} || {6} || {1} || {16}",
 "nlq": "How many days were there with Breeze, Calm, or Storm Wind or Low Humidity in 2018 or 2019?"},
{"name": "template 7",
 "sql": "SELECT sum(Value),max(Value) FROM DBdata WHERE (Year IN ('2018')) AND ((Characteristic = 'Wind' AND Intensity = 'Breeze') OR (Characteristic = 'Wind' AND Intensity = 'Storm') OR (Characteristic = 'Humidity' AND Intensity = 'Low'))",
 "sqlResult": "{19 | 10}",
 "nlq": "What are the total and maximum numbers of days with Breeze or Storm Wind or Low Humidity in 2018?"},
{"name": "template 8",
 "sql": "SELECT Year,sum(Value),max(Value) FROM DBdata WHERE (Year IN ('2018','2019')) AND ((Characteristic = 'Wind' AND Intensity = 'Storm') OR (Characteristic = 'Humidity' AND Intensity = 'Low') OR (Characteristic = 'Humidity' AND Intensity = 'Medium')) GROUP BY Year",
 "sqlResult": "{2018 | 38 | 27} || {2019 | 22 | 16}",
 "nlq": "What are the total and maximum numbers of days for each Year, with Low or Medium Humidity or Storm Wind in 2018 or 2019? Please, report the corresponding Year."},
{"name": "template 9",
 "sql": "SELECT min(Value) FROM DBdata WHERE (Year IN ('2018')) AND (Characteristic IN ('Wind','Humidity')) GROUP BY Characteristic",
 "sqlResult": "{1} || {8}",
 "nlq": "What is the minimum number of days for each Characteristic, with Humidity or Wind in 2018?"},
{"name": "template 10",
 "sql": "SELECT Characteristic,min(Value) FROM DBdata WHERE (Year IN ('2019')) AND (Characteristic IN ('Wind','Humidity')) GROUP BY Characteristic",
 "sqlResult": "{Humidity | 0} || {Wind | 6}",
 "nlq": "What is the minimum number of days for each Characteristic, with Humidity or Wind in 2019? Please, report the corresponding Characteristic."},
{"name": "template 11",
 "sql": "SELECT Characteristic,Year,avg(Value) FROM DBdata WHERE (Year IN ('2018','2019')) AND (Characteristic IN ('Wind','Humidity')) GROUP BY Characteristic,Year",
 "sqlResult": "{Humidity | 2018 | 14} || {Humidity | 2019 | 8} || {Wind | 2018 | 9} || {Wind | 2019 | 16}",
 "nlq": "What is the average number of days for each Characteristic and Year, with Humidity or Wind in 2018 or 2019? Please, report the corresponding Characteristic and Year."},
{"name": "template 12",
 "sql": "SELECT Value FROM DBdata WHERE (Year IN ('2019')) AND (Characteristic IN ('Wind','Humidity')) ORDER BY VALUE ASC LIMIT 2",
 "sqlResult": "{0} || {6}",
 "nlq": "What are the smallest 2 numbers of days with Humidity or Wind in 2019?"},
{"name": "template 13",
 "sql": "SELECT Value FROM DBdata WHERE (Year IN ('2019')) AND (Characteristic IN ('Wind','Humidity')) ORDER BY VALUE DESC",
 "sqlResult": "{24} || {18} || {16} || {6} || {0}",
 "nlq": "What are the numbers of days ordered by descending values with Humidity or Wind in 2019?"},
{"name": "template 14",
 "sql": "SELECT Characteristic,Intensity FROM DBdata WHERE (Year IN ('2019')) AND Value < 11.9",
 "sqlResult": "{Wind | Storm} || {Humidity | Medium}",
 "nlq": "What are the Characteristic and Intensity for which the number of days in 2019 is lower than 11.9?"},
{"name": "template 15",
 "sql": "SELECT Characteristic,Intensity,Value FROM DBdata WHERE (Year IN ('2018')) AND (Characteristic,Intensity) IN (SELECT Characteristic,Intensity FROM DBdata WHERE (Year IN ('2019')) AND Value < 11.9)",
 "sqlResult": "{Wind | Storm | 10} || {Humidity | Medium | 27}",
 "nlq": "How many days were there in 2018 with Characteristic and with Intensity for which the number of days in 2019 is lower than 11.9? Please, report the corresponding Characteristic, Intensity, and number of days."}]
}
