{
"filename": "Weather_statistics_set11_1_DB.csv",
"questions": [{"name": "template 1",
 "sql": "SELECT Value FROM DBdata WHERE (AA IN ('AAfk')) AND ((BB = 'BBrs' AND CC = 'CCch'))",
 "sqlResult": "{24}",
 "nlq": "How many days were there with CCch BBrs in AAfk?"},
{"name": "template 2",
 "sql": "SELECT Value FROM DBdata WHERE (AA IN ('AAfy')) AND ((BB = 'BBbn' AND CC = 'CCmw') OR (BB = 'BBrs' AND CC = 'CCqx'))",
 "sqlResult": "{27} || {10}",
 "nlq": "How many days were there with CCmw BBbn or CCqx BBrs in AAfy?"},
{"name": "template 3",
 "sql": "SELECT Value FROM DBdata WHERE (AA IN ('AAfk','AAcl')) AND ((BB = 'BBsx' AND CC = 'CCwy'))",
 "sqlResult": "{3} || {28}",
 "nlq": "How many days were there with CCwy BBsx in AAfk or AAcl?"},
{"name": "template 4",
 "sql": "SELECT min(Value),avg(Value) FROM DBdata WHERE (AA IN ('AAfy','AAfk','AAcl')) AND ((BB = 'BBbn' AND CC = 'CCmw'))",
 "sqlResult": "{14 | 19.33}",
 "nlq": "What are the minimum and average numbers of days with CCmw BBbn in AAfy, AAfk, or AAcl?"},
{"name": "template 6",
 "sql": "SELECT Value FROM DBdata WHERE (AA IN ('AAfy','AAfk','AAcl')) AND ((BB = 'BBbn' AND CC = 'CCmw') OR (BB = 'BBrs' AND CC = 'CCqx') OR (BB = 'BBrs' AND CC = 'CCch') OR (BB = 'BBsx' AND CC = 'CCwy'))",
 "sqlResult": "{27} || {17} || {14} || {10} || {13} || {12} || {11} || {24} || {8} || {26} || {3} || {28}",
 "nlq": "How many days were there with CCmw BBbn, CCch or CCqx BBrs, or CCwy BBsx in AAfy, AAfk, or AAcl?"},
{"name": "template 7",
 "sql": "SELECT sum(Value),avg(Value) FROM DBdata WHERE (AA IN ('AAfy')) AND ((BB = 'BBbn' AND CC = 'CClz') OR (BB = 'BBrs' AND CC = 'CCch') OR (BB = 'BBsx' AND CC = 'CCdx'))",
 "sqlResult": "{35 | 11.67}",
 "nlq": "What are the total and average numbers of days with CClz BBbn, CCch BBrs, or CCdx BBsx in AAfy?"},
{"name": "template 8",
 "sql": "SELECT AA,min(Value),max(Value) FROM DBdata WHERE (AA IN ('AAfy','AAfk','AAcl')) AND ((BB = 'BBrs' AND CC = 'CCch') OR (BB = 'BBsx' AND CC = 'CCdx')) GROUP BY AA",
 "sqlResult": "{AAfy | 11 | 23} || {AAfk | 18 | 24} || {AAcl | 4 | 8}",
 "nlq": "What are the minimum and maximum numbers of days for each AA, with CCch BBrs or CCdx BBsx in AAfy, AAfk, or AAcl? Please, report the corresponding AA."},
{"name": "template 9",
 "sql": "SELECT min(Value) FROM DBdata WHERE (AA IN ('AAfy')) AND (BB IN ('BBbn','BBrs','BBsx')) GROUP BY BB",
 "sqlResult": "{23} || {1} || {5}",
 "nlq": "What is the minimum number of days for each BB, with BBsx, BBbn, or BBrs in AAfy?"},
{"name": "template 10",
 "sql": "SELECT BB,min(Value) FROM DBdata WHERE (AA IN ('AAfy')) AND (BB IN ('BBbn','BBrs','BBsx')) GROUP BY BB",
 "sqlResult": "{BBsx | 23} || {BBbn | 1} || {BBrs | 5}",
 "nlq": "What is the minimum number of days for each BB, with BBsx, BBbn, or BBrs in AAfy? Please, report the corresponding BB."},
{"name": "template 11",
 "sql": "SELECT BB,AA,sum(Value) FROM DBdata WHERE (AA IN ('AAfy','AAcl')) AND (BB IN ('BBbn','BBrs','BBsx')) GROUP BY BB,AA",
 "sqlResult": "{BBsx | AAfy | 49} || {BBsx | AAcl | 32} || {BBbn | AAfy | 28} || {BBbn | AAcl | 29} || {BBrs | AAfy | 26} || {BBrs | AAcl | 42}",
 "nlq": "What is the total number of days for each BB and AA, with BBsx, BBbn, or BBrs in AAfy or AAcl? Please, report the corresponding BB and AA."},
{"name": "template 12",
 "sql": "SELECT Value FROM DBdata WHERE (AA IN ('AAcl')) AND (BB IN ('BBrs','BBsx')) ORDER BY VALUE ASC LIMIT 2",
 "sqlResult": "{4} || {8}",
 "nlq": "What are the smallest 2 numbers of days with BBsx or BBrs in AAcl?"},
{"name": "template 13",
 "sql": "SELECT Value FROM DBdata WHERE (AA IN ('AAfy')) AND (BB IN ('BBbn','BBrs')) ORDER BY VALUE DESC",
 "sqlResult": "{27} || {11} || {10} || {5} || {1}",
 "nlq": "What are the numbers of days ordered by descending values with BBbn or BBrs in AAfy?"},
{"name": "template 14",
 "sql": "SELECT BB,CC FROM DBdata WHERE (AA IN ('AAfy')) AND Value > 13.81",
 "sqlResult": "{BBbn | CCmw} || {BBsx | CCwy} || {BBsx | CCdx}",
 "nlq": "What are the BB and CC for which the number of days in AAfy is greater than 13.81?"},
{"name": "template 15",
 "sql": "SELECT BB,CC,Value FROM DBdata WHERE (AA IN ('AAcl')) AND (BB,CC) IN (SELECT BB,CC FROM DBdata WHERE (AA IN ('AAfy')) AND Value > 13.81)",
 "sqlResult": "{BBbn | CCmw | 14} || {BBsx | CCwy | 28} || {BBsx | CCdx | 4}",
 "nlq": "How many days were there in AAcl with BB and with CC for which the number of days in AAfy is greater than 13.81? Please, report the corresponding BB, CC, and number of days."}]
}

