Year,Characteristic,Intensity,Value
Year,Characteristic,Intensity,Value
2018,Temperature,11-20,8
2019,Temperature,11-20,21
2020,Temperature,11-20,14
2018,Temperature,21-30,17
2019,Temperature,21-30,9
2020,Temperature,21-30,16
2018,Temperature,31-40,7
2019,Temperature,31-40,28
2020,Temperature,31-40,4
2018,Wind,Calm,20
2019,Wind,Calm,10
2020,Wind,Calm,12
2018,Wind,Breeze,0
2019,Wind,Breeze,1
2020,Wind,Breeze,26
2018,Humidity,Low,6
2019,Humidity,Low,18
2020,Humidity,Low,2
2018,Humidity,Medium,13
2019,Humidity,Medium,11
2020,Humidity,Medium,25
2018,Humidity,High,22
2019,Humidity,High,5
2020,Humidity,High,3
