{
"filename": "Weather_statistics_set3_5_DB.csv",
"questions": [{"name": "template 1",
 "sql": "SELECT Value FROM DBdata WHERE (AA IN ('AAls')) AND ((BB = 'BBmr' AND CC = 'CCnz'))",
 "sqlResult": "{15}",
 "nlq": "How many days were there with CCnz BBmr in AAls?"},
{"name": "template 2",
 "sql": "SELECT Value FROM DBdata WHERE (AA IN ('AAdj')) AND ((BB = 'BBmr' AND CC = 'CCvx') OR (BB = 'BBmr' AND CC = 'CCcf') OR (BB = 'BBmr' AND CC = 'CCnz') OR (BB = 'BBnt' AND CC = 'CChs') OR (BB = 'BBnt' AND CC = 'CCkt') OR (BB = 'BBnt' AND CC = 'CCbj') OR (BB = 'BBps' AND CC = 'CCcm') OR (BB = 'BBps' AND CC = 'CCcq'))",
 "sqlResult": "{24} || {4} || {19} || {13} || {6} || {21} || {17} || {20}",
 "nlq": "How many days were there with CCvx, CCcf, or CCnz BBmr, CCkt, CChs, or CCbj BBnt, or CCcm or CCcq BBps in AAdj?"},
{"name": "template 3",
 "sql": "SELECT Value FROM DBdata WHERE (AA IN ('AAdj','AAls')) AND ((BB = 'BBnt' AND CC = 'CChs'))",
 "sqlResult": "{13} || {14}",
 "nlq": "How many days were there with CChs BBnt in AAdj or AAls?"},
{"name": "template 4",
 "sql": "SELECT sum(Value),min(Value) FROM DBdata WHERE (AA IN ('AAdj','AAls')) AND ((BB = 'BBnt' AND CC = 'CChs'))",
 "sqlResult": "{27 | 13}",
 "nlq": "What are the total and minimum numbers of days with CChs BBnt in AAdj or AAls?"},
{"name": "template 6",
 "sql": "SELECT Value FROM DBdata WHERE (AA IN ('AAls')) AND ((BB = 'BBps' AND CC = 'CCcm') OR (BB = 'BBps' AND CC = 'CCcq'))",
 "sqlResult": "{23} || {3}",
 "nlq": "How many days were there with CCcm or CCcq BBps in AAls?"},
{"name": "template 7",
 "sql": "SELECT avg(Value),sum(Value) FROM DBdata WHERE (AA IN ('AAdj')) AND ((BB = 'BBmr' AND CC = 'CCcf') OR (BB = 'BBmr' AND CC = 'CCnz') OR (BB = 'BBnt' AND CC = 'CChs') OR (BB = 'BBps' AND CC = 'CCcq'))",
 "sqlResult": "{14 | 56}",
 "nlq": "What are the average and total numbers of days with CCcf or CCnz BBmr, CChs BBnt, or CCcq BBps in AAdj?"},
{"name": "template 8",
 "sql": "SELECT AA,max(Value),min(Value) FROM DBdata WHERE (AA IN ('AAdj','AAls')) AND ((BB = 'BBmr' AND CC = 'CCnz') OR (BB = 'BBnt' AND CC = 'CCkt') OR (BB = 'BBnt' AND CC = 'CCbj')) GROUP BY AA",
 "sqlResult": "{AAdj | 21 | 6} || {AAls | 26 | 5}",
 "nlq": "What are the maximum and minimum numbers of days for each AA, with CCnz BBmr or CCkt or CCbj BBnt in AAdj or AAls? Please, report the corresponding AA."},
{"name": "template 9",
 "sql": "SELECT min(Value) FROM DBdata WHERE (AA IN ('AAls')) AND (BB IN ('BBmr','BBnt','BBps')) GROUP BY BB",
 "sqlResult": "{3} || {8} || {5}",
 "nlq": "What is the minimum number of days for each BB, with BBps, BBmr, or BBnt in AAls?"},
{"name": "template 10",
 "sql": "SELECT BB,min(Value) FROM DBdata WHERE (AA IN ('AAdj')) AND (BB IN ('BBmr','BBnt','BBps')) GROUP BY BB",
 "sqlResult": "{BBps | 17} || {BBmr | 4} || {BBnt | 6}",
 "nlq": "What is the minimum number of days for each BB, with BBps, BBmr, or BBnt in AAdj? Please, report the corresponding BB."},
{"name": "template 11",
 "sql": "SELECT BB,AA,avg(Value) FROM DBdata WHERE (AA IN ('AAdj')) AND (BB IN ('BBmr','BBnt','BBps')) GROUP BY BB,AA",
 "sqlResult": "{BBps | AAdj | 18.5} || {BBmr | AAdj | 15.67} || {BBnt | AAdj | 13.33}",
 "nlq": "What is the average number of days for each BB and AA, with BBps, BBmr, or BBnt in AAdj? Please, report the corresponding BB and AA."},
{"name": "template 12",
 "sql": "SELECT Value FROM DBdata WHERE (AA IN ('AAdj')) AND (BB IN ('BBmr','BBps')) ORDER BY VALUE DESC LIMIT 4",
 "sqlResult": "{24} || {20} || {19} || {17}",
 "nlq": "What are the largest 4 numbers of days with BBps or BBmr in AAdj?"},
{"name": "template 13",
 "sql": "SELECT Value FROM DBdata WHERE (AA IN ('AAls')) AND (BB IN ('BBnt','BBps')) ORDER BY VALUE ASC",
 "sqlResult": "{3} || {5} || {14} || {23} || {26}",
 "nlq": "What are the numbers of days ordered by ascending values with BBps or BBnt in AAls?"},
{"name": "template 14",
 "sql": "SELECT BB,CC FROM DBdata WHERE (AA IN ('AAdj')) AND Value < 15.31",
 "sqlResult": "{BBmr | CCcf} || {BBnt | CChs} || {BBnt | CCkt}",
 "nlq": "What are the BB and CC for which the number of days in AAdj is lower than 15.31?"},
{"name": "template 15",
 "sql": "SELECT BB,CC,Value FROM DBdata WHERE (AA IN ('AAls')) AND (BB,CC) IN (SELECT BB,CC FROM DBdata WHERE (AA IN ('AAdj')) AND Value < 15.31)",
 "sqlResult": "{BBmr | CCcf | 27} || {BBnt | CChs | 14} || {BBnt | CCkt | 5}",
 "nlq": "How many days were there in AAls with BB and with CC for which the number of days in AAdj is lower than 15.31? Please, report the corresponding BB, CC, and number of days."}]
}

