{
"filename": "Weather_statistics_set9_4_DB.csv",
"questions": [{"name": "template 1",
 "sql": "SELECT Value FROM DBdata WHERE (Year IN ('2022')) AND ((Characteristic = 'Humidity' AND Intensity = 'Medium'))",
 "sqlResult": "{26}",
 "nlq": "How many days were there with Medium Humidity in 2022?"},
{"name": "template 2",
 "sql": "SELECT Value FROM DBdata WHERE (Year IN ('2020')) AND ((Characteristic = 'Temperature' AND Intensity = '21-30') OR (Characteristic = 'Wind' AND Intensity = 'Calm') OR (Characteristic = 'Wind' AND Intensity = 'Storm'))",
 "sqlResult": "{16} || {14} || {9}",
 "nlq": "How many days were there with 21-30 Temperature or Calm or Storm Wind in 2020?"},
{"name": "template 3",
 "sql": "SELECT Value FROM DBdata WHERE (Year IN ('2020','2022')) AND ((Characteristic = 'Wind' AND Intensity = 'Breeze'))",
 "sqlResult": "{11} || {1}",
 "nlq": "How many days were there with Breeze Wind in 2020 or 2022?"},
{"name": "template 4",
 "sql": "SELECT sum(Value),avg(Value) FROM DBdata WHERE (Year IN ('2020','2021','2022')) AND ((Characteristic = 'Wind' AND Intensity = 'Calm'))",
 "sqlResult": "{34 | 11.33}",
 "nlq": "What are the total and average numbers of days with Calm Wind in 2020, 2021, or 2022?"},
{"name": "template 6",
 "sql": "SELECT Value FROM DBdata WHERE (Year IN ('2020','2021','2022')) AND ((Characteristic = 'Temperature' AND Intensity = '21-30') OR (Characteristic = 'Wind' AND Intensity = 'Breeze') OR (Characteristic = 'Humidity' AND Intensity = 'Medium'))",
 "sqlResult": "{16} || {19} || {28} || {11} || {15} || {1} || {0} || {10} || {26}",
 "nlq": "How many days were there with 21-30 Temperature, Breeze Wind, or Medium Humidity in 2020, 2021, or 2022?"},
{"name": "template 7",
 "sql": "SELECT sum(Value),min(Value) FROM DBdata WHERE (Year IN ('2022')) AND ((Characteristic = 'Temperature' AND Intensity = '11-20') OR (Characteristic = 'Wind' AND Intensity = 'Calm') OR (Characteristic = 'Wind' AND Intensity = 'Storm') OR (Characteristic = 'Humidity' AND Intensity = 'High'))",
 "sqlResult": "{76 | 13}",
 "nlq": "What are the total and minimum numbers of days with 11-20 Temperature, Calm or Storm Wind, or High Humidity in 2022?"},
{"name": "template 8",
 "sql": "SELECT Year,sum(Value),avg(Value) FROM DBdata WHERE (Year IN ('2020','2021','2022')) AND ((Characteristic = 'Temperature' AND Intensity = '11-20') OR (Characteristic = 'Temperature' AND Intensity = '21-30') OR (Characteristic = 'Wind' AND Intensity = 'Calm') OR (Characteristic = 'Humidity' AND Intensity = 'Medium') OR (Characteristic = 'Humidity' AND Intensity = 'High')) GROUP BY Year",
 "sqlResult": "{2020 | 39 | 7.8} || {2021 | 53 | 10.6} || {2022 | 110 | 22}",
 "nlq": "What are the total and average numbers of days for each Year, with 11-20 or 21-30 Temperature, Calm Wind, or High or Medium Humidity in 2020, 2021, or 2022? Please, report the corresponding Year."},
{"name": "template 9",
 "sql": "SELECT min(Value) FROM DBdata WHERE (Year IN ('2022')) AND (Characteristic IN ('Temperature','Wind','Humidity')) GROUP BY Characteristic",
 "sqlResult": "{13} || {25} || {1}",
 "nlq": "What is the minimum number of days for each Characteristic, with Humidity, Temperature, or Wind in 2022?"},
{"name": "template 10",
 "sql": "SELECT Characteristic,min(Value) FROM DBdata WHERE (Year IN ('2021')) AND (Characteristic IN ('Temperature','Wind','Humidity')) GROUP BY Characteristic",
 "sqlResult": "{Humidity | 10} || {Temperature | 5} || {Wind | 2}",
 "nlq": "What is the minimum number of days for each Characteristic, with Humidity, Temperature, or Wind in 2021? Please, report the corresponding Characteristic."},
{"name": "template 11",
 "sql": "SELECT Characteristic,Year,avg(Value) FROM DBdata WHERE (Year IN ('2020','2021')) AND (Characteristic IN ('Temperature','Wind','Humidity')) GROUP BY Characteristic,Year",
 "sqlResult": "{Humidity | 2020 | 3} || {Humidity | 2021 | 13.5} || {Temperature | 2020 | 9.5} || {Temperature | 2021 | 12} || {Wind | 2020 | 11.33} || {Wind | 2021 | 8.33}",
 "nlq": "What is the average number of days for each Characteristic and Year, with Humidity, Temperature, or Wind in 2020 or 2021? Please, report the corresponding Characteristic and Year."},
{"name": "template 12",
 "sql": "SELECT Value FROM DBdata WHERE (Year IN ('2021')) AND (Characteristic IN ('Temperature','Humidity')) ORDER BY VALUE ASC LIMIT 2",
 "sqlResult": "{5} || {10}",
 "nlq": "What are the smallest 2 numbers of days with Humidity or Temperature in 2021?"},
{"name": "template 13",
 "sql": "SELECT Value FROM DBdata WHERE (Year IN ('2022')) AND (Characteristic IN ('Temperature','Wind')) ORDER BY VALUE ASC",
 "sqlResult": "{1} || {18} || {20} || {25} || {28}",
 "nlq": "What are the numbers of days ordered by ascending values with Temperature or Wind in 2022?"},
{"name": "template 14",
 "sql": "SELECT Characteristic,Intensity FROM DBdata WHERE (Year IN ('2021')) AND Value < 12.67",
 "sqlResult": "{Temperature | 11-20} || {Wind | Calm} || {Wind | Storm} || {Humidity | Medium}",
 "nlq": "What are the Characteristic and Intensity for which the number of days in 2021 is lower than 12.67?"},
{"name": "template 15",
 "sql": "SELECT Characteristic,Intensity,Value FROM DBdata WHERE (Year IN ('2022')) AND (Characteristic,Intensity) IN (SELECT Characteristic,Intensity FROM DBdata WHERE (Year IN ('2021')) AND Value < 12.67)",
 "sqlResult": "{Temperature | 11-20 | 25} || {Wind | Calm | 18} || {Wind | Storm | 20} || {Humidity | Medium | 26}",
 "nlq": "How many days were there in 2022 with Characteristic and with Intensity for which the number of days in 2021 is lower than 12.67? Please, report the corresponding Characteristic, Intensity, and number of days."}]
}
