{
"filename": "Weather_statistics_set4_3_DB.csv",
"questions": [{"name": "template 1",
 "sql": "SELECT Value FROM DBdata WHERE (Year IN ('2015')) AND ((Characteristic = 'Wind' AND Intensity = 'Calm'))",
 "sqlResult": "{10}",
 "nlq": "How many days were there with Calm Wind in 2015?"},
{"name": "template 2",
 "sql": "SELECT Value FROM DBdata WHERE (Year IN ('2015')) AND ((Characteristic = 'Wind' AND Intensity = 'Calm') OR (Characteristic = 'Wind' AND Intensity = 'Storm') OR (Characteristic = 'Humidity' AND Intensity = 'Medium'))",
 "sqlResult": "{10} || {2} || {3}",
 "nlq": "How many days were there with Calm or Storm Wind or Medium Humidity in 2015?"},
{"name": "template 3",
 "sql": "SELECT Value FROM DBdata WHERE (Year IN ('2015','2016','2017')) AND ((Characteristic = 'Humidity' AND Intensity = 'High'))",
 "sqlResult": "{14} || {26} || {1}",
 "nlq": "How many days were there with High Humidity in 2015, 2016, or 2017?"},
{"name": "template 4",
 "sql": "SELECT sum(Value),max(Value) FROM DBdata WHERE (Year IN ('2015','2016','2017')) AND ((Characteristic = 'Wind' AND Intensity = 'Calm'))",
 "sqlResult": "{38 | 23}",
 "nlq": "What are the total and maximum numbers of days with Calm Wind in 2015, 2016, or 2017?"},
{"name": "template 6",
 "sql": "SELECT Value FROM DBdata WHERE (Year IN ('2015','2016','2017')) AND ((Characteristic = 'Wind' AND Intensity = 'Storm') OR (Characteristic = 'Humidity' AND Intensity = 'Low'))",
 "sqlResult": "{2} || {27} || {4} || {19} || {17} || {28}",
 "nlq": "How many days were there with Low Humidity or Storm Wind in 2015, 2016, or 2017?"},
{"name": "template 7",
 "sql": "SELECT avg(Value),min(Value) FROM DBdata WHERE (Year IN ('2015')) AND ((Characteristic = 'Wind' AND Intensity = 'Calm') OR (Characteristic = 'Wind' AND Intensity = 'Breeze') OR (Characteristic = 'Humidity' AND Intensity = 'Low') OR (Characteristic = 'Humidity' AND Intensity = 'Medium'))",
 "sqlResult": "{10.25 | 3}",
 "nlq": "What are the average and minimum numbers of days with Breeze or Calm Wind or Low or Medium Humidity in 2015?"},
{"name": "template 8",
 "sql": "SELECT Year,max(Value),sum(Value) FROM DBdata WHERE (Year IN ('2016','2017')) AND ((Characteristic = 'Wind' AND Intensity = 'Storm') OR (Characteristic = 'Humidity' AND Intensity = 'Low')) GROUP BY Year",
 "sqlResult": "{2016 | 27 | 44} || {2017 | 28 | 32}",
 "nlq": "What are the maximum and total numbers of days for each Year, with Low Humidity or Storm Wind in 2016 or 2017? Please, report the corresponding Year."},
{"name": "template 9",
 "sql": "SELECT min(Value) FROM DBdata WHERE (Year IN ('2017')) AND (Characteristic IN ('Wind','Humidity')) GROUP BY Characteristic",
 "sqlResult": "{0} || {4}",
 "nlq": "What is the minimum number of days for each Characteristic, with Humidity or Wind in 2017?"},
{"name": "template 10",
 "sql": "SELECT Characteristic,max(Value) FROM DBdata WHERE (Year IN ('2017')) AND (Characteristic IN ('Wind','Humidity')) GROUP BY Characteristic",
 "sqlResult": "{Humidity | 28} || {Wind | 21}",
 "nlq": "What is the maximum number of days for each Characteristic, with Humidity or Wind in 2017? Please, report the corresponding Characteristic."},
{"name": "template 11",
 "sql": "SELECT Characteristic,Year,min(Value) FROM DBdata WHERE (Year IN ('2016','2017')) AND (Characteristic IN ('Wind','Humidity')) GROUP BY Characteristic,Year",
 "sqlResult": "{Humidity | 2016 | 17} || {Humidity | 2017 | 0} || {Wind | 2016 | 15} || {Wind | 2017 | 4}",
 "nlq": "What is the minimum number of days for each Characteristic and Year, with Humidity or Wind in 2016 or 2017? Please, report the corresponding Characteristic and Year."},
{"name": "template 12",
 "sql": "SELECT Value FROM DBdata WHERE (Year IN ('2015')) AND (Characteristic IN ('Wind','Humidity')) ORDER BY VALUE ASC LIMIT 3",
 "sqlResult": "{2} || {3} || {9}",
 "nlq": "What are the smallest 3 numbers of days with Humidity or Wind in 2015?"},
{"name": "template 13",
 "sql": "SELECT Value FROM DBdata WHERE (Year IN ('2017')) AND (Characteristic IN ('Wind','Humidity')) ORDER BY VALUE ASC",
 "sqlResult": "{0} || {1} || {4} || {5} || {21} || {28}",
 "nlq": "What are the numbers of days ordered by ascending values with Humidity or Wind in 2017?"},
{"name": "template 14",
 "sql": "SELECT Characteristic,Intensity FROM DBdata WHERE (Year IN ('2015')) AND Value < 13.78",
 "sqlResult": "{Wind | Calm} || {Wind | Breeze} || {Wind | Storm} || {Humidity | Medium}",
 "nlq": "What are the Characteristic and Intensity for which the number of days in 2015 is lower than 13.78?"},
{"name": "template 15",
 "sql": "SELECT Characteristic,Intensity,Value FROM DBdata WHERE (Year IN ('2017')) AND (Characteristic,Intensity) IN (SELECT Characteristic,Intensity FROM DBdata WHERE (Year IN ('2015')) AND Value < 13.78)",
 "sqlResult": "{Wind | Calm | 5} || {Wind | Breeze | 21} || {Wind | Storm | 4} || {Humidity | Medium | 0}",
 "nlq": "How many days were there in 2017 with Characteristic and with Intensity for which the number of days in 2015 is lower than 13.78? Please, report the corresponding Characteristic, Intensity, and number of days."}]
}
