{
"filename": "Weather_statistics_set9_5_DB.csv",
"questions": [{"name": "template 1",
 "sql": "SELECT Value FROM DBdata WHERE (Year IN ('2016')) AND ((Characteristic = 'Humidity' AND Intensity = 'Low'))",
 "sqlResult": "{20}",
 "nlq": "How many days were there with Low Humidity in 2016?"},
{"name": "template 2",
 "sql": "SELECT Value FROM DBdata WHERE (Year IN ('2016')) AND ((Characteristic = 'Temperature' AND Intensity = '0-10') OR (Characteristic = 'Temperature' AND Intensity = '11-20') OR (Characteristic = 'Temperature' AND Intensity = '21-30') OR (Characteristic = 'Wind' AND Intensity = 'Storm') OR (Characteristic = 'Humidity' AND Intensity = 'Low') OR (Characteristic = 'Humidity' AND Intensity = 'Medium') OR (Characteristic = 'Humidity' AND Intensity = 'High'))",
 "sqlResult": "{23} || {2} || {28} || {6} || {20} || {11} || {3}",
 "nlq": "How many days were there with 0-10, 11-20, or 21-30 Temperature, High, Low, or Medium Humidity, or Storm Wind in 2016?"},
{"name": "template 3",
 "sql": "SELECT Value FROM DBdata WHERE (Year IN ('2016','2017')) AND ((Characteristic = 'Humidity' AND Intensity = 'Low'))",
 "sqlResult": "{20} || {15}",
 "nlq": "How many days were there with Low Humidity in 2016 or 2017?"},
{"name": "template 4",
 "sql": "SELECT sum(Value),avg(Value) FROM DBdata WHERE (Year IN ('2015','2016','2017')) AND ((Characteristic = 'Temperature' AND Intensity = '21-30'))",
 "sqlResult": "{49 | 16.33}",
 "nlq": "What are the total and average numbers of days with 21-30 Temperature in 2015, 2016, or 2017?"},
{"name": "template 6",
 "sql": "SELECT Value FROM DBdata WHERE (Year IN ('2015','2016','2017')) AND ((Characteristic = 'Temperature' AND Intensity = '0-10') OR (Characteristic = 'Wind' AND Intensity = 'Breeze'))",
 "sqlResult": "{14} || {23} || {22} || {9} || {26} || {19}",
 "nlq": "How many days were there with 0-10 Temperature or Breeze Wind in 2015, 2016, or 2017?"},
{"name": "template 7",
 "sql": "SELECT min(Value),avg(Value) FROM DBdata WHERE (Year IN ('2016')) AND ((Characteristic = 'Temperature' AND Intensity = '0-10') OR (Characteristic = 'Temperature' AND Intensity = '11-20') OR (Characteristic = 'Temperature' AND Intensity = '21-30'))",
 "sqlResult": "{2 | 17.67}",
 "nlq": "What are the minimum and average numbers of days with 0-10, 11-20, or 21-30 Temperature in 2016?"},
{"name": "template 8",
 "sql": "SELECT Year,min(Value),max(Value) FROM DBdata WHERE (Year IN ('2015','2017')) AND ((Characteristic = 'Temperature' AND Intensity = '0-10') OR (Characteristic = 'Temperature' AND Intensity = '11-20')) GROUP BY Year",
 "sqlResult": "{2015 | 14 | 21} || {2017 | 10 | 22}",
 "nlq": "What are the minimum and maximum numbers of days for each Year, with 0-10 or 11-20 Temperature in 2015 or 2017? Please, report the corresponding Year."},
{"name": "template 9",
 "sql": "SELECT min(Value) FROM DBdata WHERE (Year IN ('2017')) AND (Characteristic IN ('Temperature','Wind','Humidity')) GROUP BY Characteristic",
 "sqlResult": "{0} || {5} || {7}",
 "nlq": "What is the minimum number of days for each Characteristic, with Humidity, Temperature, or Wind in 2017?"},
{"name": "template 10",
 "sql": "SELECT Characteristic,avg(Value) FROM DBdata WHERE (Year IN ('2016')) AND (Characteristic IN ('Temperature','Wind','Humidity')) GROUP BY Characteristic",
 "sqlResult": "{Humidity | 11.33} || {Temperature | 17.67} || {Wind | 16}",
 "nlq": "What is the average number of days for each Characteristic, with Humidity, Temperature, or Wind in 2016? Please, report the corresponding Characteristic."},
{"name": "template 11",
 "sql": "SELECT Characteristic,Year,max(Value) FROM DBdata WHERE (Year IN ('2015','2016','2017')) AND (Characteristic IN ('Temperature','Wind','Humidity')) GROUP BY Characteristic,Year",
 "sqlResult": "{Humidity | 2015 | 27} || {Humidity | 2016 | 20} || {Humidity | 2017 | 18} || {Temperature | 2015 | 21} || {Temperature | 2016 | 28} || {Temperature | 2017 | 22} || {Wind | 2015 | 12} || {Wind | 2016 | 26} || {Wind | 2017 | 19}",
 "nlq": "What is the maximum number of days for each Characteristic and Year, with Humidity, Temperature, or Wind in 2015, 2016, or 2017? Please, report the corresponding Characteristic and Year."},
{"name": "template 12",
 "sql": "SELECT Value FROM DBdata WHERE (Year IN ('2015')) AND (Characteristic IN ('Temperature','Humidity')) ORDER BY VALUE ASC LIMIT 2",
 "sqlResult": "{4} || {8}",
 "nlq": "What are the smallest 2 numbers of days with Humidity or Temperature in 2015?"},
{"name": "template 13",
 "sql": "SELECT Value FROM DBdata WHERE (Year IN ('2015')) AND (Characteristic IN ('Wind','Humidity')) ORDER BY VALUE ASC",
 "sqlResult": "{4} || {8} || {9} || {12} || {27}",
 "nlq": "What are the numbers of days ordered by ascending values with Humidity or Wind in 2015?"},
{"name": "template 14",
 "sql": "SELECT Characteristic,Intensity FROM DBdata WHERE (Year IN ('2015')) AND Value > 13.58",
 "sqlResult": "{Temperature | 0-10} || {Temperature | 11-20} || {Temperature | 21-30} || {Humidity | Medium}",
 "nlq": "What are the Characteristic and Intensity for which the number of days in 2015 is greater than 13.58?"},
{"name": "template 15",
 "sql": "SELECT Characteristic,Intensity,Value FROM DBdata WHERE (Year IN ('2016')) AND (Characteristic,Intensity) IN (SELECT Characteristic,Intensity FROM DBdata WHERE (Year IN ('2015')) AND Value > 13.58)",
 "sqlResult": "{Temperature | 0-10 | 23} || {Temperature | 11-20 | 2} || {Temperature | 21-30 | 28} || {Humidity | Medium | 11}",
 "nlq": "How many days were there in 2016 with Characteristic and with Intensity for which the number of days in 2015 is greater than 13.58? Please, report the corresponding Characteristic, Intensity, and number of days."}]
}
