{
"filename": "Weather_statistics_set4_4_DB.csv",
"questions": [{"name": "template 1",
 "sql": "SELECT Value FROM DBdata WHERE (Year IN ('2018')) AND ((Characteristic = 'Humidity' AND Intensity = 'Low'))",
 "sqlResult": "{25}",
 "nlq": "How many days were there with Low Humidity in 2018?"},
{"name": "template 2",
 "sql": "SELECT Value FROM DBdata WHERE (Year IN ('2018')) AND ((Characteristic = 'Temperature' AND Intensity = '21-30') OR (Characteristic = 'Temperature' AND Intensity = '31-40') OR (Characteristic = 'Wind' AND Intensity = 'Breeze') OR (Characteristic = 'Wind' AND Intensity = 'Storm') OR (Characteristic = 'Humidity' AND Intensity = 'Low') OR (Characteristic = 'Humidity' AND Intensity = 'Medium') OR (Characteristic = 'Humidity' AND Intensity = 'High'))",
 "sqlResult": "{10} || {27} || {2} || {21} || {25} || {3} || {19}",
 "nlq": "How many days were there with 21-30 or 31-40 Temperature, Breeze or Storm Wind, or High, Low, or Medium Humidity in 2018?"},
{"name": "template 3",
 "sql": "SELECT Value FROM DBdata WHERE (Year IN ('2018')) AND ((Characteristic = 'Humidity' AND Intensity = 'Medium'))",
 "sqlResult": "{3}",
 "nlq": "How many days were there with Medium Humidity in 2018?"},
{"name": "template 4",
 "sql": "SELECT sum(Value),avg(Value) FROM DBdata WHERE (Year IN ('2019')) AND ((Characteristic = 'Wind' AND Intensity = 'Breeze'))",
 "sqlResult": "{20 | 20}",
 "nlq": "What are the total and average numbers of days with Breeze Wind in 2019?"},
{"name": "template 6",
 "sql": "SELECT Value FROM DBdata WHERE (Year IN ('2018','2019')) AND ((Characteristic = 'Temperature' AND Intensity = '31-40') OR (Characteristic = 'Humidity' AND Intensity = 'Low') OR (Characteristic = 'Humidity' AND Intensity = 'Medium'))",
 "sqlResult": "{27} || {11} || {25} || {28} || {3} || {12}",
 "nlq": "How many days were there with 31-40 Temperature or Low or Medium Humidity in 2018 or 2019?"},
{"name": "template 7",
 "sql": "SELECT max(Value),avg(Value) FROM DBdata WHERE (Year IN ('2019')) AND ((Characteristic = 'Temperature' AND Intensity = '31-40') OR (Characteristic = 'Wind' AND Intensity = 'Breeze') OR (Characteristic = 'Humidity' AND Intensity = 'Low') OR (Characteristic = 'Humidity' AND Intensity = 'High'))",
 "sqlResult": "{28 | 18}",
 "nlq": "What are the maximum and average numbers of days with 31-40 Temperature, Breeze Wind, or High or Low Humidity in 2019?"},
{"name": "template 8",
 "sql": "SELECT Year,avg(Value),max(Value) FROM DBdata WHERE (Year IN ('2018')) AND ((Characteristic = 'Wind' AND Intensity = 'Storm') OR (Characteristic = 'Humidity' AND Intensity = 'Medium')) GROUP BY Year",
 "sqlResult": "{2018 | 12 | 21}",
 "nlq": "What are the average and maximum numbers of days for each Year, with Medium Humidity or Storm Wind in 2018? Please, report the corresponding Year."},
{"name": "template 9",
 "sql": "SELECT min(Value) FROM DBdata WHERE (Year IN ('2018')) AND (Characteristic IN ('Temperature','Wind','Humidity')) GROUP BY Characteristic",
 "sqlResult": "{3} || {10} || {2}",
 "nlq": "What is the minimum number of days for each Characteristic, with Humidity, Temperature, or Wind in 2018?"},
{"name": "template 10",
 "sql": "SELECT Characteristic,min(Value) FROM DBdata WHERE (Year IN ('2018')) AND (Characteristic IN ('Temperature','Wind','Humidity')) GROUP BY Characteristic",
 "sqlResult": "{Humidity | 3} || {Temperature | 10} || {Wind | 2}",
 "nlq": "What is the minimum number of days for each Characteristic, with Humidity, Temperature, or Wind in 2018? Please, report the corresponding Characteristic."},
{"name": "template 11",
 "sql": "SELECT Characteristic,Year,sum(Value) FROM DBdata WHERE (Year IN ('2018')) AND (Characteristic IN ('Temperature','Wind','Humidity')) GROUP BY Characteristic,Year",
 "sqlResult": "{Humidity | 2018 | 47} || {Temperature | 2018 | 37} || {Wind | 2018 | 23}",
 "nlq": "What is the total number of days for each Characteristic and Year, with Humidity, Temperature, or Wind in 2018? Please, report the corresponding Characteristic and Year."},
{"name": "template 12",
 "sql": "SELECT Value FROM DBdata WHERE (Year IN ('2019')) AND (Characteristic IN ('Wind','Humidity')) ORDER BY VALUE ASC LIMIT 2",
 "sqlResult": "{7} || {12}",
 "nlq": "What are the smallest 2 numbers of days with Humidity or Wind in 2019?"},
{"name": "template 13",
 "sql": "SELECT Value FROM DBdata WHERE (Year IN ('2019')) AND (Characteristic IN ('Temperature','Humidity')) ORDER BY VALUE DESC",
 "sqlResult": "{28} || {13} || {12} || {11} || {4}",
 "nlq": "What are the numbers of days ordered by descending values with Humidity or Temperature in 2019?"},
{"name": "template 14",
 "sql": "SELECT Characteristic,Intensity FROM DBdata WHERE (Year IN ('2019')) AND Value > 14.43",
 "sqlResult": "{Wind | Breeze} || {Humidity | Low}",
 "nlq": "What are the Characteristic and Intensity for which the number of days in 2019 is greater than 14.43?"},
{"name": "template 15",
 "sql": "SELECT Characteristic,Intensity,Value FROM DBdata WHERE (Year IN ('2018')) AND (Characteristic,Intensity) IN (SELECT Characteristic,Intensity FROM DBdata WHERE (Year IN ('2019')) AND Value > 14.43)",
 "sqlResult": "{Wind | Breeze | 2} || {Humidity | Low | 25}",
 "nlq": "How many days were there in 2018 with Characteristic and with Intensity for which the number of days in 2019 is greater than 14.43? Please, report the corresponding Characteristic, Intensity, and number of days."}]
}
