{
"filename": "Weather_statistics_set7_5_DB.csv",
"questions": [{"name": "template 1",
 "sql": "SELECT Value FROM DBdata WHERE (AA IN ('AAgw')) AND ((BB = 'BBbr' AND CC = 'CCcl'))",
 "sqlResult": "{10}",
 "nlq": "How many days were there with CCcl BBbr in AAgw?"},
{"name": "template 2",
 "sql": "SELECT Value FROM DBdata WHERE (AA IN ('AAgw')) AND ((BB = 'BBjl' AND CC = 'CCct') OR (BB = 'BBjl' AND CC = 'CCcn') OR (BB = 'BBbr' AND CC = 'CCcl') OR (BB = 'BBbr' AND CC = 'CCbq') OR (BB = 'BBlq' AND CC = 'CCsx') OR (BB = 'BBlq' AND CC = 'CCbk'))",
 "sqlResult": "{25} || {17} || {10} || {16} || {8} || {14}",
 "nlq": "How many days were there with CCct or CCcn BBjl, CCcl or CCbq BBbr, or CCbk or CCsx BBlq in AAgw?"},
{"name": "template 3",
 "sql": "SELECT Value FROM DBdata WHERE (AA IN ('AAjy','AAgw')) AND ((BB = 'BBbr' AND CC = 'CCcl'))",
 "sqlResult": "{18} || {10}",
 "nlq": "How many days were there with CCcl BBbr in AAjy or AAgw?"},
{"name": "template 4",
 "sql": "SELECT min(Value),avg(Value) FROM DBdata WHERE (AA IN ('AAjy','AAgw')) AND ((BB = 'BBlq' AND CC = 'CCsx'))",
 "sqlResult": "{8 | 8.5}",
 "nlq": "What are the minimum and average numbers of days with CCsx BBlq in AAjy or AAgw?"},
{"name": "template 6",
 "sql": "SELECT Value FROM DBdata WHERE (AA IN ('AAgw')) AND ((BB = 'BBjl' AND CC = 'CClm') OR (BB = 'BBbr' AND CC = 'CCcl'))",
 "sqlResult": "{11} || {10}",
 "nlq": "How many days were there with CClm BBjl or CCcl BBbr in AAgw?"},
{"name": "template 7",
 "sql": "SELECT min(Value),max(Value) FROM DBdata WHERE (AA IN ('AAjy')) AND ((BB = 'BBjl' AND CC = 'CClm') OR (BB = 'BBjl' AND CC = 'CCct') OR (BB = 'BBbr' AND CC = 'CCcl') OR (BB = 'BBlq' AND CC = 'CCsx') OR (BB = 'BBlq' AND CC = 'CCbk'))",
 "sqlResult": "{0 | 19}",
 "nlq": "What are the minimum and maximum numbers of days with CClm or CCct BBjl, CCcl BBbr, or CCbk or CCsx BBlq in AAjy?"},
{"name": "template 8",
 "sql": "SELECT AA,avg(Value),max(Value) FROM DBdata WHERE (AA IN ('AAjy','AAgw')) AND ((BB = 'BBjl' AND CC = 'CClm') OR (BB = 'BBbr' AND CC = 'CCbq') OR (BB = 'BBlq' AND CC = 'CCsx') OR (BB = 'BBlq' AND CC = 'CCbk')) GROUP BY AA",
 "sqlResult": "{AAjy | 4.5 | 9} || {AAgw | 12.25 | 16}",
 "nlq": "What are the average and maximum numbers of days for each AA, with CClm BBjl, CCbk or CCsx BBlq, or CCbq BBbr in AAjy or AAgw? Please, report the corresponding AA."},
{"name": "template 9",
 "sql": "SELECT min(Value) FROM DBdata WHERE (AA IN ('AAjy')) AND (BB IN ('BBjl','BBbr','BBlq')) GROUP BY BB",
 "sqlResult": "{3} || {0} || {6}",
 "nlq": "What is the minimum number of days for each BB, with BBlq, BBjl, or BBbr in AAjy?"},
{"name": "template 10",
 "sql": "SELECT BB,avg(Value) FROM DBdata WHERE (AA IN ('AAjy')) AND (BB IN ('BBjl','BBbr','BBlq')) GROUP BY BB",
 "sqlResult": "{BBlq | 6} || {BBjl | 7} || {BBbr | 12}",
 "nlq": "What is the average number of days for each BB, with BBlq, BBjl, or BBbr in AAjy? Please, report the corresponding BB."},
{"name": "template 11",
 "sql": "SELECT BB,AA,avg(Value) FROM DBdata WHERE (AA IN ('AAjy','AAgw')) AND (BB IN ('BBjl','BBbr','BBlq')) GROUP BY BB,AA",
 "sqlResult": "{BBlq | AAjy | 6} || {BBlq | AAgw | 11} || {BBjl | AAjy | 7} || {BBjl | AAgw | 17.67} || {BBbr | AAjy | 12} || {BBbr | AAgw | 11}",
 "nlq": "What is the average number of days for each BB and AA, with BBlq, BBjl, or BBbr in AAjy or AAgw? Please, report the corresponding BB and AA."},
{"name": "template 12",
 "sql": "SELECT Value FROM DBdata WHERE (AA IN ('AAjy')) AND (BB IN ('BBjl','BBbr')) ORDER BY VALUE ASC LIMIT 5",
 "sqlResult": "{0} || {2} || {6} || {12} || {18}",
 "nlq": "What are the smallest 5 numbers of days with BBjl or BBbr in AAjy?"},
{"name": "template 13",
 "sql": "SELECT Value FROM DBdata WHERE (AA IN ('AAjy')) AND (BB IN ('BBbr','BBlq')) ORDER BY VALUE ASC",
 "sqlResult": "{3} || {6} || {9} || {12} || {18}",
 "nlq": "What are the numbers of days ordered by ascending values with BBlq or BBbr in AAjy?"},
{"name": "template 14",
 "sql": "SELECT BB,CC FROM DBdata WHERE (AA IN ('AAgw')) AND Value < 11.06",
 "sqlResult": "{BBjl | CClm} || {BBbr | CCly} || {BBbr | CCcl} || {BBlq | CCsx}",
 "nlq": "What are the BB and CC for which the number of days in AAgw is lower than 11.06?"},
{"name": "template 15",
 "sql": "SELECT BB,CC,Value FROM DBdata WHERE (AA IN ('AAjy')) AND (BB,CC) IN (SELECT BB,CC FROM DBdata WHERE (AA IN ('AAgw')) AND Value < 11.06)",
 "sqlResult": "{BBjl | CClm | 0} || {BBbr | CCly | 12} || {BBbr | CCcl | 18} || {BBlq | CCsx | 9}",
 "nlq": "How many days were there in AAjy with BB and with CC for which the number of days in AAgw is lower than 11.06? Please, report the corresponding BB, CC, and number of days."}]
}

