{
"filename": "Weather_statistics_set9_2_DB.csv",
"questions": [{"name": "template 1",
 "sql": "SELECT Value FROM DBdata WHERE (AA IN ('AArs')) AND ((BB = 'BBgt' AND CC = 'CCds'))",
 "sqlResult": "{6}",
 "nlq": "How many days were there with CCds BBgt in AArs?"},
{"name": "template 2",
 "sql": "SELECT Value FROM DBdata WHERE (AA IN ('AArs')) AND ((BB = 'BBvx' AND CC = 'CCkp') OR (BB = 'BBhq' AND CC = 'CCbc') OR (BB = 'BBhq' AND CC = 'CCjm') OR (BB = 'BBgt' AND CC = 'CCds'))",
 "sqlResult": "{16} || {10} || {23} || {6}",
 "nlq": "How many days were there with CCkp BBvx, CCbc or CCjm BBhq, or CCds BBgt in AArs?"},
{"name": "template 3",
 "sql": "SELECT Value FROM DBdata WHERE (AA IN ('AArs','AAcs')) AND ((BB = 'BBhq' AND CC = 'CCbc'))",
 "sqlResult": "{10} || {17}",
 "nlq": "How many days were there with CCbc BBhq in AArs or AAcs?"},
{"name": "template 4",
 "sql": "SELECT min(Value),sum(Value) FROM DBdata WHERE (AA IN ('AAcs')) AND ((BB = 'BBhq' AND CC = 'CCjm'))",
 "sqlResult": "{20 | 20}",
 "nlq": "What are the minimum and total numbers of days with CCjm BBhq in AAcs?"},
{"name": "template 6",
 "sql": "SELECT Value FROM DBdata WHERE (AA IN ('AArs')) AND ((BB = 'BBvx' AND CC = 'CCjk') OR (BB = 'BBhq' AND CC = 'CCbc') OR (BB = 'BBhq' AND CC = 'CCjm') OR (BB = 'BBgt' AND CC = 'CCds'))",
 "sqlResult": "{7} || {10} || {23} || {6}",
 "nlq": "How many days were there with CCjk BBvx, CCbc or CCjm BBhq, or CCds BBgt in AArs?"},
{"name": "template 7",
 "sql": "SELECT avg(Value),min(Value) FROM DBdata WHERE (AA IN ('AArs')) AND ((BB = 'BBvx' AND CC = 'CCjk') OR (BB = 'BBvx' AND CC = 'CCkp') OR (BB = 'BBhq' AND CC = 'CCbc') OR (BB = 'BBhq' AND CC = 'CCjm') OR (BB = 'BBgt' AND CC = 'CCkt'))",
 "sqlResult": "{16.2 | 7}",
 "nlq": "What are the average and minimum numbers of days with CCjk or CCkp BBvx, CCbc or CCjm BBhq, or CCkt BBgt in AArs?"},
{"name": "template 8",
 "sql": "SELECT AA,sum(Value),min(Value) FROM DBdata WHERE (AA IN ('AArs','AAcs')) AND ((BB = 'BBvx' AND CC = 'CCkp') OR (BB = 'BBhq' AND CC = 'CCbc') OR (BB = 'BBhq' AND CC = 'CCjm') OR (BB = 'BBgt' AND CC = 'CCkt') OR (BB = 'BBgt' AND CC = 'CCds')) GROUP BY AA",
 "sqlResult": "{AArs | 80 | 6} || {AAcs | 65 | 5}",
 "nlq": "What are the total and minimum numbers of days for each AA, with CCkp BBvx, CCbc or CCjm BBhq, or CCkt or CCds BBgt in AArs or AAcs? Please, report the corresponding AA."},
{"name": "template 9",
 "sql": "SELECT min(Value) FROM DBdata WHERE (AA IN ('AArs')) AND (BB IN ('BBvx','BBhq','BBgt')) GROUP BY BB",
 "sqlResult": "{6} || {7} || {10}",
 "nlq": "What is the minimum number of days for each BB, with BBgt, BBvx, or BBhq in AArs?"},
{"name": "template 10",
 "sql": "SELECT BB,max(Value) FROM DBdata WHERE (AA IN ('AArs')) AND (BB IN ('BBvx','BBhq','BBgt')) GROUP BY BB",
 "sqlResult": "{BBgt | 25} || {BBvx | 16} || {BBhq | 23}",
 "nlq": "What is the maximum number of days for each BB, with BBgt, BBvx, or BBhq in AArs? Please, report the corresponding BB."},
{"name": "template 11",
 "sql": "SELECT BB,AA,max(Value) FROM DBdata WHERE (AA IN ('AArs','AAcs')) AND (BB IN ('BBvx','BBhq','BBgt')) GROUP BY BB,AA",
 "sqlResult": "{BBgt | AArs | 25} || {BBgt | AAcs | 12} || {BBvx | AArs | 16} || {BBvx | AAcs | 5} || {BBhq | AArs | 23} || {BBhq | AAcs | 20}",
 "nlq": "What is the maximum number of days for each BB and AA, with BBgt, BBvx, or BBhq in AArs or AAcs? Please, report the corresponding BB and AA."},
{"name": "template 12",
 "sql": "SELECT Value FROM DBdata WHERE (AA IN ('AArs')) AND (BB IN ('BBvx','BBhq')) ORDER BY VALUE DESC LIMIT 2",
 "sqlResult": "{23} || {16}",
 "nlq": "What are the largest 2 numbers of days with BBvx or BBhq in AArs?"},
{"name": "template 13",
 "sql": "SELECT Value FROM DBdata WHERE (AA IN ('AAcs')) AND (BB IN ('BBhq','BBgt')) ORDER BY VALUE ASC",
 "sqlResult": "{11} || {12} || {17} || {20}",
 "nlq": "What are the numbers of days ordered by ascending values with BBgt or BBhq in AAcs?"},
{"name": "template 14",
 "sql": "SELECT BB,CC FROM DBdata WHERE (AA IN ('AAcs')) AND Value < 12.92",
 "sqlResult": "{BBvx | CCjk} || {BBvx | CCkp} || {BBgt | CCkt} || {BBgt | CCds}",
 "nlq": "What are the BB and CC for which the number of days in AAcs is lower than 12.92?"},
{"name": "template 15",
 "sql": "SELECT BB,CC,Value FROM DBdata WHERE (AA IN ('AArs')) AND (BB,CC) IN (SELECT BB,CC FROM DBdata WHERE (AA IN ('AAcs')) AND Value < 12.92)",
 "sqlResult": "{BBvx | CCjk | 7} || {BBvx | CCkp | 16} || {BBgt | CCkt | 25} || {BBgt | CCds | 6}",
 "nlq": "How many days were there in AArs with BB and with CC for which the number of days in AAcs is lower than 12.92? Please, report the corresponding BB, CC, and number of days."}]
}

