{
"filename": "Weather_statistics_set8_1_DB.csv",
"questions": [{"name": "template 1",
 "sql": "SELECT Value FROM DBdata WHERE (AA IN ('AArw')) AND ((BB = 'BBcw' AND CC = 'CCln'))",
 "sqlResult": "{21}",
 "nlq": "How many days were there with CCln BBcw in AArw?"},
{"name": "template 2",
 "sql": "SELECT Value FROM DBdata WHERE (AA IN ('AArw')) AND ((BB = 'BBmx' AND CC = 'CChl') OR (BB = 'BBcw' AND CC = 'CCln'))",
 "sqlResult": "{27} || {21}",
 "nlq": "How many days were there with CChl BBmx or CCln BBcw in AArw?"},
{"name": "template 3",
 "sql": "SELECT Value FROM DBdata WHERE (AA IN ('AArw','AAnp','AAdw')) AND ((BB = 'BBcw' AND CC = 'CCln'))",
 "sqlResult": "{21} || {22} || {4}",
 "nlq": "How many days were there with CCln BBcw in AArw, AAnp, or AAdw?"},
{"name": "template 4",
 "sql": "SELECT max(Value),sum(Value) FROM DBdata WHERE (AA IN ('AArw','AAnp')) AND ((BB = 'BBcw' AND CC = 'CCrv'))",
 "sqlResult": "{16 | 19}",
 "nlq": "What are the maximum and total numbers of days with CCrv BBcw in AArw or AAnp?"},
{"name": "template 6",
 "sql": "SELECT Value FROM DBdata WHERE (AA IN ('AArw','AAnp')) AND ((BB = 'BBmx' AND CC = 'CCps') OR (BB = 'BBmx' AND CC = 'CChl') OR (BB = 'BBcw' AND CC = 'CCrv') OR (BB = 'BBcw' AND CC = 'CCln'))",
 "sqlResult": "{28} || {23} || {27} || {1} || {16} || {3} || {21} || {22}",
 "nlq": "How many days were there with CCps or CChl BBmx or CCln or CCrv BBcw in AArw or AAnp?"},
{"name": "template 7",
 "sql": "SELECT max(Value),min(Value) FROM DBdata WHERE (AA IN ('AArw')) AND ((BB = 'BBmx' AND CC = 'CCps') OR (BB = 'BBmx' AND CC = 'CChl') OR (BB = 'BBcw' AND CC = 'CCrv') OR (BB = 'BBcw' AND CC = 'CCln'))",
 "sqlResult": "{28 | 16}",
 "nlq": "What are the maximum and minimum numbers of days with CCps or CChl BBmx or CCln or CCrv BBcw in AArw?"},
{"name": "template 8",
 "sql": "SELECT AA,sum(Value),avg(Value) FROM DBdata WHERE (AA IN ('AArw','AAnp','AAdw')) AND ((BB = 'BBmx' AND CC = 'CCps') OR (BB = 'BBcw' AND CC = 'CCrv') OR (BB = 'BBcw' AND CC = 'CCln')) GROUP BY AA",
 "sqlResult": "{AArw | 65 | 21.67} || {AAnp | 48 | 16} || {AAdw | 47 | 15.67}",
 "nlq": "What are the total and average numbers of days for each AA, with CCps BBmx or CCln or CCrv BBcw in AArw, AAnp, or AAdw? Please, report the corresponding AA."},
{"name": "template 9",
 "sql": "SELECT min(Value) FROM DBdata WHERE (AA IN ('AAdw')) AND (BB IN ('BBmx','BBcw')) GROUP BY BB",
 "sqlResult": "{24} || {4}",
 "nlq": "What is the minimum number of days for each BB, with BBmx or BBcw in AAdw?"},
{"name": "template 10",
 "sql": "SELECT BB,avg(Value) FROM DBdata WHERE (AA IN ('AAdw')) AND (BB IN ('BBmx','BBcw')) GROUP BY BB",
 "sqlResult": "{BBmx | 25} || {BBcw | 11.5}",
 "nlq": "What is the average number of days for each BB, with BBmx or BBcw in AAdw? Please, report the corresponding BB."},
{"name": "template 11",
 "sql": "SELECT BB,AA,max(Value) FROM DBdata WHERE (AA IN ('AArw','AAnp','AAdw')) AND (BB IN ('BBmx','BBcw')) GROUP BY BB,AA",
 "sqlResult": "{BBmx | AArw | 28} || {BBmx | AAnp | 23} || {BBmx | AAdw | 26} || {BBcw | AArw | 21} || {BBcw | AAnp | 22} || {BBcw | AAdw | 19}",
 "nlq": "What is the maximum number of days for each BB and AA, with BBmx or BBcw in AArw, AAnp, or AAdw? Please, report the corresponding BB and AA."},
{"name": "template 12",
 "sql": "SELECT Value FROM DBdata WHERE (AA IN ('AAnp')) AND (BB IN ('BBmx','BBcw')) ORDER BY VALUE DESC LIMIT 2",
 "sqlResult": "{23} || {22}",
 "nlq": "What are the largest 2 numbers of days with BBmx or BBcw in AAnp?"},
{"name": "template 13",
 "sql": "SELECT Value FROM DBdata WHERE (AA IN ('AAnp')) AND (BB IN ('BBmx','BBcw')) ORDER BY VALUE DESC",
 "sqlResult": "{23} || {22} || {3} || {1}",
 "nlq": "What are the numbers of days ordered by descending values with BBmx or BBcw in AAnp?"},
{"name": "template 14",
 "sql": "SELECT BB,CC FROM DBdata WHERE (AA IN ('AArw')) AND Value > 17.83",
 "sqlResult": "{BBmx | CCps} || {BBmx | CChl} || {BBcw | CCln}",
 "nlq": "What are the BB and CC for which the number of days in AArw is greater than 17.83?"},
{"name": "template 15",
 "sql": "SELECT BB,CC,Value FROM DBdata WHERE (AA IN ('AAnp')) AND (BB,CC) IN (SELECT BB,CC FROM DBdata WHERE (AA IN ('AArw')) AND Value > 17.83)",
 "sqlResult": "{BBmx | CCps | 23} || {BBmx | CChl | 1} || {BBcw | CCln | 22}",
 "nlq": "How many days were there in AAnp with BB and with CC for which the number of days in AArw is greater than 17.83? Please, report the corresponding BB, CC, and number of days."}]
}

