{
"filename": "Weather_statistics_set1_4_DB.csv",
"questions": [{"name": "template 1",
 "sql": "SELECT Value FROM DBdata WHERE (AA IN ('AAdf')) AND ((BB = 'BBst' AND CC = 'CCfk'))",
 "sqlResult": "{9}",
 "nlq": "How many days were there with CCfk BBst in AAdf?"},
{"name": "template 2",
 "sql": "SELECT Value FROM DBdata WHERE (AA IN ('AAls')) AND ((BB = 'BBst' AND CC = 'CCfk') OR (BB = 'BBst' AND CC = 'CCbv') OR (BB = 'BBst' AND CC = 'CCny') OR (BB = 'BBhw' AND CC = 'CCjm'))",
 "sqlResult": "{13} || {8} || {6} || {14}",
 "nlq": "How many days were there with CCbv, CCfk, or CCny BBst or CCjm BBhw in AAls?"},
{"name": "template 3",
 "sql": "SELECT Value FROM DBdata WHERE (AA IN ('AAkz','AAdf')) AND ((BB = 'BBhw' AND CC = 'CCjm'))",
 "sqlResult": "{11} || {10}",
 "nlq": "How many days were there with CCjm BBhw in AAkz or AAdf?"},
{"name": "template 4",
 "sql": "SELECT max(Value),min(Value) FROM DBdata WHERE (AA IN ('AAls','AAdf')) AND ((BB = 'BBst' AND CC = 'CCfk'))",
 "sqlResult": "{13 | 9}",
 "nlq": "What are the maximum and minimum numbers of days with CCfk BBst in AAls or AAdf?"},
{"name": "template 6",
 "sql": "SELECT Value FROM DBdata WHERE (AA IN ('AAls','AAkz','AAdf')) AND ((BB = 'BBst' AND CC = 'CCfk') OR (BB = 'BBst' AND CC = 'CCbv') OR (BB = 'BBst' AND CC = 'CCny') OR (BB = 'BBhw' AND CC = 'CCfx'))",
 "sqlResult": "{13} || {21} || {9} || {8} || {23} || {22} || {6} || {4} || {2} || {27} || {15} || {20}",
 "nlq": "How many days were there with CCbv, CCfk, or CCny BBst or CCfx BBhw in AAls, AAkz, or AAdf?"},
{"name": "template 7",
 "sql": "SELECT sum(Value),avg(Value) FROM DBdata WHERE (AA IN ('AAdf')) AND ((BB = 'BBst' AND CC = 'CCfk') OR (BB = 'BBhw' AND CC = 'CCfx'))",
 "sqlResult": "{29 | 14.5}",
 "nlq": "What are the total and average numbers of days with CCfk BBst or CCfx BBhw in AAdf?"},
{"name": "template 8",
 "sql": "SELECT AA,avg(Value),max(Value) FROM DBdata WHERE (AA IN ('AAls','AAkz')) AND ((BB = 'BBst' AND CC = 'CCfk') OR (BB = 'BBst' AND CC = 'CCbv') OR (BB = 'BBhw' AND CC = 'CCfx')) GROUP BY AA",
 "sqlResult": "{AAls | 16 | 27} || {AAkz | 19.67 | 23}",
 "nlq": "What are the average and maximum numbers of days for each AA, with CCbv or CCfk BBst or CCfx BBhw in AAls or AAkz? Please, report the corresponding AA."},
{"name": "template 9",
 "sql": "SELECT min(Value) FROM DBdata WHERE (AA IN ('AAls')) AND (BB IN ('BBst','BBhw')) GROUP BY BB",
 "sqlResult": "{14} || {6}",
 "nlq": "What is the minimum number of days for each BB, with BBhw or BBst in AAls?"},
{"name": "template 10",
 "sql": "SELECT BB,avg(Value) FROM DBdata WHERE (AA IN ('AAkz')) AND (BB IN ('BBst','BBhw')) GROUP BY BB",
 "sqlResult": "{BBhw | 13} || {BBst | 16}",
 "nlq": "What is the average number of days for each BB, with BBhw or BBst in AAkz? Please, report the corresponding BB."},
{"name": "template 11",
 "sql": "SELECT BB,AA,max(Value) FROM DBdata WHERE (AA IN ('AAls','AAkz','AAdf')) AND (BB IN ('BBst','BBhw')) GROUP BY BB,AA",
 "sqlResult": "{BBhw | AAls | 27} || {BBhw | AAkz | 15} || {BBhw | AAdf | 20} || {BBst | AAls | 13} || {BBst | AAkz | 23} || {BBst | AAdf | 22}",
 "nlq": "What is the maximum number of days for each BB and AA, with BBhw or BBst in AAls, AAkz, or AAdf? Please, report the corresponding BB and AA."},
{"name": "template 12",
 "sql": "SELECT Value FROM DBdata WHERE (AA IN ('AAdf')) AND (BB IN ('BBst','BBhw')) ORDER BY VALUE DESC LIMIT 2",
 "sqlResult": "{22} || {20}",
 "nlq": "What are the largest 2 numbers of days with BBhw or BBst in AAdf?"},
{"name": "template 13",
 "sql": "SELECT Value FROM DBdata WHERE (AA IN ('AAls')) AND (BB IN ('BBst','BBhw')) ORDER BY VALUE ASC",
 "sqlResult": "{6} || {8} || {13} || {14} || {27}",
 "nlq": "What are the numbers of days ordered by ascending values with BBhw or BBst in AAls?"},
{"name": "template 14",
 "sql": "SELECT BB,CC FROM DBdata WHERE (AA IN ('AAls')) AND Value > 13.67",
 "sqlResult": "{BBhw | CCfx} || {BBhw | CCjm}",
 "nlq": "What are the BB and CC for which the number of days in AAls is greater than 13.67?"},
{"name": "template 15",
 "sql": "SELECT BB,CC,Value FROM DBdata WHERE (AA IN ('AAkz')) AND (BB,CC) IN (SELECT BB,CC FROM DBdata WHERE (AA IN ('AAls')) AND Value > 13.67)",
 "sqlResult": "{BBhw | CCfx | 15} || {BBhw | CCjm | 11}",
 "nlq": "How many days were there in AAkz with BB and with CC for which the number of days in AAls is greater than 13.67? Please, report the corresponding BB, CC, and number of days."}]
}

