{
"filename": "Weather_statistics_set2_5_DB.csv",
"questions": [{"name": "template 1",
 "sql": "SELECT Value FROM DBdata WHERE (Year IN ('2018')) AND ((Characteristic = 'Temperature' AND Intensity = '31-40'))",
 "sqlResult": "{7}",
 "nlq": "How many days were there with 31-40 Temperature in 2018?"},
{"name": "template 2",
 "sql": "SELECT Value FROM DBdata WHERE (Year IN ('2019')) AND ((Characteristic = 'Temperature' AND Intensity = '11-20') OR (Characteristic = 'Temperature' AND Intensity = '31-40') OR (Characteristic = 'Wind' AND Intensity = 'Calm') OR (Characteristic = 'Wind' AND Intensity = 'Breeze'))",
 "sqlResult": "{6} || {3} || {23} || {11}",
 "nlq": "How many days were there with 11-20 or 31-40 Temperature or Breeze or Calm Wind in 2019?"},
{"name": "template 3",
 "sql": "SELECT Value FROM DBdata WHERE (Year IN ('2018')) AND ((Characteristic = 'Temperature' AND Intensity = '11-20'))",
 "sqlResult": "{2}",
 "nlq": "How many days were there with 11-20 Temperature in 2018?"},
{"name": "template 4",
 "sql": "SELECT avg(Value),max(Value) FROM DBdata WHERE (Year IN ('2018','2019')) AND ((Characteristic = 'Temperature' AND Intensity = '11-20'))",
 "sqlResult": "{4 | 6}",
 "nlq": "What are the average and maximum numbers of days with 11-20 Temperature in 2018 or 2019?"},
{"name": "template 6",
 "sql": "SELECT Value FROM DBdata WHERE (Year IN ('2018')) AND ((Characteristic = 'Temperature' AND Intensity = '11-20') OR (Characteristic = 'Temperature' AND Intensity = '31-40') OR (Characteristic = 'Wind' AND Intensity = 'Calm') OR (Characteristic = 'Wind' AND Intensity = 'Breeze'))",
 "sqlResult": "{2} || {7} || {0} || {25}",
 "nlq": "How many days were there with 11-20 or 31-40 Temperature or Breeze or Calm Wind in 2018?"},
{"name": "template 7",
 "sql": "SELECT avg(Value),min(Value) FROM DBdata WHERE (Year IN ('2018')) AND ((Characteristic = 'Wind' AND Intensity = 'Calm') OR (Characteristic = 'Wind' AND Intensity = 'Breeze'))",
 "sqlResult": "{12.5 | 0}",
 "nlq": "What are the average and minimum numbers of days with Breeze or Calm Wind in 2018?"},
{"name": "template 8",
 "sql": "SELECT Year,max(Value),min(Value) FROM DBdata WHERE (Year IN ('2018','2019')) AND ((Characteristic = 'Temperature' AND Intensity = '11-20') OR (Characteristic = 'Temperature' AND Intensity = '21-30') OR (Characteristic = 'Temperature' AND Intensity = '31-40') OR (Characteristic = 'Wind' AND Intensity = 'Calm') OR (Characteristic = 'Wind' AND Intensity = 'Breeze')) GROUP BY Year",
 "sqlResult": "{2018 | 25 | 0} || {2019 | 23 | 3}",
 "nlq": "What are the maximum and minimum numbers of days for each Year, with 11-20, 21-30, or 31-40 Temperature or Breeze or Calm Wind in 2018 or 2019? Please, report the corresponding Year."},
{"name": "template 9",
 "sql": "SELECT min(Value) FROM DBdata WHERE (Year IN ('2018')) AND (Characteristic IN ('Temperature','Wind')) GROUP BY Characteristic",
 "sqlResult": "{2} || {0}",
 "nlq": "What is the minimum number of days for each Characteristic, with Temperature or Wind in 2018?"},
{"name": "template 10",
 "sql": "SELECT Characteristic,avg(Value) FROM DBdata WHERE (Year IN ('2019')) AND (Characteristic IN ('Temperature','Wind')) GROUP BY Characteristic",
 "sqlResult": "{Temperature | 10.33} || {Wind | 17}",
 "nlq": "What is the average number of days for each Characteristic, with Temperature or Wind in 2019? Please, report the corresponding Characteristic."},
{"name": "template 11",
 "sql": "SELECT Characteristic,Year,min(Value) FROM DBdata WHERE (Year IN ('2018','2019')) AND (Characteristic IN ('Temperature','Wind')) GROUP BY Characteristic,Year",
 "sqlResult": "{Temperature | 2018 | 2} || {Temperature | 2019 | 3} || {Wind | 2018 | 0} || {Wind | 2019 | 11}",
 "nlq": "What is the minimum number of days for each Characteristic and Year, with Temperature or Wind in 2018 or 2019? Please, report the corresponding Characteristic and Year."},
{"name": "template 12",
 "sql": "SELECT Value FROM DBdata WHERE (Year IN ('2019')) AND (Characteristic IN ('Temperature','Wind')) ORDER BY VALUE ASC LIMIT 3",
 "sqlResult": "{3} || {6} || {11}",
 "nlq": "What are the smallest 3 numbers of days with Temperature or Wind in 2019?"},
{"name": "template 13",
 "sql": "SELECT Value FROM DBdata WHERE (Year IN ('2018')) AND (Characteristic IN ('Temperature','Wind')) ORDER BY VALUE ASC",
 "sqlResult": "{0} || {2} || {7} || {20} || {25}",
 "nlq": "What are the numbers of days ordered by ascending values with Temperature or Wind in 2018?"},
{"name": "template 14",
 "sql": "SELECT Characteristic,Intensity FROM DBdata WHERE (Year IN ('2019')) AND Value > 11.9",
 "sqlResult": "{Temperature | 21-30} || {Wind | Calm}",
 "nlq": "What are the Characteristic and Intensity for which the number of days in 2019 is greater than 11.9?"},
{"name": "template 15",
 "sql": "SELECT Characteristic,Intensity,Value FROM DBdata WHERE (Year IN ('2018')) AND (Characteristic,Intensity) IN (SELECT Characteristic,Intensity FROM DBdata WHERE (Year IN ('2019')) AND Value > 11.9)",
 "sqlResult": "{Temperature | 21-30 | 20} || {Wind | Calm | 0}",
 "nlq": "How many days were there in 2018 with Characteristic and with Intensity for which the number of days in 2019 is greater than 11.9? Please, report the corresponding Characteristic, Intensity, and number of days."}]
}
