Year,Characteristic,Intensity,Value
Year,Characteristic,Intensity,Value
2015,Temperature,11-20,14
2016,Temperature,11-20,20
2017,Temperature,11-20,1
2015,Temperature,21-30,10
2016,Temperature,21-30,8
2017,Temperature,21-30,2
2015,Temperature,31-40,15
2016,Temperature,31-40,11
2017,Temperature,31-40,3
2015,Wind,Calm,24
2016,Wind,Calm,25
2017,Wind,Calm,12
2015,Wind,Breeze,5
2016,Wind,Breeze,4
2017,Wind,Breeze,0
2015,Wind,Storm,7
2016,Wind,Storm,22
2017,Wind,Storm,19
2015,Humidity,Low,28
2016,Humidity,Low,18
2017,Humidity,Low,27
2015,Humidity,Medium,16
2016,Humidity,Medium,17
2017,Humidity,Medium,6
