{
"filename": "Weather_statistics_set10_4_DB.csv",
"questions": [{"name": "template 1",
 "sql": "SELECT Value FROM DBdata WHERE (Year IN ('2019')) AND ((Characteristic = 'Humidity' AND Intensity = 'Low'))",
 "sqlResult": "{20}",
 "nlq": "How many days were there with Low Humidity in 2019?"},
{"name": "template 2",
 "sql": "SELECT Value FROM DBdata WHERE (Year IN ('2019')) AND ((Characteristic = 'Temperature' AND Intensity = '0-10') OR (Characteristic = 'Temperature' AND Intensity = '11-20') OR (Characteristic = 'Temperature' AND Intensity = '21-30') OR (Characteristic = 'Wind' AND Intensity = 'Calm') OR (Characteristic = 'Wind' AND Intensity = 'Breeze') OR (Characteristic = 'Wind' AND Intensity = 'Storm') OR (Characteristic = 'Humidity' AND Intensity = 'Medium'))",
 "sqlResult": "{7} || {2} || {11} || {12} || {18} || {27} || {24}",
 "nlq": "How many days were there with 0-10, 11-20, or 21-30 Temperature, Breeze, Calm, or Storm Wind, or Medium Humidity in 2019?"},
{"name": "template 3",
 "sql": "SELECT Value FROM DBdata WHERE (Year IN ('2018','2019')) AND ((Characteristic = 'Temperature' AND Intensity = '11-20'))",
 "sqlResult": "{4} || {2}",
 "nlq": "How many days were there with 11-20 Temperature in 2018 or 2019?"},
{"name": "template 4",
 "sql": "SELECT max(Value),min(Value) FROM DBdata WHERE (Year IN ('2018')) AND ((Characteristic = 'Humidity' AND Intensity = 'Medium'))",
 "sqlResult": "{3 | 3}",
 "nlq": "What are the maximum and minimum numbers of days with Medium Humidity in 2018?"},
{"name": "template 6",
 "sql": "SELECT Value FROM DBdata WHERE (Year IN ('2018','2019')) AND ((Characteristic = 'Temperature' AND Intensity = '11-20') OR (Characteristic = 'Humidity' AND Intensity = 'Low'))",
 "sqlResult": "{4} || {2} || {8} || {20}",
 "nlq": "How many days were there with 11-20 Temperature or Low Humidity in 2018 or 2019?"},
{"name": "template 7",
 "sql": "SELECT min(Value),avg(Value) FROM DBdata WHERE (Year IN ('2018')) AND ((Characteristic = 'Temperature' AND Intensity = '11-20') OR (Characteristic = 'Wind' AND Intensity = 'Calm') OR (Characteristic = 'Wind' AND Intensity = 'Storm'))",
 "sqlResult": "{0 | 3.33}",
 "nlq": "What are the minimum and average numbers of days with 11-20 Temperature or Calm or Storm Wind in 2018?"},
{"name": "template 8",
 "sql": "SELECT Year,sum(Value),min(Value) FROM DBdata WHERE (Year IN ('2018','2019')) AND ((Characteristic = 'Wind' AND Intensity = 'Calm') OR (Characteristic = 'Wind' AND Intensity = 'Storm') OR (Characteristic = 'Humidity' AND Intensity = 'Low') OR (Characteristic = 'Humidity' AND Intensity = 'Medium')) GROUP BY Year",
 "sqlResult": "{2018 | 17 | 0} || {2019 | 83 | 12}",
 "nlq": "What are the total and minimum numbers of days for each Year, with Calm or Storm Wind or Low or Medium Humidity in 2018 or 2019? Please, report the corresponding Year."},
{"name": "template 9",
 "sql": "SELECT min(Value) FROM DBdata WHERE (Year IN ('2019')) AND (Characteristic IN ('Temperature','Wind','Humidity')) GROUP BY Characteristic",
 "sqlResult": "{20} || {2} || {12}",
 "nlq": "What is the minimum number of days for each Characteristic, with Humidity, Temperature, or Wind in 2019?"},
{"name": "template 10",
 "sql": "SELECT Characteristic,avg(Value) FROM DBdata WHERE (Year IN ('2019')) AND (Characteristic IN ('Temperature','Wind','Humidity')) GROUP BY Characteristic",
 "sqlResult": "{Humidity | 22} || {Temperature | 6.67} || {Wind | 19}",
 "nlq": "What is the average number of days for each Characteristic, with Humidity, Temperature, or Wind in 2019? Please, report the corresponding Characteristic."},
{"name": "template 11",
 "sql": "SELECT Characteristic,Year,min(Value) FROM DBdata WHERE (Year IN ('2018')) AND (Characteristic IN ('Temperature','Wind','Humidity')) GROUP BY Characteristic,Year",
 "sqlResult": "{Humidity | 2018 | 3} || {Temperature | 2018 | 4} || {Wind | 2018 | 0}",
 "nlq": "What is the minimum number of days for each Characteristic and Year, with Humidity, Temperature, or Wind in 2018? Please, report the corresponding Characteristic and Year."},
{"name": "template 12",
 "sql": "SELECT Value FROM DBdata WHERE (Year IN ('2019')) AND (Characteristic IN ('Wind','Humidity')) ORDER BY VALUE ASC LIMIT 3",
 "sqlResult": "{12} || {18} || {20}",
 "nlq": "What are the smallest 3 numbers of days with Humidity or Wind in 2019?"},
{"name": "template 13",
 "sql": "SELECT Value FROM DBdata WHERE (Year IN ('2018')) AND (Characteristic IN ('Wind','Humidity')) ORDER BY VALUE DESC",
 "sqlResult": "{21} || {8} || {6} || {3} || {0}",
 "nlq": "What are the numbers of days ordered by descending values with Humidity or Wind in 2018?"},
{"name": "template 14",
 "sql": "SELECT Characteristic,Intensity FROM DBdata WHERE (Year IN ('2019')) AND Value > 12.44",
 "sqlResult": "{Wind | Breeze} || {Wind | Storm} || {Humidity | Low} || {Humidity | Medium}",
 "nlq": "What are the Characteristic and Intensity for which the number of days in 2019 is greater than 12.44?"},
{"name": "template 15",
 "sql": "SELECT Characteristic,Intensity,Value FROM DBdata WHERE (Year IN ('2018')) AND (Characteristic,Intensity) IN (SELECT Characteristic,Intensity FROM DBdata WHERE (Year IN ('2019')) AND Value > 12.44)",
 "sqlResult": "{Wind | Breeze | 21} || {Wind | Storm | 6} || {Humidity | Low | 8} || {Humidity | Medium | 3}",
 "nlq": "How many days were there in 2018 with Characteristic and with Intensity for which the number of days in 2019 is greater than 12.44? Please, report the corresponding Characteristic, Intensity, and number of days."}]
}
