{
"filename": "Weather_statistics_set10_2_DB.csv",
"questions": [{"name": "template 1",
 "sql": "SELECT Value FROM DBdata WHERE (Year IN ('2020')) AND ((Characteristic = 'Temperature' AND Intensity = '31-40'))",
 "sqlResult": "{11}",
 "nlq": "How many days were there with 31-40 Temperature in 2020?"},
{"name": "template 2",
 "sql": "SELECT Value FROM DBdata WHERE (Year IN ('2021')) AND ((Characteristic = 'Temperature' AND Intensity = '21-30') OR (Characteristic = 'Temperature' AND Intensity = '31-40') OR (Characteristic = 'Wind' AND Intensity = 'Breeze') OR (Characteristic = 'Wind' AND Intensity = 'Storm') OR (Characteristic = 'Humidity' AND Intensity = 'Low') OR (Characteristic = 'Humidity' AND Intensity = 'Medium') OR (Characteristic = 'Humidity' AND Intensity = 'High'))",
 "sqlResult": "{6} || {19} || {13} || {2} || {16} || {26} || {14}",
 "nlq": "How many days were there with 21-30 or 31-40 Temperature, Breeze or Storm Wind, or High, Low, or Medium Humidity in 2021?"},
{"name": "template 3",
 "sql": "SELECT Value FROM DBdata WHERE (Year IN ('2019','2021')) AND ((Characteristic = 'Temperature' AND Intensity = '21-30'))",
 "sqlResult": "{23} || {6}",
 "nlq": "How many days were there with 21-30 Temperature in 2019 or 2021?"},
{"name": "template 4",
 "sql": "SELECT sum(Value),min(Value) FROM DBdata WHERE (Year IN ('2019','2020','2021')) AND ((Characteristic = 'Wind' AND Intensity = 'Breeze'))",
 "sqlResult": "{23 | 3}",
 "nlq": "What are the total and minimum numbers of days with Breeze Wind in 2019, 2020, or 2021?"},
{"name": "template 6",
 "sql": "SELECT Value FROM DBdata WHERE (Year IN ('2019','2020')) AND ((Characteristic = 'Temperature' AND Intensity = '31-40') OR (Characteristic = 'Humidity' AND Intensity = 'High'))",
 "sqlResult": "{21} || {11} || {28} || {25}",
 "nlq": "How many days were there with 31-40 Temperature or High Humidity in 2019 or 2020?"},
{"name": "template 7",
 "sql": "SELECT max(Value),min(Value) FROM DBdata WHERE (Year IN ('2019')) AND ((Characteristic = 'Temperature' AND Intensity = '21-30') OR (Characteristic = 'Temperature' AND Intensity = '31-40'))",
 "sqlResult": "{23 | 21}",
 "nlq": "What are the maximum and minimum numbers of days with 21-30 or 31-40 Temperature in 2019?"},
{"name": "template 8",
 "sql": "SELECT Year,max(Value),min(Value) FROM DBdata WHERE (Year IN ('2020','2021')) AND ((Characteristic = 'Temperature' AND Intensity = '21-30') OR (Characteristic = 'Temperature' AND Intensity = '31-40') OR (Characteristic = 'Wind' AND Intensity = 'Breeze') OR (Characteristic = 'Wind' AND Intensity = 'Storm') OR (Characteristic = 'Humidity' AND Intensity = 'High')) GROUP BY Year",
 "sqlResult": "{2020 | 25 | 7} || {2021 | 19 | 2}",
 "nlq": "What are the maximum and minimum numbers of days for each Year, with 21-30 or 31-40 Temperature, Breeze or Storm Wind, or High Humidity in 2020 or 2021? Please, report the corresponding Year."},
{"name": "template 9",
 "sql": "SELECT min(Value) FROM DBdata WHERE (Year IN ('2020')) AND (Characteristic IN ('Temperature','Wind','Humidity')) GROUP BY Characteristic",
 "sqlResult": "{8} || {11} || {1}",
 "nlq": "What is the minimum number of days for each Characteristic, with Humidity, Temperature, or Wind in 2020?"},
{"name": "template 10",
 "sql": "SELECT Characteristic,sum(Value) FROM DBdata WHERE (Year IN ('2019')) AND (Characteristic IN ('Temperature','Wind','Humidity')) GROUP BY Characteristic",
 "sqlResult": "{Humidity | 60} || {Temperature | 44} || {Wind | 25}",
 "nlq": "What is the total number of days for each Characteristic, with Humidity, Temperature, or Wind in 2019? Please, report the corresponding Characteristic."},
{"name": "template 11",
 "sql": "SELECT Characteristic,Year,sum(Value) FROM DBdata WHERE (Year IN ('2019','2020','2021')) AND (Characteristic IN ('Temperature','Wind','Humidity')) GROUP BY Characteristic,Year",
 "sqlResult": "{Humidity | 2019 | 60} || {Humidity | 2020 | 60} || {Humidity | 2021 | 56} || {Temperature | 2019 | 44} || {Temperature | 2020 | 35} || {Temperature | 2021 | 25} || {Wind | 2019 | 25} || {Wind | 2020 | 23} || {Wind | 2021 | 32}",
 "nlq": "What is the total number of days for each Characteristic and Year, with Humidity, Temperature, or Wind in 2019, 2020, or 2021? Please, report the corresponding Characteristic and Year."},
{"name": "template 12",
 "sql": "SELECT Value FROM DBdata WHERE (Year IN ('2020')) AND (Characteristic IN ('Wind','Humidity')) ORDER BY VALUE ASC LIMIT 4",
 "sqlResult": "{1} || {7} || {8} || {15}",
 "nlq": "What are the smallest 4 numbers of days with Humidity or Wind in 2020?"},
{"name": "template 13",
 "sql": "SELECT Value FROM DBdata WHERE (Year IN ('2021')) AND (Characteristic IN ('Temperature','Humidity')) ORDER BY VALUE DESC",
 "sqlResult": "{26} || {19} || {16} || {14} || {6}",
 "nlq": "What are the numbers of days ordered by descending values with Humidity or Temperature in 2021?"},
{"name": "template 14",
 "sql": "SELECT Characteristic,Intensity FROM DBdata WHERE (Year IN ('2020')) AND Value > 15",
 "sqlResult": "{Temperature | 21-30} || {Humidity | Medium} || {Humidity | High}",
 "nlq": "What are the Characteristic and Intensity for which the number of days in 2020 is greater than 15?"},
{"name": "template 15",
 "sql": "SELECT Characteristic,Intensity,Value FROM DBdata WHERE (Year IN ('2021')) AND (Characteristic,Intensity) IN (SELECT Characteristic,Intensity FROM DBdata WHERE (Year IN ('2020')) AND Value > 15)",
 "sqlResult": "{Temperature | 21-30 | 6} || {Humidity | Medium | 26} || {Humidity | High | 14}",
 "nlq": "How many days were there in 2021 with Characteristic and with Intensity for which the number of days in 2020 is greater than 15? Please, report the corresponding Characteristic, Intensity, and number of days."}]
}
