{
"filename": "Weather_statistics_set5_1_DB.csv",
"questions": [{"name": "template 1",
 "sql": "SELECT Value FROM DBdata WHERE (Year IN ('2015')) AND ((Characteristic = 'Humidity' AND Intensity = 'High'))",
 "sqlResult": "{5}",
 "nlq": "How many days were there with High Humidity in 2015?"},
{"name": "template 2",
 "sql": "SELECT Value FROM DBdata WHERE (Year IN ('2016')) AND ((Characteristic = 'Temperature' AND Intensity = '21-30') OR (Characteristic = 'Wind' AND Intensity = 'Calm') OR (Characteristic = 'Wind' AND Intensity = 'Breeze') OR (Characteristic = 'Humidity' AND Intensity = 'Medium') OR (Characteristic = 'Humidity' AND Intensity = 'High'))",
 "sqlResult": "{27} || {7} || {21} || {24} || {18}",
 "nlq": "How many days were there with 21-30 Temperature, Breeze or Calm Wind, or High or Medium Humidity in 2016?"},
{"name": "template 3",
 "sql": "SELECT Value FROM DBdata WHERE (Year IN ('2015')) AND ((Characteristic = 'Wind' AND Intensity = 'Calm'))",
 "sqlResult": "{28}",
 "nlq": "How many days were there with Calm Wind in 2015?"},
{"name": "template 4",
 "sql": "SELECT max(Value),min(Value) FROM DBdata WHERE (Year IN ('2015')) AND ((Characteristic = 'Humidity' AND Intensity = 'Medium'))",
 "sqlResult": "{26 | 26}",
 "nlq": "What are the maximum and minimum numbers of days with Medium Humidity in 2015?"},
{"name": "template 6",
 "sql": "SELECT Value FROM DBdata WHERE (Year IN ('2015','2016')) AND ((Characteristic = 'Temperature' AND Intensity = '21-30') OR (Characteristic = 'Wind' AND Intensity = 'Calm'))",
 "sqlResult": "{3} || {27} || {28} || {7}",
 "nlq": "How many days were there with 21-30 Temperature or Calm Wind in 2015 or 2016?"},
{"name": "template 7",
 "sql": "SELECT sum(Value),avg(Value) FROM DBdata WHERE (Year IN ('2015')) AND ((Characteristic = 'Wind' AND Intensity = 'Calm') OR (Characteristic = 'Humidity' AND Intensity = 'Low') OR (Characteristic = 'Humidity' AND Intensity = 'Medium'))",
 "sqlResult": "{60 | 20}",
 "nlq": "What are the total and average numbers of days with Calm Wind or Low or Medium Humidity in 2015?"},
{"name": "template 8",
 "sql": "SELECT Year,max(Value),min(Value) FROM DBdata WHERE (Year IN ('2016')) AND ((Characteristic = 'Temperature' AND Intensity = '21-30') OR (Characteristic = 'Wind' AND Intensity = 'Breeze') OR (Characteristic = 'Humidity' AND Intensity = 'Low') OR (Characteristic = 'Humidity' AND Intensity = 'Medium') OR (Characteristic = 'Humidity' AND Intensity = 'High')) GROUP BY Year",
 "sqlResult": "{2016 | 27 | 10}",
 "nlq": "What are the maximum and minimum numbers of days for each Year, with 21-30 Temperature, Breeze Wind, or High, Low, or Medium Humidity in 2016? Please, report the corresponding Year."},
{"name": "template 9",
 "sql": "SELECT min(Value) FROM DBdata WHERE (Year IN ('2015')) AND (Characteristic IN ('Temperature','Wind','Humidity')) GROUP BY Characteristic",
 "sqlResult": "{5} || {3} || {15}",
 "nlq": "What is the minimum number of days for each Characteristic, with Humidity, Temperature, or Wind in 2015?"},
{"name": "template 10",
 "sql": "SELECT Characteristic,max(Value) FROM DBdata WHERE (Year IN ('2015')) AND (Characteristic IN ('Temperature','Wind','Humidity')) GROUP BY Characteristic",
 "sqlResult": "{Humidity | 26} || {Temperature | 19} || {Wind | 28}",
 "nlq": "What is the maximum number of days for each Characteristic, with Humidity, Temperature, or Wind in 2015? Please, report the corresponding Characteristic."},
{"name": "template 11",
 "sql": "SELECT Characteristic,Year,sum(Value) FROM DBdata WHERE (Year IN ('2016')) AND (Characteristic IN ('Temperature','Wind','Humidity')) GROUP BY Characteristic,Year",
 "sqlResult": "{Humidity | 2016 | 52} || {Temperature | 2016 | 47} || {Wind | 2016 | 28}",
 "nlq": "What is the total number of days for each Characteristic and Year, with Humidity, Temperature, or Wind in 2016? Please, report the corresponding Characteristic and Year."},
{"name": "template 12",
 "sql": "SELECT Value FROM DBdata WHERE (Year IN ('2015')) AND (Characteristic IN ('Temperature','Humidity')) ORDER BY VALUE DESC LIMIT 3",
 "sqlResult": "{26} || {19} || {6}",
 "nlq": "What are the largest 3 numbers of days with Humidity or Temperature in 2015?"},
{"name": "template 13",
 "sql": "SELECT Value FROM DBdata WHERE (Year IN ('2016')) AND (Characteristic IN ('Wind','Humidity')) ORDER BY VALUE ASC",
 "sqlResult": "{7} || {10} || {18} || {21} || {24}",
 "nlq": "What are the numbers of days ordered by ascending values with Humidity or Wind in 2016?"},
{"name": "template 14",
 "sql": "SELECT Characteristic,Intensity FROM DBdata WHERE (Year IN ('2015')) AND Value > 16.36",
 "sqlResult": "{Temperature | 11-20} || {Wind | Calm} || {Humidity | Medium}",
 "nlq": "What are the Characteristic and Intensity for which the number of days in 2015 is greater than 16.36?"},
{"name": "template 15",
 "sql": "SELECT Characteristic,Intensity,Value FROM DBdata WHERE (Year IN ('2016')) AND (Characteristic,Intensity) IN (SELECT Characteristic,Intensity FROM DBdata WHERE (Year IN ('2015')) AND Value > 16.36)",
 "sqlResult": "{Temperature | 11-20 | 20} || {Wind | Calm | 7} || {Humidity | Medium | 24}",
 "nlq": "How many days were there in 2016 with Characteristic and with Intensity for which the number of days in 2015 is greater than 16.36? Please, report the corresponding Characteristic, Intensity, and number of days."}]
}
