{
"filename": "Weather_statistics_set1_2_DB.csv",
"questions": [{"name": "template 1",
 "sql": "SELECT Value FROM DBdata WHERE (Year IN ('2020')) AND ((Characteristic = 'Wind' AND Intensity = 'Calm'))",
 "sqlResult": "{16}",
 "nlq": "How many days were there with Calm Wind in 2020?"},
{"name": "template 2",
 "sql": "SELECT Value FROM DBdata WHERE (Year IN ('2021')) AND ((Characteristic = 'Humidity' AND Intensity = 'Medium') OR (Characteristic = 'Humidity' AND Intensity = 'High'))",
 "sqlResult": "{25} || {15}",
 "nlq": "How many days were there with High or Medium Humidity in 2021?"},
{"name": "template 3",
 "sql": "SELECT Value FROM DBdata WHERE (Year IN ('2019','2021')) AND ((Characteristic = 'Wind' AND Intensity = 'Breeze'))",
 "sqlResult": "{7} || {6}",
 "nlq": "How many days were there with Breeze Wind in 2019 or 2021?"},
{"name": "template 4",
 "sql": "SELECT min(Value),max(Value) FROM DBdata WHERE (Year IN ('2019','2020','2021')) AND ((Characteristic = 'Wind' AND Intensity = 'Storm'))",
 "sqlResult": "{0 | 27}",
 "nlq": "What are the minimum and maximum numbers of days with Storm Wind in 2019, 2020, or 2021?"},
{"name": "template 6",
 "sql": "SELECT Value FROM DBdata WHERE (Year IN ('2019','2020')) AND ((Characteristic = 'Wind' AND Intensity = 'Storm') OR (Characteristic = 'Humidity' AND Intensity = 'Medium'))",
 "sqlResult": "{0} || {4} || {26} || {18}",
 "nlq": "How many days were there with Medium Humidity or Storm Wind in 2019 or 2020?"},
{"name": "template 7",
 "sql": "SELECT max(Value),avg(Value) FROM DBdata WHERE (Year IN ('2021')) AND ((Characteristic = 'Wind' AND Intensity = 'Breeze') OR (Characteristic = 'Wind' AND Intensity = 'Storm'))",
 "sqlResult": "{27 | 16.5}",
 "nlq": "What are the maximum and average numbers of days with Breeze or Storm Wind in 2021?"},
{"name": "template 8",
 "sql": "SELECT Year,min(Value),sum(Value) FROM DBdata WHERE (Year IN ('2019','2021')) AND ((Characteristic = 'Wind' AND Intensity = 'Calm') OR (Characteristic = 'Wind' AND Intensity = 'Breeze')) GROUP BY Year",
 "sqlResult": "{2019 | 7 | 35} || {2021 | 6 | 14}",
 "nlq": "What are the minimum and total numbers of days for each Year, with Breeze or Calm Wind in 2019 or 2021? Please, report the corresponding Year."},
{"name": "template 9",
 "sql": "SELECT min(Value) FROM DBdata WHERE (Year IN ('2019')) AND (Characteristic IN ('Wind','Humidity')) GROUP BY Characteristic",
 "sqlResult": "{11} || {0}",
 "nlq": "What is the minimum number of days for each Characteristic, with Humidity or Wind in 2019?"},
{"name": "template 10",
 "sql": "SELECT Characteristic,sum(Value) FROM DBdata WHERE (Year IN ('2021')) AND (Characteristic IN ('Wind','Humidity')) GROUP BY Characteristic",
 "sqlResult": "{Humidity | 40} || {Wind | 41}",
 "nlq": "What is the total number of days for each Characteristic, with Humidity or Wind in 2021? Please, report the corresponding Characteristic."},
{"name": "template 11",
 "sql": "SELECT Characteristic,Year,max(Value) FROM DBdata WHERE (Year IN ('2019','2020','2021')) AND (Characteristic IN ('Wind','Humidity')) GROUP BY Characteristic,Year",
 "sqlResult": "{Humidity | 2019 | 26} || {Humidity | 2020 | 18} || {Humidity | 2021 | 25} || {Wind | 2019 | 28} || {Wind | 2020 | 17} || {Wind | 2021 | 27}",
 "nlq": "What is the maximum number of days for each Characteristic and Year, with Humidity or Wind in 2019, 2020, or 2021? Please, report the corresponding Characteristic and Year."},
{"name": "template 12",
 "sql": "SELECT Value FROM DBdata WHERE (Year IN ('2019')) AND (Characteristic IN ('Wind','Humidity')) ORDER BY VALUE DESC LIMIT 3",
 "sqlResult": "{28} || {26} || {11}",
 "nlq": "What are the largest 3 numbers of days with Humidity or Wind in 2019?"},
{"name": "template 13",
 "sql": "SELECT Value FROM DBdata WHERE (Year IN ('2020')) AND (Characteristic IN ('Wind','Humidity')) ORDER BY VALUE DESC",
 "sqlResult": "{18} || {17} || {16} || {4} || {1}",
 "nlq": "What are the numbers of days ordered by descending values with Humidity or Wind in 2020?"},
{"name": "template 14",
 "sql": "SELECT Characteristic,Intensity FROM DBdata WHERE (Year IN ('2019')) AND Value < 13.93",
 "sqlResult": "{Wind | Breeze} || {Wind | Storm} || {Humidity | High}",
 "nlq": "What are the Characteristic and Intensity for which the number of days in 2019 is lower than 13.93?"},
{"name": "template 15",
 "sql": "SELECT Characteristic,Intensity,Value FROM DBdata WHERE (Year IN ('2020')) AND (Characteristic,Intensity) IN (SELECT Characteristic,Intensity FROM DBdata WHERE (Year IN ('2019')) AND Value < 13.93)",
 "sqlResult": "{Wind | Breeze | 17} || {Wind | Storm | 4} || {Humidity | High | 1}",
 "nlq": "How many days were there in 2020 with Characteristic and with Intensity for which the number of days in 2019 is lower than 13.93? Please, report the corresponding Characteristic, Intensity, and number of days."}]
}
