{
"filename": "Weather_statistics_set1_5_DB.csv",
"questions": [{"name": "template 1",
 "sql": "SELECT Value FROM DBdata WHERE (AA IN ('AAmp')) AND ((BB = 'BBhk' AND CC = 'CCkr'))",
 "sqlResult": "{27}",
 "nlq": "How many days were there with CCkr BBhk in AAmp?"},
{"name": "template 2",
 "sql": "SELECT Value FROM DBdata WHERE (AA IN ('AAkq')) AND ((BB = 'BBqw' AND CC = 'CCmt') OR (BB = 'BBqw' AND CC = 'CCqr') OR (BB = 'BBhk' AND CC = 'CCmz'))",
 "sqlResult": "{24} || {6} || {16}",
 "nlq": "How many days were there with CCmt or CCqr BBqw or CCmz BBhk in AAkq?"},
{"name": "template 3",
 "sql": "SELECT Value FROM DBdata WHERE (AA IN ('AAmp','AAkq')) AND ((BB = 'BBhk' AND CC = 'CCmz'))",
 "sqlResult": "{1} || {16}",
 "nlq": "How many days were there with CCmz BBhk in AAmp or AAkq?"},
{"name": "template 4",
 "sql": "SELECT sum(Value),avg(Value) FROM DBdata WHERE (AA IN ('AAkq')) AND ((BB = 'BBhk' AND CC = 'CCmz'))",
 "sqlResult": "{16 | 16}",
 "nlq": "What are the total and average numbers of days with CCmz BBhk in AAkq?"},
{"name": "template 6",
 "sql": "SELECT Value FROM DBdata WHERE (AA IN ('AAmp','AAkq')) AND ((BB = 'BBqw' AND CC = 'CCmt') OR (BB = 'BBqw' AND CC = 'CCnz') OR (BB = 'BBqw' AND CC = 'CCqr') OR (BB = 'BBhk' AND CC = 'CCmz'))",
 "sqlResult": "{9} || {24} || {8} || {18} || {10} || {6} || {1} || {16}",
 "nlq": "How many days were there with CCnz, CCmt, or CCqr BBqw or CCmz BBhk in AAmp or AAkq?"},
{"name": "template 7",
 "sql": "SELECT sum(Value),max(Value) FROM DBdata WHERE (AA IN ('AAmp')) AND ((BB = 'BBqw' AND CC = 'CCnz') OR (BB = 'BBqw' AND CC = 'CCqr') OR (BB = 'BBhk' AND CC = 'CCmz'))",
 "sqlResult": "{19 | 10}",
 "nlq": "What are the total and maximum numbers of days with CCnz or CCqr BBqw or CCmz BBhk in AAmp?"},
{"name": "template 8",
 "sql": "SELECT AA,sum(Value),max(Value) FROM DBdata WHERE (AA IN ('AAmp','AAkq')) AND ((BB = 'BBqw' AND CC = 'CCqr') OR (BB = 'BBhk' AND CC = 'CCmz') OR (BB = 'BBhk' AND CC = 'CCkr')) GROUP BY AA",
 "sqlResult": "{AAmp | 38 | 27} || {AAkq | 22 | 16}",
 "nlq": "What are the total and maximum numbers of days for each AA, with CCmz or CCkr BBhk or CCqr BBqw in AAmp or AAkq? Please, report the corresponding AA."},
{"name": "template 9",
 "sql": "SELECT min(Value) FROM DBdata WHERE (AA IN ('AAmp')) AND (BB IN ('BBqw','BBhk')) GROUP BY BB",
 "sqlResult": "{1} || {8}",
 "nlq": "What is the minimum number of days for each BB, with BBhk or BBqw in AAmp?"},
{"name": "template 10",
 "sql": "SELECT BB,min(Value) FROM DBdata WHERE (AA IN ('AAkq')) AND (BB IN ('BBqw','BBhk')) GROUP BY BB",
 "sqlResult": "{BBhk | 0} || {BBqw | 6}",
 "nlq": "What is the minimum number of days for each BB, with BBhk or BBqw in AAkq? Please, report the corresponding BB."},
{"name": "template 11",
 "sql": "SELECT BB,AA,avg(Value) FROM DBdata WHERE (AA IN ('AAmp','AAkq')) AND (BB IN ('BBqw','BBhk')) GROUP BY BB,AA",
 "sqlResult": "{BBhk | AAmp | 14} || {BBhk | AAkq | 8} || {BBqw | AAmp | 9} || {BBqw | AAkq | 16}",
 "nlq": "What is the average number of days for each BB and AA, with BBhk or BBqw in AAmp or AAkq? Please, report the corresponding BB and AA."},
{"name": "template 12",
 "sql": "SELECT Value FROM DBdata WHERE (AA IN ('AAkq')) AND (BB IN ('BBqw','BBhk')) ORDER BY VALUE ASC LIMIT 2",
 "sqlResult": "{0} || {6}",
 "nlq": "What are the smallest 2 numbers of days with BBhk or BBqw in AAkq?"},
{"name": "template 13",
 "sql": "SELECT Value FROM DBdata WHERE (AA IN ('AAkq')) AND (BB IN ('BBqw','BBhk')) ORDER BY VALUE DESC",
 "sqlResult": "{24} || {18} || {16} || {6} || {0}",
 "nlq": "What are the numbers of days ordered by descending values with BBhk or BBqw in AAkq?"},
{"name": "template 14",
 "sql": "SELECT BB,CC FROM DBdata WHERE (AA IN ('AAkq')) AND Value < 11.9",
 "sqlResult": "{BBqw | CCqr} || {BBhk | CCkr}",
 "nlq": "What are the BB and CC for which the number of days in AAkq is lower than 11.9?"},
{"name": "template 15",
 "sql": "SELECT BB,CC,Value FROM DBdata WHERE (AA IN ('AAmp')) AND (BB,CC) IN (SELECT BB,CC FROM DBdata WHERE (AA IN ('AAkq')) AND Value < 11.9)",
 "sqlResult": "{BBqw | CCqr | 10} || {BBhk | CCkr | 27}",
 "nlq": "How many days were there in AAmp with BB and with CC for which the number of days in AAkq is lower than 11.9? Please, report the corresponding BB, CC, and number of days."}]
}

