{
"filename": "Weather_statistics_set3_2_DB.csv",
"questions": [{"name": "template 1",
 "sql": "SELECT Value FROM DBdata WHERE (AA IN ('AAjv')) AND ((BB = 'BBpr' AND CC = 'CCbc'))",
 "sqlResult": "{28}",
 "nlq": "How many days were there with CCbc BBpr in AAjv?"},
{"name": "template 2",
 "sql": "SELECT Value FROM DBdata WHERE (AA IN ('AAjv')) AND ((BB = 'BBnp' AND CC = 'CClr') OR (BB = 'BBnp' AND CC = 'CCdf') OR (BB = 'BBpr' AND CC = 'CCrv') OR (BB = 'BBpr' AND CC = 'CCbc') OR (BB = 'BBpr' AND CC = 'CCqy'))",
 "sqlResult": "{7} || {3} || {25} || {28} || {15}",
 "nlq": "How many days were there with CCdf or CClr BBnp or CCqy, CCrv, or CCbc BBpr in AAjv?"},
{"name": "template 3",
 "sql": "SELECT Value FROM DBdata WHERE (AA IN ('AAvz','AAjv')) AND ((BB = 'BBpr' AND CC = 'CCqy'))",
 "sqlResult": "{12} || {15}",
 "nlq": "How many days were there with CCqy BBpr in AAvz or AAjv?"},
{"name": "template 4",
 "sql": "SELECT max(Value),avg(Value) FROM DBdata WHERE (AA IN ('AAjv')) AND ((BB = 'BBnp' AND CC = 'CCdf'))",
 "sqlResult": "{3 | 3}",
 "nlq": "What are the maximum and average numbers of days with CCdf BBnp in AAjv?"},
{"name": "template 6",
 "sql": "SELECT Value FROM DBdata WHERE (AA IN ('AAjv')) AND ((BB = 'BBpr' AND CC = 'CCbc') OR (BB = 'BBpr' AND CC = 'CCqy'))",
 "sqlResult": "{28} || {15}",
 "nlq": "How many days were there with CCqy or CCbc BBpr in AAjv?"},
{"name": "template 7",
 "sql": "SELECT sum(Value),avg(Value) FROM DBdata WHERE (AA IN ('AAvz')) AND ((BB = 'BBnp' AND CC = 'CClr') OR (BB = 'BBnp' AND CC = 'CCdf') OR (BB = 'BBpr' AND CC = 'CCqy'))",
 "sqlResult": "{40 | 13.33}",
 "nlq": "What are the total and average numbers of days with CCdf or CClr BBnp or CCqy BBpr in AAvz?"},
{"name": "template 8",
 "sql": "SELECT AA,avg(Value),max(Value) FROM DBdata WHERE (AA IN ('AAvz','AAjv')) AND ((BB = 'BBnp' AND CC = 'CClr') OR (BB = 'BBnp' AND CC = 'CCdf') OR (BB = 'BBpr' AND CC = 'CCrv') OR (BB = 'BBpr' AND CC = 'CCqy')) GROUP BY AA",
 "sqlResult": "{AAvz | 16.5 | 26} || {AAjv | 12.5 | 25}",
 "nlq": "What are the average and maximum numbers of days for each AA, with CCdf or CClr BBnp or CCqy or CCrv BBpr in AAvz or AAjv? Please, report the corresponding AA."},
{"name": "template 9",
 "sql": "SELECT min(Value) FROM DBdata WHERE (AA IN ('AAvz')) AND (BB IN ('BBnp','BBpr')) GROUP BY BB",
 "sqlResult": "{1} || {10}",
 "nlq": "What is the minimum number of days for each BB, with BBpr or BBnp in AAvz?"},
{"name": "template 10",
 "sql": "SELECT BB,min(Value) FROM DBdata WHERE (AA IN ('AAjv')) AND (BB IN ('BBnp','BBpr')) GROUP BY BB",
 "sqlResult": "{BBpr | 15} || {BBnp | 3}",
 "nlq": "What is the minimum number of days for each BB, with BBpr or BBnp in AAjv? Please, report the corresponding BB."},
{"name": "template 11",
 "sql": "SELECT BB,AA,min(Value) FROM DBdata WHERE (AA IN ('AAvz','AAjv')) AND (BB IN ('BBnp','BBpr')) GROUP BY BB,AA",
 "sqlResult": "{BBpr | AAvz | 1} || {BBpr | AAjv | 15} || {BBnp | AAvz | 10} || {BBnp | AAjv | 3}",
 "nlq": "What is the minimum number of days for each BB and AA, with BBpr or BBnp in AAvz or AAjv? Please, report the corresponding BB and AA."},
{"name": "template 12",
 "sql": "SELECT Value FROM DBdata WHERE (AA IN ('AAjv')) AND (BB IN ('BBnp','BBpr')) ORDER BY VALUE DESC LIMIT 4",
 "sqlResult": "{28} || {25} || {15} || {7}",
 "nlq": "What are the largest 4 numbers of days with BBpr or BBnp in AAjv?"},
{"name": "template 13",
 "sql": "SELECT Value FROM DBdata WHERE (AA IN ('AAvz')) AND (BB IN ('BBnp','BBpr')) ORDER BY VALUE DESC",
 "sqlResult": "{26} || {18} || {12} || {10} || {1}",
 "nlq": "What are the numbers of days ordered by descending values with BBpr or BBnp in AAvz?"},
{"name": "template 14",
 "sql": "SELECT BB,CC FROM DBdata WHERE (AA IN ('AAvz')) AND Value > 14.5",
 "sqlResult": "{BBnp | CCdf} || {BBpr | CCrv}",
 "nlq": "What are the BB and CC for which the number of days in AAvz is greater than 14.5?"},
{"name": "template 15",
 "sql": "SELECT BB,CC,Value FROM DBdata WHERE (AA IN ('AAjv')) AND (BB,CC) IN (SELECT BB,CC FROM DBdata WHERE (AA IN ('AAvz')) AND Value > 14.5)",
 "sqlResult": "{BBnp | CCdf | 3} || {BBpr | CCrv | 25}",
 "nlq": "How many days were there in AAjv with BB and with CC for which the number of days in AAvz is greater than 14.5? Please, report the corresponding BB, CC, and number of days."}]
}

